member_id,branch_id,plan_id,expiring_payment_id,expiry_date,renewed,observable
M00001,B01,P5,PAY000001,2025-09-21,1,1
M00002,B01,P5,PAY000002,2025-07-18,1,1
M00003,B01,P2,PAY000003,2025-01-14,1,1
M00003,B01,P2,PAY005338,2025-02-09,0,1
M00004,B01,P3,PAY000004,2025-01-14,1,1
M00004,B01,P3,PAY005339,2025-04-18,1,1
M00004,B01,P3,PAY007584,2025-07-17,1,1
M00004,B01,P3,PAY009119,2025-10-26,1,1
M00004,B01,P3,PAY010504,2026-01-21,1,1
M00004,B01,P3,PAY011550,2026-04-22,1,1
M00005,B01,P2,PAY000005,2025-01-09,0,1
M00006,B01,P1,PAY000006,2025-01-07,1,1
M00006,B01,P1,PAY005108,2025-02-11,1,1
M00006,B01,P1,PAY006077,2025-03-13,1,1
M00006,B01,P1,PAY006829,2025-04-17,1,1
M00006,B01,P1,PAY007563,2025-05-13,0,1
M00007,B01,P1,PAY000007,2025-01-12,1,1
M00007,B01,P1,PAY005267,2025-02-23,0,1
M00008,B01,P2,PAY000008,2025-01-26,1,1
M00008,B01,P2,PAY005694,2025-02-28,0,1
M00009,B01,P2,PAY000009,2025-01-02,1,1
M00009,B01,P2,PAY004946,2025-02-11,1,1
M00009,B01,P2,PAY006078,2025-03-13,1,1
M00009,B01,P3,PAY006830,2025-06-23,0,1
M00010,B01,P3,PAY000010,2025-01-31,0,1
M00011,B01,P3,PAY000011,2025-02-18,0,1
M00012,B01,P5,PAY000012,2025-05-02,0,1
M00013,B01,P5,PAY000013,2025-07-23,0,1
M00014,B01,P1,PAY000014,2025-01-17,0,1
M00015,B01,P3,PAY000015,2025-02-17,0,1
M00016,B01,P1,PAY000016,2025-01-20,1,1
M00016,B01,P1,PAY005525,2025-02-18,1,1
M00016,B01,P1,PAY006245,2025-04-01,1,1
M00016,B01,P1,PAY007210,2025-05-11,1,1
M00016,B01,P1,PAY008039,2025-06-16,0,1
M00017,B01,P3,PAY000017,2025-01-15,1,1
M00017,B01,P3,PAY005374,2025-04-17,1,1
M00017,B01,P3,PAY007564,2025-07-14,1,1
M00017,B01,P3,PAY009060,2025-10-25,1,1
M00017,B01,P3,PAY010491,2026-01-24,1,1
M00017,B01,P3,PAY011591,2026-04-22,1,1
M00018,B01,P4,PAY000018,2025-03-11,1,1
M00018,B01,P4,PAY006790,2025-09-14,1,1
M00018,B01,P4,PAY009941,2026-03-12,1,1
M00019,B01,P5,PAY000019,2025-07-06,1,1
M00020,B01,P3,PAY000020,2025-02-20,1,1
M00020,B01,P3,PAY006302,2025-06-03,1,1
M00020,B01,P3,PAY008393,2025-09-11,1,1
M00020,B01,P1,PAY009903,2025-10-06,1,1
M00020,B01,P1,PAY010251,2025-11-09,1,1
M00020,B01,P1,PAY010687,2025-12-19,1,1
M00020,B01,P1,PAY011150,2026-01-26,1,1
M00020,B01,P1,PAY011618,2026-03-06,1,1
M00020,B01,P1,PAY012136,2026-04-03,0,1
M00021,B01,P2,PAY000021,2025-01-20,1,1
M00021,B01,P2,PAY005526,2025-02-28,0,1
M00022,B01,P1,PAY000022,2025-01-14,1,1
M00022,B01,P1,PAY005340,2025-02-17,1,1
M00022,B01,P1,PAY006221,2025-03-19,1,1
M00022,B01,P1,PAY006955,2025-04-20,1,1
M00022,B01,P1,PAY007621,2025-05-15,1,1
M00022,B01,P1,PAY008107,2025-06-12,0,1
M00023,B01,P1,PAY000023,2025-01-10,1,1
M00023,B01,P1,PAY005195,2025-02-05,1,1
M00023,B01,P1,PAY005937,2025-03-11,0,1
M00024,B01,P5,PAY000024,2025-01-04,1,1
M00024,B01,P5,PAY005025,2026-01-04,1,1
M00025,B01,P5,PAY000025,2025-08-01,1,1
M00026,B01,P2,PAY000026,2025-01-21,1,1
M00026,B01,P2,PAY005549,2025-02-23,1,1
M00026,B01,P2,PAY006384,2025-04-05,1,1
M00026,B01,P2,PAY007301,2025-05-14,1,1
M00026,B01,P2,PAY008081,2025-06-10,0,1
M00027,B01,P1,PAY000027,2025-01-17,1,1
M00027,B01,P1,PAY005429,2025-02-20,1,1
M00027,B01,P1,PAY006303,2025-03-19,1,1
M00027,B01,P1,PAY006956,2025-04-14,1,1
M00027,B01,P1,PAY007504,2025-05-25,0,1
M00028,B01,P1,PAY000028,2025-01-08,0,1
M00029,B01,P1,PAY000029,2025-01-04,1,1
M00029,B01,P1,PAY005026,2025-02-07,1,1
M00029,B01,P1,PAY005986,2025-03-09,1,1
M00029,B01,P1,PAY006755,2025-04-10,1,1
M00029,B01,P1,PAY007405,2025-05-05,1,1
M00029,B01,P1,PAY007929,2025-06-15,1,1
M00029,B01,P1,PAY008592,2025-07-15,1,1
M00029,B01,P1,PAY009081,2025-08-22,1,1
M00029,B01,P1,PAY009637,2025-09-19,1,1
M00029,B01,P1,PAY010011,2025-10-15,1,1
M00029,B01,P1,PAY010365,2025-11-16,0,1
M00030,B01,P1,PAY000030,2025-01-24,0,1
M00031,B01,P1,PAY000031,2025-01-24,1,1
M00031,B01,P1,PAY005640,2025-02-28,1,1
M00031,B01,P1,PAY006490,2025-04-10,1,1
M00031,B01,P1,PAY007406,2025-05-19,0,1
M00032,B01,P1,PAY000032,2025-01-06,0,1
M00033,B01,P1,PAY000033,2025-01-26,0,1
M00034,B01,P1,PAY000034,2025-01-26,1,1
M00034,B01,P1,PAY005695,2025-03-01,1,1
M00034,B01,P1,PAY006572,2025-03-28,1,1
M00034,B01,P1,PAY007169,2025-05-05,1,1
M00034,B01,P1,PAY007930,2025-06-03,1,1
M00034,B01,P1,PAY008394,2025-06-30,0,1
M00035,B01,P1,PAY000035,2025-01-30,1,1
M00035,B01,P1,PAY005821,2025-02-26,0,1
M00036,B01,P5,PAY000036,2025-06-14,1,1
M00036,B01,P5,PAY008579,2026-06-19,0,0
M00037,B01,P1,PAY000037,2025-01-15,1,1
M00037,B01,P1,PAY005375,2025-02-22,1,1
M00037,B01,P1,PAY006355,2025-03-24,1,1
M00037,B01,P1,PAY007085,2025-05-03,1,1
M00037,B01,P1,PAY007894,2025-06-05,1,1
M00037,B01,P1,PAY008439,2025-06-30,1,1
M00037,B01,P1,PAY008833,2025-08-07,1,1
M00037,B01,P1,PAY009450,2025-09-12,1,1
M00037,B01,P1,PAY009916,2025-10-12,1,1
M00037,B01,P1,PAY010317,2025-11-11,1,1
M00037,B01,P1,PAY010708,2025-12-14,0,1
M00038,B01,P1,PAY000038,2025-01-15,0,1
M00039,B01,P2,PAY000039,2025-01-26,1,1
M00039,B01,P2,PAY005696,2025-03-01,1,1
M00039,B01,P2,PAY006573,2025-04-09,0,1
M00040,B01,P1,PAY000040,2025-01-16,1,1
M00040,B01,P5,PAY005405,2026-01-18,0,1
M00041,B01,P1,PAY000041,2025-01-10,1,1
M00041,B01,P1,PAY005196,2025-02-14,1,1
M00041,B01,P1,PAY006155,2025-03-15,0,1
M00042,B01,P3,PAY000042,2025-03-16,1,1
M00042,B01,P3,PAY006893,2025-06-21,1,1
M00042,B01,P3,PAY008686,2025-09-16,1,1
M00042,B01,P3,PAY009971,2025-12-18,0,1
M00043,B01,P3,PAY000043,2025-02-01,1,1
M00043,B01,P3,PAY005866,2025-04-29,1,1
M00043,B01,P3,PAY007790,2025-08-02,1,1
M00043,B01,P3,PAY009385,2025-10-31,1,1
M00043,B01,P3,PAY010574,2026-01-30,1,1
M00044,B01,P1,PAY000044,2025-01-26,1,1
M00044,B01,P1,PAY005697,2025-02-25,1,1
M00044,B01,P1,PAY006435,2025-04-06,1,1
M00044,B01,P1,PAY007324,2025-05-11,1,1
M00044,B01,P1,PAY008040,2025-06-19,0,1
M00045,B01,P3,PAY000045,2025-02-10,1,1
M00045,B01,P3,PAY006055,2025-05-08,1,1
M00045,B01,P5,PAY007979,2026-05-11,1,1
M00046,B01,P3,PAY000046,2025-03-06,1,1
M00046,B01,P3,PAY006683,2025-06-16,0,1
M00047,B01,P2,PAY000047,2025-01-10,1,1
M00047,B01,P2,PAY005197,2025-02-07,1,1
M00047,B01,P2,PAY005987,2025-03-17,1,1
M00047,B01,P2,PAY006918,2025-04-25,1,1
M00047,B01,P2,PAY007734,2025-06-06,1,1
M00047,B01,P2,PAY008455,2025-07-03,1,1
M00047,B01,P1,PAY008895,2025-08-12,0,1
M00048,B01,P3,PAY000048,2025-02-14,1,1
M00048,B01,P3,PAY006156,2025-05-20,1,1
M00048,B01,P3,PAY008183,2025-08-17,1,1
M00048,B01,P3,PAY009574,2025-11-16,1,1
M00048,B01,P1,PAY010757,2025-12-18,1,1
M00048,B01,P1,PAY011139,2026-01-14,1,1
M00048,B01,P1,PAY011455,2026-02-19,1,1
M00048,B01,P1,PAY011915,2026-03-23,1,1
M00048,B01,P1,PAY012371,2026-04-30,1,1
M00048,B01,P1,PAY012895,2026-06-03,1,1
M00049,B01,P1,PAY000049,2025-01-04,1,1
M00049,B01,P1,PAY005027,2025-02-10,1,1
M00049,B01,P1,PAY006056,2025-03-10,1,1
M00049,B01,P1,PAY006771,2025-04-08,1,1
M00049,B01,P1,PAY007365,2025-05-05,1,1
M00049,B01,P1,PAY007931,2025-06-11,1,1
M00049,B01,P1,PAY008526,2025-07-13,1,1
M00049,B01,P1,PAY009047,2025-08-20,1,1
M00049,B01,P1,PAY009610,2025-09-17,1,1
M00049,B01,P1,PAY009984,2025-10-17,0,1
M00050,B01,P1,PAY000050,2025-01-24,1,1
M00050,B01,P1,PAY005641,2025-02-20,1,1
M00050,B01,P1,PAY006304,2025-03-25,0,1
M00051,B01,P1,PAY000051,2025-01-26,0,1
M00052,B01,P5,PAY000052,2025-04-16,1,1
M00052,B01,P5,PAY007541,2026-04-21,1,1
M00053,B01,P3,PAY000053,2025-03-16,0,1
M00054,B01,P3,PAY000054,2025-03-15,0,1
M00055,B01,P4,PAY000055,2025-01-27,0,1
M00056,B01,P2,PAY000056,2025-01-25,1,1
M00056,B01,P2,PAY005669,2025-02-28,0,1
M00057,B01,P3,PAY000057,2025-01-27,1,1
M00057,B01,P3,PAY005724,2025-04-28,1,1
M00057,B01,P3,PAY007774,2025-07-29,1,1
M00057,B01,P3,PAY009327,2025-10-31,1,1
M00057,B01,P3,PAY010575,2026-02-11,1,1
M00057,B01,P3,PAY011803,2026-05-07,1,1
M00058,B01,P2,PAY000058,2025-01-24,1,1
M00058,B01,P2,PAY005642,2025-02-25,1,1
M00058,B01,P2,PAY006436,2025-04-05,0,1
M00059,B01,P4,PAY000059,2025-03-21,1,1
M00059,B01,P4,PAY007010,2025-09-29,1,1
M00059,B01,P4,PAY010150,2026-03-30,1,1
M00060,B01,P1,PAY000060,2025-01-23,1,1
M00060,B01,P1,PAY005617,2025-02-28,1,1
M00060,B01,P1,PAY006491,2025-04-11,1,1
M00060,B01,P1,PAY007435,2025-05-06,0,1
M00061,B01,P4,PAY000061,2025-02-23,1,1
M00061,B01,P4,PAY006385,2025-08-26,1,1
M00061,B01,P4,PAY009705,2026-03-05,1,1
M00062,B01,P1,PAY000062,2025-01-19,1,1
M00062,B01,P1,PAY005490,2025-02-22,1,1
M00062,B01,P1,PAY006356,2025-04-02,1,1
M00062,B01,P1,PAY007223,2025-05-03,1,1
M00062,B01,P1,PAY007895,2025-06-01,0,1
M00063,B01,P1,PAY000063,2025-01-09,1,1
M00063,B01,P1,PAY005160,2025-02-19,1,1
M00063,B01,P1,PAY006279,2025-03-16,1,1
M00063,B01,P1,PAY006894,2025-04-22,0,1
M00064,B01,P1,PAY000064,2025-01-20,0,1
M00065,B01,P2,PAY000065,2025-01-29,1,1
M00065,B01,P2,PAY005791,2025-03-06,1,1
M00065,B01,P2,PAY006684,2025-04-15,0,1
M00066,B01,P1,PAY000066,2025-01-26,1,1
M00066,B01,P1,PAY005698,2025-02-23,0,1
M00067,B01,P3,PAY000067,2025-02-05,1,1
M00067,B01,P3,PAY005938,2025-05-14,1,1
M00067,B01,P3,PAY008082,2025-08-14,1,1
M00067,B01,P3,PAY009537,2025-11-21,1,1
M00067,B01,P3,PAY010818,2026-03-01,1,1
M00067,B01,P3,PAY012070,2026-06-04,1,1
M00068,B01,P1,PAY000068,2025-01-14,1,1
M00068,B01,P1,PAY005341,2025-02-24,0,1
M00069,B01,P1,PAY000069,2025-01-05,1,1
M00069,B01,P1,PAY005053,2025-02-14,1,1
M00069,B01,P1,PAY006157,2025-03-13,1,1
M00069,B01,P1,PAY006831,2025-04-21,1,1
M00069,B01,P1,PAY007638,2025-05-17,0,1
M00070,B01,P3,PAY000070,2025-02-13,1,1
M00070,B01,P3,PAY006131,2025-05-16,1,1
M00070,B01,P3,PAY008123,2025-08-23,1,1
M00070,B01,P3,PAY009652,2025-12-03,1,1
M00070,B01,P3,PAY010970,2026-02-28,1,1
M00070,B01,P3,PAY012031,2026-06-05,1,1
M00071,B01,P3,PAY000071,2025-01-10,1,1
M00071,B01,P3,PAY005198,2025-04-19,1,1
M00071,B01,P3,PAY007602,2025-07-22,0,1
M00072,B01,P1,PAY000072,2025-01-29,0,1
M00073,B01,P1,PAY000073,2025-01-26,1,1
M00073,B01,P1,PAY005699,2025-02-24,1,1
M00073,B01,P1,PAY006408,2025-03-20,1,1
M00073,B01,P1,PAY006987,2025-04-30,1,1
M00073,B01,P1,PAY007817,2025-06-02,0,1
M00074,B01,P5,PAY000074,2025-04-15,1,1
M00074,B01,P5,PAY007522,2026-04-17,1,1
M00075,B01,P2,PAY000075,2025-01-18,0,1
M00076,B01,P1,PAY000076,2025-01-24,1,1
M00076,B01,P1,PAY005643,2025-02-24,1,1
M00076,B01,P1,PAY006409,2025-03-19,1,1
M00076,B01,P1,PAY006957,2025-04-16,1,1
M00076,B01,P1,PAY007542,2025-05-17,1,1
M00076,B01,P1,PAY008135,2025-06-21,1,1
M00076,B01,P2,PAY008687,2025-07-23,1,1
M00076,B01,P2,PAY009216,2025-08-27,1,1
M00076,B01,P2,PAY009719,2025-10-01,1,1
M00076,B01,P1,PAY010191,2025-10-26,1,1
M00076,B01,P1,PAY010505,2025-12-04,1,1
M00076,B01,P1,PAY010983,2026-01-09,1,1
M00076,B01,P1,PAY011391,2026-02-15,1,1
M00076,B01,P1,PAY011867,2026-03-11,1,1
M00076,B01,P1,PAY012203,2026-04-07,1,1
M00076,B01,P1,PAY012560,2026-05-13,1,1
M00076,B01,P1,PAY013052,2026-06-09,1,1
M00077,B01,P1,PAY000077,2025-01-20,1,1
M00077,B01,P1,PAY005527,2025-02-22,0,1
M00078,B01,P3,PAY000078,2025-03-02,1,1
M00078,B01,P3,PAY006590,2025-06-11,0,1
M00079,B01,P4,PAY000079,2025-04-24,0,1
M00080,B01,P4,PAY000080,2025-04-20,1,1
M00080,B01,P4,PAY007622,2025-10-27,1,1
M00080,B01,P4,PAY010519,2026-04-29,1,1
M00081,B01,P5,PAY000081,2025-03-02,1,1
M00081,B01,P5,PAY006591,2026-03-04,1,1
M00082,B01,P5,PAY000082,2025-03-08,1,1
M00082,B01,P5,PAY006723,2026-03-09,1,1
M00083,B01,P5,PAY000083,2025-07-03,1,1
M00084,B01,P1,PAY000084,2025-01-16,0,1
M00085,B01,P1,PAY000085,2025-01-18,1,1
M00085,B01,P1,PAY005459,2025-02-18,1,1
M00085,B01,P1,PAY006246,2025-03-28,1,1
M00085,B01,P1,PAY007170,2025-05-07,1,1
M00085,B01,P1,PAY007959,2025-06-15,1,1
M00085,B01,P1,PAY008593,2025-07-14,1,1
M00085,B01,P1,PAY009061,2025-08-16,1,1
M00085,B01,P1,PAY009563,2025-09-18,1,1
M00085,B01,P1,PAY009995,2025-10-22,1,1
M00085,B01,P1,PAY010451,2025-11-25,0,1
M00086,B01,P1,PAY000086,2025-01-30,0,1
M00087,B01,P4,PAY000087,2025-01-12,1,1
M00087,B01,P4,PAY005268,2025-07-16,1,1
M00087,B01,P4,PAY009102,2026-01-18,1,1
M00088,B01,P3,PAY000088,2025-03-23,1,1
M00088,B01,P3,PAY007062,2025-06-29,1,1
M00088,B01,P3,PAY008810,2025-09-24,0,1
M00089,B01,P2,PAY000089,2025-01-02,1,1
M00089,B01,P2,PAY004947,2025-02-08,1,1
M00089,B01,P2,PAY006007,2025-03-06,1,1
M00089,B01,P2,PAY006685,2025-04-14,1,1
M00089,B01,P3,PAY007505,2025-07-20,1,1
M00089,B01,P3,PAY009166,2025-10-22,1,1
M00089,B01,P3,PAY010452,2026-02-01,1,1
M00089,B01,P3,PAY011684,2026-05-11,0,1
M00090,B01,P3,PAY000090,2025-01-10,1,1
M00090,B01,P3,PAY005199,2025-04-18,1,1
M00090,B01,P3,PAY007585,2025-07-15,0,1
M00091,B01,P3,PAY000091,2025-03-08,1,1
M00091,B01,P3,PAY006724,2025-06-16,0,1
M00092,B01,P5,PAY000092,2025-04-09,0,1
M00093,B01,P3,PAY000093,2025-01-26,1,1
M00093,B01,P3,PAY005700,2025-04-30,0,1
M00094,B01,P2,PAY000094,2025-01-16,1,1
M00094,B01,P2,PAY005406,2025-02-24,1,1
M00094,B01,P2,PAY006410,2025-04-05,1,1
M00094,B01,P2,PAY007302,2025-05-16,0,1
M00095,B01,P5,PAY000095,2025-10-12,1,1
M00096,B01,P3,PAY000096,2025-02-10,1,1
M00096,B01,P3,PAY006057,2025-05-08,1,1
M00096,B01,P1,PAY007980,2025-06-17,1,1
M00096,B01,P1,PAY008626,2025-07-23,1,1
M00096,B01,P3,PAY009217,2025-10-20,1,1
M00096,B01,P3,PAY010427,2026-01-23,1,1
M00096,B01,P3,PAY011574,2026-05-01,1,1
M00097,B01,P1,PAY000097,2025-01-16,1,1
M00097,B01,P1,PAY005407,2025-02-17,1,1
M00097,B01,P1,PAY006222,2025-03-24,0,1
M00098,B01,P5,PAY000098,2025-07-14,1,1
M00098,B01,P3,PAY009062,2025-10-20,0,1
M00099,B01,P5,PAY000099,2025-05-29,0,1
M00100,B01,P2,PAY000100,2025-01-22,1,1
M00100,B01,P2,PAY005587,2025-02-27,0,1
M00101,B01,P1,PAY000101,2025-01-17,1,1
M00101,B01,P1,PAY005430,2025-02-14,1,1
M00101,B01,P1,PAY006158,2025-03-10,1,1
M00101,B01,P1,PAY006772,2025-04-06,1,1
M00101,B01,P1,PAY007325,2025-05-07,1,1
M00101,B01,P1,PAY007960,2025-06-08,0,1
M00102,B01,P4,PAY000102,2025-04-08,1,1
M00102,B01,P4,PAY007366,2025-10-14,1,1
M00102,B01,P4,PAY010349,2026-04-12,1,1
M00103,B01,P3,PAY000103,2025-03-25,1,1
M00103,B01,P3,PAY007109,2025-06-29,0,1
M00104,B01,P1,PAY000104,2025-01-04,1,1
M00104,B01,P5,PAY005028,2026-01-15,1,1
M00105,B01,P3,PAY000105,2025-03-23,0,1
M00106,B01,P1,PAY000106,2025-01-27,1,1
M00106,B01,P1,PAY005725,2025-02-22,1,1
M00106,B01,P1,PAY006357,2025-03-23,1,1
M00106,B01,P1,PAY007063,2025-05-01,1,1
M00106,B01,P1,PAY007856,2025-06-09,1,1
M00106,B01,P1,PAY008504,2025-07-14,1,1
M00106,B01,P1,PAY009063,2025-08-17,1,1
M00106,B01,P1,PAY009575,2025-09-13,1,1
M00106,B01,P4,PAY009927,2026-03-12,1,1
M00107,B01,P3,PAY000107,2025-02-21,1,1
M00107,B01,P3,PAY006328,2025-05-25,1,1
M00107,B01,P3,PAY008262,2025-08-31,0,1
M00108,B01,P1,PAY000108,2025-01-25,1,1
M00108,B01,P1,PAY005670,2025-03-03,1,1
M00108,B01,P1,PAY006607,2025-04-02,1,1
M00108,B01,P1,PAY007224,2025-04-29,1,1
M00108,B01,P1,PAY007791,2025-06-05,1,1
M00108,B01,P1,PAY008440,2025-07-11,1,1
M00108,B01,P1,PAY009010,2025-08-22,0,1
M00109,B01,P5,PAY000109,2025-09-01,0,1
M00110,B01,P3,PAY000110,2025-02-09,1,1
M00110,B01,P3,PAY006029,2025-05-11,1,1
M00110,B01,P3,PAY008041,2025-08-06,1,1
M00110,B01,P3,PAY009438,2025-11-06,0,1
M00111,B01,P3,PAY000111,2025-03-06,1,1
M00111,B01,P3,PAY006686,2025-06-16,1,1
M00111,B01,P3,PAY008610,2025-09-13,0,1
M00112,B01,P2,PAY000112,2025-01-02,1,1
M00112,B01,P2,PAY004948,2025-02-10,1,1
M00112,B01,P2,PAY006058,2025-03-14,1,1
M00112,B01,P2,PAY006855,2025-04-24,1,1
M00112,B01,P2,PAY007703,2025-05-25,1,1
M00112,B01,P2,PAY008263,2025-06-23,1,1
M00112,B01,P2,PAY008715,2025-07-21,0,1
M00113,B01,P5,PAY000113,2025-07-13,1,1
M00114,B01,P3,PAY000114,2025-02-16,1,1
M00114,B01,P3,PAY006207,2025-05-24,1,1
M00114,B01,P3,PAY008249,2025-08-20,1,1
M00114,B01,P3,PAY009611,2025-11-16,1,1
M00114,B01,P3,PAY010758,2026-02-20,1,1
M00114,B01,P3,PAY011928,2026-05-20,1,1
M00115,B01,P3,PAY000115,2025-01-06,1,1
M00115,B01,P3,PAY005081,2025-04-10,1,1
M00115,B01,P3,PAY007407,2025-07-20,1,1
M00115,B01,P3,PAY009167,2025-10-23,1,1
M00115,B01,P3,PAY010464,2026-01-27,1,1
M00115,B01,P3,PAY011630,2026-05-01,1,1
M00116,B01,P4,PAY000116,2025-03-04,0,1
M00117,B01,P1,PAY000117,2025-01-24,0,1
M00118,B01,P1,PAY000118,2025-01-14,1,1
M00118,B01,P1,PAY005342,2025-02-22,1,1
M00118,B01,P1,PAY006358,2025-04-03,0,1
M00119,B01,P3,PAY000119,2025-03-03,1,1
M00119,B01,P3,PAY006608,2025-06-05,1,1
M00119,B01,P3,PAY008441,2025-09-04,0,1
M00120,B01,P3,PAY000120,2025-03-31,1,1
M00120,B01,P3,PAY007196,2025-06-28,1,1
M00120,B01,P3,PAY008798,2025-09-25,1,1
M00120,B01,P3,PAY010099,2025-12-23,1,1
M00120,B01,P3,PAY011187,2026-03-21,0,1
M00121,B01,P1,PAY000121,2025-01-03,0,1
M00122,B01,P3,PAY000122,2025-02-24,1,1
M00122,B01,P1,PAY006411,2025-03-22,1,1
M00122,B01,P1,PAY007039,2025-05-01,1,1
M00122,B01,P1,PAY007857,2025-05-29,1,1
M00122,B01,P1,PAY008336,2025-07-07,1,1
M00122,B01,P3,PAY008942,2025-10-02,0,1
M00123,B01,P5,PAY000123,2025-10-10,1,1
M00124,B01,P1,PAY000124,2025-01-16,1,1
M00124,B01,P1,PAY005408,2025-02-19,0,1
M00125,B01,P5,PAY000125,2025-05-03,1,1
M00125,B01,P5,PAY007896,2026-04-30,1,1
M00126,B01,P2,PAY000126,2025-01-14,1,1
M00126,B01,P3,PAY005343,2025-04-19,1,1
M00126,B01,P3,PAY007603,2025-07-15,1,1
M00126,B01,P3,PAY009082,2025-10-11,1,1
M00126,B01,P3,PAY010306,2026-01-20,1,1
M00126,B01,P3,PAY011532,2026-04-24,1,1
M00127,B01,P1,PAY000127,2025-01-03,1,1
M00127,B01,P1,PAY004980,2025-02-02,0,1
M00128,B01,P1,PAY000128,2025-01-02,0,1
M00129,B01,P1,PAY000129,2025-01-29,0,1
M00130,B01,P3,PAY000130,2025-02-08,1,1
M00130,B01,P3,PAY006008,2025-05-08,1,1
M00130,B01,P2,PAY007981,2025-06-17,1,1
M00130,B01,P2,PAY008627,2025-07-24,0,1
M00131,B01,P2,PAY000131,2025-01-24,0,1
M00132,B01,P4,PAY000132,2025-05-17,1,1
M00132,B01,P4,PAY008136,2025-11-19,1,1
M00132,B01,P4,PAY010797,2026-05-24,0,1
M00133,B01,P3,PAY000133,2025-03-08,1,1
M00133,B01,P3,PAY006725,2025-06-09,0,1
M00134,B01,P1,PAY000134,2025-01-26,1,1
M00134,B01,P1,PAY005701,2025-03-02,1,1
M00134,B01,P1,PAY006592,2025-04-05,1,1
M00134,B01,P1,PAY007303,2025-05-09,1,1
M00134,B01,P1,PAY007998,2025-06-18,0,1
M00135,B01,P1,PAY000135,2025-01-19,1,1
M00135,B01,P1,PAY005491,2025-02-26,1,1
M00135,B01,P2,PAY006461,2025-04-07,1,1
M00135,B01,P2,PAY007347,2025-05-18,1,1
M00135,B01,P2,PAY008155,2025-06-26,1,1
M00135,B01,P2,PAY008764,2025-08-05,0,1
M00136,B01,P5,PAY000136,2025-05-26,1,1
M00136,B01,P5,PAY008281,2026-06-01,1,1
M00137,B01,P3,PAY000137,2025-02-09,1,1
M00137,B01,P3,PAY006030,2025-05-13,1,1
M00137,B01,P3,PAY008068,2025-08-14,1,1
M00137,B01,P3,PAY009538,2025-11-11,1,1
M00137,B01,P3,PAY010709,2026-02-11,1,1
M00137,B01,P3,PAY011804,2026-05-14,1,1
M00138,B01,P2,PAY000138,2025-01-30,1,1
M00138,B01,P2,PAY005822,2025-03-08,0,1
M00139,B01,P3,PAY000139,2025-02-20,1,1
M00139,B01,P3,PAY006305,2025-06-02,1,1
M00139,B01,P3,PAY008376,2025-09-13,1,1
M00139,B01,P3,PAY009928,2025-12-20,0,1
M00140,B01,P3,PAY000140,2025-03-08,1,1
M00140,B01,P3,PAY006726,2025-06-16,0,1
M00141,B01,P1,PAY000141,2025-01-13,1,1
M00141,B01,P1,PAY005303,2025-02-12,1,1
M00141,B01,P1,PAY006106,2025-03-11,1,1
M00141,B01,P1,PAY006791,2025-04-10,1,1
M00141,B01,P1,PAY007408,2025-05-08,1,1
M00141,B01,P1,PAY007982,2025-06-14,1,1
M00141,B01,P1,PAY008580,2025-07-12,0,1
M00142,B01,P3,PAY000142,2025-03-09,0,1
M00143,B01,P1,PAY000143,2025-01-03,1,1
M00143,B01,P1,PAY004981,2025-02-09,1,1
M00143,B01,P1,PAY006031,2025-03-17,1,1
M00143,B01,P3,PAY006919,2025-06-21,1,1
M00143,B01,P3,PAY008688,2025-09-29,1,1
M00143,B01,P3,PAY010151,2026-01-10,0,1
M00144,B01,P3,PAY000144,2025-03-16,1,1
M00144,B01,P2,PAY006895,2025-04-20,1,1
M00144,B01,P2,PAY007623,2025-05-26,1,1
M00144,B01,P2,PAY008282,2025-06-30,1,1
M00144,B01,P2,PAY008834,2025-08-08,0,1
M00145,B01,P2,PAY000145,2025-01-09,1,1
M00145,B01,P2,PAY005161,2025-02-18,1,1
M00145,B01,P2,PAY006247,2025-03-28,1,1
M00145,B01,P2,PAY007171,2025-04-23,1,1
M00145,B01,P2,PAY007684,2025-05-21,1,1
M00145,B01,P2,PAY008198,2025-06-20,1,1
M00145,B01,P5,PAY008676,2026-06-15,1,1
M00146,B01,P1,PAY000146,2025-01-19,1,1
M00146,B01,P1,PAY005492,2025-02-28,1,1
M00146,B01,P1,PAY006492,2025-04-05,1,1
M00146,B01,P1,PAY007304,2025-05-03,0,1
M00147,B01,P3,PAY000147,2025-01-27,1,1
M00147,B01,P3,PAY005726,2025-05-03,1,1
M00147,B01,P3,PAY007897,2025-08-07,1,1
M00147,B01,P3,PAY009451,2025-11-03,1,1
M00147,B01,P3,PAY010596,2026-02-11,1,1
M00147,B01,P3,PAY011805,2026-05-15,1,1
M00148,B01,P4,PAY000148,2025-04-26,1,1
M00148,B01,P4,PAY007752,2025-11-06,1,1
M00148,B01,P4,PAY010641,2026-05-08,1,1
M00149,B01,P1,PAY000149,2025-01-18,1,1
M00149,B01,P1,PAY005460,2025-02-15,0,1
M00150,B01,P3,PAY000150,2025-03-13,1,1
M00150,B01,P3,PAY006832,2025-06-22,1,1
M00150,B01,P3,PAY008697,2025-09-22,1,1
M00150,B01,P3,PAY010055,2025-12-23,1,1
M00150,B01,P3,PAY011188,2026-03-19,0,1
M00151,B01,P1,PAY000151,2025-01-02,1,1
M00151,B01,P1,PAY004949,2025-02-01,1,1
M00151,B01,P1,PAY005867,2025-02-28,1,1
M00151,B01,P1,PAY006493,2025-04-02,1,1
M00151,B01,P1,PAY007225,2025-05-04,0,1
M00152,B01,P3,PAY000152,2025-01-10,1,1
M00152,B01,P3,PAY005200,2025-04-12,0,1
M00153,B01,P1,PAY000153,2025-01-27,1,1
M00153,B01,P1,PAY005727,2025-03-01,1,1
M00153,B01,P1,PAY006574,2025-04-01,0,1
M00154,B01,P3,PAY000154,2025-02-03,1,1
M00154,B01,P3,PAY005894,2025-05-13,1,1
M00154,B01,P3,PAY008069,2025-08-15,1,1
M00154,B01,P1,PAY009552,2025-09-12,0,1
M00155,B01,P5,PAY000155,2025-06-15,1,1
M00155,B01,P5,PAY008594,2026-06-10,1,1
M00156,B01,P3,PAY000156,2025-03-27,1,1
M00156,B01,P3,PAY007147,2025-06-24,1,1
M00156,B01,P3,PAY008730,2025-10-01,1,1
M00156,B01,P3,PAY010192,2026-01-03,0,1
M00157,B01,P2,PAY000157,2025-01-29,1,1
M00157,B01,P2,PAY005792,2025-02-27,1,1
M00157,B01,P2,PAY006473,2025-04-07,1,1
M00157,B01,P2,PAY007348,2025-05-17,0,1
M00158,B01,P1,PAY000158,2025-01-10,1,1
M00158,B01,P1,PAY005201,2025-02-20,1,1
M00158,B01,P1,PAY006306,2025-03-21,1,1
M00158,B01,P1,PAY007011,2025-04-30,1,1
M00158,B01,P1,PAY007818,2025-05-27,1,1
M00158,B01,P1,PAY008302,2025-07-05,1,1
M00158,B01,P1,PAY008921,2025-08-08,0,1
M00159,B01,P1,PAY000159,2025-01-12,1,1
M00159,B01,P1,PAY005269,2025-02-20,1,1
M00159,B01,P4,PAY006307,2025-08-25,1,1
M00159,B01,P4,PAY009683,2026-02-20,0,1
M00160,B01,P3,PAY000160,2025-01-15,1,1
M00160,B01,P3,PAY005376,2025-04-22,1,1
M00160,B01,P3,PAY007661,2025-07-28,1,1
M00160,B01,P3,PAY009308,2025-11-08,1,1
M00160,B01,P3,PAY010670,2026-02-09,1,1
M00160,B01,P3,PAY011776,2026-05-16,0,1
M00161,B01,P3,PAY000161,2025-01-13,1,1
M00161,B01,P3,PAY005304,2025-04-24,1,1
M00161,B01,P3,PAY007704,2025-08-01,1,1
M00161,B01,P3,PAY009371,2025-11-09,1,1
M00161,B01,P3,PAY010688,2026-02-17,1,1
M00161,B01,P3,PAY011894,2026-05-13,1,1
M00162,B01,P3,PAY000162,2025-02-06,1,1
M00162,B01,P3,PAY005964,2025-05-03,1,1
M00162,B01,P3,PAY007898,2025-08-01,1,1
M00162,B01,P3,PAY009372,2025-11-09,1,1
M00162,B01,P3,PAY010689,2026-02-10,1,1
M00162,B01,P3,PAY011794,2026-05-12,1,1
M00163,B01,P1,PAY000163,2025-01-11,1,1
M00163,B01,P1,PAY005231,2025-02-19,1,1
M00163,B01,P1,PAY006280,2025-03-22,0,1
M00164,B01,P1,PAY000164,2025-01-23,0,1
M00165,B01,P2,PAY000165,2025-01-28,0,1
M00166,B01,P3,PAY000166,2025-02-22,1,1
M00166,B01,P3,PAY006359,2025-05-22,0,1
M00167,B01,P3,PAY000167,2025-01-05,0,1
M00168,B01,P1,PAY000168,2025-01-11,1,1
M00168,B01,P1,PAY005232,2025-02-16,1,1
M00168,B01,P1,PAY006208,2025-03-11,1,1
M00168,B01,P1,PAY006792,2025-04-09,1,1
M00168,B01,P1,PAY007383,2025-05-11,1,1
M00168,B01,P1,PAY008042,2025-06-12,1,1
M00168,B01,P1,PAY008541,2025-07-08,1,1
M00168,B01,P1,PAY008961,2025-08-17,1,1
M00168,B01,P1,PAY009576,2025-09-22,1,1
M00168,B01,P1,PAY010056,2025-10-27,1,1
M00168,B01,P1,PAY010520,2025-12-02,1,1
M00168,B01,P1,PAY010962,2025-12-27,1,1
M00168,B01,P3,PAY011234,2026-04-03,1,1
M00169,B01,P3,PAY000169,2025-01-21,1,1
M00169,B01,P5,PAY005550,2026-02-01,1,1
M00170,B01,P1,PAY000170,2025-01-19,0,1
M00171,B01,P1,PAY000171,2025-01-19,1,1
M00171,B01,P1,PAY005493,2025-02-18,1,1
M00171,B01,P2,PAY006248,2025-03-21,1,1
M00171,B01,P2,PAY007012,2025-04-29,1,1
M00171,B01,P1,PAY007792,2025-05-29,1,1
M00171,B01,P1,PAY008337,2025-06-30,1,1
M00171,B01,P1,PAY008835,2025-08-10,1,1
M00171,B01,P1,PAY009491,2025-09-18,1,1
M00171,B01,P1,PAY009996,2025-10-19,1,1
M00172,B01,P4,PAY000172,2025-03-10,0,1
M00173,B01,P1,PAY000173,2025-01-16,1,1
M00173,B01,P1,PAY005409,2025-02-14,1,1
M00173,B01,P1,PAY006159,2025-03-14,0,1
M00174,B01,P5,PAY000174,2025-09-07,1,1
M00175,B01,P4,PAY000175,2025-05-16,1,1
M00175,B01,P4,PAY008124,2025-11-23,1,1
M00175,B01,P4,PAY010836,2026-05-19,1,1
M00176,B01,P3,PAY000176,2025-02-07,1,1
M00176,B01,P3,PAY005988,2025-05-07,1,1
M00176,B01,P3,PAY007961,2025-08-09,1,1
M00176,B01,P3,PAY009480,2025-11-04,1,1
M00176,B01,P3,PAY010607,2026-02-09,1,1
M00176,B01,P1,PAY011777,2026-03-05,1,1
M00176,B01,P1,PAY012119,2026-04-02,0,1
M00177,B01,P1,PAY000177,2025-01-23,1,1
M00177,B01,P1,PAY005618,2025-03-01,1,1
M00177,B01,P1,PAY006575,2025-04-09,1,1
M00177,B01,P1,PAY007384,2025-05-20,1,1
M00177,B01,P1,PAY008184,2025-06-22,1,1
M00177,B01,P1,PAY008698,2025-08-02,0,1
M00178,B01,P1,PAY000178,2025-01-09,1,1
M00178,B01,P1,PAY005162,2025-02-13,1,1
M00178,B01,P1,PAY006132,2025-03-11,1,1
M00178,B01,P1,PAY006793,2025-04-09,1,1
M00178,B01,P1,PAY007385,2025-05-04,1,1
M00178,B01,P1,PAY007908,2025-06-08,1,1
M00178,B01,P1,PAY008490,2025-07-10,1,1
M00178,B01,P1,PAY008990,2025-08-10,1,1
M00178,B01,P1,PAY009492,2025-09-06,0,1
M00179,B01,P4,PAY000179,2025-03-28,0,1
M00180,B01,P1,PAY000180,2025-01-09,1,1
M00180,B01,P1,PAY005163,2025-02-06,1,1
M00180,B01,P1,PAY005965,2025-03-05,1,1
M00180,B01,P5,PAY006655,2026-03-02,0,1
M00181,B01,P2,PAY000181,2025-01-12,1,1
M00181,B01,P2,PAY005270,2025-02-19,1,1
M00181,B01,P2,PAY006281,2025-03-20,1,1
M00181,B01,P2,PAY006988,2025-04-24,0,1
M00182,B01,P5,PAY000182,2025-12-11,1,1
M00182,B01,P1,PAY011063,2026-01-09,1,1
M00182,B01,P1,PAY011392,2026-02-06,0,1
M00183,B01,P1,PAY000183,2025-01-05,1,1
M00183,B01,P1,PAY005054,2025-02-10,0,1
M00184,B01,P5,PAY000184,2025-03-31,1,1
M00184,B01,P5,PAY007197,2026-04-03,1,1
M00185,B01,P2,PAY000185,2025-01-28,1,1
M00185,B01,P2,PAY005762,2025-03-08,1,1
M00185,B01,P2,PAY006727,2025-04-18,1,1
M00185,B01,P2,PAY007586,2025-05-24,0,1
M00186,B01,P3,PAY000186,2025-01-21,1,1
M00186,B01,P3,PAY005551,2025-04-26,0,1
M00187,B01,P2,PAY000187,2025-01-15,0,1
M00188,B01,P4,PAY000188,2025-05-06,1,1
M00188,B01,P4,PAY007946,2025-11-15,1,1
M00188,B01,P4,PAY010746,2026-05-21,1,1
M00189,B01,P3,PAY000189,2025-02-14,1,1
M00189,B01,P5,PAY006160,2026-02-13,1,1
M00190,B01,P1,PAY000190,2025-01-09,1,1
M00190,B01,P1,PAY005164,2025-02-10,1,1
M00190,B01,P1,PAY006059,2025-03-18,1,1
M00190,B01,P1,PAY006937,2025-04-20,0,1
M00191,B01,P1,PAY000191,2025-01-18,1,1
M00191,B01,P2,PAY005461,2025-02-20,0,1
M00192,B01,P1,PAY000192,2025-01-29,1,1
M00192,B01,P1,PAY005793,2025-03-05,1,1
M00192,B01,P1,PAY006656,2025-04-15,1,1
M00192,B01,P1,PAY007523,2025-05-26,1,1
M00192,B01,P1,PAY008283,2025-07-02,0,1
M00193,B01,P3,PAY000193,2025-01-22,1,1
M00193,B01,P3,PAY005588,2025-04-17,1,1
M00193,B01,P3,PAY007565,2025-07-16,1,1
M00193,B01,P3,PAY009103,2025-10-17,1,1
M00193,B01,P3,PAY010388,2026-01-14,1,1
M00193,B01,P3,PAY011456,2026-04-19,1,1
M00194,B01,P4,PAY000194,2025-04-02,1,1
M00194,B01,P4,PAY007226,2025-10-10,0,1
M00195,B01,P1,PAY000195,2025-01-04,0,1
M00196,B01,P3,PAY000196,2025-02-04,1,1
M00196,B01,P3,PAY005915,2025-05-05,1,1
M00196,B01,P3,PAY007932,2025-08-11,1,1
M00196,B01,P3,PAY009505,2025-11-22,1,1
M00196,B01,P3,PAY010828,2026-02-18,1,1
M00196,B01,P3,PAY011901,2026-05-28,1,1
M00197,B01,P3,PAY000197,2025-01-29,1,1
M00197,B01,P3,PAY005794,2025-04-26,1,1
M00197,B01,P3,PAY007753,2025-08-05,1,1
M00197,B01,P3,PAY009429,2025-11-03,1,1
M00197,B01,P3,PAY010597,2026-02-07,1,1
M00197,B01,P3,PAY011748,2026-05-02,0,1
M00198,B01,P2,PAY000198,2025-01-21,1,1
M00198,B01,P2,PAY005552,2025-02-19,1,1
M00198,B01,P2,PAY006282,2025-03-28,1,1
M00198,B01,P1,PAY007172,2025-05-04,0,1
M00199,B01,P5,PAY000199,2025-11-10,1,1
M00200,B01,P4,PAY000200,2025-06-04,1,1
M00200,B01,P4,PAY008421,2025-12-04,1,1
M00200,B01,P4,PAY010984,2026-06-11,1,1
M00201,B01,P2,PAY000201,2025-01-05,1,1
M00201,B01,P2,PAY005055,2025-02-01,1,1
M00201,B01,P2,PAY005868,2025-03-05,1,1
M00201,B01,P2,PAY006657,2025-04-07,1,1
M00201,B01,P2,PAY007349,2025-05-04,1,1
M00201,B01,P2,PAY007909,2025-06-08,1,1
M00201,B01,P2,PAY008491,2025-07-08,0,1
M00202,B01,P2,PAY000202,2025-01-18,1,1
M00202,B01,P2,PAY005462,2025-02-21,0,1
M00203,B01,P1,PAY000203,2025-01-04,1,1
M00203,B01,P1,PAY005029,2025-01-30,1,1
M00203,B01,P1,PAY005823,2025-02-28,1,1
M00203,B01,P1,PAY006494,2025-04-11,1,1
M00203,B01,P1,PAY007436,2025-05-21,1,1
M00203,B01,P1,PAY008199,2025-06-23,1,1
M00203,B01,P1,PAY008716,2025-07-29,1,1
M00203,B01,P1,PAY009328,2025-08-27,1,1
M00203,B01,P1,PAY009720,2025-10-01,1,1
M00203,B01,P1,PAY010193,2025-10-28,1,1
M00203,B01,P1,PAY010538,2025-11-26,1,1
M00203,B01,P1,PAY010874,2026-01-06,1,1
M00203,B01,P1,PAY011352,2026-02-08,0,1
M00204,B01,P3,PAY000204,2025-02-20,1,1
M00204,B01,P3,PAY006308,2025-05-26,0,1
M00205,B01,P4,PAY000205,2025-02-05,0,1
M00206,B01,P3,PAY000206,2025-02-21,0,1
M00207,B01,P1,PAY000207,2025-01-26,1,1
M00207,B01,P1,PAY005702,2025-02-25,0,1
M00208,B01,P3,PAY000208,2025-03-03,1,1
M00208,B01,P3,PAY006609,2025-05-26,1,1
M00208,B01,P3,PAY008284,2025-08-29,1,1
M00208,B01,P3,PAY009744,2025-11-27,0,1
M00209,B01,P1,PAY000209,2025-01-15,1,1
M00209,B01,P1,PAY005377,2025-02-16,1,1
M00209,B01,P1,PAY006209,2025-03-22,1,1
M00209,B01,P1,PAY007040,2025-04-29,1,1
M00209,B01,P1,PAY007793,2025-06-01,1,1
M00209,B01,P1,PAY008364,2025-06-30,1,1
M00209,B01,P1,PAY008836,2025-08-07,1,1
M00209,B01,P1,PAY009452,2025-09-03,1,1
M00209,B01,P1,PAY009805,2025-10-05,0,1
M00210,B01,P4,PAY000210,2025-02-22,0,1
M00211,B01,P1,PAY000211,2025-01-17,0,1
M00212,B01,P5,PAY000212,2025-01-13,1,1
M00212,B01,P5,PAY005305,2026-01-13,1,1
M00213,B01,P1,PAY000213,2025-01-11,1,1
M00213,B01,P1,PAY005233,2025-02-09,1,1
M00213,B01,P1,PAY006032,2025-03-11,0,1
M00214,B01,P3,PAY000214,2025-02-08,0,1
M00215,B01,P4,PAY000215,2025-05-30,0,1
M00216,B01,P2,PAY000216,2025-01-03,1,1
M00216,B01,P2,PAY004982,2025-02-13,1,1
M00216,B01,P2,PAY006133,2025-03-15,0,1
M00217,B01,P1,PAY000217,2025-01-10,1,1
M00217,B01,P1,PAY005202,2025-02-20,1,1
M00217,B01,P1,PAY006309,2025-03-21,1,1
M00217,B01,P1,PAY007013,2025-04-25,1,1
M00217,B01,P1,PAY007735,2025-06-02,1,1
M00217,B01,P1,PAY008377,2025-07-01,1,1
M00217,B01,P1,PAY008859,2025-07-30,1,1
M00217,B01,P1,PAY009348,2025-09-04,0,1
M00218,B01,P3,PAY000218,2025-02-01,1,1
M00218,B01,P3,PAY005869,2025-05-12,0,1
M00219,B01,P3,PAY000219,2025-02-06,1,1
M00219,B01,P3,PAY005966,2025-05-07,0,1
M00220,B01,P1,PAY000220,2025-01-13,1,1
M00220,B01,P4,PAY005306,2025-07-15,1,1
M00220,B01,P4,PAY009083,2026-01-20,1,1
M00221,B01,P1,PAY000221,2025-01-25,1,1
M00221,B01,P1,PAY005671,2025-02-28,1,1
M00221,B01,P1,PAY006495,2025-04-04,1,1
M00221,B01,P1,PAY007280,2025-05-01,1,1
M00221,B01,P1,PAY007858,2025-06-12,1,1
M00221,B01,P1,PAY008542,2025-07-18,0,1
M00222,B01,P2,PAY000222,2025-01-03,0,1
M00223,B01,P2,PAY000223,2025-01-03,1,1
M00223,B01,P2,PAY004983,2025-02-07,0,1
M00224,B01,P3,PAY000224,2025-03-29,0,1
M00225,B01,P1,PAY000225,2025-01-24,0,1
M00226,B01,P1,PAY000226,2025-01-30,1,1
M00226,B01,P1,PAY005824,2025-03-02,1,1
M00226,B01,P1,PAY006593,2025-04-06,1,1
M00226,B01,P1,PAY007326,2025-05-04,1,1
M00226,B01,P1,PAY007910,2025-06-03,1,1
M00226,B01,P1,PAY008395,2025-07-13,1,1
M00226,B01,P1,PAY009049,2025-08-13,1,1
M00226,B01,P1,PAY009525,2025-09-17,1,1
M00226,B01,P1,PAY009985,2025-10-24,0,1
M00227,B01,P3,PAY000227,2025-02-08,1,1
M00227,B01,P3,PAY006009,2025-05-15,1,1
M00227,B01,P3,PAY008108,2025-08-24,1,1
M00227,B01,P3,PAY009671,2025-11-25,1,1
M00227,B01,P3,PAY010858,2026-02-24,0,1
M00228,B01,P1,PAY000228,2025-01-14,1,1
M00228,B01,P2,PAY005344,2025-02-11,1,1
M00228,B01,P2,PAY006079,2025-03-21,1,1
M00228,B01,P2,PAY007014,2025-04-28,1,1
M00228,B01,P2,PAY007775,2025-05-25,1,1
M00228,B01,P2,PAY008264,2025-07-01,1,1
M00228,B01,P2,PAY008860,2025-07-30,0,1
M00229,B01,P3,PAY000229,2025-03-02,1,1
M00229,B01,P3,PAY006594,2025-05-25,1,1
M00229,B01,P3,PAY008265,2025-09-02,1,1
M00229,B01,P3,PAY009790,2025-12-08,1,1
M00229,B01,P3,PAY011034,2026-03-17,0,1
M00230,B01,P1,PAY000230,2025-01-14,1,1
M00230,B01,P1,PAY005345,2025-02-24,0,1
M00231,B01,P3,PAY000231,2025-01-19,0,1
M00232,B01,P3,PAY000232,2025-03-15,0,1
M00233,B01,P3,PAY000233,2025-03-11,0,1
M00234,B01,P3,PAY000234,2025-03-13,0,1
M00235,B01,P4,PAY000235,2025-06-08,1,1
M00235,B01,P4,PAY008492,2025-12-11,1,1
M00235,B01,P4,PAY011064,2026-06-09,1,1
M00236,B01,P3,PAY000236,2025-03-06,1,1
M00236,B01,P3,PAY006687,2025-06-03,1,1
M00236,B01,P3,PAY008396,2025-08-31,1,1
M00236,B01,P3,PAY009767,2025-12-02,0,1
M00237,B01,P1,PAY000237,2025-01-20,1,1
M00237,B01,P1,PAY005528,2025-02-27,1,1
M00237,B01,P1,PAY006474,2025-03-27,1,1
M00237,B01,P1,PAY007148,2025-05-07,0,1
M00238,B01,P1,PAY000238,2025-01-03,1,1
M00238,B01,P1,PAY004984,2025-02-05,1,1
M00238,B01,P1,PAY005939,2025-03-04,1,1
M00238,B01,P1,PAY006632,2025-04-05,1,1
M00238,B01,P1,PAY007305,2025-05-09,1,1
M00238,B01,P1,PAY007999,2025-06-20,0,1
M00239,B01,P5,PAY000239,2025-07-17,1,1
M00240,B01,P1,PAY000240,2025-01-23,0,1
M00241,B01,P3,PAY000241,2025-01-28,0,1
M00242,B01,P3,PAY000242,2025-01-29,1,1
M00242,B01,P3,PAY005795,2025-05-08,1,1
M00242,B01,P3,PAY007983,2025-08-13,1,1
M00242,B01,P3,PAY009526,2025-11-18,1,1
M00242,B01,P2,PAY010781,2025-12-23,1,1
M00242,B01,P3,PAY011189,2026-03-29,0,1
M00243,B01,P1,PAY000243,2025-01-07,1,1
M00243,B01,P1,PAY005109,2025-02-08,1,1
M00243,B01,P1,PAY006010,2025-03-16,1,1
M00243,B01,P1,PAY006896,2025-04-22,0,1
M00244,B01,P2,PAY000244,2025-01-03,0,1
M00245,B01,P1,PAY000245,2025-01-12,1,1
M00245,B01,P1,PAY005271,2025-02-11,1,1
M00245,B01,P1,PAY006080,2025-03-18,1,1
M00245,B01,P1,PAY006938,2025-04-24,1,1
M00245,B01,P1,PAY007705,2025-05-19,1,1
M00245,B01,P1,PAY008170,2025-06-18,0,1
M00246,B01,P3,PAY000246,2025-01-26,1,1
M00246,B01,P3,PAY005703,2025-04-22,1,1
M00246,B01,P3,PAY007662,2025-07-21,1,1
M00246,B01,P3,PAY009188,2025-10-20,1,1
M00246,B01,P3,PAY010428,2026-01-22,1,1
M00246,B01,P3,PAY011562,2026-04-23,0,1
M00247,B01,P1,PAY000247,2025-01-09,0,1
M00248,B01,P4,PAY000248,2025-05-02,1,1
M00248,B01,P4,PAY007875,2025-11-10,1,1
M00248,B01,P4,PAY010700,2026-05-17,0,1
M00249,B01,P1,PAY000249,2025-01-25,0,1
M00250,B01,P5,PAY000250,2025-07-09,1,1
M00251,B01,P3,PAY000251,2025-03-11,0,1
M00252,B01,P3,PAY000252,2025-03-07,1,1
M00252,B01,P3,PAY006704,2025-06-10,1,1
M00252,B01,P3,PAY008516,2025-09-20,1,1
M00252,B01,P1,PAY010020,2025-10-19,1,1
M00252,B01,P1,PAY010411,2025-11-24,0,1
M00253,B01,P4,PAY000253,2025-03-03,1,1
M00253,B01,P4,PAY006610,2025-08-26,1,1
M00253,B01,P4,PAY009706,2026-02-25,1,1
M00254,B01,P4,PAY000254,2025-04-25,1,1
M00254,B01,P4,PAY007736,2025-10-28,1,1
M00254,B01,P4,PAY010539,2026-05-01,1,1
M00255,B01,P3,PAY000255,2025-02-15,1,1
M00255,B01,P3,PAY006187,2025-05-14,1,1
M00255,B01,P3,PAY008083,2025-08-11,0,1
M00256,B01,P5,PAY000256,2025-02-22,1,1
M00256,B01,P5,PAY006360,2026-02-25,1,1
M00257,B01,P3,PAY000257,2025-02-28,1,1
M00257,B01,P3,PAY006496,2025-06-06,1,1
M00257,B01,P3,PAY008456,2025-09-02,1,1
M00257,B01,P3,PAY009791,2025-12-10,1,1
M00257,B01,P3,PAY011055,2026-03-10,1,1
M00257,B01,P3,PAY012189,2026-06-13,1,1
M00258,B01,P3,PAY000258,2025-01-13,1,1
M00258,B01,P2,PAY005307,2025-02-11,1,1
M00258,B01,P2,PAY006081,2025-03-10,1,1
M00258,B01,P2,PAY006773,2025-04-14,1,1
M00258,B01,P2,PAY007506,2025-05-24,0,1
M00259,B01,P5,PAY000259,2025-08-21,1,1
M00260,B01,P4,PAY000260,2025-05-03,0,1
M00261,B01,P1,PAY000261,2025-01-04,0,1
M00262,B01,P3,PAY000262,2025-03-19,1,1
M00262,B01,P3,PAY006958,2025-06-15,1,1
M00262,B01,P3,PAY008595,2025-09-10,1,1
M00262,B01,P3,PAY009887,2025-12-12,1,1
M00262,B01,P3,PAY011077,2026-03-08,1,1
M00262,B01,P3,PAY012164,2026-06-10,1,1
M00263,B01,P3,PAY000263,2025-01-06,1,1
M00263,B01,P3,PAY005082,2025-04-15,1,1
M00263,B01,P3,PAY007524,2025-07-26,1,1
M00263,B01,P3,PAY009275,2025-11-03,1,1
M00263,B01,P3,PAY010598,2026-02-01,0,1
M00264,B01,P4,PAY000264,2025-05-22,1,1
M00264,B01,P4,PAY008217,2025-12-02,1,1
M00264,B01,P3,PAY010963,2026-02-28,1,1
M00264,B01,P3,PAY012032,2026-06-07,0,1
M00265,B01,P4,PAY000265,2025-06-19,1,1
M00265,B01,P4,PAY008664,2025-12-17,0,1
M00266,B01,P5,PAY000266,2025-04-24,0,1
M00267,B01,P3,PAY000267,2025-02-17,1,1
M00267,B01,P3,PAY006223,2025-05-23,1,1
M00267,B01,P5,PAY008232,2026-05-29,1,1
M00268,B01,P1,PAY000268,2025-01-25,1,1
M00268,B01,P3,PAY005672,2025-05-02,1,1
M00268,B01,P3,PAY007876,2025-08-07,1,1
M00268,B01,P3,PAY009453,2025-11-10,0,1
M00269,B01,P3,PAY000269,2025-02-24,1,1
M00269,B01,P3,PAY006412,2025-05-28,1,1
M00269,B01,P1,PAY008312,2025-07-08,0,1
M00270,B01,P3,PAY000270,2025-01-05,1,1
M00270,B01,P3,PAY005056,2025-04-01,1,1
M00270,B01,P3,PAY007211,2025-07-11,0,1
M00271,B01,P1,PAY000271,2025-01-24,0,1
M00272,B01,P1,PAY000272,2025-01-14,1,1
M00272,B01,P1,PAY005346,2025-02-25,1,1
M00272,B01,P1,PAY006437,2025-04-07,1,1
M00272,B01,P1,PAY007350,2025-05-14,1,1
M00272,B01,P1,PAY008084,2025-06-25,0,1
M00273,B01,P3,PAY000273,2025-02-05,1,1
M00273,B01,P3,PAY005940,2025-05-06,1,1
M00273,B01,P3,PAY007947,2025-08-02,1,1
M00273,B01,P3,PAY009386,2025-11-08,0,1
M00274,B01,P3,PAY000274,2025-02-12,1,1
M00274,B01,P3,PAY006107,2025-05-19,1,1
M00274,B01,P3,PAY008171,2025-08-28,1,1
M00274,B01,P3,PAY009732,2025-12-04,1,1
M00274,B01,P1,PAY010985,2025-12-29,1,1
M00274,B01,P1,PAY011265,2026-01-31,1,1
M00274,B01,P1,PAY011676,2026-03-05,1,1
M00274,B01,P1,PAY012120,2026-04-12,1,1
M00274,B01,P1,PAY012637,2026-05-17,1,1
M00274,B01,P1,PAY013092,2026-06-23,0,0
M00275,B01,P1,PAY000275,2025-01-12,1,1
M00275,B01,P1,PAY005272,2025-02-22,1,1
M00275,B01,P1,PAY006361,2025-03-20,1,1
M00275,B01,P1,PAY006989,2025-04-21,0,1
M00276,B01,P5,PAY000276,2025-04-17,1,1
M00276,B01,P5,PAY007566,2026-04-19,1,1
M00277,B01,P3,PAY000277,2025-03-29,1,1
M00277,B01,P3,PAY007187,2025-06-29,1,1
M00277,B01,P3,PAY008811,2025-10-08,1,1
M00277,B01,P3,PAY010272,2026-01-17,0,1
M00278,B01,P1,PAY000278,2025-01-13,1,1
M00278,B01,P3,PAY005308,2025-04-16,0,1
M00279,B01,P4,PAY000279,2025-01-12,1,1
M00279,B01,P4,PAY005273,2025-07-11,1,1
M00279,B01,P4,PAY009011,2026-01-07,1,1
M00280,B01,P1,PAY000280,2025-01-29,0,1
M00281,B01,P1,PAY000281,2025-01-05,1,1
M00281,B01,P1,PAY005057,2025-02-10,1,1
M00281,B01,P1,PAY006060,2025-03-21,1,1
M00281,B01,P1,PAY007015,2025-04-24,1,1
M00281,B01,P1,PAY007706,2025-05-28,1,1
M00281,B01,P2,PAY008313,2025-06-24,1,1
M00281,B01,P2,PAY008731,2025-07-30,1,1
M00281,B01,P2,PAY009349,2025-08-30,1,1
M00281,B01,P2,PAY009754,2025-09-26,1,1
M00281,B01,P2,PAY010108,2025-11-05,1,1
M00281,B01,P2,PAY010621,2025-12-05,1,1
M00281,B01,P2,PAY010996,2025-12-30,1,1
M00281,B01,P2,PAY011277,2026-01-27,1,1
M00281,B01,P2,PAY011631,2026-02-28,1,1
M00281,B01,P2,PAY012033,2026-04-09,1,1
M00281,B01,P2,PAY012592,2026-05-15,1,1
M00281,B01,P2,PAY013076,2026-06-23,1,0
M00282,B01,P3,PAY000282,2025-03-11,1,1
M00282,B01,P3,PAY006794,2025-06-19,1,1
M00282,B01,P3,PAY008665,2025-09-16,1,1
M00283,B01,P2,PAY000283,2025-01-25,1,1
M00283,B01,P2,PAY005673,2025-02-28,1,1
M00283,B01,P2,PAY006497,2025-03-23,1,1
M00283,B01,P2,PAY007064,2025-04-30,1,1
M00283,B01,P2,PAY007819,2025-05-26,1,1
M00283,B01,P2,PAY008285,2025-07-04,0,1
M00284,B01,P3,PAY000284,2025-03-31,1,1
M00284,B01,P3,PAY007198,2025-06-27,1,1
M00284,B01,P3,PAY008778,2025-09-24,1,1
M00284,B01,P3,PAY010080,2025-12-19,1,1
M00284,B01,P3,PAY011151,2026-03-15,1,1
M00284,B01,P3,PAY012272,2026-06-19,1,0
M00285,B01,P4,PAY000285,2025-01-06,1,1
M00285,B01,P4,PAY005083,2025-07-03,1,1
M00285,B01,P4,PAY008897,2026-01-12,1,1
M00286,B01,P1,PAY000286,2025-01-25,1,1
M00286,B01,P1,PAY005674,2025-02-26,0,1
M00287,B01,P4,PAY000287,2025-06-19,0,1
M00288,B01,P3,PAY000288,2025-03-28,1,1
M00288,B01,P4,PAY007173,2025-09-29,1,1
M00288,B01,P4,PAY010152,2026-04-02,1,1
M00289,B01,P1,PAY000289,2025-01-22,1,1
M00289,B01,P1,PAY005589,2025-03-01,0,1
M00290,B01,P1,PAY000290,2025-01-08,1,1
M00290,B01,P1,PAY005130,2025-02-04,1,1
M00290,B01,P1,PAY005916,2025-03-01,1,1
M00290,B01,P1,PAY006576,2025-04-03,1,1
M00290,B01,P1,PAY007256,2025-05-05,1,1
M00290,B01,P1,PAY007933,2025-06-13,0,1
M00291,B01,P1,PAY000291,2025-01-02,1,1
M00291,B01,P3,PAY004950,2025-04-13,0,1
M00292,B01,P4,PAY000292,2025-02-11,1,1
M00292,B01,P4,PAY006082,2025-08-10,1,1
M00292,B01,P2,PAY009493,2025-09-12,1,1
M00292,B01,P2,PAY009917,2025-10-16,1,1
M00292,B01,P3,PAY010377,2026-01-14,1,1
M00292,B01,P3,PAY011457,2026-04-17,0,1
M00293,B01,P3,PAY000293,2025-03-29,1,1
M00293,B01,P3,PAY007188,2025-06-24,1,1
M00293,B01,P3,PAY008732,2025-10-03,1,1
M00293,B01,P3,PAY010215,2026-01-14,1,1
M00293,B01,P3,PAY011458,2026-04-17,0,1
M00294,B01,P1,PAY000294,2025-01-24,0,1
M00295,B01,P5,PAY000295,2025-02-17,1,1
M00295,B01,P5,PAY006224,2026-02-16,1,1
M00296,B01,P1,PAY000296,2025-01-08,1,1
M00296,B01,P1,PAY005131,2025-02-09,1,1
M00296,B01,P1,PAY006033,2025-03-13,1,1
M00296,B01,P1,PAY006833,2025-04-17,1,1
M00296,B01,P1,PAY007567,2025-05-21,1,1
M00296,B01,P3,PAY008200,2025-08-23,1,1
M00296,B01,P3,PAY009653,2025-11-30,1,1
M00296,B01,P3,PAY010923,2026-02-28,1,1
M00296,B01,P3,PAY012034,2026-06-02,1,1
M00297,B01,P2,PAY000297,2025-01-23,1,1
M00297,B01,P2,PAY005619,2025-02-18,0,1
M00298,B01,P3,PAY000298,2025-02-11,1,1
M00298,B01,P3,PAY006083,2025-05-13,1,1
M00298,B01,P3,PAY008070,2025-08-22,1,1
M00298,B01,P3,PAY009638,2025-11-18,1,1
M00298,B01,P3,PAY010782,2026-02-15,1,1
M00298,B01,P3,PAY011868,2026-05-18,1,1
M00299,B01,P1,PAY000299,2025-01-29,1,1
M00299,B01,P1,PAY005796,2025-03-01,0,1
M00300,B01,P1,PAY000300,2025-01-24,1,1
M00300,B01,P2,PAY005644,2025-02-25,1,1
M00300,B01,P2,PAY006438,2025-04-08,1,1
M00300,B01,P2,PAY007367,2025-05-15,1,1
M00300,B01,P2,PAY008109,2025-06-11,1,1
M00300,B01,P2,PAY008527,2025-07-09,1,1
M00300,B01,P2,PAY008974,2025-08-09,0,1
M00301,B01,P1,PAY000301,2025-01-10,0,1
M00302,B01,P1,PAY000302,2025-01-26,1,1
M00302,B01,P1,PAY005704,2025-03-06,1,1
M00302,B01,P1,PAY006688,2025-04-02,1,1
M00302,B01,P1,PAY007227,2025-05-11,0,1
M00303,B01,P2,PAY000303,2025-01-23,1,1
M00303,B01,P2,PAY005620,2025-03-03,1,1
M00303,B01,P2,PAY006611,2025-04-10,0,1
M00304,B01,P5,PAY000304,2025-07-24,1,1
M00305,B01,P1,PAY000305,2025-01-06,0,1
M00306,B01,P4,PAY000306,2025-03-28,1,1
M00306,B01,P4,PAY007174,2025-09-27,1,1
M00306,B01,P4,PAY010121,2026-04-01,0,1
M00307,B01,P3,PAY000307,2025-02-11,1,1
M00307,B01,P3,PAY006084,2025-05-21,1,1
M00307,B01,P3,PAY008201,2025-08-24,1,1
M00307,B01,P3,PAY009672,2025-11-23,1,1
M00307,B01,P3,PAY010837,2026-02-28,1,1
M00307,B01,P3,PAY012035,2026-06-01,1,1
M00308,B01,P1,PAY000308,2025-01-26,0,1
M00309,B01,P1,PAY000309,2025-01-21,1,1
M00309,B01,P1,PAY005553,2025-02-18,1,1
M00309,B01,P1,PAY006249,2025-03-17,1,1
M00309,B01,P1,PAY006920,2025-04-17,1,1
M00309,B01,P1,PAY007568,2025-05-16,1,1
M00309,B01,P1,PAY008125,2025-06-15,0,1
M00310,B01,P1,PAY000310,2025-01-17,1,1
M00310,B01,P1,PAY005431,2025-02-21,1,1
M00310,B01,P1,PAY006329,2025-04-03,1,1
M00310,B01,P1,PAY007257,2025-05-13,1,1
M00310,B01,P1,PAY008071,2025-06-18,1,1
M00310,B01,P1,PAY008645,2025-07-25,1,1
M00310,B01,P1,PAY009255,2025-08-26,1,1
M00310,B01,P1,PAY009707,2025-10-01,0,1
M00311,B01,P1,PAY000311,2025-01-25,0,1
M00312,B01,P1,PAY000312,2025-01-08,1,1
M00312,B01,P1,PAY005132,2025-02-19,1,1
M00312,B01,P5,PAY006283,2026-02-27,1,1
M00313,B01,P4,PAY000313,2025-06-21,0,1
M00314,B01,P1,PAY000314,2025-01-13,0,1
M00315,B01,P1,PAY000315,2025-01-28,0,1
M00316,B01,P4,PAY000316,2025-02-18,1,1
M00316,B01,P4,PAY006250,2025-08-16,0,1
M00317,B01,P1,PAY000317,2025-01-20,1,1
M00317,B01,P1,PAY005529,2025-02-22,1,1
M00317,B01,P1,PAY006362,2025-03-22,1,1
M00317,B01,P4,PAY007041,2025-09-18,1,1
M00317,B01,P4,PAY009997,2026-03-24,1,1
M00318,B01,P1,PAY000318,2025-01-21,1,1
M00318,B01,P1,PAY005554,2025-02-28,1,1
M00318,B01,P1,PAY006498,2025-04-06,1,1
M00318,B01,P1,PAY007327,2025-05-13,1,1
M00318,B01,P1,PAY008072,2025-06-22,1,1
M00318,B01,P1,PAY008699,2025-07-21,1,1
M00318,B01,P1,PAY009189,2025-08-26,1,1
M00318,B01,P1,PAY009708,2025-10-03,1,1
M00318,B01,P1,PAY010216,2025-11-04,1,1
M00319,B01,P1,PAY000319,2025-01-08,1,1
M00319,B01,P1,PAY005133,2025-02-03,1,1
M00319,B01,P3,PAY005895,2025-05-10,1,1
M00319,B01,P3,PAY008018,2025-08-16,0,1
M00320,B01,P4,PAY000320,2025-02-01,1,1
M00320,B01,P4,PAY005870,2025-08-05,1,1
M00320,B01,P4,PAY009430,2026-02-15,0,1
M00321,B01,P3,PAY000321,2025-03-30,0,1
M00322,B01,P4,PAY000322,2025-06-12,1,1
M00322,B01,P4,PAY008543,2025-12-07,1,1
M00322,B01,P4,PAY011020,2026-06-04,1,1
M00323,B01,P2,PAY000323,2025-01-23,0,1
M00324,B01,P5,PAY000324,2025-04-22,1,1
M00324,B01,P5,PAY007663,2026-04-21,1,1
M00325,B01,P1,PAY000325,2025-01-03,0,1
M00326,B01,P4,PAY000326,2025-05-29,1,1
M00326,B01,P1,PAY008338,2025-06-29,1,1
M00326,B01,P1,PAY008812,2025-08-03,1,1
M00326,B01,P1,PAY009397,2025-09-08,1,1
M00326,B01,P1,PAY009861,2025-10-10,0,1
M00327,B01,P5,PAY000327,2025-08-12,1,1
M00328,B01,P4,PAY000328,2025-01-11,1,1
M00328,B01,P3,PAY005234,2025-04-20,1,1
M00328,B01,P3,PAY007624,2025-07-17,1,1
M00328,B01,P3,PAY009121,2025-10-14,1,1
M00328,B01,P3,PAY010350,2026-01-25,1,1
M00328,B01,P3,PAY011605,2026-04-29,1,1
M00329,B01,P3,PAY000329,2025-03-06,0,1
M00330,B01,P3,PAY000330,2025-01-03,1,1
M00330,B01,P3,PAY004985,2025-04-08,1,1
M00330,B01,P3,PAY007368,2025-07-12,1,1
M00330,B01,P3,PAY009027,2025-10-12,1,1
M00330,B01,P3,PAY010319,2026-01-09,0,1
M00331,B01,P3,PAY000331,2025-01-09,0,1
M00332,B01,P5,PAY000332,2025-10-12,1,1
M00333,B01,P3,PAY000333,2025-01-07,0,1
M00334,B01,P3,PAY000334,2025-03-14,1,1
M00334,B01,P3,PAY006856,2025-06-21,1,1
M00334,B01,P3,PAY008689,2025-09-30,1,1
M00334,B01,P3,PAY010167,2026-01-02,1,1
M00334,B01,P3,PAY011303,2026-04-05,1,1
M00335,B01,P1,PAY000335,2025-01-12,0,1
M00336,B01,P2,PAY000336,2025-01-06,1,1
M00336,B01,P2,PAY005084,2025-02-02,1,1
M00336,B01,P2,PAY005883,2025-03-04,1,1
M00336,B01,P2,PAY006633,2025-04-02,1,1
M00336,B01,P2,PAY007228,2025-05-11,1,1
M00336,B01,P2,PAY008043,2025-06-12,0,1
M00337,B01,P5,PAY000337,2025-07-10,0,1
M00338,B01,P1,PAY000338,2025-01-05,1,1
M00338,B01,P1,PAY005058,2025-02-03,1,1
M00338,B01,P1,PAY005896,2025-03-10,1,1
M00338,B01,P1,PAY006774,2025-04-11,1,1
M00338,B01,P1,PAY007437,2025-05-21,1,1
M00338,B01,P1,PAY008202,2025-07-01,1,1
M00338,B01,P1,PAY008861,2025-08-03,1,1
M00338,B01,P1,PAY009398,2025-09-06,1,1
M00338,B01,P1,PAY009842,2025-10-10,1,1
M00338,B01,P1,PAY010293,2025-11-05,1,1
M00338,B01,P1,PAY010622,2025-12-03,1,1
M00338,B01,P1,PAY010971,2026-01-01,1,1
M00338,B01,P1,PAY011287,2026-02-10,0,1
M00339,B01,P4,PAY000339,2025-04-15,0,1
M00340,B01,P3,PAY000340,2025-01-21,1,1
M00340,B01,P3,PAY005555,2025-04-16,0,1
M00341,B01,P2,PAY000341,2025-01-25,1,1
M00341,B01,P2,PAY005675,2025-02-28,1,1
M00341,B01,P2,PAY006499,2025-03-27,1,1
M00341,B01,P4,PAY007149,2025-09-28,0,1
M00342,B01,P1,PAY000342,2025-01-15,0,1
M00343,B01,P3,PAY000343,2025-02-07,1,1
M00343,B01,P3,PAY005989,2025-05-17,1,1
M00343,B01,P3,PAY008137,2025-08-14,1,1
M00343,B01,P3,PAY009539,2025-11-17,1,1
M00343,B01,P3,PAY010772,2026-02-22,1,1
M00343,B01,P3,PAY011956,2026-05-21,1,1
M00344,B01,P3,PAY000344,2025-03-17,1,1
M00344,B01,P3,PAY006921,2025-06-24,1,1
M00344,B01,P3,PAY008733,2025-09-26,1,1
M00344,B01,P3,PAY010109,2026-01-04,1,1
M00344,B01,P3,PAY011336,2026-04-04,1,1
M00345,B01,P1,PAY000345,2025-01-03,1,1
M00345,B01,P5,PAY004986,2026-01-12,1,1
M00346,B01,P1,PAY000346,2025-01-05,0,1
M00347,B01,P5,PAY000347,2025-02-17,1,1
M00347,B01,P5,PAY006225,2026-02-14,1,1
M00348,B01,P4,PAY000348,2025-02-11,1,1
M00348,B01,P4,PAY006085,2025-08-21,0,1
M00349,B01,P1,PAY000349,2025-01-24,1,1
M00349,B01,P1,PAY005645,2025-02-28,1,1
M00349,B01,P1,PAY006500,2025-04-03,1,1
M00349,B01,P1,PAY007258,2025-04-30,1,1
M00349,B01,P1,PAY007820,2025-06-08,0,1
M00350,B01,P3,PAY000350,2025-01-06,1,1
M00350,B01,P3,PAY005085,2025-04-04,1,1
M00350,B01,P3,PAY007281,2025-07-05,0,1
M00351,B01,P1,PAY000351,2025-01-20,1,1
M00351,B01,P1,PAY005530,2025-02-24,1,1
M00351,B01,P1,PAY006413,2025-03-20,1,1
M00351,B01,P1,PAY006990,2025-04-29,1,1
M00351,B01,P1,PAY007794,2025-05-29,1,1
M00351,B01,P1,PAY008339,2025-06-29,1,1
M00351,B01,P1,PAY008813,2025-07-30,1,1
M00351,B01,P1,PAY009350,2025-08-30,1,1
M00351,B01,P1,PAY009755,2025-10-10,1,1
M00351,B01,P3,PAY010294,2026-01-08,0,1
M00352,B01,P2,PAY000352,2025-01-08,1,1
M00352,B01,P2,PAY005134,2025-02-18,1,1
M00352,B01,P2,PAY006251,2025-03-20,0,1
M00353,B01,P1,PAY000353,2025-01-24,1,1
M00353,B01,P1,PAY005646,2025-02-20,1,1
M00353,B01,P1,PAY006310,2025-03-21,1,1
M00353,B01,P1,PAY007016,2025-04-18,1,1
M00353,B01,P4,PAY007587,2025-10-22,0,1
M00354,B01,P1,PAY000354,2025-01-30,0,1
M00355,B01,P2,PAY000355,2025-01-29,1,1
M00355,B01,P2,PAY005797,2025-03-05,0,1
M00356,B01,P1,PAY000356,2025-01-09,1,1
M00356,B01,P1,PAY005165,2025-02-19,1,1
M00356,B01,P1,PAY006284,2025-03-23,1,1
M00356,B01,P1,PAY007065,2025-04-24,1,1
M00356,B01,P1,PAY007707,2025-05-29,1,1
M00356,B01,P1,PAY008340,2025-07-01,1,1
M00356,B01,P1,PAY008862,2025-08-12,1,1
M00356,B01,P3,PAY009519,2025-11-14,1,1
M00356,B01,P3,PAY010738,2026-02-18,1,1
M00356,B01,P3,PAY011902,2026-05-25,1,1
M00357,B01,P3,PAY000357,2025-01-02,1,1
M00357,B01,P3,PAY004951,2025-03-31,0,1
M00358,B01,P1,PAY000358,2025-01-18,0,1
M00359,B01,P4,PAY000359,2025-03-12,1,1
M00359,B01,P4,PAY006811,2025-09-14,1,1
M00359,B01,P4,PAY009942,2026-03-15,0,1
M00360,B01,P1,PAY000360,2025-01-14,1,1
M00360,B01,P1,PAY005347,2025-02-19,1,1
M00360,B01,P1,PAY006285,2025-03-15,1,1
M00360,B01,P1,PAY006876,2025-04-17,1,1
M00360,B01,P1,PAY007569,2025-05-12,0,1
M00361,B01,P4,PAY000361,2025-03-10,1,1
M00361,B01,P4,PAY006775,2025-09-06,1,1
M00361,B01,P4,PAY009843,2026-03-12,1,1
M00362,B01,P5,PAY000362,2025-05-31,1,1
M00362,B01,P3,PAY008361,2025-09-09,1,1
M00362,B01,P3,PAY009874,2025-12-13,1,1
M00362,B01,P3,PAY011088,2026-03-22,0,1
M00363,B01,P3,PAY000363,2025-01-19,1,1
M00363,B01,P3,PAY005494,2025-04-27,0,1
M00364,B01,P4,PAY000364,2025-02-06,1,1
M00364,B01,P4,PAY005967,2025-08-13,1,1
M00364,B01,P4,PAY009527,2026-02-10,1,1
M00365,B01,P4,PAY000365,2025-06-29,1,1
M00365,B01,P4,PAY008814,2026-01-02,1,1
M00366,B01,P1,PAY000366,2025-01-12,1,1
M00366,B01,P4,PAY005274,2025-07-16,0,1
M00367,B01,P3,PAY000367,2025-02-18,1,1
M00367,B01,P3,PAY006252,2025-05-18,1,1
M00367,B01,P3,PAY008156,2025-08-18,1,1
M00367,B01,P3,PAY009584,2025-11-15,1,1
M00367,B01,P3,PAY010747,2026-02-11,0,1
M00368,B01,P3,PAY000368,2025-03-27,1,1
M00368,B01,P3,PAY007150,2025-07-07,1,1
M00368,B01,P3,PAY008943,2025-10-04,0,1
M00369,B01,P4,PAY000369,2025-03-19,1,1
M00369,B01,P4,PAY006959,2025-09-16,1,1
M00369,B01,P4,PAY009973,2026-03-19,1,1
M00370,B01,P5,PAY000370,2025-04-04,1,1
M00370,B01,P5,PAY007282,2026-04-09,1,1
M00371,B01,P3,PAY000371,2025-01-02,1,1
M00371,B01,P3,PAY004952,2025-04-03,0,1
M00372,B01,P1,PAY000372,2025-01-04,1,1
M00372,B01,P1,PAY005030,2025-02-12,1,1
M00372,B01,P1,PAY006108,2025-03-12,1,1
M00372,B01,P4,PAY006812,2025-09-18,1,1
M00372,B01,P1,PAY009998,2025-10-17,0,1
M00373,B01,P5,PAY000373,2025-12-13,0,1
M00374,B01,P4,PAY000374,2025-01-02,1,1
M00374,B01,P4,PAY004953,2025-07-13,0,1
M00375,B01,P1,PAY000375,2025-01-18,1,1
M00375,B01,P1,PAY005463,2025-02-14,1,1
M00375,B01,P1,PAY006161,2025-03-14,1,1
M00375,B01,P1,PAY006857,2025-04-13,1,1
M00375,B01,P1,PAY007486,2025-05-17,1,1
M00375,B01,P2,PAY008138,2025-06-26,1,1
M00375,B01,P2,PAY008765,2025-08-02,1,1
M00375,B01,P2,PAY009387,2025-09-01,0,1
M00376,B01,P1,PAY000376,2025-01-30,1,1
M00376,B01,P1,PAY005825,2025-03-08,1,1
M00376,B01,P1,PAY006728,2025-04-18,1,1
M00376,B01,P1,PAY007588,2025-05-16,1,1
M00376,B01,P1,PAY008126,2025-06-17,0,1
M00377,B01,P3,PAY000377,2025-03-02,0,1
M00378,B01,P4,PAY000378,2025-06-14,1,1
M00378,B01,P1,PAY008581,2025-07-10,1,1
M00378,B01,P1,PAY008991,2025-08-05,1,1
M00378,B01,P1,PAY009431,2025-09-05,0,1
M00379,B01,P3,PAY000379,2025-02-02,1,1
M00379,B01,P3,PAY005884,2025-04-30,1,1
M00379,B01,P3,PAY007821,2025-08-02,1,1
M00379,B01,P3,PAY009388,2025-10-29,1,1
M00380,B01,P5,PAY000380,2025-01-22,1,1
M00380,B01,P5,PAY005590,2026-01-18,1,1
M00381,B01,P1,PAY000381,2025-01-02,1,1
M00381,B01,P1,PAY004954,2025-02-06,1,1
M00381,B01,P1,PAY005968,2025-03-06,1,1
M00381,B01,P1,PAY006689,2025-04-04,1,1
M00381,B01,P1,PAY007283,2025-05-14,1,1
M00381,B01,P1,PAY008085,2025-06-20,0,1
M00382,B01,P3,PAY000382,2025-02-01,1,1
M00382,B01,P5,PAY005871,2026-01-30,1,1
M00383,B01,P4,PAY000383,2025-02-27,1,1
M00383,B01,P4,PAY006475,2025-09-03,1,1
M00383,B01,P1,PAY009806,2025-09-30,1,1
M00383,B01,P1,PAY010168,2025-11-08,1,1
M00383,B01,P1,PAY010671,2025-12-09,1,1
M00383,B01,P1,PAY011046,2026-01-18,1,1
M00383,B01,P1,PAY011503,2026-02-28,1,1
M00383,B01,P3,PAY012036,2026-06-07,1,1
M00384,B01,P1,PAY000384,2025-01-06,1,1
M00384,B01,P1,PAY005086,2025-02-03,1,1
M00384,B01,P1,PAY005897,2025-03-13,1,1
M00384,B01,P1,PAY006834,2025-04-23,1,1
M00384,B01,P1,PAY007685,2025-05-21,1,1
M00384,B01,P1,PAY008203,2025-06-29,0,1
M00385,B01,P2,PAY000385,2025-01-11,1,1
M00385,B01,P2,PAY005235,2025-02-09,0,1
M00386,B01,P1,PAY000386,2025-01-09,0,1
M00387,B01,P2,PAY000387,2025-01-29,0,1
M00388,B01,P2,PAY000388,2025-01-04,0,1
M00389,B01,P1,PAY000389,2025-01-12,1,1
M00389,B01,P1,PAY005275,2025-02-16,1,1
M00389,B01,P1,PAY006210,2025-03-18,0,1
M00390,B01,P2,PAY000390,2025-01-28,1,1
M00390,B01,P2,PAY005763,2025-03-08,1,1
M00390,B01,P2,PAY006729,2025-04-14,0,1
M00391,B01,P4,PAY000391,2025-01-29,0,1
M00392,B01,P4,PAY000392,2025-05-17,0,1
M00393,B01,P5,PAY000393,2025-12-21,0,1
M00394,B01,P1,PAY000394,2025-01-23,1,1
M00394,B01,P4,PAY005621,2025-08-03,0,1
M00395,B01,P5,PAY000395,2025-12-01,1,1
M00396,B01,P4,PAY000396,2025-04-12,1,1
M00396,B01,P4,PAY007459,2025-10-13,1,1
M00396,B01,P4,PAY010332,2026-04-23,1,1
M00397,B01,P2,PAY000397,2025-01-08,1,1
M00397,B01,P2,PAY005135,2025-02-12,1,1
M00397,B01,P4,PAY006109,2025-08-11,1,1
M00397,B01,P4,PAY009506,2026-02-20,1,1
M00398,B01,P4,PAY000398,2025-04-03,1,1
M00398,B01,P4,PAY007259,2025-10-07,1,1
M00398,B01,P4,PAY010262,2026-04-16,1,1
M00399,B01,P5,PAY000399,2025-09-08,0,1
M00400,B01,P3,PAY000400,2025-02-27,0,1
M00401,B01,P1,PAY000401,2025-01-13,1,1
M00401,B01,P5,PAY005309,2026-01-14,1,1
M00402,B01,P3,PAY000402,2025-02-10,1,1
M00402,B01,P3,PAY006061,2025-05-20,1,1
M00402,B01,P3,PAY008185,2025-08-23,1,1
M00402,B01,P3,PAY009654,2025-11-20,1,1
M00402,B01,P3,PAY010809,2026-02-23,0,1
M00403,B01,P4,PAY000403,2025-06-14,1,1
M00403,B01,P4,PAY008582,2025-12-23,1,1
M00403,B01,P4,PAY011190,2026-06-23,0,0
M00404,B01,P5,PAY000404,2025-03-17,0,1
M00405,B01,P3,PAY000405,2025-02-02,1,1
M00405,B01,P3,PAY005885,2025-05-12,0,1
M00406,B01,P5,PAY000406,2025-07-01,1,1
M00406,B01,P2,PAY008863,2025-08-02,1,1
M00406,B01,P2,PAY009389,2025-09-01,0,1
M00407,B01,P1,PAY000407,2025-01-06,1,1
M00407,B01,P1,PAY005087,2025-02-17,1,1
M00407,B01,P1,PAY006226,2025-03-13,1,1
M00407,B01,P1,PAY006835,2025-04-15,1,1
M00407,B01,P1,PAY007525,2025-05-14,0,1
M00408,B01,P4,PAY000408,2025-04-02,1,1
M00408,B01,P4,PAY007229,2025-10-05,0,1
M00409,B01,P3,PAY000409,2025-03-05,1,1
M00409,B01,P1,PAY006658,2025-04-13,0,1
M00410,B01,P1,PAY000410,2025-01-20,1,1
M00410,B01,P1,PAY005531,2025-02-23,0,1
M00411,B01,P1,PAY000411,2025-01-12,1,1
M00411,B01,P1,PAY005276,2025-02-13,1,1
M00411,B01,P3,PAY006134,2025-05-09,1,1
M00411,B01,P3,PAY008000,2025-08-18,1,1
M00411,B01,P3,PAY009585,2025-11-18,1,1
M00411,B01,P3,PAY010783,2026-02-28,1,1
M00411,B01,P3,PAY012037,2026-06-11,1,1
M00412,B01,P4,PAY000412,2025-04-13,1,1
M00412,B01,P4,PAY007487,2025-10-17,1,1
M00412,B01,P4,PAY010389,2026-04-15,1,1
M00413,B01,P1,PAY000413,2025-01-26,1,1
M00413,B01,P1,PAY005705,2025-03-01,0,1
M00414,B01,P3,PAY000414,2025-02-22,1,1
M00414,B01,P3,PAY006363,2025-05-19,0,1
M00415,B01,P1,PAY000415,2025-01-30,1,1
M00415,B01,P1,PAY005826,2025-03-05,1,1
M00415,B01,P1,PAY006659,2025-04-08,0,1
M00416,B01,P3,PAY000416,2025-03-15,1,1
M00416,B01,P3,PAY006877,2025-06-20,1,1
M00416,B01,P3,PAY008677,2025-09-25,1,1
M00416,B01,P3,PAY010100,2026-01-05,1,1
M00416,B01,P3,PAY011342,2026-04-07,1,1
M00417,B01,P5,PAY000417,2025-12-01,1,1
M00418,B01,P5,PAY000418,2025-04-03,1,1
M00418,B01,P5,PAY007260,2026-04-14,1,1
M00419,B01,P3,PAY000419,2025-03-16,0,1
M00420,B01,P1,PAY000420,2025-01-30,1,1
M00420,B01,P1,PAY005827,2025-02-25,1,1
M00420,B01,P1,PAY006439,2025-03-24,1,1
M00420,B01,P1,PAY007086,2025-04-23,1,1
M00420,B01,P1,PAY007686,2025-06-01,1,1
M00420,B01,P1,PAY008365,2025-07-12,0,1
M00421,B01,P1,PAY000421,2025-01-08,1,1
M00421,B01,P2,PAY005136,2025-02-04,0,1
M00422,B01,P1,PAY000422,2025-01-05,1,1
M00422,B01,P1,PAY005059,2025-02-16,1,1
M00422,B01,P1,PAY006211,2025-03-22,1,1
M00422,B01,P1,PAY007042,2025-04-23,0,1
M00423,B01,P1,PAY000423,2025-01-16,1,1
M00423,B01,P1,PAY005410,2025-02-16,1,1
M00423,B01,P1,PAY006212,2025-03-25,0,1
M00424,B01,P4,PAY000424,2025-01-04,0,1
M00425,B01,P4,PAY000425,2025-02-27,1,1
M00425,B01,P4,PAY006476,2025-08-24,0,1
M00426,B01,P3,PAY000426,2025-02-17,1,1
M00426,B01,P3,PAY006227,2025-05-21,1,1
M00426,B01,P3,PAY008204,2025-08-21,1,1
M00426,B01,P3,PAY009619,2025-11-17,1,1
M00426,B01,P3,PAY010773,2026-02-18,0,1
M00427,B01,P1,PAY000427,2025-01-27,1,1
M00427,B01,P1,PAY005728,2025-03-06,1,1
M00427,B01,P1,PAY006690,2025-04-06,1,1
M00427,B01,P1,PAY007328,2025-05-16,1,1
M00427,B01,P1,PAY008127,2025-06-18,1,1
M00427,B01,P1,PAY008646,2025-07-26,1,1
M00427,B01,P1,PAY009276,2025-09-06,0,1
M00428,B01,P1,PAY000428,2025-01-19,1,1
M00428,B01,P1,PAY005495,2025-02-28,1,1
M00428,B01,P1,PAY006501,2025-04-06,1,1
M00428,B01,P1,PAY007329,2025-05-04,1,1
M00428,B01,P1,PAY007911,2025-05-30,1,1
M00428,B01,P1,PAY008349,2025-06-26,1,1
M00428,B01,P1,PAY008766,2025-08-01,1,1
M00428,B01,P1,PAY009373,2025-08-29,1,1
M00428,B01,P1,PAY009745,2025-09-26,1,1
M00428,B01,P1,PAY010110,2025-10-21,1,1
M00428,B01,P1,PAY010440,2025-11-30,1,1
M00428,B01,P1,PAY010924,2026-01-02,0,1
M00429,B01,P5,PAY000429,2025-09-13,1,1
M00430,B01,P2,PAY000430,2025-01-05,1,1
M00430,B01,P2,PAY005060,2025-02-05,1,1
M00430,B01,P2,PAY005941,2025-03-16,1,1
M00430,B01,P2,PAY006897,2025-04-25,1,1
M00430,B01,P1,PAY007737,2025-05-29,0,1
M00431,B01,P1,PAY000431,2025-02-01,1,1
M00431,B01,P1,PAY005872,2025-03-07,1,1
M00431,B01,P1,PAY006705,2025-04-15,1,1
M00431,B01,P1,PAY007526,2025-05-21,0,1
M00432,B01,P4,PAY000432,2025-07-22,1,1
M00432,B01,P4,PAY009202,2026-01-19,0,1
M00433,B01,P1,PAY000433,2025-02-23,1,1
M00433,B01,P1,PAY006386,2025-03-18,1,1
M00433,B01,P1,PAY006939,2025-04-24,1,1
M00433,B01,P1,PAY007708,2025-05-30,1,1
M00433,B01,P1,PAY008350,2025-06-27,0,1
M00434,B01,P3,PAY000434,2025-04-15,1,1
M00434,B01,P3,PAY007527,2025-07-16,1,1
M00434,B01,P3,PAY009104,2025-10-15,1,1
M00434,B01,P2,PAY010366,2025-11-14,1,1
M00434,B01,P2,PAY010739,2025-12-11,1,1
M00434,B01,P2,PAY011065,2026-01-17,1,1
M00434,B01,P2,PAY011491,2026-02-14,0,1
M00435,B01,P4,PAY000435,2025-07-16,1,1
M00435,B01,P4,PAY009105,2026-01-19,1,1
M00436,B01,P2,PAY000436,2025-02-23,1,1
M00436,B01,P2,PAY006387,2025-03-26,1,1
M00436,B01,P2,PAY007129,2025-05-06,0,1
M00437,B01,P2,PAY000437,2025-02-24,0,1
M00438,B01,P2,PAY000438,2025-02-28,0,1
M00439,B01,P2,PAY000439,2025-02-19,1,1
M00439,B01,P2,PAY006286,2025-03-20,0,1
M00440,B01,P4,PAY000440,2025-07-08,1,1
M00440,B01,P4,PAY008962,2026-01-14,0,1
M00441,B01,P3,PAY000441,2025-04-14,1,1
M00441,B01,P3,PAY007507,2025-07-12,1,1
M00441,B01,P3,PAY009028,2025-10-23,1,1
M00441,B01,P3,PAY010465,2026-01-24,1,1
M00441,B01,P3,PAY011592,2026-04-22,1,1
M00442,B01,P1,PAY000442,2025-02-20,1,1
M00442,B01,P1,PAY006311,2025-03-23,1,1
M00442,B01,P1,PAY007066,2025-04-20,1,1
M00442,B01,P1,PAY007625,2025-05-29,1,1
M00442,B01,P1,PAY008341,2025-06-30,0,1
M00443,B01,P1,PAY000443,2025-02-10,1,1
M00443,B01,P1,PAY006062,2025-03-05,1,1
M00443,B01,P1,PAY006660,2025-04-13,0,1
M00444,B01,P1,PAY000444,2025-02-09,1,1
M00444,B01,P1,PAY006034,2025-03-04,1,1
M00444,B01,P1,PAY006634,2025-04-14,1,1
M00444,B01,P1,PAY007508,2025-05-19,1,1
M00444,B01,P1,PAY008172,2025-06-30,1,1
M00444,B01,P1,PAY008837,2025-07-26,0,1
M00445,B01,P4,PAY000445,2025-07-11,0,1
M00446,B01,P2,PAY000446,2025-02-22,1,1
M00446,B01,P2,PAY006364,2025-03-18,1,1
M00446,B01,P2,PAY006940,2025-04-29,1,1
M00446,B01,P2,PAY007795,2025-06-03,1,1
M00446,B01,P2,PAY008397,2025-07-09,1,1
M00446,B01,P2,PAY008975,2025-08-09,0,1
M00447,B01,P1,PAY000447,2025-02-04,0,1
M00448,B01,P5,PAY000448,2026-01-24,1,1
M00449,B01,P3,PAY000449,2025-04-22,1,1
M00449,B01,P3,PAY007664,2025-07-24,1,1
M00449,B01,P3,PAY009238,2025-10-30,1,1
M00449,B01,P3,PAY010564,2026-02-08,1,1
M00449,B01,P3,PAY011758,2026-05-05,1,1
M00450,B01,P5,PAY000450,2026-01-20,1,1
M00451,B01,P4,PAY000451,2025-07-13,1,1
M00451,B01,P4,PAY009050,2026-01-15,1,1
M00452,B01,P1,PAY000452,2025-02-08,1,1
M00452,B01,P1,PAY006011,2025-03-07,0,1
M00453,B01,P1,PAY000453,2025-02-04,1,1
M00453,B01,P1,PAY005917,2025-03-04,1,1
M00453,B01,P1,PAY006635,2025-04-07,1,1
M00453,B01,P1,PAY007351,2025-05-06,1,1
M00453,B01,P1,PAY007948,2025-06-01,1,1
M00453,B01,P1,PAY008366,2025-07-05,1,1
M00453,B01,P3,PAY008922,2025-09-30,0,1
M00454,B01,P3,PAY000454,2025-04-07,1,1
M00454,B01,P3,PAY007352,2025-07-04,1,1
M00454,B01,P3,PAY008909,2025-10-09,1,1
M00454,B01,P3,PAY010282,2026-01-19,0,1
M00455,B01,P5,PAY000455,2026-01-23,0,1
M00456,B01,P3,PAY000456,2025-04-09,1,1
M00456,B01,P3,PAY007386,2025-07-19,1,1
M00456,B01,P3,PAY009151,2025-10-23,1,1
M00456,B01,P3,PAY010466,2026-01-27,0,1
M00457,B01,P2,PAY000457,2025-02-28,0,1
M00458,B01,P2,PAY000458,2025-02-28,1,1
M00458,B01,P2,PAY006502,2025-04-02,1,1
M00458,B01,P2,PAY007230,2025-05-05,1,1
M00458,B01,P2,PAY007934,2025-06-15,1,1
M00458,B01,P2,PAY008596,2025-07-15,1,1
M00458,B01,P2,PAY009084,2025-08-10,1,1
M00458,B01,P2,PAY009494,2025-09-13,1,1
M00458,B01,P2,PAY009930,2025-10-14,1,1
M00458,B01,P2,PAY010351,2025-11-21,1,1
M00458,B01,P2,PAY010819,2026-01-02,1,1
M00458,B01,P2,PAY011305,2026-02-05,1,1
M00458,B01,P2,PAY011727,2026-03-05,1,1
M00458,B01,P2,PAY012121,2026-04-01,0,1
M00459,B01,P3,PAY000459,2025-04-04,0,1
M00460,B01,P4,PAY000460,2025-07-13,1,1
M00460,B01,P1,PAY009051,2025-08-20,1,1
M00460,B01,P1,PAY009612,2025-09-23,1,1
M00460,B01,P1,PAY010068,2025-11-03,0,1
M00461,B01,P3,PAY000461,2025-04-21,1,1
M00461,B01,P3,PAY007639,2025-07-26,1,1
M00461,B01,P4,PAY009277,2026-01-21,1,1
M00462,B01,P2,PAY000462,2025-02-13,1,1
M00462,B01,P2,PAY006135,2025-03-14,1,1
M00462,B01,P2,PAY006858,2025-04-13,1,1
M00462,B01,P2,PAY007488,2025-05-15,0,1
M00463,B01,P1,PAY000463,2025-02-27,1,1
M00463,B01,P1,PAY006477,2025-03-25,0,1
M00464,B01,P5,PAY000464,2026-01-30,0,1
M00465,B01,P5,PAY000465,2026-01-02,1,1
M00466,B01,P3,PAY000466,2025-04-11,1,1
M00466,B01,P3,PAY007438,2025-07-17,0,1
M00467,B01,P5,PAY000467,2026-01-20,0,1
M00468,B01,P5,PAY000468,2026-01-26,1,1
M00469,B01,P1,PAY000469,2025-02-04,1,1
M00469,B01,P1,PAY005918,2025-03-13,1,1
M00469,B01,P1,PAY006836,2025-04-12,1,1
M00469,B01,P1,PAY007460,2025-05-10,1,1
M00469,B01,P1,PAY008019,2025-06-16,1,1
M00469,B01,P3,PAY008611,2025-09-24,1,1
M00469,B01,P3,PAY010081,2025-12-26,1,1
M00469,B01,P3,PAY011222,2026-03-28,1,1
M00470,B01,P5,PAY000470,2026-01-28,0,1
M00471,B01,P4,PAY000471,2025-07-27,0,1
M00472,B01,P3,PAY000472,2025-04-03,1,1
M00472,B01,P3,PAY007261,2025-07-13,1,1
M00472,B01,P3,PAY009052,2025-10-18,1,1
M00473,B01,P5,PAY000473,2026-01-12,1,1
M00474,B01,P3,PAY000474,2025-04-20,1,1
M00474,B01,P3,PAY007626,2025-07-27,1,1
M00474,B01,P3,PAY009291,2025-11-04,1,1
M00474,B01,P3,PAY010609,2026-02-13,0,1
M00475,B01,P4,PAY000475,2025-07-10,1,1
M00475,B01,P4,PAY008992,2026-01-13,1,1
M00476,B01,P1,PAY000476,2025-02-12,0,1
M00477,B01,P1,PAY000477,2025-02-10,1,1
M00477,B01,P1,PAY006063,2025-03-16,1,1
M00477,B01,P1,PAY006898,2025-04-13,1,1
M00477,B01,P1,PAY007489,2025-05-18,1,1
M00477,B01,P1,PAY008157,2025-06-15,1,1
M00477,B01,P1,PAY008597,2025-07-16,1,1
M00477,B01,P1,PAY009106,2025-08-21,1,1
M00477,B01,P1,PAY009620,2025-09-30,1,1
M00477,B01,P1,PAY010169,2025-11-05,1,1
M00477,B01,P1,PAY010623,2025-12-03,1,1
M00477,B01,P3,PAY010972,2026-03-12,1,1
M00477,B01,P3,PAY012224,2026-06-23,0,0
M00478,B01,P1,PAY000478,2025-02-17,1,1
M00478,B01,P1,PAY006228,2025-03-16,1,1
M00478,B01,P1,PAY006899,2025-04-13,0,1
M00479,B01,P4,PAY000479,2025-07-29,1,1
M00479,B01,P4,PAY009329,2026-02-03,0,1
M00480,B01,P4,PAY000480,2025-07-28,0,1
M00481,B01,P3,PAY000481,2025-04-24,1,1
M00481,B01,P3,PAY007709,2025-07-20,1,1
M00481,B01,P3,PAY009168,2025-10-25,1,1
M00481,B01,P3,PAY010492,2026-01-26,1,1
M00481,B01,P3,PAY011620,2026-04-25,1,1
M00482,B01,P3,PAY000482,2025-04-25,0,1
M00483,B01,P3,PAY000483,2025-04-08,1,1
M00483,B01,P3,PAY007369,2025-07-10,1,1
M00483,B01,P3,PAY008993,2025-10-05,1,1
M00483,B01,P3,PAY010243,2026-01-13,0,1
M00484,B01,P3,PAY000484,2025-04-30,0,1
M00485,B01,P1,PAY000485,2025-02-01,1,1
M00485,B01,P1,PAY005873,2025-03-05,1,1
M00485,B01,P1,PAY006661,2025-04-13,1,1
M00485,B01,P1,PAY007490,2025-05-22,1,1
M00485,B01,P3,PAY008218,2025-08-31,1,1
M00485,B01,P3,PAY009768,2025-12-08,1,1
M00485,B01,P3,PAY011035,2026-03-16,0,1
M00486,B01,P2,PAY000486,2025-02-26,1,1
M00486,B01,P2,PAY006462,2025-03-21,1,1
M00486,B01,P2,PAY007017,2025-05-01,1,1
M00486,B01,P2,PAY007859,2025-06-03,1,1
M00486,B01,P2,PAY008398,2025-07-04,0,1
M00487,B01,P1,PAY000487,2025-02-23,1,1
M00487,B01,P1,PAY006388,2025-03-27,0,1
M00488,B01,P1,PAY000488,2025-02-28,1,1
M00488,B01,P1,PAY006503,2025-04-02,1,1
M00488,B01,P3,PAY007231,2025-06-30,1,1
M00488,B01,P3,PAY008838,2025-10-05,1,1
M00488,B01,P3,PAY010244,2026-01-16,1,1
M00488,B01,P3,PAY011484,2026-04-19,1,1
M00489,B01,P1,PAY000489,2025-02-12,1,1
M00489,B01,P1,PAY006110,2025-03-18,1,1
M00489,B01,P1,PAY006941,2025-04-16,1,1
M00489,B01,P1,PAY007543,2025-05-24,1,1
M00489,B01,P3,PAY008250,2025-08-26,1,1
M00489,B01,P3,PAY009709,2025-12-06,0,1
M00490,B01,P5,PAY000490,2026-01-24,1,1
M00490,B01,P1,PAY011594,2026-02-22,1,1
M00490,B01,P1,PAY011957,2026-03-26,1,1
M00490,B01,P1,PAY012413,2026-05-03,1,1
M00490,B01,P1,PAY012949,2026-06-09,1,1
M00491,B01,P2,PAY000491,2025-03-08,1,1
M00491,B01,P2,PAY006730,2025-04-17,0,1
M00492,B01,P4,PAY000492,2025-08-13,0,1
M00493,B01,P3,PAY000493,2025-05-12,1,1
M00493,B01,P3,PAY008052,2025-08-10,1,1
M00493,B01,P3,PAY009495,2025-11-20,1,1
M00493,B01,P3,PAY010810,2026-02-22,1,1
M00493,B01,P3,PAY011958,2026-05-18,1,1
M00494,B01,P3,PAY000494,2025-05-25,1,1
M00494,B01,P3,PAY008266,2025-09-01,0,1
M00495,B01,P3,PAY000495,2025-05-01,0,1
M00496,B01,P3,PAY000496,2025-05-01,1,1
M00496,B01,P3,PAY007860,2025-07-27,0,1
M00497,B01,P3,PAY000497,2025-05-03,1,1
M00497,B01,P3,PAY007899,2025-07-30,0,1
M00498,B01,P1,PAY000498,2025-03-05,1,1
M00498,B01,P1,PAY006662,2025-04-05,1,1
M00498,B01,P1,PAY007306,2025-05-10,1,1
M00498,B01,P1,PAY008020,2025-06-11,1,1
M00498,B01,P1,PAY008528,2025-07-11,1,1
M00498,B01,P1,PAY009012,2025-08-15,1,1
M00498,B01,P1,PAY009553,2025-09-24,1,1
M00498,B01,P1,PAY010082,2025-10-21,1,1
M00498,B01,P1,PAY010441,2025-12-01,1,1
M00498,B01,P1,PAY010951,2026-01-01,1,1
M00498,B01,P1,PAY011288,2026-02-06,1,1
M00498,B01,P1,PAY011737,2026-03-16,0,1
M00499,B01,P1,PAY000499,2025-03-20,1,1
M00499,B01,P1,PAY006991,2025-04-23,1,1
M00499,B01,P1,PAY007687,2025-05-18,1,1
M00499,B01,P1,PAY008158,2025-06-16,1,1
M00499,B01,P1,PAY008612,2025-07-16,1,1
M00499,B01,P3,PAY009107,2025-10-12,1,1
M00499,B01,P3,PAY010321,2026-01-16,1,1
M00500,B01,P4,PAY000500,2025-08-24,0,1
M00501,B01,P4,PAY000501,2025-08-04,1,1
M00501,B01,P4,PAY009416,2026-02-11,1,1
M00502,B01,P5,PAY000502,2026-02-08,0,1
M00503,B01,P1,PAY000503,2025-03-21,1,1
M00503,B01,P1,PAY007018,2025-04-23,1,1
M00503,B01,P1,PAY007688,2025-06-02,1,1
M00503,B01,P1,PAY008378,2025-07-11,1,1
M00503,B01,P1,PAY009013,2025-08-19,0,1
M00504,B01,P5,PAY000504,2026-02-01,0,1
M00505,B01,P2,PAY000505,2025-03-04,1,1
M00505,B01,P2,PAY006636,2025-04-09,1,1
M00505,B01,P2,PAY007387,2025-05-17,1,1
M00505,B01,P3,PAY008139,2025-08-27,1,1
M00505,B01,P3,PAY009721,2025-12-05,1,1
M00505,B01,P3,PAY010997,2026-03-08,1,1
M00506,B01,P2,PAY000506,2025-03-22,1,1
M00506,B01,P2,PAY007043,2025-04-23,1,1
M00506,B01,P2,PAY007689,2025-05-28,1,1
M00506,B01,P2,PAY008314,2025-06-29,0,1
M00507,B01,P3,PAY000507,2025-05-08,1,1
M00507,B01,P3,PAY007984,2025-08-11,0,1
M00508,B01,P4,PAY000508,2025-08-28,0,1
M00509,B01,P4,PAY000509,2025-08-18,1,1
M00509,B01,P4,PAY009586,2026-02-19,0,1
M00510,B01,P5,PAY000510,2026-02-23,0,1
M00511,B01,P5,PAY000511,2026-02-09,0,1
M00512,B01,P2,PAY000512,2025-03-25,1,1
M00512,B01,P2,PAY007110,2025-04-28,1,1
M00512,B01,P2,PAY007776,2025-05-28,0,1
M00513,B01,P2,PAY000513,2025-03-22,0,1
M00514,B01,P3,PAY000514,2025-05-03,0,1
M00515,B01,P3,PAY000515,2025-05-05,0,1
M00516,B01,P4,PAY000516,2025-08-18,1,1
M00517,B01,P3,PAY000517,2025-05-12,1,1
M00517,B01,P3,PAY008053,2025-08-11,0,1
M00518,B01,P3,PAY000518,2025-05-27,0,1
M00519,B01,P4,PAY000519,2025-08-23,1,1
M00519,B01,P4,PAY009655,2026-02-28,0,1
M00520,B01,P3,PAY000520,2025-05-23,0,1
M00521,B01,P1,PAY000521,2025-03-01,1,1
M00521,B01,P1,PAY006577,2025-04-10,1,1
M00521,B01,P1,PAY007409,2025-05-10,1,1
M00521,B01,P1,PAY008021,2025-06-11,0,1
M00522,B01,P1,PAY000522,2025-03-23,0,1
M00523,B01,P1,PAY000523,2025-03-05,0,1
M00524,B01,P1,PAY000524,2025-03-10,1,1
M00524,B01,P1,PAY006776,2025-04-10,1,1
M00524,B01,P1,PAY007410,2025-05-15,1,1
M00524,B01,P1,PAY008110,2025-06-16,1,1
M00524,B01,P1,PAY008613,2025-07-12,1,1
M00524,B01,P1,PAY009029,2025-08-08,0,1
M00525,B01,P3,PAY000525,2025-05-28,1,1
M00525,B01,P3,PAY008315,2025-09-02,1,1
M00525,B01,P3,PAY009792,2025-12-05,1,1
M00525,B01,P3,PAY010998,2026-03-10,1,1
M00525,B01,P3,PAY012190,2026-06-08,1,1
M00526,B01,P1,PAY000526,2025-03-24,1,1
M00526,B01,P1,PAY007087,2025-04-19,1,1
M00526,B01,P1,PAY007604,2025-05-18,1,1
M00526,B01,P4,PAY008159,2025-11-25,1,1
M00526,B01,P4,PAY010859,2026-06-05,1,1
M00527,B01,P2,PAY000527,2025-03-20,1,1
M00527,B01,P2,PAY006992,2025-04-29,1,1
M00527,B01,P1,PAY007796,2025-06-07,1,1
M00527,B01,P1,PAY008472,2025-07-15,0,1
M00528,B01,P5,PAY000528,2026-02-24,1,1
M00529,B01,P1,PAY000529,2025-03-26,1,1
M00529,B01,P1,PAY007130,2025-04-28,1,1
M00529,B01,P1,PAY007777,2025-06-02,1,1
M00529,B01,P1,PAY008379,2025-07-11,0,1
M00530,B01,P2,PAY000530,2025-04-12,1,1
M00530,B01,P2,PAY007461,2025-05-23,1,1
M00530,B01,P2,PAY008233,2025-07-02,1,1
M00530,B01,P2,PAY008879,2025-08-03,1,1
M00530,B01,P2,PAY009399,2025-09-11,1,1
M00530,B01,P2,PAY009904,2025-10-12,0,1
M00531,B01,P4,PAY000531,2025-09-15,1,1
M00531,B01,P4,PAY009959,2026-03-12,1,1
M00532,B01,P1,PAY000532,2025-04-07,0,1
M00533,B01,P4,PAY000533,2025-09-27,1,1
M00533,B01,P4,PAY010122,2026-04-03,1,1
M00534,B01,P2,PAY000534,2025-04-24,1,1
M00534,B01,P2,PAY007710,2025-06-02,1,1
M00534,B01,P2,PAY008380,2025-07-05,1,1
M00534,B01,P2,PAY008923,2025-08-08,0,1
M00535,B01,P5,PAY000535,2026-03-25,1,1
M00536,B01,P4,PAY000536,2025-09-17,1,1
M00536,B01,P4,PAY009986,2026-03-19,1,1
M00537,B01,P4,PAY000537,2025-09-24,1,1
M00537,B01,P4,PAY010083,2026-04-04,1,1
M00538,B01,P1,PAY000538,2025-04-23,1,1
M00538,B01,P1,PAY007690,2025-05-21,0,1
M00539,B01,P2,PAY000539,2025-04-16,0,1
M00540,B01,P1,PAY000540,2025-04-10,1,1
M00540,B01,P1,PAY007411,2025-05-15,0,1
M00541,B01,P5,PAY000541,2026-03-05,1,1
M00542,B01,P3,PAY000542,2025-06-14,1,1
M00542,B01,P3,PAY008583,2025-09-11,0,1
M00543,B01,P4,PAY000543,2025-09-26,1,1
M00543,B01,P4,PAY010111,2026-04-06,1,1
M00544,B01,P1,PAY000544,2025-04-12,1,1
M00544,B01,P1,PAY007462,2025-05-19,1,1
M00544,B01,P1,PAY008173,2025-06-27,1,1
M00544,B01,P1,PAY008779,2025-08-01,1,1
M00544,B01,P1,PAY009374,2025-09-03,0,1
M00545,B01,P1,PAY000545,2025-04-09,1,1
M00545,B01,P1,PAY007388,2025-05-05,1,1
M00545,B01,P1,PAY007935,2025-06-09,1,1
M00545,B01,P1,PAY008505,2025-07-12,1,1
M00545,B01,P1,PAY009030,2025-08-23,1,1
M00545,B01,P1,PAY009656,2025-09-21,1,1
M00545,B01,P1,PAY010039,2025-10-26,1,1
M00545,B01,P1,PAY010506,2025-11-26,1,1
M00545,B01,P1,PAY010875,2026-01-02,1,1
M00545,B01,P1,PAY011307,2026-02-01,0,1
M00546,B01,P4,PAY000546,2025-09-14,0,1
M00547,B01,P1,PAY000547,2025-04-23,1,1
M00547,B01,P1,PAY007691,2025-05-26,1,1
M00547,B01,P1,PAY008286,2025-06-22,1,1
M00547,B01,P1,PAY008700,2025-07-22,0,1
M00548,B01,P4,PAY000548,2025-09-11,1,1
M00548,B01,P4,PAY009905,2026-03-16,1,1
M00549,B01,P3,PAY000549,2025-06-19,1,1
M00549,B01,P3,PAY008666,2025-09-15,1,1
M00549,B01,P3,PAY009960,2025-12-14,1,1
M00549,B01,P3,PAY011100,2026-03-22,1,1
M00549,B01,P3,PAY012364,2026-06-24,0,0
M00550,B01,P1,PAY000550,2025-04-14,1,1
M00550,B01,P4,PAY007509,2025-10-19,1,1
M00550,B01,P4,PAY010412,2026-04-16,0,1
M00551,B01,P2,PAY000551,2025-04-10,1,1
M00551,B01,P2,PAY007412,2025-05-12,1,1
M00551,B01,P2,PAY008054,2025-06-11,1,1
M00551,B01,P2,PAY008529,2025-07-09,1,1
M00552,B01,P2,PAY000552,2025-04-12,1,1
M00552,B01,P2,PAY007463,2025-05-11,1,1
M00552,B01,P2,PAY008044,2025-06-18,1,1
M00552,B01,P2,PAY008647,2025-07-27,1,1
M00552,B01,P2,PAY009292,2025-08-30,1,1
M00552,B01,P2,PAY009756,2025-09-29,1,1
M00552,B01,P2,PAY010153,2025-11-03,1,1
M00552,B01,P2,PAY010599,2025-12-11,0,1
M00553,B01,P3,PAY000553,2025-06-13,1,1
M00553,B01,P3,PAY008565,2025-09-18,1,1
M00553,B01,P3,PAY009999,2025-12-24,0,1
M00554,B01,P3,PAY000554,2025-06-16,1,1
M00554,B01,P3,PAY008614,2025-09-16,1,1
M00554,B01,P2,PAY009974,2025-10-16,0,1
M00555,B01,P3,PAY000555,2025-06-05,1,1
M00555,B01,P3,PAY008442,2025-09-15,1,1
M00555,B01,P2,PAY009961,2025-10-13,1,1
M00555,B01,P2,PAY010333,2025-11-23,1,1
M00555,B01,P1,PAY010838,2025-12-29,1,1
M00555,B01,P1,PAY011266,2026-01-25,1,1
M00555,B01,P1,PAY011606,2026-02-23,1,1
M00555,B01,P1,PAY011969,2026-04-04,1,1
M00555,B01,P1,PAY012521,2026-05-09,1,1
M00555,B01,P1,PAY013013,2026-06-19,1,0
M00556,B01,P1,PAY000556,2025-04-25,1,1
M00556,B01,P1,PAY007738,2025-05-30,1,1
M00556,B01,P1,PAY008351,2025-07-08,1,1
M00556,B01,P1,PAY008963,2025-08-17,1,1
M00556,B01,P1,PAY009577,2025-09-18,0,1
M00557,B01,P5,PAY000557,2026-03-02,1,1
M00558,B01,P1,PAY000558,2025-04-05,0,1
M00559,B01,P1,PAY000559,2025-04-10,1,1
M00559,B01,P1,PAY007413,2025-05-18,0,1
M00560,B01,P1,PAY000560,2025-04-05,1,1
M00560,B01,P1,PAY007307,2025-05-02,1,1
M00560,B01,P1,PAY007877,2025-05-29,1,1
M00560,B01,P1,PAY008342,2025-07-01,1,1
M00560,B01,P1,PAY008864,2025-08-09,1,1
M00560,B01,P1,PAY009481,2025-09-14,1,1
M00560,B01,P1,PAY009943,2025-10-18,1,1
M00560,B01,P1,PAY010399,2025-11-29,1,1
M00560,B01,P1,PAY010910,2026-01-06,1,1
M00560,B01,P1,PAY011353,2026-02-09,1,1
M00560,B01,P1,PAY011778,2026-03-04,1,1
M00560,B01,P1,PAY012106,2026-04-10,1,1
M00560,B01,P1,PAY012613,2026-05-06,0,1
M00561,B01,P3,PAY000561,2025-06-24,1,1
M00561,B01,P3,PAY008734,2025-09-26,1,1
M00561,B01,P3,PAY010112,2026-01-05,1,1
M00561,B01,P1,PAY011343,2026-02-02,1,1
M00561,B01,P1,PAY011698,2026-03-10,0,1
M00562,B01,P1,PAY000562,2025-04-06,1,1
M00562,B01,P1,PAY007330,2025-05-01,1,1
M00562,B01,P1,PAY007861,2025-06-11,0,1
M00563,B01,P5,PAY000563,2026-03-09,0,1
M00564,B01,P1,PAY000564,2025-04-12,1,1
M00564,B01,P1,PAY007464,2025-05-16,1,1
M00564,B01,P1,PAY008128,2025-06-15,1,1
M00564,B01,P1,PAY008598,2025-07-15,1,1
M00564,B01,P4,PAY009085,2026-01-23,1,1
M00565,B01,P4,PAY000565,2025-09-08,1,1
M00565,B01,P4,PAY009862,2026-03-15,0,1
M00566,B01,P1,PAY000566,2025-04-06,0,1
M00567,B01,P2,PAY000567,2025-04-07,1,1
M00567,B01,P2,PAY007353,2025-05-12,1,1
M00567,B01,P2,PAY008055,2025-06-16,1,1
M00567,B01,P2,PAY008615,2025-07-17,1,1
M00567,B01,P2,PAY009122,2025-08-16,0,1
M00568,B01,P4,PAY000568,2025-09-27,0,1
M00569,B01,P1,PAY000569,2025-04-29,1,1
M00569,B01,P1,PAY007797,2025-05-24,1,1
M00569,B01,P1,PAY008251,2025-06-22,1,1
M00569,B01,P1,PAY008701,2025-07-30,1,1
M00569,B01,P1,PAY009351,2025-09-08,1,1
M00569,B01,P1,PAY009863,2025-10-17,0,1
M00570,B01,P1,PAY000570,2025-04-20,1,1
M00570,B01,P1,PAY007627,2025-05-28,0,1
M00571,B01,P2,PAY000571,2025-04-03,0,1
M00572,B01,P1,PAY000572,2025-04-09,0,1
M00573,B01,P1,PAY000573,2025-04-03,1,1
M00573,B01,P1,PAY007262,2025-05-14,1,1
M00573,B01,P1,PAY008086,2025-06-22,1,1
M00573,B01,P3,PAY008702,2025-10-02,1,1
M00573,B01,P3,PAY010208,2026-01-12,1,1
M00573,B01,P3,PAY011428,2026-04-21,1,1
M00574,B01,P2,PAY000574,2025-05-03,0,1
M00575,B01,P4,PAY000575,2025-10-29,1,1
M00575,B01,P4,PAY010549,2026-05-01,1,1
M00576,B01,P4,PAY000576,2025-10-12,1,1
M00576,B01,P4,PAY010322,2026-04-15,1,1
M00577,B01,P3,PAY000577,2025-07-18,0,1
M00578,B01,P3,PAY000578,2025-07-21,1,1
M00578,B01,P3,PAY009190,2025-10-18,0,1
M00579,B01,P3,PAY000579,2025-07-23,0,1
M00580,B01,P3,PAY000580,2025-07-22,1,1
M00580,B01,P3,PAY009203,2025-10-21,1,1
M00580,B01,P3,PAY010442,2026-01-30,1,1
M00580,B01,P3,PAY011662,2026-05-01,0,1
M00581,B01,P1,PAY000581,2025-05-02,0,1
M00582,B01,P1,PAY000582,2025-05-12,1,1
M00582,B01,P1,PAY008056,2025-06-15,1,1
M00582,B01,P1,PAY008599,2025-07-19,1,1
M00582,B01,P1,PAY009152,2025-08-19,1,1
M00582,B01,P1,PAY009601,2025-09-24,1,1
M00582,B01,P1,PAY010084,2025-10-30,1,1
M00582,B01,P1,PAY010565,2025-12-08,1,1
M00582,B01,P1,PAY011036,2026-01-14,0,1
M00583,B01,P3,PAY000583,2025-07-09,1,1
M00583,B01,P3,PAY008977,2025-10-16,0,1
M00584,B01,P3,PAY000584,2025-07-09,1,1
M00584,B01,P3,PAY008978,2025-10-15,1,1
M00584,B01,P3,PAY010367,2026-01-19,1,1
M00585,B01,P3,PAY000585,2025-07-30,0,1
M00586,B01,P1,PAY000586,2025-05-02,1,1
M00586,B01,P1,PAY007878,2025-05-29,1,1
M00586,B01,P1,PAY008343,2025-07-07,1,1
M00586,B01,P1,PAY008944,2025-08-17,1,1
M00586,B01,P1,PAY009578,2025-09-28,0,1
M00587,B01,P2,PAY000587,2025-05-21,1,1
M00587,B01,P2,PAY008205,2025-07-01,1,1
M00587,B01,P2,PAY008865,2025-07-26,1,1
M00587,B01,P2,PAY009278,2025-09-02,1,1
M00587,B01,P2,PAY009793,2025-10-11,1,1
M00587,B01,P2,PAY010307,2025-11-07,1,1
M00587,B01,P2,PAY010655,2025-12-05,1,1
M00587,B01,P2,PAY010999,2026-01-12,1,1
M00587,B01,P2,PAY011429,2026-02-12,1,1
M00587,B01,P2,PAY011822,2026-03-08,1,1
M00587,B01,P2,PAY012166,2026-04-10,1,1
M00587,B01,P2,PAY012614,2026-05-12,1,1
M00587,B01,P2,PAY013040,2026-06-07,1,1
M00588,B01,P1,PAY000588,2025-05-15,1,1
M00588,B01,P1,PAY008111,2025-06-20,0,1
M00589,B01,P1,PAY000589,2025-05-05,1,1
M00589,B01,P1,PAY007936,2025-06-11,0,1
M00590,B01,P4,PAY000590,2025-10-02,1,1
M00590,B01,P4,PAY010209,2026-04-01,0,1
M00591,B01,P1,PAY000591,2025-05-04,1,1
M00591,B01,P1,PAY007912,2025-06-03,0,1
M00592,B01,P5,PAY000592,2026-04-29,0,1
M00593,B01,P3,PAY000593,2025-07-28,1,1
M00593,B01,P3,PAY009309,2025-11-06,1,1
M00593,B01,P3,PAY010642,2026-02-09,0,1
M00594,B01,P3,PAY000594,2025-07-28,1,1
M00594,B01,P3,PAY009310,2025-11-08,1,1
M00594,B01,P3,PAY010672,2026-02-15,1,1
M00594,B01,P3,PAY011869,2026-05-23,1,1
M00595,B01,P3,PAY000595,2025-07-09,1,1
M00595,B01,P3,PAY008979,2025-10-04,1,1
M00595,B01,P3,PAY010230,2025-12-30,0,1
M00596,B01,P3,PAY000596,2025-07-30,1,1
M00596,B01,P3,PAY009352,2025-11-10,0,1
M00597,B01,P2,PAY000597,2025-05-01,1,1
M00597,B01,P2,PAY007862,2025-06-09,1,1
M00597,B01,P2,PAY008506,2025-07-18,1,1
M00597,B01,P2,PAY009135,2025-08-15,1,1
M00597,B01,P2,PAY009554,2025-09-21,0,1
M00598,B01,P3,PAY000598,2025-07-27,0,1
M00599,B01,P2,PAY000599,2025-05-04,1,1
M00599,B01,P2,PAY007913,2025-06-15,0,1
M00600,B01,P5,PAY000600,2026-04-03,1,1
M00601,B01,P5,PAY000601,2026-04-22,1,1
M00602,B01,P4,PAY000602,2025-10-11,1,1
M00602,B01,P4,PAY010308,2026-04-07,1,1
M00603,B01,P4,PAY000603,2025-10-18,0,1
M00604,B01,P1,PAY000604,2025-05-02,1,1
M00604,B01,P1,PAY007879,2025-06-12,1,1
M00604,B01,P1,PAY008544,2025-07-08,1,1
M00604,B01,P1,PAY008964,2025-08-07,0,1
M00605,B01,P3,PAY000605,2025-07-02,1,1
M00605,B01,P3,PAY008880,2025-10-06,1,1
M00605,B01,P3,PAY010252,2026-01-11,1,1
M00605,B01,P3,PAY011410,2026-04-17,1,1
M00606,B01,P1,PAY000606,2025-05-23,1,1
M00606,B01,P1,PAY008234,2025-06-23,1,1
M00606,B01,P1,PAY008717,2025-07-18,1,1
M00606,B01,P1,PAY009136,2025-08-14,1,1
M00606,B01,P1,PAY009540,2025-09-20,1,1
M00606,B01,P1,PAY010021,2025-10-25,1,1
M00606,B01,P1,PAY010493,2025-11-25,1,1
M00606,B01,P1,PAY010860,2026-01-02,1,1
M00606,B01,P1,PAY011308,2026-02-09,0,1
M00607,B01,P3,PAY000607,2025-07-07,1,1
M00607,B01,P3,PAY008945,2025-10-12,0,1
M00608,B01,P2,PAY000608,2025-05-12,0,1
M00609,B01,P1,PAY000609,2025-05-10,1,1
M00609,B01,P1,PAY008022,2025-06-07,1,1
M00609,B01,P1,PAY008473,2025-07-16,1,1
M00609,B01,P1,PAY009108,2025-08-22,1,1
M00610,B01,P1,PAY000610,2025-05-28,1,1
M00610,B01,P1,PAY008316,2025-06-25,0,1
M00611,B01,P1,PAY000611,2025-06-11,1,1
M00611,B01,P2,PAY008530,2025-07-22,1,1
M00611,B01,P3,PAY009204,2025-10-21,0,1
M00612,B01,P3,PAY000612,2025-08-14,0,1
M00613,B01,P3,PAY000613,2025-08-29,0,1
M00614,B01,P1,PAY000614,2025-06-15,0,1
M00615,B01,P1,PAY000615,2025-06-28,1,1
M00615,B01,P2,PAY008799,2025-08-09,0,1
M00616,B01,P4,PAY000616,2025-11-09,0,1
M00617,B01,P4,PAY000617,2025-11-26,1,1
M00617,B01,P4,PAY010876,2026-06-02,1,1
M00618,B01,P1,PAY000618,2025-06-24,1,1
M00618,B01,P1,PAY008735,2025-07-20,0,1
M00619,B01,P2,PAY000619,2025-06-30,1,1
M00619,B01,P2,PAY008839,2025-07-30,0,1
M00620,B01,P2,PAY000620,2025-06-27,1,1
M00620,B01,P3,PAY008780,2025-09-24,1,1
M00620,B01,P3,PAY010085,2025-12-26,1,1
M00620,B01,P3,PAY011223,2026-03-28,1,1
M00620,B01,P3,PAY012439,2026-06-23,0,0
M00621,B01,P1,PAY000621,2025-06-24,1,1
M00621,B01,P1,PAY008736,2025-08-03,1,1
M00621,B01,P1,PAY009400,2025-09-09,1,1
M00621,B01,P1,PAY009875,2025-10-09,1,1
M00622,B01,P3,PAY000622,2025-08-19,1,1
M00622,B01,P3,PAY009602,2025-11-26,1,1
M00622,B01,P1,PAY010877,2026-01-05,0,1
M00623,B01,P2,PAY000623,2025-06-07,1,1
M00623,B01,P2,PAY008474,2025-07-05,1,1
M00623,B01,P2,PAY008924,2025-08-10,1,1
M00623,B01,P2,PAY009496,2025-09-20,0,1
M00624,B01,P1,PAY000624,2025-06-10,0,1
M00625,B01,P2,PAY000625,2025-06-14,1,1
M00625,B01,P2,PAY008584,2025-07-21,0,1
M00626,B01,P5,PAY000626,2026-05-23,1,1
M00627,B01,P1,PAY000627,2025-06-23,0,1
M00628,B01,P5,PAY000628,2026-05-03,1,1
M00629,B01,P4,PAY000629,2025-11-04,0,1
M00630,B01,P2,PAY000630,2025-06-05,1,1
M00630,B01,P2,PAY008443,2025-07-13,1,1
M00630,B01,P2,PAY009053,2025-08-23,1,1
M00630,B01,P2,PAY009657,2025-09-23,1,1
M00630,B01,P2,PAY010069,2025-11-03,1,1
M00630,B01,P2,PAY010600,2025-12-04,1,1
M00630,B01,P2,PAY010986,2026-01-12,0,1
M00631,B01,P5,PAY000631,2026-05-05,1,1
M00632,B01,P2,PAY000632,2025-06-06,1,1
M00632,B01,P2,PAY008457,2025-07-14,1,1
M00632,B01,P2,PAY009064,2025-08-09,0,1
M00633,B01,P5,PAY000633,2026-05-21,1,1
M00634,B01,P3,PAY000634,2025-08-10,1,1
M00634,B01,P1,PAY009497,2025-09-11,1,1
M00634,B01,P1,PAY009906,2025-10-20,1,1
M00634,B01,P1,PAY010429,2025-11-30,1,1
M00634,B01,P1,PAY010925,2026-01-05,1,1
M00634,B01,P1,PAY011344,2026-02-14,1,1
M00634,B01,P1,PAY011851,2026-03-10,1,1
M00634,B01,P1,PAY012191,2026-04-09,1,1
M00635,B01,P1,PAY000635,2025-06-20,1,1
M00635,B01,P1,PAY008678,2025-07-18,1,1
M00635,B01,P1,PAY009137,2025-08-29,1,1
M00635,B01,P1,PAY009746,2025-09-27,1,1
M00635,B01,P1,PAY010123,2025-11-03,1,1
M00635,B01,P1,PAY010601,2025-12-13,1,1
M00635,B01,P1,PAY011089,2026-01-21,1,1
M00635,B01,P1,PAY011552,2026-02-24,1,1
M00635,B01,P1,PAY011985,2026-03-26,1,1
M00635,B01,P1,PAY012414,2026-05-02,1,1
M00635,B01,P1,PAY012938,2026-06-12,1,1
M00636,B01,P1,PAY000636,2025-06-25,1,1
M00636,B01,P1,PAY008752,2025-07-25,1,1
M00636,B01,P1,PAY009256,2025-08-27,0,1
M00637,B01,P1,PAY000637,2025-06-21,0,1
M00638,B01,P3,PAY000638,2025-08-15,1,1
M00638,B01,P3,PAY009555,2025-11-16,1,1
M00638,B01,P3,PAY010759,2026-02-20,1,1
M00638,B01,P3,PAY011930,2026-05-28,1,1
M00639,B01,P3,PAY000639,2025-08-22,1,1
M00639,B01,P3,PAY009640,2025-11-30,1,1
M00639,B01,P3,PAY010926,2026-03-07,1,1
M00639,B01,P3,PAY012149,2026-06-12,1,1
M00640,B01,P1,PAY000640,2025-06-04,1,1
M00640,B01,P4,PAY008422,2025-12-09,1,1
M00640,B01,P4,PAY011047,2026-06-20,1,0
M00641,B01,P2,PAY000641,2025-06-29,1,1
M00641,B01,P2,PAY008815,2025-07-29,0,1
M00642,B01,P3,PAY000642,2025-08-02,1,1
M00642,B01,P3,PAY009390,2025-11-09,1,1
M00642,B01,P3,PAY010690,2026-02-20,1,1
M00642,B01,P3,PAY011931,2026-05-19,1,1
M00643,B01,P1,PAY000643,2025-06-02,0,1
M00644,B01,P3,PAY000644,2025-08-08,1,1
M00644,B01,P3,PAY009465,2025-11-06,0,1
M00645,B01,P2,PAY000645,2025-06-13,1,1
M00645,B01,P2,PAY008566,2025-07-15,1,1
M00645,B01,P2,PAY009086,2025-08-21,1,1
M00645,B01,P2,PAY009621,2025-09-30,1,1
M00645,B01,P2,PAY010170,2025-11-05,0,1
M00646,B01,P4,PAY000646,2025-11-22,1,1
M00646,B01,P4,PAY010829,2026-05-28,0,1
M00647,B01,P5,PAY000647,2026-05-26,1,1
M00648,B01,P1,PAY000648,2025-06-18,1,1
M00648,B01,P1,PAY008648,2025-07-22,0,1
M00649,B01,P1,PAY000649,2025-07-27,1,1
M00649,B01,P1,PAY009293,2025-08-31,1,1
M00649,B01,P1,PAY009769,2025-09-30,1,1
M00649,B01,P1,PAY010171,2025-10-29,1,1
M00649,B01,P1,PAY010550,2025-11-28,0,1
M00650,B01,P2,PAY000650,2025-07-02,1,1
M00650,B01,P2,PAY008881,2025-07-29,1,1
M00650,B01,P2,PAY009330,2025-08-25,1,1
M00650,B01,P2,PAY009684,2025-10-01,1,1
M00650,B01,P2,PAY010194,2025-11-07,1,1
M00650,B01,P1,PAY010656,2025-12-05,1,1
M00650,B01,P1,PAY011000,2026-01-03,0,1
M00651,B01,P4,PAY000651,2025-12-25,0,1
M00652,B01,P4,PAY000652,2025-12-23,1,1
M00652,B01,P4,PAY011191,2026-06-28,0,0
M00653,B01,P3,PAY000653,2025-09-30,1,1
M00653,B01,P3,PAY010172,2026-01-08,1,1
M00653,B01,P3,PAY011380,2026-04-15,1,1
M00653,B01,P1,PAY012679,2026-05-11,0,1
M00654,B01,P4,PAY000654,2025-12-26,0,1
M00655,B01,P3,PAY000655,2025-09-26,1,1
M00655,B01,P3,PAY010113,2025-12-24,1,1
M00656,B01,P5,PAY000656,2026-06-06,0,1
M00657,B01,P3,PAY000657,2025-09-07,1,1
M00657,B01,P3,PAY009851,2025-12-13,1,1
M00657,B01,P3,PAY011090,2026-03-13,1,1
M00657,B01,P3,PAY012244,2026-06-21,0,0
M00658,B01,P1,PAY000658,2025-07-22,1,1
M00658,B01,P1,PAY009205,2025-09-02,0,1
M00659,B01,P1,PAY000659,2025-07-17,1,1
M00659,B01,P1,PAY009123,2025-08-21,1,1
M00659,B01,P1,PAY009622,2025-09-30,0,1
M00660,B01,P2,PAY000660,2025-07-23,1,1
M00660,B01,P2,PAY009218,2025-09-02,1,1
M00660,B01,P2,PAY009794,2025-10-07,0,1
M00661,B01,P3,PAY000661,2025-09-10,1,1
M00661,B01,P3,PAY009888,2025-12-09,1,1
M00661,B01,P3,PAY011048,2026-03-13,1,1
M00661,B01,P3,PAY012245,2026-06-12,1,1
M00662,B01,P1,PAY000662,2025-07-19,1,1
M00662,B01,P1,PAY009153,2025-08-18,1,1
M00662,B01,P4,PAY009588,2026-02-16,1,1
M00663,B01,P5,PAY000663,2026-06-09,1,1
M00664,B01,P3,PAY000664,2025-09-29,1,1
M00664,B01,P3,PAY010154,2025-12-27,1,1
M00664,B01,P3,PAY011235,2026-03-24,0,1
M00665,B01,P1,PAY000665,2025-07-05,1,1
M00665,B01,P1,PAY008925,2025-08-16,1,1
M00665,B01,P1,PAY009564,2025-09-21,0,1
M00666,B01,P1,PAY000666,2025-07-14,1,1
M00666,B01,P1,PAY009065,2025-08-22,1,1
M00666,B01,P1,PAY009641,2025-09-20,0,1
M00667,B01,P3,PAY000667,2025-09-24,1,1
M00667,B01,P4,PAY010086,2026-03-20,1,1
M00668,B01,P3,PAY000668,2025-09-10,1,1
M00668,B01,P3,PAY009889,2025-12-16,1,1
M00668,B01,P3,PAY011121,2026-03-16,1,1
M00668,B01,P3,PAY012283,2026-06-18,1,0
M00669,B01,P2,PAY000669,2025-07-12,1,1
M00669,B01,P2,PAY009031,2025-08-10,1,1
M00669,B01,P2,PAY009498,2025-09-20,1,1
M00669,B01,P2,PAY010022,2025-10-26,1,1
M00669,B01,P2,PAY010507,2025-11-24,1,1
M00669,B01,P2,PAY010845,2025-12-30,1,1
M00670,B01,P5,PAY000670,2026-06-24,0,0
M00671,B01,P1,PAY000671,2025-07-25,0,1
M00672,B01,P2,PAY000672,2025-07-08,0,1
M00673,B01,P1,PAY000673,2025-07-25,1,1
M00673,B01,P1,PAY009257,2025-09-05,0,1
M00674,B01,P1,PAY000674,2025-07-29,1,1
M00674,B01,P1,PAY009331,2025-09-01,0,1
M00675,B01,P4,PAY000675,2025-12-23,0,1
M00676,B01,P4,PAY000676,2025-12-19,1,1
M00676,B01,P4,PAY011152,2026-06-27,0,0
M00677,B01,P1,PAY000677,2025-07-17,1,1
M00677,B01,P1,PAY009124,2025-08-25,1,1
M00677,B01,P1,PAY009685,2025-09-22,1,1
M00677,B01,P1,PAY010057,2025-11-01,1,1
M00677,B01,P1,PAY010580,2025-11-30,0,1
M00678,B01,P4,PAY000678,2025-12-02,1,1
M00678,B01,P4,PAY010964,2026-06-08,1,1
M00679,B01,P3,PAY000679,2025-09-11,1,1
M00679,B01,P3,PAY009907,2025-12-21,0,1
M00680,B01,P1,PAY000680,2025-07-14,1,1
M00680,B01,P3,PAY009066,2025-10-14,0,1
M00681,B01,P4,PAY000681,2025-12-24,1,1
M00681,B01,P4,PAY011202,2026-06-26,0,0
M00682,B01,P3,PAY000682,2025-09-09,1,1
M00682,B01,P3,PAY009876,2025-12-14,0,1
M00683,B01,P5,PAY000683,2026-06-24,1,0
M00684,B01,P2,PAY000684,2025-07-17,1,1
M00684,B01,P2,PAY009125,2025-08-19,1,1
M00684,B01,P1,PAY009603,2025-09-27,1,1
M00684,B01,P1,PAY010124,2025-11-01,1,1
M00684,B01,P2,PAY010581,2025-11-29,1,1
M00684,B01,P2,PAY010911,2026-01-03,0,1
M00685,B01,P3,PAY000685,2025-10-25,1,1
M00685,B01,P3,PAY010494,2026-01-26,1,1
M00685,B01,P3,PAY011621,2026-04-23,1,1
M00686,B01,P2,PAY000686,2025-08-01,1,1
M00686,B01,P1,PAY009375,2025-09-02,1,1
M00687,B01,P2,PAY000687,2025-08-16,0,1
M00688,B01,P3,PAY000688,2025-10-29,1,1
M00688,B01,P3,PAY010551,2026-02-02,1,1
M00688,B01,P3,PAY011699,2026-05-07,1,1
M00689,B01,P4,PAY000689,2026-01-02,1,1
M00690,B01,P2,PAY000690,2025-08-13,1,1
M00690,B01,P2,PAY009528,2025-09-22,1,1
M00690,B01,P2,PAY010058,2025-10-20,0,1
M00691,B01,P1,PAY000691,2025-08-08,1,1
M00691,B01,P1,PAY009466,2025-09-12,1,1
M00691,B01,P1,PAY009918,2025-10-13,1,1
M00691,B01,P1,PAY010334,2025-11-19,1,1
M00691,B01,P3,PAY010798,2026-02-24,0,1
M00692,B01,P3,PAY000692,2025-10-13,0,1
M00693,B01,P4,PAY000693,2026-01-16,1,1
M00696,B01,P4,PAY000696,2026-01-23,1,1
M00697,B01,P1,PAY000697,2025-08-18,1,1
M00697,B01,P3,PAY009589,2025-11-14,1,1
M00697,B01,P3,PAY010740,2026-02-17,1,1
M00697,B01,P3,PAY011895,2026-05-13,1,1
M00698,B01,P1,PAY000698,2025-08-13,1,1
M00698,B01,P1,PAY009529,2025-09-23,1,1
M00698,B01,P1,PAY010070,2025-11-01,0,1
M00699,B01,P2,PAY000699,2025-08-04,1,1
M00699,B01,P2,PAY009417,2025-09-15,0,1
M00700,B01,P3,PAY000700,2025-10-03,1,1
M00700,B01,P3,PAY010217,2025-12-28,1,1
M00700,B01,P2,PAY011254,2026-02-02,1,1
M00700,B01,P1,PAY011700,2026-03-06,1,1
M00700,B01,P1,PAY012137,2026-04-16,1,1
M00700,B01,P1,PAY012695,2026-05-13,1,1
M00700,B01,P1,PAY013055,2026-06-19,1,0
M00701,B01,P4,PAY000701,2026-01-15,0,1
M00702,B01,P1,PAY000702,2025-08-25,1,1
M00702,B01,P1,PAY009686,2025-10-05,1,1
M00702,B01,P3,PAY010245,2026-01-01,1,1
M00702,B01,P3,PAY011289,2026-04-04,1,1
M00704,B01,P3,PAY000704,2025-10-11,1,1
M00704,B01,P3,PAY010309,2026-01-19,1,1
M00704,B01,P3,PAY011522,2026-04-29,1,1
M00705,B01,P1,PAY000705,2025-08-21,1,1
M00705,B01,P1,PAY009623,2025-09-21,1,1
M00705,B01,P1,PAY010040,2025-10-25,1,1
M00705,B01,P1,PAY010495,2025-11-29,1,1
M00705,B01,P1,PAY010912,2026-01-03,1,1
M00705,B01,P1,PAY011326,2026-02-08,1,1
M00705,B01,P1,PAY011759,2026-03-16,1,1
M00705,B01,P1,PAY012284,2026-04-21,1,1
M00705,B01,P1,PAY012767,2026-05-26,0,1
M00706,B01,P1,PAY000706,2025-08-03,1,1
M00706,B01,P1,PAY009401,2025-09-05,1,1
M00706,B01,P1,PAY009825,2025-10-13,1,1
M00706,B01,P1,PAY010335,2025-11-22,1,1
M00706,B01,P1,PAY010830,2026-01-03,1,1
M00706,B01,P1,PAY011327,2026-02-14,1,1
M00706,B01,P1,PAY011852,2026-03-23,1,1
M00706,B01,P1,PAY012372,2026-04-23,0,1
M00708,B01,P4,PAY000708,2026-01-18,0,1
M00709,B01,P4,PAY000709,2026-01-07,1,1
M00711,B01,P3,PAY000711,2025-11-13,0,1
M00712,B01,P1,PAY000712,2025-09-14,1,1
M00712,B01,P1,PAY009944,2025-10-09,1,1
M00712,B01,P4,PAY010284,2026-04-04,1,1
M00715,B01,P2,PAY000715,2025-09-06,0,1
M00716,B01,P2,PAY000716,2025-09-13,0,1
M00717,B01,P2,PAY000717,2025-09-02,1,1
M00717,B01,P1,PAY009796,2025-10-04,1,1
M00717,B01,P1,PAY010231,2025-10-30,1,1
M00717,B01,P1,PAY010566,2025-12-03,0,1
M00718,B01,P4,PAY000718,2026-02-06,1,1
M00718,B01,P2,PAY011738,2026-03-09,1,1
M00718,B01,P2,PAY012174,2026-04-10,0,1
M00719,B01,P1,PAY000719,2025-09-20,1,1
M00719,B01,P1,PAY010023,2025-10-17,1,1
M00719,B01,P1,PAY010390,2025-11-12,1,1
M00719,B01,P1,PAY010722,2025-12-20,1,1
M00719,B01,P1,PAY011159,2026-01-24,1,1
M00719,B01,P1,PAY011595,2026-03-01,1,1
M00719,B01,P1,PAY012071,2026-04-05,0,1
M00720,B01,P1,PAY000720,2025-09-30,1,1
M00720,B01,P1,PAY010173,2025-11-07,1,1
M00720,B01,P1,PAY010657,2025-12-04,0,1
M00721,B01,P1,PAY000721,2025-09-08,0,1
M00722,B01,P4,PAY000722,2026-02-04,1,1
M00723,B01,P1,PAY000723,2025-09-03,0,1
M00724,B01,P1,PAY000724,2025-09-10,1,1
M00724,B01,P1,PAY009890,2025-10-20,1,1
M00724,B01,P1,PAY010430,2025-11-15,1,1
M00724,B01,P1,PAY010748,2025-12-22,0,1
M00725,B01,P3,PAY000725,2025-11-30,1,1
M00725,B01,P3,PAY010927,2026-03-11,1,1
M00725,B01,P3,PAY012204,2026-06-21,0,0
M00726,B01,P3,PAY000726,2025-11-29,1,1
M00726,B01,P3,PAY010913,2026-03-09,1,1
M00726,B01,P3,PAY012175,2026-06-07,1,1
M00727,B01,P1,PAY000727,2025-09-21,1,1
M00727,B01,P1,PAY010041,2025-10-21,0,1
M00728,B01,P1,PAY000728,2025-09-14,0,1
M00729,B01,P2,PAY000729,2025-09-27,1,1
M00729,B01,P2,PAY010125,2025-11-07,1,1
M00729,B01,P2,PAY010658,2025-12-04,1,1
M00729,B01,P4,PAY010987,2026-06-07,1,1
M00730,B01,P1,PAY000730,2025-09-12,0,1
M00731,B01,P2,PAY000731,2025-09-27,1,1
M00731,B01,P2,PAY010126,2025-11-05,1,1
M00731,B01,P2,PAY010624,2025-12-04,1,1
M00731,B01,P2,PAY010988,2026-01-01,1,1
M00731,B01,P2,PAY011290,2026-01-30,1,1
M00731,B01,P2,PAY011663,2026-03-09,1,1
M00731,B01,P2,PAY012176,2026-04-16,0,1
M00732,B01,P1,PAY000732,2025-09-21,1,1
M00732,B01,P1,PAY010042,2025-10-23,1,1
M00732,B01,P1,PAY010467,2025-11-29,1,1
M00732,B01,P1,PAY010914,2026-01-07,1,1
M00732,B01,P1,PAY011366,2026-02-09,1,1
M00733,B01,P2,PAY000733,2025-09-11,1,1
M00733,B01,P2,PAY009908,2025-10-17,0,1
M00735,B01,P1,PAY000735,2025-09-28,0,1
M00736,B01,P1,PAY000736,2025-09-15,1,1
M00736,B01,P1,PAY009962,2025-10-26,1,1
M00736,B01,P3,PAY010508,2026-01-25,1,1
M00736,B01,P3,PAY011607,2026-04-30,1,1
M00737,B01,P1,PAY000737,2025-09-15,1,1
M00737,B01,P1,PAY009963,2025-10-16,0,1
M00738,B01,P2,PAY000738,2025-10-11,1,1
M00738,B01,P2,PAY010310,2025-11-18,0,1
M00739,B01,P1,PAY000739,2025-10-14,1,1
M00739,B01,P1,PAY010352,2025-11-21,1,1
M00739,B01,P1,PAY010820,2025-12-27,1,1
M00739,B01,P1,PAY011236,2026-01-27,0,1
M00741,B01,P1,PAY000741,2025-10-02,0,1
M00742,B01,P1,PAY000742,2025-10-06,0,1
M00743,B01,P3,PAY000743,2025-12-29,1,1
M00743,B01,P3,PAY011267,2026-03-29,0,1
M00744,B01,P3,PAY000744,2025-12-27,0,1
M00745,B01,P3,PAY000745,2025-12-04,1,1
M00745,B01,P3,PAY010989,2026-03-06,1,1
M00745,B01,P3,PAY012138,2026-06-04,1,1
M00746,B01,P4,PAY000746,2026-03-12,1,1
M00747,B01,P1,PAY000747,2025-10-22,1,1
M00747,B01,P1,PAY010453,2025-11-17,1,1
M00747,B01,P1,PAY010774,2025-12-26,0,1
M00748,B01,P3,PAY000748,2025-12-03,1,1
M00748,B01,P3,PAY010973,2026-03-14,1,1
M00748,B01,P3,PAY012257,2026-06-16,1,1
M00751,B01,P1,PAY000751,2025-10-09,0,1
M00752,B01,P3,PAY000752,2025-12-12,0,1
M00753,B01,P3,PAY000753,2025-12-27,1,1
M00753,B01,P3,PAY011237,2026-04-04,0,1
M00754,B01,P2,PAY000754,2025-10-04,1,1
M00754,B01,P2,PAY010232,2025-11-07,1,1
M00754,B01,P2,PAY010659,2025-12-05,1,1
M00754,B01,P2,PAY011001,2026-01-02,1,1
M00754,B01,P1,PAY011310,2026-02-12,1,1
M00754,B01,P1,PAY011823,2026-03-11,0,1
M00755,B01,P4,PAY000755,2026-03-14,1,1
M00756,B01,P1,PAY000756,2025-10-23,0,1
M00757,B01,P4,PAY000757,2026-03-06,1,1
M00758,B01,P1,PAY000758,2025-10-29,0,1
M00759,B01,P1,PAY000759,2025-10-29,1,1
M00759,B01,P1,PAY010552,2025-12-07,1,1
M00759,B01,P1,PAY011021,2026-01-07,1,1
M00759,B01,P1,PAY011367,2026-02-08,1,1
M00759,B01,P2,PAY011760,2026-03-16,1,1
M00759,B01,P2,PAY012285,2026-04-13,1,1
M00759,B01,P2,PAY012647,2026-05-19,1,1
M00759,B01,P2,PAY013122,2026-06-27,1,0
M00761,B01,P3,PAY000761,2025-12-28,1,1
M00761,B01,P3,PAY011255,2026-03-25,1,1
M00762,B01,P2,PAY000762,2025-10-13,1,1
M00762,B01,P2,PAY010336,2025-11-13,1,1
M00762,B01,P1,PAY010728,2025-12-19,1,1
M00762,B01,P1,PAY011153,2026-01-24,1,1
M00762,B01,P1,PAY011596,2026-02-28,1,1
M00762,B01,P1,PAY012038,2026-04-10,0,1
M00763,B01,P4,PAY000763,2026-03-26,0,1
M00764,B01,P4,PAY000764,2026-03-03,1,1
M00765,B01,P1,PAY000765,2025-10-13,1,1
M00765,B01,P1,PAY010337,2025-11-08,0,1
M00766,B01,P2,PAY000766,2025-10-17,1,1
M00766,B01,P2,PAY010391,2025-11-22,1,1
M00766,B01,P2,PAY010831,2025-12-18,1,1
M00766,B01,P2,PAY011140,2026-01-15,1,1
M00766,B01,P2,PAY011473,2026-02-19,1,1
M00766,B01,P2,PAY011916,2026-03-15,1,1
M00766,B01,P2,PAY012273,2026-04-17,0,1
M00767,B01,P2,PAY000767,2025-10-17,0,1
M00768,B01,P3,PAY000768,2025-12-29,1,1
M00768,B01,P3,PAY011268,2026-03-29,1,1
M00770,B01,P4,PAY000770,2026-03-28,0,1
M00771,B01,P1,PAY000771,2025-10-30,1,1
M00771,B01,P1,PAY010567,2025-11-25,1,1
M00771,B01,P1,PAY010861,2026-01-03,0,1
M00773,B01,P3,PAY000773,2025-12-11,0,1
M00774,B01,P3,PAY000774,2025-12-12,1,1
M00774,B01,P3,PAY011078,2026-03-14,1,1
M00774,B01,P3,PAY012259,2026-06-16,1,1
M00775,B01,P2,PAY000775,2025-11-22,0,1
M00776,B01,P3,PAY000776,2026-01-23,0,1
M00777,B01,P3,PAY000777,2026-01-25,1,1
M00777,B01,P3,PAY011608,2026-04-21,0,1
M00778,B01,P1,PAY000778,2025-11-10,1,1
M00778,B01,P4,PAY010701,2026-05-20,0,1
M00780,B01,P2,PAY000780,2025-11-18,1,1
M00780,B01,P2,PAY010784,2025-12-17,0,1
M00781,B01,P1,PAY000781,2025-11-14,1,1
M00781,B01,P1,PAY010741,2025-12-23,1,1
M00781,B01,P1,PAY011192,2026-01-23,1,1
M00781,B01,P1,PAY011577,2026-02-23,1,1
M00781,B01,P1,PAY011970,2026-04-02,1,1
M00781,B01,P1,PAY012490,2026-05-04,1,1
M00782,B01,P1,PAY000782,2025-11-05,1,1
M00782,B01,P1,PAY010625,2025-12-03,0,1
M00783,B01,P1,PAY000783,2025-11-05,1,1
M00783,B01,P1,PAY010626,2025-12-14,1,1
M00783,B01,P1,PAY011101,2026-01-11,1,1
M00783,B01,P1,PAY011411,2026-02-22,1,1
M00783,B01,P1,PAY011959,2026-03-21,1,1
M00783,B01,P1,PAY012352,2026-04-30,1,1
M00783,B01,P1,PAY012898,2026-06-06,1,1
M00784,B01,P4,PAY000784,2026-04-22,1,1
M00785,B01,P1,PAY000785,2025-11-24,1,1
M00785,B01,P1,PAY010846,2025-12-20,1,1
M00785,B01,P1,PAY011160,2026-01-22,0,1
M00786,B01,P4,PAY000786,2026-04-15,1,1
M00787,B01,P3,PAY000787,2026-01-16,1,1
M00787,B01,P3,PAY011487,2026-04-17,1,1
M00788,B01,P3,PAY000788,2026-01-01,1,1
M00788,B01,P3,PAY011291,2026-04-09,1,1
M00789,B01,P1,PAY000789,2025-11-19,1,1
M00789,B01,P1,PAY010799,2025-12-21,0,1
M00791,B01,P1,PAY000791,2025-11-24,1,1
M00791,B01,P4,PAY010847,2026-05-25,1,1
M00792,B01,P3,PAY000792,2026-01-27,1,1
M00792,B01,P3,PAY011632,2026-05-05,0,1
M00793,B01,P4,PAY000793,2026-04-05,0,1
M00794,B01,P3,PAY000794,2026-01-21,1,1
M00794,B01,P3,PAY011553,2026-04-22,1,1
M00795,B01,P4,PAY000795,2026-04-22,1,1
M00796,B01,P4,PAY000796,2026-04-16,1,1
M00796,B01,P2,PAY012696,2026-05-19,1,1
M00796,B01,P2,PAY013123,2026-06-20,1,0
M00797,B01,P4,PAY000797,2026-04-19,1,1
M00799,B01,P1,PAY000799,2025-11-04,1,1
M00799,B01,P1,PAY010610,2025-12-05,1,1
M00799,B01,P1,PAY011002,2026-01-16,1,1
M00799,B01,P3,PAY011488,2026-04-27,1,1
M00801,B01,P3,PAY000801,2026-02-01,1,1
M00801,B01,P3,PAY011686,2026-05-01,1,1
M00802,B01,P1,PAY000802,2025-12-01,1,1
M00802,B01,P1,PAY010952,2025-12-26,1,1
M00802,B01,P1,PAY011224,2026-02-03,1,1
M00802,B01,P1,PAY011708,2026-03-06,1,1
M00802,B01,P1,PAY012140,2026-04-03,1,1
M00802,B01,P1,PAY012504,2026-05-07,1,1
M00802,B01,P1,PAY012997,2026-06-02,1,1
M00803,B01,P1,PAY000803,2025-12-23,0,1
M00804,B01,P3,PAY000804,2026-02-20,0,1
M00805,B01,P2,PAY000805,2025-12-11,1,1
M00805,B01,P2,PAY011066,2026-01-11,1,1
M00805,B01,P1,PAY011412,2026-02-12,1,1
M00805,B01,P1,PAY011824,2026-03-12,1,1
M00805,B01,P1,PAY012227,2026-04-08,1,1
M00805,B01,P1,PAY012579,2026-05-19,1,1
M00805,B01,P1,PAY013124,2026-06-26,0,0
M00806,B01,P1,PAY000806,2025-12-26,1,1
M00806,B01,P1,PAY011225,2026-01-22,1,1
M00806,B01,P1,PAY011563,2026-02-27,1,1
M00806,B01,P1,PAY012025,2026-03-28,1,1
M00806,B01,P1,PAY012440,2026-04-27,1,1
M00807,B01,P1,PAY000807,2025-12-05,0,1
M00808,B01,P4,PAY000808,2026-05-21,0,1
M00809,B01,P3,PAY000809,2026-02-10,1,1
M00809,B01,P3,PAY011796,2026-05-17,1,1
M00810,B01,P3,PAY000810,2026-02-07,1,1
M00810,B01,P3,PAY011749,2026-05-02,0,1
M00811,B01,P3,PAY000811,2026-02-07,1,1
M00811,B01,P3,PAY011750,2026-05-06,1,1
M00812,B01,P2,PAY000812,2025-12-14,1,1
M00812,B01,P2,PAY011102,2026-01-23,1,1
M00812,B01,P2,PAY011578,2026-02-25,1,1
M00812,B01,P2,PAY012001,2026-03-22,1,1
M00812,B01,P2,PAY012365,2026-04-17,0,1
M00813,B01,P1,PAY000813,2025-12-29,1,1
M00813,B01,P1,PAY011269,2026-02-07,1,1
M00813,B01,P1,PAY011751,2026-03-13,1,1
M00813,B01,P1,PAY012246,2026-04-10,1,1
M00813,B01,P1,PAY012615,2026-05-16,1,1
M00813,B01,P1,PAY013084,2026-06-23,1,0
M00814,B01,P1,PAY000814,2025-12-11,1,1
M00814,B01,P1,PAY011067,2026-01-19,0,1
M00815,B01,P1,PAY000815,2025-12-28,1,1
M00815,B01,P1,PAY011256,2026-01-27,1,1
M00815,B01,P1,PAY011633,2026-02-28,1,1
M00815,B01,P1,PAY012039,2026-04-07,0,1
M00816,B01,P1,PAY000816,2025-12-05,1,1
M00816,B01,P1,PAY011003,2026-01-08,1,1
M00816,B01,P1,PAY011381,2026-02-13,0,1
M00817,B01,P4,PAY000817,2026-05-15,1,1
M00818,B01,P3,PAY000818,2026-02-14,1,1
M00818,B01,P3,PAY011853,2026-05-24,0,1
M00819,B01,P1,PAY000819,2025-12-17,1,1
M00819,B01,P1,PAY011132,2026-01-18,1,1
M00819,B01,P1,PAY011504,2026-02-28,1,1
M00819,B01,P1,PAY012040,2026-04-09,1,1
M00819,B01,P1,PAY012596,2026-05-09,1,1
M00819,B01,P1,PAY013014,2026-06-20,1,0
M00820,B01,P2,PAY000820,2025-12-07,1,1
M00820,B01,P2,PAY011022,2026-01-12,1,1
M00821,B01,P3,PAY000821,2026-02-17,1,1
M00821,B01,P1,PAY011896,2026-03-17,1,1
M00821,B01,P1,PAY012299,2026-04-13,1,1
M00821,B01,P1,PAY012648,2026-05-22,1,1
M00821,B01,P1,PAY013168,2026-06-20,1,0
M00822,B01,P3,PAY000822,2026-02-16,0,1
M00823,B01,P4,PAY000823,2026-05-28,1,1
M00824,B01,P1,PAY000824,2025-12-24,1,1
M00824,B01,P1,PAY011203,2026-01-23,1,1
M00824,B01,P1,PAY011579,2026-02-22,1,1
M00824,B01,P1,PAY011960,2026-04-02,1,1
M00824,B01,P1,PAY012491,2026-05-07,0,1
M00825,B01,P3,PAY000825,2026-02-13,1,1
M00825,B01,P3,PAY011837,2026-05-24,1,1
M00826,B01,P2,PAY000826,2026-01-21,1,1
M00826,B01,P2,PAY011554,2026-02-18,1,1
M00826,B01,P2,PAY011903,2026-03-17,1,1
M00826,B01,P2,PAY012300,2026-04-14,0,1
M00827,B01,P3,PAY000827,2026-03-10,1,1
M00827,B01,P3,PAY012192,2026-06-17,0,0
M00829,B01,P3,PAY000829,2026-03-07,1,1
M00829,B01,P3,PAY012150,2026-06-10,1,1
M00830,B01,P3,PAY000830,2026-03-19,1,1
M00830,B01,P3,PAY012329,2026-06-19,0,0
M00831,B01,P4,PAY000831,2026-06-10,1,1
M00833,B01,P1,PAY000833,2026-01-12,1,1
M00833,B01,P1,PAY011431,2026-02-16,1,1
M00833,B01,P1,PAY011877,2026-03-26,1,1
M00833,B01,P1,PAY012415,2026-04-28,1,1
M00833,B01,P1,PAY012874,2026-06-09,1,1
M00834,B01,P1,PAY000834,2026-01-10,0,1
M00835,B01,P1,PAY000835,2026-01-27,1,1
M00835,B01,P1,PAY011634,2026-02-25,1,1
M00836,B01,P1,PAY000836,2026-01-30,1,1
M00836,B01,P1,PAY011664,2026-02-28,1,1
M00836,B01,P2,PAY012041,2026-03-27,1,1
M00836,B01,P2,PAY012425,2026-05-05,1,1
M00836,B01,P2,PAY012971,2026-05-30,1,1
M00837,B01,P1,PAY000837,2026-01-13,0,1
M00838,B01,P1,PAY000838,2026-01-28,1,1
M00838,B01,P1,PAY011646,2026-02-28,1,1
M00838,B01,P1,PAY012042,2026-04-07,1,1
M00838,B01,P1,PAY012563,2026-05-16,0,1
M00839,B01,P1,PAY000839,2026-01-07,1,1
M00839,B01,P1,PAY011368,2026-02-18,1,1
M00840,B01,P1,PAY000840,2026-01-07,0,1
M00841,B01,P1,PAY000841,2026-01-05,0,1
M00842,B01,P3,PAY000842,2026-03-10,1,1
M00842,B01,P3,PAY012193,2026-06-21,0,0
M00843,B01,P4,PAY000843,2026-06-24,0,0
M00844,B01,P3,PAY000844,2026-03-23,1,1
M00845,B01,P1,PAY000845,2026-01-05,1,1
M00845,B01,P1,PAY011345,2026-02-11,1,1
M00845,B01,P1,PAY011807,2026-03-11,1,1
M00845,B01,P1,PAY012205,2026-04-10,0,1
M00846,B01,P3,PAY000846,2026-03-02,1,1
M00846,B01,P3,PAY012083,2026-06-05,1,1
M00847,B01,P4,PAY000847,2026-06-19,1,0
M00848,B01,P1,PAY000848,2026-01-17,1,1
M00848,B01,P1,PAY011492,2026-02-14,1,1
M00848,B01,P1,PAY011854,2026-03-14,1,1
M00848,B01,P1,PAY012260,2026-04-23,1,1
M00848,B01,P1,PAY012805,2026-06-01,1,1
M00848,B01,P1,PAY013279,2026-06-28,0,0
M00850,B01,P3,PAY000850,2026-03-16,1,1
M00850,B01,P3,PAY012286,2026-06-23,1,0
M00851,B01,P1,PAY000851,2026-01-28,1,1
M00851,B01,P1,PAY011647,2026-02-28,1,1
M00851,B01,P1,PAY012043,2026-04-06,1,1
M00851,B01,P1,PAY012552,2026-05-17,1,1
M00852,B01,P1,PAY000852,2026-01-20,1,1
M00852,B01,P1,PAY011535,2026-02-17,0,1
M00853,B01,P4,PAY000853,2026-06-01,1,1
M00854,B01,P1,PAY000854,2026-02-20,0,1
M00855,B01,P1,PAY000855,2026-02-02,1,1
M00855,B01,P1,PAY011701,2026-03-03,1,1
M00856,B01,P3,PAY000856,2026-04-05,1,1
M00857,B01,P1,PAY000857,2026-02-28,1,1
M00857,B01,P1,PAY012044,2026-04-08,1,1
M00857,B01,P1,PAY012580,2026-05-16,1,1
M00857,B01,P1,PAY013085,2026-06-13,1,1
M00858,B01,P3,PAY000858,2026-04-07,1,1
M00859,B01,P2,PAY000859,2026-02-21,0,1
M00860,B01,P1,PAY000860,2026-02-15,1,1
M00860,B01,P1,PAY011870,2026-03-23,1,1
M00861,B01,P3,PAY000861,2026-04-09,0,1
M00862,B01,P3,PAY000862,2026-04-24,1,1
M00864,B01,P1,PAY000864,2026-02-21,1,1
M00864,B01,P1,PAY011942,2026-03-24,1,1
M00864,B01,P1,PAY012387,2026-04-23,1,1
M00864,B01,P1,PAY012806,2026-05-28,1,1
M00865,B01,P3,PAY000865,2026-04-03,1,1
M00866,B01,P3,PAY000866,2026-04-05,0,1
M00867,B01,P1,PAY000867,2026-02-23,1,1
M00867,B01,P1,PAY011971,2026-04-01,1,1
M00867,B01,P1,PAY012477,2026-05-04,0,1
M00868,B01,P2,PAY000868,2026-02-09,1,1
M00868,B01,P2,PAY011780,2026-03-20,0,1
M00869,B01,P3,PAY000869,2026-04-30,1,1
M00870,B01,P3,PAY000870,2026-04-02,1,1
M00870,B01,P3,PAY012492,2026-06-29,0,0
M00871,B01,P1,PAY000871,2026-02-22,1,1
M00871,B01,P1,PAY011961,2026-03-18,1,1
M00871,B01,P1,PAY012314,2026-04-15,1,1
M00871,B01,P1,PAY012681,2026-05-21,1,1
M00871,B01,P1,PAY013154,2026-06-27,1,0
M00873,B01,P1,PAY000873,2026-02-25,1,1
M00873,B01,P1,PAY012003,2026-03-22,1,1
M00873,B01,P1,PAY012366,2026-04-26,1,1
M00873,B01,P1,PAY012849,2026-06-06,1,1
M00875,B01,P1,PAY000875,2026-02-12,1,1
M00875,B01,P1,PAY011825,2026-03-10,0,1
M00877,B01,P3,PAY000877,2026-04-29,0,1
M00879,B01,P1,PAY000879,2026-02-24,1,1
M00879,B01,P1,PAY011986,2026-03-28,1,1
M00879,B01,P1,PAY012441,2026-05-05,1,1
M00879,B01,P1,PAY012972,2026-06-05,1,1
M00880,B01,P3,PAY000880,2026-04-01,0,1
M00881,B01,P3,PAY000881,2026-04-17,1,1
M00883,B01,P2,PAY000883,2026-02-10,1,1
M00883,B01,P2,PAY011797,2026-03-07,1,1
M00883,B01,P2,PAY012151,2026-04-17,1,1
M00883,B01,P2,PAY012709,2026-05-16,1,1
M00883,B01,P2,PAY013086,2026-06-20,1,0
M00884,B01,P2,PAY000884,2026-02-02,1,1
M00884,B01,P2,PAY011702,2026-03-09,1,1
M00884,B01,P2,PAY012177,2026-04-14,0,1
M00885,B01,P2,PAY000885,2026-02-02,1,1
M00885,B01,P2,PAY011703,2026-03-13,0,1
M00887,B01,P1,PAY000887,2026-02-21,1,1
M00887,B01,P1,PAY011943,2026-04-01,1,1
M00887,B01,P1,PAY012478,2026-05-01,1,1
M00887,B01,P1,PAY012924,2026-06-03,0,1
M00888,B01,P1,PAY000888,2026-02-13,1,1
M00890,B01,P1,PAY000890,2026-02-06,1,1
M00890,B01,P1,PAY011739,2026-03-12,1,1
M00890,B01,P1,PAY012228,2026-04-19,1,1
M00890,B01,P1,PAY012740,2026-05-29,0,1
M00892,B01,P3,PAY000892,2026-04-12,0,1
M00894,B01,P2,PAY000894,2026-02-22,1,1
M00894,B01,P3,PAY011962,2026-06-02,0,1
M00895,B01,P2,PAY000895,2026-02-16,1,1
M00895,B01,P2,PAY011878,2026-03-24,1,1
M00895,B01,P2,PAY012388,2026-04-27,1,1
M00895,B01,P2,PAY012861,2026-06-01,1,1
M00896,B01,P3,PAY000896,2026-04-21,1,1
M00897,B01,P3,PAY000897,2026-04-05,0,1
M00898,B01,P3,PAY000898,2026-04-17,1,1
M00899,B01,P1,PAY000899,2026-02-28,0,1
M00900,B01,P1,PAY000900,2026-02-23,1,1
M00900,B01,P1,PAY011972,2026-03-18,1,1
M00900,B01,P1,PAY012315,2026-04-28,0,1
M00902,B01,P3,PAY000902,2026-04-27,0,1
M00903,B01,P1,PAY000903,2026-02-09,1,1
M00903,B01,P1,PAY011781,2026-03-16,1,1
M00903,B01,P1,PAY012287,2026-04-12,1,1
M00903,B01,P1,PAY012638,2026-05-09,0,1
M00905,B01,P1,PAY000905,2026-02-04,1,1
M00905,B01,P1,PAY011716,2026-03-04,1,1
M00905,B01,P1,PAY012107,2026-04-09,1,1
M00905,B01,P1,PAY012597,2026-05-06,0,1
M00906,B01,P1,PAY000906,2026-02-10,1,1
M00906,B01,P1,PAY011798,2026-03-18,1,1
M00906,B01,P1,PAY012316,2026-04-17,1,1
M00907,B01,P1,PAY000907,2026-02-26,1,1
M00907,B01,P1,PAY012014,2026-04-09,1,1
M00907,B01,P1,PAY012598,2026-05-09,1,1
M00907,B01,P1,PAY013015,2026-06-10,1,1
M00908,B01,P1,PAY000908,2026-02-16,1,1
M00908,B01,P1,PAY011879,2026-03-13,1,1
M00908,B01,P3,PAY012247,2026-06-22,0,0
M00910,B01,P1,PAY000910,2026-03-18,1,1
M00910,B01,P1,PAY012317,2026-04-16,1,1
M00910,B01,P1,PAY012697,2026-05-25,1,1
M00910,B01,P1,PAY013216,2026-06-24,1,0
M00911,B01,P3,PAY000911,2026-05-20,1,1
M00914,B01,P2,PAY000914,2026-03-17,1,1
M00914,B01,P2,PAY012301,2026-04-15,1,1
M00914,B01,P2,PAY012682,2026-05-23,1,1
M00914,B01,P2,PAY013179,2026-06-30,0,0
M00915,B01,P1,PAY000915,2026-03-10,1,1
M00915,B01,P1,PAY012194,2026-04-07,1,1
M00915,B01,P1,PAY012565,2026-05-18,1,1
M00915,B01,P1,PAY013106,2026-06-29,1,0
M00916,B01,P1,PAY000916,2026-03-23,1,1
M00916,B01,P1,PAY012375,2026-05-01,1,1
M00916,B01,P1,PAY012925,2026-06-03,0,1
M00918,B01,P2,PAY000918,2026-03-28,1,1
M00918,B01,P1,PAY012442,2026-05-02,1,1
M00918,B01,P1,PAY012939,2026-05-27,1,1
M00918,B01,P1,PAY013236,2026-06-22,1,0
M00919,B01,P1,PAY000919,2026-03-06,0,1
M00921,B01,P3,PAY000921,2026-05-01,1,1
M00922,B01,P3,PAY000922,2026-05-03,1,1
M00923,B01,P2,PAY000923,2026-03-11,1,1
M00923,B01,P2,PAY012206,2026-04-12,0,1
M00924,B01,P2,PAY000924,2026-03-08,1,1
M00924,B01,P2,PAY012167,2026-04-04,1,1
M00924,B01,P2,PAY012524,2026-05-06,1,1
M00924,B01,P2,PAY012984,2026-06-16,1,1
M00926,B01,P1,PAY000926,2026-03-27,1,1
M00926,B01,P1,PAY012426,2026-04-28,1,1
M00926,B01,P1,PAY012875,2026-06-03,1,1
M00926,B01,P1,PAY013308,2026-06-30,1,0
M00927,B01,P2,PAY000927,2026-03-12,1,1
M00927,B01,P2,PAY012229,2026-04-19,1,1
M00927,B01,P2,PAY012741,2026-05-17,1,1
M00927,B01,P2,PAY013095,2026-06-28,0,0
M00928,B01,P3,PAY000928,2026-05-07,1,1
M00929,B01,P3,PAY000929,2026-05-18,1,1
M00931,B01,P1,PAY000931,2026-03-28,1,1
M00932,B01,P3,PAY000932,2026-05-18,0,1
M00934,B01,P1,PAY000934,2026-03-11,1,1
M00934,B01,P1,PAY012207,2026-04-08,1,1
M00934,B01,P1,PAY012581,2026-05-17,1,1
M00934,B01,P1,PAY013096,2026-06-21,1,0
M00936,B01,P1,PAY000936,2026-03-18,1,1
M00936,B01,P1,PAY012318,2026-04-20,1,1
M00938,B01,P3,PAY000938,2026-05-18,1,1
M00939,B01,P1,PAY000939,2026-03-16,0,1
M00940,B01,P2,PAY000940,2026-03-14,1,1
M00940,B01,P2,PAY012261,2026-04-19,1,1
M00940,B01,P2,PAY012742,2026-05-28,0,1
M00941,B01,P1,PAY000941,2026-03-04,1,1
M00941,B01,P1,PAY012108,2026-04-15,1,1
M00941,B01,P1,PAY012683,2026-05-12,0,1
M00942,B01,P1,PAY000942,2026-03-14,0,1
M00943,B01,P1,PAY000943,2026-03-03,1,1
M00943,B01,P1,PAY012101,2026-04-02,0,1
M00944,B01,P3,PAY000944,2026-05-17,0,1
M00945,B01,P3,PAY000945,2026-05-17,1,1
M00946,B01,P1,PAY000946,2026-03-10,1,1
M00946,B01,P1,PAY012195,2026-04-21,1,1
M00946,B01,P1,PAY012769,2026-05-19,1,1
M00946,B01,P1,PAY013125,2026-06-19,1,0
M00947,B01,P2,PAY000947,2026-03-23,0,1
M00948,B01,P1,PAY000948,2026-03-11,1,1
M00948,B01,P1,PAY012208,2026-04-12,1,1
M00948,B01,P1,PAY012639,2026-05-23,1,1
M00948,B01,P1,PAY013180,2026-06-30,0,0
M00949,B01,P3,PAY000949,2026-05-04,1,1
M00953,B01,P1,PAY000953,2026-03-15,1,1
M00953,B01,P1,PAY012274,2026-04-23,1,1
M00953,B01,P1,PAY012807,2026-05-19,0,1
M00954,B01,P3,PAY000954,2026-05-02,1,1
M00955,B01,P1,PAY000955,2026-03-25,1,1
M00955,B01,P1,PAY012401,2026-05-02,1,1
M00955,B01,P1,PAY012941,2026-06-08,1,1
M00956,B01,P1,PAY000956,2026-03-13,0,1
M00958,B01,P3,PAY000958,2026-05-27,1,1
M00959,B01,P2,PAY000959,2026-03-04,1,1
M00959,B01,P2,PAY012109,2026-04-13,1,1
M00960,B01,P2,PAY000960,2026-03-21,1,1
M00960,B01,P2,PAY012353,2026-04-19,1,1
M00960,B01,P2,PAY012743,2026-05-15,1,1
M00960,B01,P1,PAY013078,2026-06-18,1,0
M00963,B01,P3,PAY000963,2026-06-10,1,1
M00964,B01,P1,PAY000964,2026-04-27,0,1
M00965,B01,P1,PAY000965,2026-04-28,1,1
M00965,B01,P1,PAY012876,2026-05-30,1,1
M00965,B01,P1,PAY013272,2026-06-30,0,0
M00966,B01,P2,PAY000966,2026-04-15,0,1
M00967,B01,P1,PAY000967,2026-04-11,1,1
M00967,B01,P1,PAY012624,2026-05-08,1,1
M00967,B01,P1,PAY013005,2026-06-14,1,1
M00968,B01,P2,PAY000968,2026-04-11,1,1
M00968,B01,P2,PAY012625,2026-05-18,0,1
M00969,B01,P3,PAY000969,2026-06-25,1,0
M00971,B01,P1,PAY000971,2026-04-23,1,1
M00971,B01,P1,PAY012808,2026-05-26,0,1
M00972,B01,P3,PAY000972,2026-06-12,1,1
M00973,B01,P1,PAY000973,2026-04-16,0,1
M00974,B01,P1,PAY000974,2026-04-07,1,1
M00974,B01,P1,PAY012566,2026-05-10,0,1
M00975,B01,P2,PAY000975,2026-04-25,0,1
M00976,B01,P1,PAY000976,2026-04-20,1,1
M00976,B01,P1,PAY012752,2026-05-22,1,1
M00976,B01,P1,PAY013169,2026-06-26,0,0
M00978,B01,P3,PAY000978,2026-06-17,1,0
M00980,B01,P1,PAY000980,2026-04-25,1,1
M00980,B01,P1,PAY012835,2026-06-02,1,1
M00980,B01,P1,PAY013291,2026-06-30,0,0
M00981,B01,P3,PAY000981,2026-06-08,1,1
M00985,B01,P1,PAY000985,2026-04-26,1,1
M00986,B01,P2,PAY000986,2026-04-07,1,1
M00986,B01,P2,PAY012567,2026-05-09,1,1
M00986,B01,P2,PAY013016,2026-06-16,1,1
M00987,B01,P3,PAY000987,2026-06-18,1,0
M00988,B01,P2,PAY000988,2026-04-19,1,1
M00988,B01,P2,PAY012744,2026-05-26,0,1
M00989,B01,P1,PAY000989,2026-04-04,0,1
M00991,B01,P1,PAY000991,2026-04-14,1,1
M00992,B01,P3,PAY000992,2026-06-29,1,0
M00994,B01,P1,PAY000994,2026-04-17,1,1
M00994,B01,P1,PAY012712,2026-05-18,0,1
M00995,B01,P1,PAY000995,2026-04-09,0,1
M00997,B01,P1,PAY000997,2026-04-21,1,1
M00997,B01,P1,PAY012770,2026-05-28,1,1
M00999,B01,P2,PAY000999,2026-04-10,0,1
M01000,B01,P2,PAY001000,2026-04-17,1,1
M01000,B01,P2,PAY012713,2026-05-18,1,1
M01000,B01,P2,PAY013109,2026-06-25,0,0
M01002,B01,P3,PAY001002,2026-06-23,0,0
M01003,B01,P1,PAY001003,2026-04-13,1,1
M01003,B01,P1,PAY012650,2026-05-11,0,1
M01004,B01,P1,PAY001004,2026-04-05,0,1
M01005,B01,P3,PAY001005,2026-06-27,0,0
M01006,B01,P3,PAY001006,2026-06-19,1,0
M01007,B01,P1,PAY001007,2026-04-09,1,1
M01007,B01,P1,PAY012599,2026-05-11,1,1
M01007,B01,P1,PAY013034,2026-06-19,0,0
M01008,B01,P2,PAY001008,2026-04-05,1,1
M01008,B01,P2,PAY012540,2026-05-12,1,1
M01008,B01,P1,PAY013041,2026-06-09,0,1
M01009,B01,P1,PAY001009,2026-04-02,1,1
M01009,B01,P1,PAY012493,2026-04-30,1,1
M01010,B01,P1,PAY001010,2026-04-09,1,1
M01010,B01,P1,PAY012600,2026-05-15,0,1
M01013,B01,P1,PAY001013,2026-04-02,0,1
M01014,B01,P1,PAY001014,2026-05-26,1,1
M01014,B01,P1,PAY013228,2026-06-29,0,0
M01016,B01,P1,PAY001016,2026-05-24,0,1
M01020,B01,P1,PAY001020,2026-05-18,0,1
M01021,B01,P1,PAY001021,2026-05-18,1,1
M01021,B01,P1,PAY013110,2026-06-20,1,0
M01023,B01,P2,PAY001023,2026-05-24,1,1
M01023,B01,P2,PAY013192,2026-06-25,1,0
M01025,B01,P1,PAY001025,2026-05-13,1,1
M01025,B01,P1,PAY013056,2026-06-24,0,0
M01026,B01,P2,PAY001026,2026-05-12,1,1
M01026,B01,P2,PAY013042,2026-06-22,1,0
M01027,B01,P1,PAY001027,2026-05-03,0,1
M01029,B01,P1,PAY001029,2026-05-21,1,1
M01029,B01,P1,PAY013155,2026-06-22,0,0
M01031,B01,P2,PAY001031,2026-05-24,1,1
M01032,B01,P1,PAY001032,2026-05-17,1,1
M01032,B01,P1,PAY013098,2026-06-18,1,0
M01035,B01,P1,PAY001035,2026-05-09,1,1
M01035,B01,P1,PAY013017,2026-06-07,1,1
M01036,B01,P1,PAY001036,2026-05-24,0,1
M01037,B01,P1,PAY001037,2026-05-26,1,1
M01037,B01,P1,PAY013229,2026-06-30,1,0
M01039,B01,P2,PAY001039,2026-05-04,1,1
M01039,B01,P2,PAY012962,2026-06-11,1,1
M01043,B01,P1,PAY001043,2026-05-27,1,1
M01044,B01,P1,PAY001044,2026-05-13,1,1
M01044,B01,P1,PAY013057,2026-06-13,1,1
M01045,B01,P1,PAY001045,2026-05-24,1,1
M01045,B01,P1,PAY013194,2026-06-22,1,0
M01046,B01,P1,PAY001046,2026-05-06,1,1
M01046,B01,P1,PAY012985,2026-06-16,0,1
M01047,B01,P1,PAY001047,2026-05-19,1,1
M01047,B01,P1,PAY013126,2026-06-24,0,0
M01049,B01,P1,PAY001049,2026-05-05,1,1
M01049,B01,P1,PAY012973,2026-06-13,1,1
M01050,B01,P1,PAY001050,2026-05-19,1,1
M01050,B01,P1,PAY013127,2026-06-21,0,0
M01051,B01,P2,PAY001051,2026-05-23,1,1
M01051,B01,P2,PAY013181,2026-06-22,0,0
M01056,B01,P1,PAY001056,2026-05-16,1,1
M01056,B01,P1,PAY013087,2026-06-19,1,0
M01057,B01,P1,PAY001057,2026-05-26,0,1
M01060,B01,P2,PAY001060,2026-05-17,1,1
M01060,B01,P2,PAY013099,2026-06-23,1,0
M01062,B01,P2,PAY001062,2026-05-19,1,1
M01062,B01,P2,PAY013128,2026-06-14,1,1
M01065,B01,P2,PAY001065,2026-05-05,1,1
M01065,B01,P2,PAY012974,2026-06-08,1,1
M01066,B01,P1,PAY001066,2026-05-06,1,1
M01066,B01,P1,PAY012986,2026-06-04,1,1
M01066,B01,P1,PAY013325,2026-06-30,1,0
M01067,B01,P2,PAY001067,2026-05-20,1,1
M01067,B01,P2,PAY013139,2026-06-16,1,1
M01068,B01,P1,PAY001068,2026-06-24,0,0
M01070,B01,P2,PAY001070,2026-06-30,0,0
M01071,B01,P2,PAY001071,2026-06-26,0,0
M01076,B01,P1,PAY001076,2026-06-03,1,1
M01079,B01,P1,PAY001079,2026-06-23,0,0
M01081,B01,P2,PAY001081,2026-06-11,1,1
M01085,B01,P1,PAY001085,2026-06-02,1,1
M01086,B01,P1,PAY001086,2026-06-12,1,1
M01091,B01,P1,PAY001091,2026-06-05,1,1
M01094,B01,P1,PAY001094,2026-06-07,1,1
M01095,B01,P1,PAY001095,2026-06-11,1,1
M01098,B01,P2,PAY001098,2026-06-02,1,1
M01098,B01,P2,PAY013293,2026-06-28,1,0
M01099,B01,P1,PAY001099,2026-06-25,0,0
M01101,B01,P1,PAY001101,2026-06-18,1,0
M01103,B01,P1,PAY001103,2026-06-19,0,0
M01105,B01,P1,PAY001105,2026-06-12,1,1
M01106,B01,P2,PAY001106,2026-06-23,1,0
M01108,B01,P2,PAY001108,2026-06-02,1,1
M01109,B01,P1,PAY001109,2026-06-24,1,0
M01112,B01,P1,PAY001112,2026-06-10,1,1
M01115,B01,P2,PAY001115,2026-06-19,1,0
M01156,B02,P3,PAY001156,2025-01-21,1,1
M01156,B02,P4,PAY005556,2025-07-17,1,1
M01156,B02,P4,PAY009126,2026-01-22,1,1
M01157,B02,P1,PAY001157,2025-01-24,1,1
M01157,B02,P1,PAY005647,2025-02-20,0,1
M01158,B02,P4,PAY001158,2025-01-26,1,1
M01158,B02,P5,PAY005706,2026-01-27,1,1
M01159,B02,P3,PAY001159,2025-02-15,1,1
M01159,B02,P3,PAY006188,2025-05-13,1,1
M01159,B02,P3,PAY008073,2025-08-18,1,1
M01159,B02,P3,PAY009590,2025-11-27,1,1
M01159,B02,P3,PAY010889,2026-03-07,1,1
M01159,B02,P3,PAY012152,2026-06-09,1,1
M01160,B02,P1,PAY001160,2025-01-19,1,1
M01160,B02,P1,PAY005496,2025-02-21,0,1
M01161,B02,P1,PAY001161,2025-01-16,1,1
M01161,B02,P1,PAY005411,2025-02-14,1,1
M01161,B02,P1,PAY006162,2025-03-11,1,1
M01161,B02,P1,PAY006795,2025-04-17,1,1
M01161,B02,P1,PAY007570,2025-05-13,1,1
M01161,B02,P1,PAY008074,2025-06-17,1,1
M01161,B02,P1,PAY008628,2025-07-16,1,1
M01161,B02,P1,PAY009109,2025-08-15,0,1
M01162,B02,P3,PAY001162,2025-02-24,1,1
M01162,B02,P3,PAY006414,2025-06-06,0,1
M01163,B02,P3,PAY001163,2025-03-03,1,1
M01163,B02,P3,PAY006612,2025-06-07,1,1
M01163,B02,P3,PAY008475,2025-09-04,1,1
M01163,B02,P3,PAY009816,2025-12-12,1,1
M01163,B02,P1,PAY011079,2026-01-13,1,1
M01163,B02,P1,PAY011441,2026-02-09,1,1
M01163,B02,P1,PAY011782,2026-03-12,1,1
M01163,B02,P1,PAY012230,2026-04-14,1,1
M01163,B02,P1,PAY012667,2026-05-24,1,1
M01163,B02,P1,PAY013195,2026-06-19,1,0
M01164,B02,P4,PAY001164,2025-04-04,1,1
M01164,B02,P4,PAY007284,2025-10-01,1,1
M01164,B02,P4,PAY010195,2026-03-28,1,1
M01165,B02,P1,PAY001165,2025-01-14,1,1
M01165,B02,P1,PAY005348,2025-02-09,1,1
M01165,B02,P1,PAY006035,2025-03-16,1,1
M01165,B02,P1,PAY006900,2025-04-11,1,1
M01165,B02,P1,PAY007439,2025-05-19,1,1
M01165,B02,P1,PAY008174,2025-06-18,1,1
M01165,B02,P1,PAY008649,2025-07-15,1,1
M01165,B02,P1,PAY009087,2025-08-25,1,1
M01165,B02,P1,PAY009687,2025-09-28,0,1
M01166,B02,P1,PAY001166,2025-01-13,1,1
M01166,B02,P1,PAY005310,2025-02-17,1,1
M01166,B02,P1,PAY006229,2025-03-21,0,1
M01167,B02,P5,PAY001167,2025-10-09,0,1
M01168,B02,P1,PAY001168,2025-01-19,1,1
M01168,B02,P1,PAY005497,2025-02-15,1,1
M01168,B02,P1,PAY006189,2025-03-11,1,1
M01168,B02,P1,PAY006796,2025-04-12,1,1
M01168,B02,P3,PAY007465,2025-07-10,1,1
M01168,B02,P3,PAY008994,2025-10-12,0,1
M01169,B02,P1,PAY001169,2025-01-21,0,1
M01170,B02,P1,PAY001170,2025-01-10,0,1
M01171,B02,P1,PAY001171,2025-01-21,1,1
M01171,B02,P1,PAY005557,2025-02-23,0,1
M01172,B02,P3,PAY001172,2025-01-10,0,1
M01173,B02,P2,PAY001173,2025-01-27,1,1
M01173,B02,P2,PAY005729,2025-02-25,1,1
M01173,B02,P2,PAY006440,2025-03-22,1,1
M01173,B02,P4,PAY007044,2025-09-26,0,1
M01174,B02,P3,PAY001174,2025-01-31,1,1
M01174,B02,P3,PAY005858,2025-04-30,1,1
M01174,B02,P3,PAY007822,2025-07-27,1,1
M01174,B02,P3,PAY009294,2025-10-29,1,1
M01174,B02,P3,PAY010553,2026-01-25,1,1
M01174,B02,P3,PAY011609,2026-05-01,1,1
M01175,B02,P1,PAY001175,2025-01-10,1,1
M01175,B02,P1,PAY005203,2025-02-17,0,1
M01176,B02,P3,PAY001176,2025-02-20,1,1
M01176,B02,P3,PAY006312,2025-05-17,1,1
M01176,B02,P1,PAY008140,2025-06-17,1,1
M01176,B02,P1,PAY008629,2025-07-12,1,1
M01176,B02,P1,PAY009032,2025-08-21,1,1
M01176,B02,P1,PAY009624,2025-09-29,1,1
M01176,B02,P1,PAY010155,2025-11-07,1,1
M01176,B02,P1,PAY010660,2025-12-08,1,1
M01176,B02,P1,PAY011037,2026-01-05,1,1
M01176,B02,P1,PAY011346,2026-02-14,1,1
M01176,B02,P1,PAY011855,2026-03-12,1,1
M01176,B02,P1,PAY012231,2026-04-18,1,1
M01177,B02,P4,PAY001177,2025-01-24,1,1
M01177,B02,P4,PAY005648,2025-07-24,1,1
M01177,B02,P3,PAY009239,2025-10-20,1,1
M01177,B02,P3,PAY010431,2026-01-31,0,1
M01178,B02,P1,PAY001178,2025-01-18,0,1
M01179,B02,P3,PAY001179,2025-01-09,0,1
M01180,B02,P1,PAY001180,2025-01-12,0,1
M01181,B02,P1,PAY001181,2025-01-09,1,1
M01181,B02,P1,PAY005166,2025-02-17,1,1
M01181,B02,P1,PAY006230,2025-03-18,0,1
M01182,B02,P2,PAY001182,2025-01-03,0,1
M01183,B02,P1,PAY001183,2025-01-19,0,1
M01184,B02,P3,PAY001184,2025-01-08,1,1
M01184,B02,P3,PAY005137,2025-04-19,1,1
M01184,B02,P3,PAY007605,2025-07-24,1,1
M01184,B02,P4,PAY009240,2026-01-31,0,1
M01185,B02,P1,PAY001185,2025-01-11,1,1
M01185,B02,P1,PAY005236,2025-02-12,1,1
M01185,B02,P3,PAY006111,2025-05-11,0,1
M01186,B02,P4,PAY001186,2025-02-11,0,1
M01187,B02,P5,PAY001187,2025-03-26,1,1
M01187,B02,P5,PAY007131,2026-03-22,1,1
M01188,B02,P1,PAY001188,2025-01-29,1,1
M01188,B02,P1,PAY005798,2025-03-05,0,1
M01189,B02,P1,PAY001189,2025-01-20,0,1
M01190,B02,P5,PAY001190,2025-10-29,1,1
M01191,B02,P3,PAY001191,2025-02-14,1,1
M01191,B02,P3,PAY006163,2025-05-10,1,1
M01191,B02,P3,PAY008023,2025-08-07,1,1
M01191,B02,P3,PAY009454,2025-11-06,1,1
M01191,B02,P3,PAY010643,2026-02-08,1,1
M01191,B02,P3,PAY011761,2026-05-10,1,1
M01192,B02,P1,PAY001192,2025-01-03,1,1
M01192,B02,P1,PAY004987,2025-02-06,1,1
M01192,B02,P1,PAY005969,2025-03-04,1,1
M01192,B02,P1,PAY006637,2025-04-07,0,1
M01193,B02,P3,PAY001193,2025-01-23,1,1
M01193,B02,P3,PAY005622,2025-04-19,1,1
M01193,B02,P1,PAY007606,2025-05-30,1,1
M01193,B02,P1,PAY008352,2025-06-26,1,1
M01193,B02,P1,PAY008767,2025-07-23,1,1
M01193,B02,P1,PAY009219,2025-08-26,1,1
M01193,B02,P1,PAY009710,2025-09-23,1,1
M01193,B02,P1,PAY010071,2025-10-23,1,1
M01193,B02,P1,PAY010468,2025-11-18,1,1
M01193,B02,P1,PAY010785,2025-12-16,1,1
M01193,B02,P1,PAY011122,2026-01-12,0,1
M01194,B02,P3,PAY001194,2025-02-04,1,1
M01194,B02,P3,PAY005919,2025-05-15,0,1
M01195,B02,P3,PAY001195,2025-03-17,1,1
M01195,B02,P3,PAY006922,2025-06-21,1,1
M01195,B02,P3,PAY008690,2025-09-25,1,1
M01195,B02,P3,PAY010101,2026-01-03,1,1
M01195,B02,P3,PAY011328,2026-03-31,1,1
M01196,B02,P1,PAY001196,2025-01-04,1,1
M01196,B02,P1,PAY005031,2025-02-11,1,1
M01196,B02,P1,PAY006086,2025-03-08,1,1
M01196,B02,P1,PAY006731,2025-04-14,0,1
M01197,B02,P5,PAY001197,2025-04-15,1,1
M01197,B02,P5,PAY007528,2026-04-11,0,1
M01198,B02,P1,PAY001198,2025-01-12,0,1
M01199,B02,P4,PAY001199,2025-01-12,1,1
M01199,B02,P4,PAY005277,2025-07-19,1,1
M01199,B02,P4,PAY009154,2026-01-14,1,1
M01200,B02,P2,PAY001200,2025-01-12,1,1
M01200,B02,P2,PAY005278,2025-02-22,1,1
M01200,B02,P2,PAY006365,2025-03-20,1,1
M01200,B02,P2,PAY006993,2025-04-30,1,1
M01200,B02,P2,PAY007823,2025-06-08,0,1
M01201,B02,P3,PAY001201,2025-01-04,1,1
M01201,B02,P3,PAY005032,2025-04-14,1,1
M01201,B02,P3,PAY007510,2025-07-16,1,1
M01201,B02,P3,PAY009110,2025-10-25,1,1
M01201,B02,P3,PAY010496,2026-01-25,0,1
M01202,B02,P5,PAY001202,2025-10-10,0,1
M01203,B02,P4,PAY001203,2025-01-10,1,1
M01203,B02,P4,PAY005204,2025-07-20,1,1
M01203,B02,P4,PAY009169,2026-01-25,1,1
M01204,B02,P3,PAY001204,2025-02-19,1,1
M01204,B02,P3,PAY006287,2025-05-20,1,1
M01204,B02,P3,PAY008186,2025-08-30,1,1
M01204,B02,P3,PAY009757,2025-12-04,1,1
M01204,B02,P3,PAY010990,2026-03-13,1,1
M01204,B02,P3,PAY012248,2026-06-21,1,0
M01205,B02,P1,PAY001205,2025-01-06,1,1
M01205,B02,P1,PAY005088,2025-02-02,1,1
M01205,B02,P1,PAY005886,2025-02-28,1,1
M01205,B02,P1,PAY006504,2025-03-25,1,1
M01205,B02,P1,PAY007111,2025-05-01,0,1
M01206,B02,P4,PAY001206,2025-01-22,1,1
M01206,B02,P1,PAY005591,2025-02-26,1,1
M01206,B02,P1,PAY006463,2025-03-27,1,1
M01206,B02,P1,PAY007151,2025-05-07,1,1
M01206,B02,P1,PAY007962,2025-06-10,1,1
M01206,B02,P3,PAY008517,2025-09-21,1,1
M01206,B02,P3,PAY010043,2025-12-30,1,1
M01207,B02,P5,PAY001207,2025-06-07,1,1
M01207,B02,P5,PAY008476,2026-06-13,1,1
M01208,B02,P1,PAY001208,2025-01-27,1,1
M01208,B02,P1,PAY005730,2025-02-28,1,1
M01208,B02,P1,PAY006505,2025-04-07,1,1
M01208,B02,P1,PAY007354,2025-05-14,1,1
M01208,B02,P1,PAY008087,2025-06-16,0,1
M01209,B02,P2,PAY001209,2025-01-30,1,1
M01209,B02,P2,PAY005828,2025-03-03,0,1
M01210,B02,P3,PAY001210,2025-02-03,1,1
M01210,B02,P3,PAY005898,2025-05-14,1,1
M01210,B02,P3,PAY008088,2025-08-21,1,1
M01210,B02,P3,PAY009625,2025-11-27,1,1
M01210,B02,P3,PAY010890,2026-03-04,1,1
M01210,B02,P3,PAY012110,2026-06-03,1,1
M01211,B02,P3,PAY001211,2025-01-05,1,1
M01211,B02,P3,PAY005061,2025-04-04,1,1
M01211,B02,P3,PAY007285,2025-06-30,1,1
M01211,B02,P3,PAY008840,2025-10-02,1,1
M01211,B02,P3,PAY010210,2026-01-13,1,1
M01211,B02,P3,PAY011442,2026-04-23,1,1
M01212,B02,P1,PAY001212,2025-01-28,1,1
M01212,B02,P1,PAY005764,2025-02-28,0,1
M01213,B02,P3,PAY001213,2025-03-31,1,1
M01213,B02,P4,PAY007199,2025-10-11,0,1
M01214,B02,P2,PAY001214,2025-01-11,1,1
M01214,B02,P5,PAY005237,2026-01-07,1,1
M01215,B02,P4,PAY001215,2025-03-13,1,1
M01215,B02,P4,PAY006837,2025-09-14,1,1
M01215,B02,P4,PAY009945,2026-03-16,0,1
M01216,B02,P3,PAY001216,2025-03-23,1,1
M01216,B02,P3,PAY007067,2025-06-26,1,1
M01216,B02,P3,PAY008768,2025-10-03,1,1
M01216,B02,P3,PAY010218,2026-01-02,1,1
M01216,B02,P3,PAY011311,2026-04-05,1,1
M01217,B02,P2,PAY001217,2025-01-22,1,1
M01217,B02,P4,PAY005592,2025-07-29,0,1
M01218,B02,P1,PAY001218,2025-01-03,0,1
M01219,B02,P4,PAY001219,2025-02-24,1,1
M01219,B02,P4,PAY006415,2025-09-05,1,1
M01219,B02,P4,PAY009826,2026-03-16,1,1
M01220,B02,P1,PAY001220,2025-01-24,1,1
M01220,B02,P3,PAY005649,2025-04-29,1,1
M01220,B02,P3,PAY007798,2025-08-07,0,1
M01221,B02,P1,PAY001221,2025-01-03,1,1
M01221,B02,P1,PAY004988,2025-02-14,1,1
M01221,B02,P1,PAY006164,2025-03-14,1,1
M01221,B02,P1,PAY006859,2025-04-12,1,1
M01221,B02,P1,PAY007466,2025-05-17,1,1
M01221,B02,P1,PAY008141,2025-06-27,1,1
M01221,B02,P1,PAY008781,2025-08-07,0,1
M01222,B02,P1,PAY001222,2025-01-10,1,1
M01222,B02,P1,PAY005205,2025-02-19,1,1
M01222,B02,P1,PAY006288,2025-03-18,1,1
M01222,B02,P1,PAY006942,2025-04-22,0,1
M01223,B02,P2,PAY001223,2025-01-30,1,1
M01223,B02,P2,PAY005829,2025-03-01,0,1
M01224,B02,P4,PAY001224,2025-05-30,1,1
M01224,B02,P4,PAY008353,2025-12-01,1,1
M01224,B02,P1,PAY010953,2026-01-09,1,1
M01224,B02,P1,PAY011393,2026-02-10,1,1
M01224,B02,P1,PAY011799,2026-03-20,1,1
M01224,B02,P1,PAY012337,2026-04-18,1,1
M01225,B02,P5,PAY001225,2025-03-28,1,1
M01225,B02,P5,PAY007175,2026-03-24,1,1
M01225,B02,P2,PAY012389,2026-04-22,1,1
M01225,B02,P2,PAY012795,2026-06-03,1,1
M01226,B02,P1,PAY001226,2025-01-16,1,1
M01226,B02,P1,PAY005412,2025-02-26,0,1
M01227,B02,P3,PAY001227,2025-01-29,1,1
M01227,B02,P3,PAY005799,2025-04-26,0,1
M01228,B02,P2,PAY001228,2025-01-03,0,1
M01229,B02,P4,PAY001229,2025-03-13,1,1
M01229,B02,P4,PAY006838,2025-09-14,1,1
M01229,B02,P4,PAY009946,2026-03-23,1,1
M01230,B02,P4,PAY001230,2025-04-11,1,1
M01230,B02,P4,PAY007440,2025-10-14,1,1
M01230,B02,P4,PAY010353,2026-04-19,0,1
M01231,B02,P1,PAY001231,2025-01-11,1,1
M01231,B02,P1,PAY005238,2025-02-18,1,1
M01231,B02,P1,PAY006253,2025-03-23,1,1
M01231,B02,P1,PAY007068,2025-04-27,1,1
M01231,B02,P1,PAY007764,2025-05-30,1,1
M01231,B02,P1,PAY008354,2025-06-30,1,1
M01231,B02,P1,PAY008841,2025-08-03,1,1
M01231,B02,P1,PAY009402,2025-09-08,0,1
M01232,B02,P1,PAY001232,2025-01-04,1,1
M01232,B02,P1,PAY005033,2025-02-12,1,1
M01232,B02,P1,PAY006112,2025-03-23,1,1
M01232,B02,P1,PAY007069,2025-05-02,1,1
M01232,B02,P1,PAY007880,2025-06-02,1,1
M01232,B02,P4,PAY008381,2025-12-02,1,1
M01232,B02,P4,PAY010965,2026-05-27,1,1
M01233,B02,P1,PAY001233,2025-01-12,0,1
M01234,B02,P3,PAY001234,2025-03-04,1,1
M01234,B02,P3,PAY006638,2025-05-28,0,1
M01235,B02,P3,PAY001235,2025-03-25,1,1
M01235,B02,P3,PAY007112,2025-06-22,1,1
M01235,B02,P3,PAY008703,2025-09-18,0,1
M01236,B02,P2,PAY001236,2025-01-11,1,1
M01236,B02,P2,PAY005239,2025-02-07,0,1
M01237,B02,P3,PAY001237,2025-02-07,1,1
M01237,B02,P3,PAY005990,2025-05-14,0,1
M01238,B02,P3,PAY001238,2025-01-04,1,1
M01238,B02,P3,PAY005034,2025-04-02,1,1
M01238,B02,P3,PAY007232,2025-07-12,0,1
M01239,B02,P3,PAY001239,2025-01-12,0,1
M01240,B02,P3,PAY001240,2025-01-08,0,1
M01241,B02,P5,PAY001241,2025-07-09,1,1
M01242,B02,P3,PAY001242,2025-01-31,0,1
M01243,B02,P2,PAY001243,2025-01-27,1,1
M01243,B02,P2,PAY005731,2025-03-04,1,1
M01243,B02,P2,PAY006639,2025-04-09,1,1
M01243,B02,P2,PAY007389,2025-05-19,0,1
M01244,B02,P4,PAY001244,2025-03-18,1,1
M01244,B02,P4,PAY006943,2025-09-20,1,1
M01244,B02,P4,PAY010024,2026-03-21,0,1
M01245,B02,P1,PAY001245,2025-01-10,1,1
M01245,B02,P1,PAY005206,2025-02-06,0,1
M01246,B02,P3,PAY001246,2025-02-08,0,1
M01247,B02,P3,PAY001247,2025-02-04,1,1
M01247,B02,P3,PAY005920,2025-04-30,0,1
M01248,B02,P1,PAY001248,2025-01-09,1,1
M01248,B02,P4,PAY005167,2025-07-05,0,1
M01249,B02,P1,PAY001249,2025-01-18,1,1
M01249,B02,P4,PAY005464,2025-07-21,1,1
M01249,B02,P4,PAY009191,2026-01-22,1,1
M01250,B02,P4,PAY001250,2025-05-11,1,1
M01250,B02,P4,PAY008045,2025-11-16,1,1
M01250,B02,P4,PAY010760,2026-05-16,1,1
M01251,B02,P3,PAY001251,2025-01-29,1,1
M01251,B02,P3,PAY005800,2025-04-26,1,1
M01251,B02,P3,PAY007754,2025-07-28,1,1
M01251,B02,P3,PAY009311,2025-10-25,0,1
M01252,B02,P1,PAY001252,2025-01-08,1,1
M01252,B02,P1,PAY005138,2025-02-06,1,1
M01252,B02,P5,PAY005970,2026-02-05,0,1
M01253,B02,P3,PAY001253,2025-03-29,1,1
M01253,B02,P3,PAY007189,2025-06-27,1,1
M01253,B02,P3,PAY008782,2025-09-30,1,1
M01253,B02,P1,PAY010174,2025-11-06,1,1
M01253,B02,P1,PAY010644,2025-12-12,1,1
M01253,B02,P1,PAY011080,2026-01-16,0,1
M01254,B02,P3,PAY001254,2025-03-12,1,1
M01254,B02,P3,PAY006813,2025-06-17,1,1
M01254,B02,P3,PAY008630,2025-09-20,1,1
M01254,B02,P3,PAY010025,2025-12-15,1,1
M01254,B02,P3,PAY011113,2026-03-13,0,1
M01255,B02,P1,PAY001255,2025-01-16,1,1
M01255,B02,P1,PAY005413,2025-02-27,0,1
M01256,B02,P2,PAY001256,2025-01-08,1,1
M01256,B02,P2,PAY005139,2025-02-05,1,1
M01256,B02,P2,PAY005942,2025-03-05,1,1
M01256,B02,P2,PAY006663,2025-04-11,1,1
M01256,B02,P4,PAY007441,2025-10-16,1,1
M01256,B02,P4,PAY010378,2026-04-19,1,1
M01257,B02,P3,PAY001257,2025-03-23,1,1
M01257,B02,P3,PAY007070,2025-06-30,0,1
M01258,B02,P1,PAY001258,2025-01-05,1,1
M01258,B02,P1,PAY005062,2025-02-11,1,1
M01258,B02,P1,PAY006087,2025-03-22,1,1
M01258,B02,P1,PAY007045,2025-05-02,1,1
M01258,B02,P1,PAY007881,2025-06-04,1,1
M01258,B02,P1,PAY008423,2025-07-11,1,1
M01258,B02,P1,PAY009014,2025-08-11,1,1
M01258,B02,P1,PAY009507,2025-09-10,1,1
M01258,B02,P3,PAY009891,2025-12-05,1,1
M01258,B02,P3,PAY011004,2026-03-01,0,1
M01259,B02,P1,PAY001259,2025-01-02,1,1
M01259,B02,P1,PAY004955,2025-02-10,1,1
M01259,B02,P1,PAY006064,2025-03-11,1,1
M01259,B02,P2,PAY006797,2025-04-16,1,1
M01259,B02,P2,PAY007544,2025-05-17,1,1
M01259,B02,P2,PAY008142,2025-06-17,1,1
M01259,B02,P2,PAY008631,2025-07-19,1,1
M01259,B02,P2,PAY009155,2025-08-28,1,1
M01259,B02,P2,PAY009733,2025-10-06,1,1
M01259,B02,P2,PAY010253,2025-11-08,1,1
M01259,B02,P2,PAY010673,2025-12-04,1,1
M01259,B02,P2,PAY010991,2026-01-06,1,1
M01259,B02,P2,PAY011354,2026-02-14,1,1
M01259,B02,P2,PAY011856,2026-03-23,1,1
M01259,B02,P2,PAY012377,2026-04-21,1,1
M01259,B02,P2,PAY012771,2026-06-02,1,1
M01260,B02,P4,PAY001260,2025-04-23,0,1
M01261,B02,P1,PAY001261,2025-01-15,1,1
M01261,B02,P1,PAY005378,2025-02-24,0,1
M01262,B02,P1,PAY001262,2025-01-13,1,1
M01262,B02,P1,PAY005311,2025-02-23,1,1
M01262,B02,P1,PAY006389,2025-04-02,0,1
M01263,B02,P3,PAY001263,2025-01-17,0,1
M01264,B02,P1,PAY001264,2025-01-27,1,1
M01264,B02,P1,PAY005732,2025-02-23,1,1
M01264,B02,P1,PAY006390,2025-03-24,1,1
M01264,B02,P1,PAY007088,2025-05-04,1,1
M01264,B02,P4,PAY007914,2025-11-02,1,1
M01264,B02,P1,PAY010590,2025-12-09,1,1
M01264,B02,P1,PAY011049,2026-01-12,0,1
M01265,B02,P1,PAY001265,2025-01-07,1,1
M01265,B02,P1,PAY005110,2025-02-14,1,1
M01265,B02,P1,PAY006165,2025-03-09,1,1
M01265,B02,P1,PAY006756,2025-04-10,1,1
M01265,B02,P1,PAY007414,2025-05-18,1,1
M01265,B02,P1,PAY008160,2025-06-13,0,1
M01266,B02,P4,PAY001266,2025-01-08,1,1
M01266,B02,P1,PAY005140,2025-02-10,1,1
M01266,B02,P1,PAY006065,2025-03-09,0,1
M01267,B02,P2,PAY001267,2025-01-22,1,1
M01267,B02,P2,PAY005593,2025-02-27,0,1
M01268,B02,P1,PAY001268,2025-01-15,1,1
M01268,B02,P1,PAY005379,2025-02-17,1,1
M01268,B02,P1,PAY006231,2025-03-24,1,1
M01268,B02,P1,PAY007089,2025-04-21,1,1
M01268,B02,P1,PAY007640,2025-05-29,0,1
M01269,B02,P1,PAY001269,2025-01-15,1,1
M01269,B02,P1,PAY005380,2025-02-16,1,1
M01269,B02,P1,PAY006213,2025-03-26,1,1
M01269,B02,P1,PAY007132,2025-05-06,1,1
M01269,B02,P1,PAY007949,2025-06-01,1,1
M01269,B02,P1,PAY008367,2025-07-11,1,1
M01269,B02,P2,PAY009015,2025-08-20,1,1
M01269,B02,P2,PAY009613,2025-09-29,1,1
M01269,B02,P2,PAY010156,2025-10-24,1,1
M01269,B02,P2,PAY010475,2025-11-25,1,1
M01269,B02,P3,PAY010862,2026-02-22,0,1
M01270,B02,P3,PAY001270,2025-01-31,1,1
M01270,B02,P3,PAY005859,2025-04-29,0,1
M01271,B02,P1,PAY001271,2025-01-09,1,1
M01271,B02,P1,PAY005168,2025-02-16,0,1
M01272,B02,P5,PAY001272,2025-05-27,0,1
M01273,B02,P1,PAY001273,2025-01-04,1,1
M01273,B02,P1,PAY005035,2025-02-14,1,1
M01273,B02,P1,PAY006166,2025-03-12,1,1
M01273,B02,P1,PAY006814,2025-04-21,1,1
M01273,B02,P1,PAY007641,2025-05-24,1,1
M01273,B02,P1,PAY008252,2025-07-01,0,1
M01274,B02,P3,PAY001274,2025-03-04,1,1
M01274,B02,P2,PAY006640,2025-04-15,0,1
M01275,B02,P1,PAY001275,2025-01-14,0,1
M01276,B02,P1,PAY001276,2025-01-03,1,1
M01276,B02,P1,PAY004989,2025-01-30,1,1
M01276,B02,P1,PAY005830,2025-03-05,1,1
M01276,B02,P1,PAY006664,2025-04-12,0,1
M01277,B02,P1,PAY001277,2025-01-11,1,1
M01277,B02,P1,PAY005240,2025-02-20,1,1
M01277,B02,P1,PAY006313,2025-04-01,1,1
M01277,B02,P1,PAY007212,2025-04-29,0,1
M01278,B02,P4,PAY001278,2025-01-16,1,1
M01278,B02,P4,PAY005414,2025-07-16,0,1
M01279,B02,P1,PAY001279,2025-01-11,1,1
M01279,B02,P1,PAY005241,2025-02-15,1,1
M01279,B02,P1,PAY006190,2025-03-23,1,1
M01279,B02,P1,PAY007071,2025-04-22,0,1
M01280,B02,P1,PAY001280,2025-01-17,1,1
M01280,B02,P1,PAY005432,2025-02-18,1,1
M01280,B02,P1,PAY006254,2025-03-22,1,1
M01280,B02,P1,PAY007046,2025-04-20,1,1
M01280,B02,P3,PAY007628,2025-07-23,1,1
M01280,B02,P2,PAY009220,2025-09-02,1,1
M01280,B02,P3,PAY009797,2025-12-01,0,1
M01281,B02,P3,PAY001281,2025-03-26,1,1
M01281,B02,P3,PAY007133,2025-07-01,0,1
M01282,B02,P5,PAY001282,2025-08-15,1,1
M01282,B02,P4,PAY009556,2026-02-11,1,1
M01283,B02,P2,PAY001283,2025-01-30,1,1
M01283,B02,P2,PAY005831,2025-02-27,1,1
M01283,B02,P2,PAY006478,2025-03-28,0,1
M01284,B02,P1,PAY001284,2025-01-04,1,1
M01284,B02,P1,PAY005036,2025-02-04,1,1
M01284,B02,P1,PAY005921,2025-03-11,1,1
M01284,B02,P1,PAY006798,2025-04-12,1,1
M01284,B02,P1,PAY007467,2025-05-07,1,1
M01284,B02,P1,PAY007963,2025-06-16,0,1
M01285,B02,P1,PAY001285,2025-01-28,1,1
M01285,B02,P1,PAY005765,2025-03-02,1,1
M01285,B02,P1,PAY006595,2025-03-28,1,1
M01285,B02,P3,PAY007176,2025-06-28,1,1
M01285,B02,P3,PAY008800,2025-10-07,1,1
M01285,B02,P3,PAY010263,2026-01-13,1,1
M01285,B02,P3,PAY011443,2026-04-11,1,1
M01286,B02,P4,PAY001286,2025-03-01,1,1
M01286,B02,P4,PAY006578,2025-09-11,0,1
M01287,B02,P5,PAY001287,2025-12-02,1,1
M01288,B02,P4,PAY001288,2025-01-09,1,1
M01288,B02,P4,PAY005169,2025-07-07,0,1
M01289,B02,P4,PAY001289,2025-05-01,1,1
M01289,B02,P4,PAY007863,2025-11-02,1,1
M01289,B02,P4,PAY010591,2026-05-04,1,1
M01290,B02,P3,PAY001290,2025-03-11,0,1
M01291,B02,P2,PAY001291,2025-01-26,0,1
M01292,B02,P4,PAY001292,2025-04-12,1,1
M01292,B02,P4,PAY007468,2025-10-21,1,1
M01292,B02,P4,PAY010443,2026-04-24,1,1
M01292,B02,P2,PAY012822,2026-05-19,0,1
M01293,B02,P5,PAY001293,2025-11-08,1,1
M01294,B02,P3,PAY001294,2025-03-21,1,1
M01294,B02,P3,PAY007019,2025-06-19,1,1
M01294,B02,P3,PAY008667,2025-09-14,1,1
M01294,B02,P3,PAY009947,2025-12-22,1,1
M01294,B02,P3,PAY011179,2026-03-30,1,1
M01294,B02,P3,PAY012463,2026-06-30,0,0
M01295,B02,P1,PAY001295,2025-01-08,1,1
M01295,B02,P3,PAY005141,2025-04-13,1,1
M01295,B02,P3,PAY007491,2025-07-18,1,1
M01295,B02,P3,PAY009138,2025-10-23,0,1
M01296,B02,P4,PAY001296,2025-02-04,1,1
M01296,B02,P4,PAY005922,2025-08-13,0,1
M01297,B02,P4,PAY001297,2025-03-01,1,1
M01297,B02,P4,PAY006579,2025-08-26,1,1
M01297,B02,P4,PAY009711,2026-02-28,1,1
M01298,B02,P5,PAY001298,2025-01-25,1,1
M01298,B02,P1,PAY005676,2025-03-03,1,1
M01298,B02,P1,PAY006613,2025-04-13,1,1
M01298,B02,P1,PAY007492,2025-05-13,1,1
M01298,B02,P1,PAY008075,2025-06-11,1,1
M01298,B02,P2,PAY008531,2025-07-06,1,1
M01298,B02,P2,PAY008935,2025-08-10,1,1
M01298,B02,P2,PAY009499,2025-09-13,1,1
M01298,B02,P2,PAY009931,2025-10-17,0,1
M01299,B02,P5,PAY001299,2025-11-15,1,1
M01300,B02,P3,PAY001300,2025-03-26,1,1
M01300,B02,P3,PAY007134,2025-06-30,1,1
M01300,B02,P3,PAY008842,2025-10-09,1,1
M01300,B02,P3,PAY010285,2026-01-06,1,1
M01300,B02,P3,PAY011355,2026-04-04,1,1
M01301,B02,P3,PAY001301,2025-01-16,1,1
M01301,B02,P3,PAY005415,2025-04-26,1,1
M01301,B02,P1,PAY007755,2025-06-03,1,1
M01301,B02,P4,PAY008399,2025-12-13,1,1
M01301,B02,P4,PAY011091,2026-06-21,1,0
M01302,B02,P3,PAY001302,2025-01-10,0,1
M01303,B02,P1,PAY001303,2025-01-03,1,1
M01303,B02,P1,PAY004990,2025-02-09,1,1
M01303,B02,P1,PAY006036,2025-03-12,1,1
M01303,B02,P1,PAY006815,2025-04-08,1,1
M01303,B02,P1,PAY007370,2025-05-14,1,1
M01303,B02,P1,PAY008089,2025-06-25,1,1
M01303,B02,P1,PAY008753,2025-08-03,0,1
M01304,B02,P1,PAY001304,2025-01-27,1,1
M01304,B02,P1,PAY005733,2025-02-28,1,1
M01304,B02,P3,PAY006506,2025-05-24,0,1
M01305,B02,P2,PAY001305,2025-01-17,1,1
M01305,B02,P2,PAY005433,2025-02-16,1,1
M01305,B02,P2,PAY006214,2025-03-20,0,1
M01306,B02,P3,PAY001306,2025-02-05,1,1
M01306,B02,P3,PAY005943,2025-05-06,1,1
M01306,B02,P5,PAY007950,2026-05-14,1,1
M01307,B02,P3,PAY001307,2025-01-24,1,1
M01307,B02,P3,PAY005650,2025-05-02,1,1
M01307,B02,P3,PAY007882,2025-08-10,1,1
M01307,B02,P3,PAY009500,2025-11-19,1,1
M01307,B02,P3,PAY010800,2026-02-24,1,1
M01307,B02,P3,PAY011987,2026-06-01,1,1
M01308,B02,P1,PAY001308,2025-01-13,1,1
M01308,B02,P1,PAY005312,2025-02-17,1,1
M01308,B02,P1,PAY006232,2025-03-13,1,1
M01308,B02,P1,PAY006839,2025-04-15,1,1
M01308,B02,P3,PAY007529,2025-07-23,1,1
M01308,B02,P3,PAY009221,2025-10-25,1,1
M01308,B02,P3,PAY010497,2026-02-01,1,1
M01308,B02,P3,PAY011687,2026-05-05,1,1
M01309,B02,P4,PAY001309,2025-06-12,1,1
M01309,B02,P4,PAY008545,2025-12-21,1,1
M01309,B02,P4,PAY011168,2026-06-30,0,0
M01310,B02,P3,PAY001310,2025-02-27,0,1
M01311,B02,P1,PAY001311,2025-01-12,1,1
M01311,B02,P3,PAY005279,2025-04-19,0,1
M01312,B02,P5,PAY001312,2025-03-17,1,1
M01312,B02,P5,PAY006923,2026-03-16,1,1
M01313,B02,P4,PAY001313,2025-03-15,1,1
M01313,B02,P4,PAY006878,2025-09-10,1,1
M01313,B02,P1,PAY009892,2025-10-20,1,1
M01313,B02,P1,PAY010432,2025-11-22,1,1
M01313,B02,P1,PAY010832,2025-12-26,0,1
M01314,B02,P3,PAY001314,2025-03-29,0,1
M01315,B02,P5,PAY001315,2025-12-22,1,1
M01316,B02,P5,PAY001316,2025-08-31,1,1
M01317,B02,P1,PAY001317,2025-01-09,1,1
M01317,B02,P1,PAY005170,2025-02-04,1,1
M01317,B02,P1,PAY005923,2025-03-09,0,1
M01318,B02,P5,PAY001318,2025-05-26,1,1
M01318,B02,P5,PAY008287,2026-06-04,1,1
M01319,B02,P2,PAY001319,2025-01-21,1,1
M01319,B02,P2,PAY005558,2025-02-24,1,1
M01319,B02,P2,PAY006416,2025-03-28,0,1
M01320,B02,P1,PAY001320,2025-01-25,0,1
M01321,B02,P3,PAY001321,2025-01-30,1,1
M01321,B02,P4,PAY005832,2025-07-29,1,1
M01321,B02,P4,PAY009332,2026-01-30,0,1
M01322,B02,P1,PAY001322,2025-01-25,1,1
M01322,B02,P1,PAY005677,2025-03-05,1,1
M01322,B02,P1,PAY006665,2025-04-11,1,1
M01322,B02,P1,PAY007442,2025-05-19,1,1
M01322,B02,P1,PAY008175,2025-06-27,1,1
M01322,B02,P1,PAY008783,2025-08-02,1,1
M01322,B02,P1,PAY009391,2025-09-10,0,1
M01323,B02,P1,PAY001323,2025-01-14,0,1
M01324,B02,P4,PAY001324,2025-06-26,0,1
M01325,B02,P5,PAY001325,2025-10-21,0,1
M01326,B02,P2,PAY001326,2025-01-28,1,1
M01326,B02,P2,PAY005766,2025-02-27,1,1
M01326,B02,P2,PAY006479,2025-03-26,1,1
M01326,B02,P2,PAY007135,2025-04-29,1,1
M01326,B02,P2,PAY007799,2025-06-10,1,1
M01326,B02,P2,PAY008518,2025-07-12,1,1
M01326,B02,P2,PAY009033,2025-08-13,1,1
M01326,B02,P2,PAY009530,2025-09-20,0,1
M01327,B02,P3,PAY001327,2025-01-31,0,1
M01328,B02,P1,PAY001328,2025-01-24,1,1
M01328,B02,P1,PAY005651,2025-03-01,0,1
M01329,B02,P1,PAY001329,2025-01-25,1,1
M01329,B02,P1,PAY005678,2025-03-04,0,1
M01330,B02,P1,PAY001330,2025-01-04,1,1
M01330,B02,P1,PAY005037,2025-02-04,1,1
M01330,B02,P1,PAY005924,2025-02-28,1,1
M01330,B02,P1,PAY006507,2025-04-08,1,1
M01330,B02,P1,PAY007371,2025-05-04,1,1
M01330,B02,P1,PAY007915,2025-06-02,0,1
M01331,B02,P4,PAY001331,2025-06-09,0,1
M01332,B02,P4,PAY001332,2025-02-25,1,1
M01332,B02,P4,PAY006441,2025-09-02,0,1
M01333,B02,P3,PAY001333,2025-03-03,0,1
M01334,B02,P3,PAY001334,2025-02-02,0,1
M01335,B02,P1,PAY001335,2025-01-10,1,1
M01335,B02,P1,PAY005207,2025-02-08,1,1
M01335,B02,P1,PAY006012,2025-03-15,1,1
M01335,B02,P3,PAY006879,2025-06-16,1,1
M01335,B02,P3,PAY008616,2025-09-18,1,1
M01335,B02,P2,PAY010000,2025-10-26,1,1
M01335,B02,P2,PAY010509,2025-11-21,1,1
M01335,B02,P2,PAY010821,2026-01-02,1,1
M01335,B02,P2,PAY011312,2026-02-04,1,1
M01335,B02,P2,PAY011717,2026-03-05,1,1
M01335,B02,P2,PAY012123,2026-04-10,1,1
M01335,B02,P2,PAY012616,2026-05-12,1,1
M01335,B02,P2,PAY013043,2026-06-23,1,0
M01336,B02,P2,PAY001336,2025-01-26,1,1
M01336,B02,P2,PAY005707,2025-02-28,1,1
M01336,B02,P2,PAY006508,2025-04-04,1,1
M01336,B02,P2,PAY007286,2025-05-09,1,1
M01336,B02,P2,PAY008001,2025-06-06,1,1
M01336,B02,P2,PAY008458,2025-07-12,1,1
M01336,B02,P2,PAY009034,2025-08-13,1,1
M01336,B02,P2,PAY009531,2025-09-19,0,1
M01337,B02,P1,PAY001337,2025-01-03,1,1
M01337,B02,P1,PAY004991,2025-02-13,0,1
M01338,B02,P5,PAY001338,2025-09-29,1,1
M01339,B02,P4,PAY001339,2025-03-30,0,1
M01340,B02,P2,PAY001340,2025-01-03,1,1
M01340,B02,P2,PAY004992,2025-02-05,1,1
M01340,B02,P2,PAY005944,2025-03-14,1,1
M01340,B02,P2,PAY006860,2025-04-21,1,1
M01340,B02,P2,PAY007642,2025-05-18,1,1
M01340,B02,P2,PAY008161,2025-06-15,1,1
M01340,B02,P2,PAY008600,2025-07-18,0,1
M01341,B02,P4,PAY001341,2025-02-10,1,1
M01341,B02,P4,PAY006066,2025-08-14,1,1
M01341,B02,P4,PAY009541,2026-02-19,1,1
M01342,B02,P2,PAY001342,2025-01-21,1,1
M01342,B02,P2,PAY005559,2025-02-25,1,1
M01342,B02,P4,PAY006442,2025-09-08,1,1
M01342,B02,P4,PAY009864,2026-03-19,1,1
M01343,B02,P1,PAY001343,2025-01-06,1,1
M01343,B02,P1,PAY005089,2025-02-15,1,1
M01343,B02,P1,PAY006191,2025-03-10,1,1
M01343,B02,P1,PAY006777,2025-04-14,1,1
M01343,B02,P1,PAY007511,2025-05-21,1,1
M01343,B02,P1,PAY008206,2025-07-01,1,1
M01343,B02,P1,PAY008866,2025-08-03,1,1
M01343,B02,P1,PAY009403,2025-08-31,1,1
M01343,B02,P1,PAY009771,2025-09-27,1,1
M01343,B02,P1,PAY010127,2025-11-08,0,1
M01344,B02,P2,PAY001344,2025-01-02,1,1
M01344,B02,P2,PAY004956,2025-02-09,0,1
M01345,B02,P2,PAY001345,2025-01-05,0,1
M01346,B02,P3,PAY001346,2025-01-30,1,1
M01346,B02,P3,PAY005833,2025-04-30,1,1
M01346,B02,P4,PAY007824,2025-11-05,1,1
M01346,B02,P3,PAY010627,2026-02-13,1,1
M01346,B02,P3,PAY011839,2026-05-09,1,1
M01346,B02,P1,PAY013018,2026-06-06,1,1
M01347,B02,P4,PAY001347,2025-05-30,1,1
M01347,B02,P4,PAY008362,2025-11-26,1,1
M01347,B02,P4,PAY010878,2026-05-23,0,1
M01348,B02,P1,PAY001348,2025-01-22,1,1
M01348,B02,P1,PAY005594,2025-02-21,1,1
M01348,B02,P1,PAY006330,2025-03-19,1,1
M01348,B02,P1,PAY006960,2025-04-24,1,1
M01348,B02,P1,PAY007711,2025-05-30,1,1
M01348,B02,P1,PAY008355,2025-06-30,1,1
M01348,B02,P1,PAY008843,2025-08-03,1,1
M01348,B02,P1,PAY009404,2025-09-07,1,1
M01348,B02,P1,PAY009852,2025-10-03,1,1
M01348,B02,P1,PAY010219,2025-11-08,1,1
M01348,B02,P3,PAY010675,2026-02-09,1,1
M01348,B02,P3,PAY011783,2026-05-17,1,1
M01349,B02,P2,PAY001349,2025-01-17,1,1
M01349,B02,P2,PAY005434,2025-02-28,0,1
M01350,B02,P2,PAY001350,2025-01-14,0,1
M01351,B02,P3,PAY001351,2025-02-16,0,1
M01352,B02,P2,PAY001352,2025-01-27,0,1
M01353,B02,P2,PAY001353,2025-01-13,1,1
M01353,B02,P2,PAY005313,2025-02-10,1,1
M01353,B02,P2,PAY006067,2025-03-15,1,1
M01353,B02,P2,PAY006880,2025-04-18,1,1
M01353,B02,P5,PAY007589,2026-04-13,1,1
M01354,B02,P5,PAY001354,2025-07-10,1,1
M01355,B02,P3,PAY001355,2025-02-11,1,1
M01355,B02,P3,PAY006088,2025-05-17,0,1
M01356,B02,P1,PAY001356,2025-01-03,1,1
M01356,B02,P1,PAY004993,2025-02-14,1,1
M01356,B02,P1,PAY006167,2025-03-09,1,1
M01356,B02,P1,PAY006757,2025-04-16,1,1
M01356,B02,P1,PAY007545,2025-05-20,1,1
M01356,B02,P1,PAY008187,2025-06-17,1,1
M01356,B02,P1,PAY008632,2025-07-21,1,1
M01356,B02,P1,PAY009192,2025-08-28,1,1
M01356,B02,P1,PAY009734,2025-10-05,0,1
M01357,B02,P2,PAY001357,2025-01-15,1,1
M01357,B02,P2,PAY005381,2025-02-26,0,1
M01358,B02,P3,PAY001358,2025-01-21,1,1
M01358,B02,P3,PAY005560,2025-04-24,1,1
M01358,B02,P3,PAY007712,2025-07-30,1,1
M01358,B02,P3,PAY009353,2025-11-08,1,1
M01358,B02,P3,PAY010676,2026-02-19,1,1
M01358,B02,P3,PAY011918,2026-05-18,1,1
M01359,B02,P4,PAY001359,2025-06-04,1,1
M01359,B02,P4,PAY008424,2025-12-02,1,1
M01359,B02,P4,PAY010967,2026-06-05,1,1
M01360,B02,P2,PAY001360,2025-01-30,1,1
M01360,B02,P2,PAY005834,2025-03-10,1,1
M01360,B02,P2,PAY006778,2025-04-18,1,1
M01360,B02,P2,PAY007590,2025-05-25,1,1
M01360,B02,P2,PAY008267,2025-06-24,0,1
M01361,B02,P1,PAY001361,2025-01-10,1,1
M01361,B02,P4,PAY005208,2025-07-20,1,1
M01361,B02,P4,PAY009170,2026-01-15,1,1
M01362,B02,P1,PAY001362,2025-01-24,1,1
M01362,B02,P1,PAY005652,2025-02-21,1,1
M01362,B02,P1,PAY006331,2025-03-16,1,1
M01362,B02,P1,PAY006901,2025-04-25,1,1
M01362,B02,P1,PAY007739,2025-05-25,1,1
M01362,B02,P1,PAY008268,2025-06-21,0,1
M01363,B02,P4,PAY001363,2025-02-25,1,1
M01363,B02,P4,PAY006443,2025-09-08,1,1
M01363,B02,P4,PAY009865,2026-03-17,1,1
M01364,B02,P1,PAY001364,2025-01-14,0,1
M01365,B02,P1,PAY001365,2025-01-20,0,1
M01366,B02,P4,PAY001366,2025-04-23,1,1
M01366,B02,P4,PAY007692,2025-10-27,0,1
M01367,B02,P1,PAY001367,2025-01-21,1,1
M01367,B02,P1,PAY005561,2025-02-28,1,1
M01367,B02,P1,PAY006509,2025-03-27,1,1
M01367,B02,P1,PAY007152,2025-04-26,0,1
M01368,B02,P3,PAY001368,2025-01-21,1,1
M01368,B02,P3,PAY005562,2025-04-17,1,1
M01368,B02,P3,PAY007571,2025-07-12,1,1
M01368,B02,P3,PAY009035,2025-10-19,1,1
M01368,B02,P3,PAY010413,2026-01-17,1,1
M01368,B02,P1,PAY011493,2026-02-12,1,1
M01368,B02,P1,PAY011826,2026-03-12,1,1
M01368,B02,P1,PAY012232,2026-04-20,1,1
M01368,B02,P1,PAY012753,2026-05-25,1,1
M01368,B02,P1,PAY013217,2026-06-22,1,0
M01369,B02,P2,PAY001369,2025-01-18,1,1
M01369,B02,P2,PAY005465,2025-02-13,1,1
M01369,B02,P2,PAY006136,2025-03-09,1,1
M01369,B02,P2,PAY006758,2025-04-15,0,1
M01370,B02,P1,PAY001370,2025-01-26,0,1
M01371,B02,P2,PAY001371,2025-01-18,1,1
M01371,B02,P2,PAY005466,2025-02-23,1,1
M01371,B02,P2,PAY006391,2025-04-06,1,1
M01371,B02,P2,PAY007331,2025-05-02,1,1
M01371,B02,P2,PAY007883,2025-06-11,0,1
M01372,B02,P1,PAY001372,2025-01-04,1,1
M01372,B02,P1,PAY005038,2025-02-12,0,1
M01373,B02,P3,PAY001373,2025-03-07,1,1
M01373,B02,P3,PAY006706,2025-06-13,1,1
M01373,B02,P3,PAY008567,2025-09-21,1,1
M01373,B02,P3,PAY010044,2025-12-16,1,1
M01373,B02,P3,PAY011123,2026-03-12,1,1
M01373,B02,P3,PAY012233,2026-06-23,1,0
M01374,B02,P2,PAY001374,2025-01-05,0,1
M01375,B02,P1,PAY001375,2025-01-24,0,1
M01376,B02,P3,PAY001376,2025-02-05,0,1
M01377,B02,P4,PAY001377,2025-05-26,1,1
M01377,B02,P4,PAY008288,2025-12-04,1,1
M01377,B02,P4,PAY010992,2026-06-03,0,1
M01378,B02,P3,PAY001378,2025-02-09,1,1
M01378,B02,P3,PAY006037,2025-05-08,1,1
M01378,B02,P3,PAY007985,2025-08-08,1,1
M01378,B02,P3,PAY009467,2025-11-06,1,1
M01378,B02,P3,PAY010645,2026-02-14,1,1
M01378,B02,P3,PAY011857,2026-05-23,0,1
M01379,B02,P3,PAY001379,2025-01-16,0,1
M01380,B02,P4,PAY001380,2025-03-01,1,1
M01380,B02,P4,PAY006580,2025-09-10,1,1
M01380,B02,P4,PAY009893,2026-03-05,1,1
M01381,B02,P2,PAY001381,2025-01-19,1,1
M01381,B02,P2,PAY005498,2025-02-21,1,1
M01381,B02,P2,PAY006332,2025-03-23,1,1
M01381,B02,P2,PAY007072,2025-04-30,1,1
M01381,B02,P2,PAY007825,2025-06-05,1,1
M01381,B02,P2,PAY008444,2025-07-15,1,1
M01381,B02,P2,PAY009088,2025-08-14,1,1
M01381,B02,P2,PAY009542,2025-09-23,1,1
M01381,B02,P2,PAY010072,2025-10-20,0,1
M01382,B02,P4,PAY001382,2025-04-19,1,1
M01382,B02,P4,PAY007607,2025-10-18,0,1
M01383,B02,P4,PAY001383,2025-06-09,0,1
M01384,B02,P1,PAY001384,2025-01-04,0,1
M01385,B02,P1,PAY001385,2025-01-10,1,1
M01385,B02,P1,PAY005209,2025-02-09,1,1
M01385,B02,P1,PAY006038,2025-03-10,1,1
M01385,B02,P5,PAY006779,2026-03-10,1,1
M01386,B02,P1,PAY001386,2025-01-24,0,1
M01387,B02,P1,PAY001387,2025-01-20,1,1
M01387,B02,P1,PAY005532,2025-02-21,1,1
M01387,B02,P1,PAY006333,2025-03-24,1,1
M01387,B02,P5,PAY007090,2026-03-31,1,1
M01388,B02,P3,PAY001388,2025-03-20,1,1
M01388,B02,P3,PAY006994,2025-06-19,1,1
M01388,B02,P3,PAY008668,2025-09-29,1,1
M01388,B02,P3,PAY010158,2025-12-27,1,1
M01388,B02,P3,PAY011238,2026-03-26,0,1
M01389,B02,P5,PAY001389,2025-08-12,0,1
M01390,B02,P3,PAY001390,2025-03-19,1,1
M01390,B02,P3,PAY006961,2025-06-23,0,1
M01391,B02,P2,PAY001391,2025-01-30,1,1
M01391,B02,P2,PAY005835,2025-02-27,1,1
M01391,B02,P2,PAY006480,2025-04-02,1,1
M01391,B02,P2,PAY007233,2025-05-02,1,1
M01391,B02,P2,PAY007884,2025-06-13,1,1
M01391,B02,P2,PAY008568,2025-07-13,1,1
M01391,B02,P2,PAY009054,2025-08-08,1,1
M01391,B02,P2,PAY009468,2025-09-16,1,1
M01391,B02,P2,PAY009975,2025-10-21,1,1
M01391,B02,P2,PAY010444,2025-11-28,1,1
M01391,B02,P2,PAY010900,2025-12-30,1,1
M01391,B02,P2,PAY011280,2026-02-08,1,1
M01391,B02,P2,PAY011762,2026-03-14,1,1
M01391,B02,P3,PAY012262,2026-06-11,1,1
M01392,B02,P4,PAY001392,2025-02-04,1,1
M01392,B02,P3,PAY005925,2025-05-14,1,1
M01392,B02,P3,PAY008090,2025-08-21,1,1
M01392,B02,P3,PAY009626,2025-12-01,1,1
M01392,B02,P3,PAY010954,2026-03-11,1,1
M01392,B02,P3,PAY012209,2026-06-18,0,0
M01393,B02,P5,PAY001393,2025-02-07,1,1
M01393,B02,P5,PAY005991,2026-02-08,1,1
M01394,B02,P5,PAY001394,2025-07-26,1,1
M01395,B02,P4,PAY001395,2025-03-08,1,1
M01395,B02,P4,PAY006732,2025-09-06,1,1
M01395,B02,P4,PAY009844,2026-03-15,1,1
M01396,B02,P3,PAY001396,2025-01-02,1,1
M01396,B02,P3,PAY004957,2025-04-06,1,1
M01396,B02,P3,PAY007332,2025-07-14,1,1
M01396,B02,P3,PAY009067,2025-10-09,0,1
M01397,B02,P1,PAY001397,2025-01-04,1,1
M01397,B02,P1,PAY005039,2025-01-30,1,1
M01397,B02,P4,PAY005836,2025-08-04,1,1
M01397,B02,P4,PAY009418,2026-02-11,1,1
M01398,B02,P4,PAY001398,2025-01-28,1,1
M01398,B02,P4,PAY005767,2025-07-24,0,1
M01399,B02,P4,PAY001399,2025-03-01,1,1
M01399,B02,P4,PAY006581,2025-08-25,1,1
M01399,B02,P4,PAY009688,2026-03-01,1,1
M01400,B02,P3,PAY001400,2025-02-09,1,1
M01400,B02,P3,PAY006039,2025-05-04,1,1
M01400,B02,P3,PAY007916,2025-08-05,0,1
M01401,B02,P3,PAY001401,2025-01-11,0,1
M01402,B02,P3,PAY001402,2025-03-06,1,1
M01402,B02,P3,PAY006691,2025-06-10,1,1
M01402,B02,P3,PAY008519,2025-09-09,1,1
M01403,B02,P1,PAY001403,2025-01-23,1,1
M01403,B02,P1,PAY005623,2025-02-28,0,1
M01404,B02,P3,PAY001404,2025-01-10,1,1
M01404,B02,P3,PAY005210,2025-04-09,0,1
M01405,B02,P3,PAY001405,2025-03-03,1,1
M01405,B02,P3,PAY006614,2025-06-04,1,1
M01405,B02,P3,PAY008425,2025-09-04,1,1
M01405,B02,P3,PAY009817,2025-11-30,1,1
M01405,B02,P3,PAY010928,2026-03-08,0,1
M01406,B02,P2,PAY001406,2025-01-17,1,1
M01406,B02,P2,PAY005435,2025-02-21,1,1
M01406,B02,P2,PAY006334,2025-04-02,1,1
M01406,B02,P2,PAY007234,2025-04-30,1,1
M01406,B02,P2,PAY007826,2025-06-07,1,1
M01406,B02,P3,PAY008477,2025-09-16,1,1
M01406,B02,P2,PAY009976,2025-10-24,1,1
M01406,B02,P2,PAY010476,2025-12-04,1,1
M01406,B02,P2,PAY010993,2026-01-14,1,1
M01406,B02,P2,PAY011461,2026-02-11,1,1
M01406,B02,P1,PAY011810,2026-03-07,1,1
M01406,B02,P1,PAY012153,2026-04-15,1,1
M01406,B02,P1,PAY012684,2026-05-20,1,1
M01406,B02,P1,PAY013140,2026-06-30,0,0
M01407,B02,P2,PAY001407,2025-01-20,0,1
M01408,B02,P1,PAY001408,2025-01-29,0,1
M01409,B02,P1,PAY001409,2025-01-29,1,1
M01409,B02,P1,PAY005801,2025-02-25,1,1
M01409,B02,P2,PAY006444,2025-04-03,1,1
M01409,B02,P2,PAY007263,2025-04-30,1,1
M01409,B02,P2,PAY007827,2025-05-27,1,1
M01409,B02,P2,PAY008303,2025-06-29,1,1
M01409,B02,P2,PAY008816,2025-07-25,1,1
M01409,B02,P2,PAY009258,2025-09-03,0,1
M01410,B02,P3,PAY001410,2025-03-17,1,1
M01410,B02,P3,PAY006924,2025-06-23,1,1
M01410,B02,P3,PAY008718,2025-09-18,1,1
M01410,B02,P3,PAY010001,2025-12-25,1,1
M01410,B02,P3,PAY011212,2026-03-25,1,1
M01410,B02,P1,PAY012402,2026-04-30,1,1
M01410,B02,P1,PAY012901,2026-05-29,0,1
M01411,B02,P1,PAY001411,2025-01-08,1,1
M01411,B02,P1,PAY005142,2025-02-10,1,1
M01411,B02,P1,PAY006068,2025-03-12,1,1
M01411,B02,P5,PAY006816,2026-03-09,0,1
M01412,B02,P3,PAY001412,2025-03-17,0,1
M01413,B02,P4,PAY001413,2025-02-25,1,1
M01413,B02,P4,PAY006445,2025-08-23,1,1
M01413,B02,P4,PAY009658,2026-02-28,0,1
M01414,B02,P3,PAY001414,2025-03-05,0,1
M01415,B02,P3,PAY001415,2025-03-04,1,1
M01415,B02,P3,PAY006641,2025-06-14,0,1
M01416,B02,P4,PAY001416,2025-06-28,1,1
M01416,B02,P4,PAY008801,2026-01-06,1,1
M01417,B02,P3,PAY001417,2025-03-31,1,1
M01417,B02,P1,PAY007200,2025-04-30,0,1
M01418,B02,P3,PAY001418,2025-01-26,1,1
M01418,B02,P3,PAY005708,2025-04-28,1,1
M01418,B02,P3,PAY007778,2025-08-09,1,1
M01418,B02,P3,PAY009482,2025-11-18,1,1
M01418,B02,P3,PAY010786,2026-02-22,0,1
M01419,B02,P2,PAY001419,2025-01-07,1,1
M01419,B02,P2,PAY005111,2025-02-08,1,1
M01419,B02,P2,PAY006013,2025-03-16,0,1
M01420,B02,P2,PAY001420,2025-01-04,1,1
M01420,B02,P2,PAY005040,2025-02-05,1,1
M01420,B02,P2,PAY005945,2025-03-15,1,1
M01420,B02,P2,PAY006881,2025-04-24,1,1
M01420,B02,P3,PAY007713,2025-08-03,0,1
M01421,B02,P1,PAY001421,2025-01-10,1,1
M01421,B02,P1,PAY005211,2025-02-07,1,1
M01421,B02,P1,PAY005992,2025-03-03,0,1
M01422,B02,P3,PAY001422,2025-03-30,1,1
M01422,B02,P3,PAY007192,2025-06-25,0,1
M01423,B02,P1,PAY001423,2025-01-14,1,1
M01423,B02,P1,PAY005349,2025-02-15,1,1
M01423,B02,P1,PAY006192,2025-03-24,1,1
M01423,B02,P1,PAY007091,2025-04-24,1,1
M01423,B02,P1,PAY007714,2025-06-03,1,1
M01423,B02,P1,PAY008400,2025-06-30,1,1
M01423,B02,P1,PAY008844,2025-08-01,1,1
M01423,B02,P1,PAY009376,2025-09-02,1,1
M01423,B02,P1,PAY009798,2025-10-08,1,1
M01423,B02,P1,PAY010273,2025-11-13,1,1
M01423,B02,P1,PAY010729,2025-12-18,1,1
M01423,B02,P1,PAY011141,2026-01-20,1,1
M01423,B02,P1,PAY011536,2026-02-23,1,1
M01423,B02,P1,PAY011973,2026-03-18,0,1
M01424,B02,P1,PAY001424,2025-01-27,1,1
M01424,B02,P1,PAY005734,2025-03-04,1,1
M01424,B02,P1,PAY006642,2025-04-09,1,1
M01424,B02,P1,PAY007390,2025-05-07,0,1
M01425,B02,P2,PAY001425,2025-01-16,1,1
M01425,B02,P2,PAY005416,2025-02-14,1,1
M01425,B02,P2,PAY006168,2025-03-25,1,1
M01425,B02,P2,PAY007113,2025-04-25,1,1
M01425,B02,P2,PAY007740,2025-05-20,1,1
M01425,B02,P2,PAY008188,2025-06-20,1,1
M01425,B02,P2,PAY008679,2025-07-28,1,1
M01425,B02,P3,PAY009312,2025-10-23,1,1
M01425,B02,P3,PAY010469,2026-01-31,0,1
M01426,B02,P1,PAY001426,2025-01-08,1,1
M01426,B02,P1,PAY005143,2025-02-07,1,1
M01426,B02,P2,PAY005993,2025-03-07,1,1
M01426,B02,P2,PAY006707,2025-04-03,0,1
M01427,B02,P3,PAY001427,2025-02-19,1,1
M01427,B02,P2,PAY006289,2025-03-23,1,1
M01427,B02,P2,PAY007073,2025-04-19,1,1
M01427,B02,P2,PAY007608,2025-05-28,1,1
M01427,B02,P2,PAY008317,2025-06-30,1,1
M01427,B02,P2,PAY008845,2025-08-08,1,1
M01427,B02,P2,PAY009469,2025-09-12,0,1
M01428,B02,P2,PAY001428,2025-01-02,1,1
M01428,B02,P2,PAY004958,2025-02-07,0,1
M01429,B02,P1,PAY001429,2025-01-12,1,1
M01429,B02,P1,PAY005280,2025-02-15,0,1
M01430,B02,P4,PAY001430,2025-06-25,0,1
M01431,B02,P1,PAY001431,2025-01-28,1,1
M01431,B02,P1,PAY005768,2025-02-24,1,1
M01431,B02,P1,PAY006417,2025-03-23,1,1
M01431,B02,P5,PAY007074,2026-03-27,1,1
M01432,B02,P1,PAY001432,2025-01-30,1,1
M01432,B02,P1,PAY005837,2025-02-28,1,1
M01432,B02,P1,PAY006510,2025-04-02,1,1
M01432,B02,P1,PAY007235,2025-04-28,1,1
M01432,B02,P1,PAY007779,2025-06-05,1,1
M01432,B02,P1,PAY008445,2025-07-02,1,1
M01432,B02,P1,PAY008882,2025-08-12,1,1
M01432,B02,P1,PAY009520,2025-09-07,0,1
M01433,B02,P1,PAY001433,2025-01-15,0,1
M01434,B02,P5,PAY001434,2025-07-03,1,1
M01435,B02,P2,PAY001435,2025-01-28,1,1
M01435,B02,P2,PAY005769,2025-02-24,0,1
M01436,B02,P1,PAY001436,2025-01-09,0,1
M01437,B02,P1,PAY001437,2025-01-28,1,1
M01437,B02,P1,PAY005770,2025-03-05,1,1
M01437,B02,P1,PAY006666,2025-04-16,1,1
M01437,B02,P1,PAY007546,2025-05-15,1,1
M01437,B02,P1,PAY008112,2025-06-18,1,1
M01437,B02,P1,PAY008650,2025-07-24,1,1
M01437,B02,P1,PAY009241,2025-08-28,0,1
M01438,B02,P2,PAY001438,2025-01-21,1,1
M01438,B02,P2,PAY005563,2025-02-28,0,1
M01439,B02,P1,PAY001439,2025-01-08,1,1
M01439,B02,P3,PAY005144,2025-04-19,1,1
M01439,B02,P3,PAY007609,2025-07-27,1,1
M01439,B02,P3,PAY009295,2025-10-23,0,1
M01440,B02,P5,PAY001440,2025-09-04,1,1
M01440,B02,P4,PAY009818,2026-03-12,1,1
M01441,B02,P3,PAY001441,2025-01-13,1,1
M01441,B02,P3,PAY005314,2025-04-15,1,1
M01441,B02,P3,PAY007530,2025-07-10,1,1
M01441,B02,P3,PAY008996,2025-10-11,1,1
M01441,B02,P3,PAY010311,2026-01-19,1,1
M01441,B02,P3,PAY011523,2026-04-19,1,1
M01442,B02,P1,PAY001442,2025-01-21,1,1
M01442,B02,P3,PAY005564,2025-04-16,1,1
M01442,B02,P3,PAY007547,2025-07-12,1,1
M01442,B02,P3,PAY009036,2025-10-13,1,1
M01442,B02,P3,PAY010338,2026-01-11,1,1
M01442,B02,P3,PAY011413,2026-04-20,0,1
M01443,B02,P3,PAY001443,2025-01-02,1,1
M01443,B02,P3,PAY004959,2025-04-04,1,1
M01443,B02,P3,PAY007287,2025-07-05,0,1
M01444,B02,P3,PAY001444,2025-03-31,1,1
M01444,B02,P3,PAY007201,2025-06-30,1,1
M01444,B02,P3,PAY008846,2025-10-01,0,1
M01445,B02,P4,PAY001445,2025-04-05,1,1
M01445,B02,P4,PAY007308,2025-10-14,1,1
M01445,B02,P4,PAY010354,2026-04-10,1,1
M01446,B02,P1,PAY001446,2025-01-22,1,1
M01446,B02,P1,PAY005595,2025-02-27,1,1
M01446,B02,P1,PAY006481,2025-04-02,1,1
M01446,B02,P1,PAY007236,2025-05-03,1,1
M01446,B02,P1,PAY007900,2025-06-13,1,1
M01446,B02,P3,PAY008569,2025-09-17,1,1
M01446,B02,P2,PAY009987,2025-10-22,1,1
M01446,B02,P2,PAY010454,2025-11-17,0,1
M01447,B02,P5,PAY001447,2025-03-26,1,1
M01447,B02,P5,PAY007136,2026-04-02,0,1
M01448,B02,P1,PAY001448,2025-01-03,0,1
M01449,B02,P1,PAY001449,2025-01-09,1,1
M01449,B02,P1,PAY005171,2025-02-20,1,1
M01449,B02,P1,PAY006314,2025-03-18,1,1
M01449,B02,P1,PAY006944,2025-04-23,1,1
M01449,B02,P1,PAY007693,2025-05-18,0,1
M01450,B02,P4,PAY001450,2025-04-18,1,1
M01450,B02,P4,PAY007591,2025-10-20,1,1
M01450,B02,P4,PAY010433,2026-04-26,1,1
M01451,B02,P4,PAY001451,2025-04-04,1,1
M01451,B02,P4,PAY007288,2025-10-08,0,1
M01452,B02,P2,PAY001452,2025-01-29,0,1
M01453,B02,P3,PAY001453,2025-03-31,1,1
M01453,B02,P3,PAY007202,2025-07-02,1,1
M01453,B02,P3,PAY008883,2025-10-01,1,1
M01453,B02,P3,PAY010196,2026-01-01,0,1
M01454,B02,P2,PAY001454,2025-01-15,1,1
M01454,B02,P1,PAY005382,2025-02-13,1,1
M01454,B02,P1,PAY006137,2025-03-18,0,1
M01455,B02,P5,PAY001455,2025-10-24,1,1
M01455,B02,P1,PAY010477,2025-11-25,1,1
M01455,B02,P1,PAY010863,2026-01-01,1,1
M01455,B02,P1,PAY011292,2026-02-02,1,1
M01455,B02,P1,PAY011704,2026-03-08,1,1
M01455,B02,P1,PAY012168,2026-04-13,1,1
M01455,B02,P1,PAY012652,2026-05-22,1,1
M01456,B02,P5,PAY001456,2025-09-16,1,1
M01457,B02,P4,PAY001457,2025-04-27,0,1
M01458,B02,P1,PAY001458,2025-01-11,1,1
M01458,B02,P1,PAY005242,2025-02-12,1,1
M01458,B02,P1,PAY006113,2025-03-19,1,1
M01458,B02,P1,PAY006962,2025-04-25,1,1
M01458,B02,P1,PAY007741,2025-05-28,1,1
M01458,B02,P1,PAY008318,2025-07-01,0,1
M01459,B02,P1,PAY001459,2025-01-10,1,1
M01459,B02,P1,PAY005212,2025-02-07,1,1
M01459,B02,P1,PAY005994,2025-03-17,0,1
M01460,B02,P3,PAY001460,2025-02-22,1,1
M01460,B02,P3,PAY006366,2025-05-21,0,1
M01461,B02,P1,PAY001461,2025-01-26,0,1
M01462,B02,P4,PAY001462,2025-06-11,0,1
M01463,B02,P3,PAY001463,2025-01-27,1,1
M01463,B02,P3,PAY005735,2025-05-05,1,1
M01463,B02,P3,PAY007937,2025-08-03,1,1
M01463,B02,P3,PAY009405,2025-11-14,1,1
M01463,B02,P3,PAY010742,2026-02-25,1,1
M01463,B02,P3,PAY012004,2026-05-20,0,1
M01464,B02,P3,PAY001464,2025-03-18,0,1
M01465,B02,P3,PAY001465,2025-01-28,1,1
M01465,B02,P4,PAY005771,2025-08-03,1,1
M01465,B02,P4,PAY009406,2026-02-03,1,1
M01466,B02,P2,PAY001466,2025-01-30,1,1
M01466,B02,P2,PAY005838,2025-02-28,1,1
M01466,B02,P2,PAY006511,2025-04-11,1,1
M01466,B02,P2,PAY007443,2025-05-12,1,1
M01466,B02,P2,PAY008057,2025-06-17,1,1
M01466,B02,P2,PAY008633,2025-07-26,1,1
M01466,B02,P2,PAY009280,2025-08-26,0,1
M01467,B02,P2,PAY001467,2025-01-23,1,1
M01467,B02,P2,PAY005624,2025-02-24,0,1
M01468,B02,P1,PAY001468,2025-01-23,0,1
M01469,B02,P1,PAY001469,2025-01-27,1,1
M01469,B02,P4,PAY005736,2025-07-26,1,1
M01469,B02,P4,PAY009281,2026-01-22,0,1
M01470,B02,P3,PAY001470,2025-02-08,1,1
M01470,B02,P3,PAY006014,2025-05-18,1,1
M01470,B02,P3,PAY008162,2025-08-27,0,1
M01471,B02,P3,PAY001471,2025-03-26,1,1
M01471,B02,P3,PAY007137,2025-06-24,1,1
M01471,B02,P3,PAY008737,2025-09-19,1,1
M01471,B02,P3,PAY010012,2025-12-25,1,1
M01471,B02,P3,PAY011213,2026-03-27,1,1
M01472,B02,P1,PAY001472,2025-01-16,1,1
M01472,B02,P3,PAY005417,2025-04-21,1,1
M01472,B02,P1,PAY007643,2025-05-18,1,1
M01472,B02,P1,PAY008163,2025-06-27,0,1
M01473,B02,P4,PAY001473,2025-06-29,1,1
M01473,B02,P3,PAY008817,2025-09-24,1,1
M01473,B02,P3,PAY010087,2025-12-26,0,1
M01474,B02,P2,PAY001474,2025-01-28,1,1
M01474,B02,P2,PAY005772,2025-02-24,1,1
M01474,B02,P2,PAY006418,2025-03-20,1,1
M01474,B02,P2,PAY006995,2025-04-29,1,1
M01474,B02,P2,PAY007800,2025-06-06,1,1
M01474,B02,P2,PAY008459,2025-07-07,1,1
M01474,B02,P2,PAY008946,2025-08-14,0,1
M01475,B02,P5,PAY001475,2025-01-11,1,1
M01475,B02,P5,PAY005243,2026-01-13,1,1
M01476,B02,P3,PAY001476,2025-01-27,0,1
M01477,B02,P4,PAY001477,2025-02-12,1,1
M01477,B02,P3,PAY006114,2025-05-14,1,1
M01477,B02,P1,PAY008091,2025-06-22,0,1
M01478,B02,P1,PAY001478,2025-01-02,1,1
M01478,B02,P1,PAY004960,2025-01-29,1,1
M01478,B02,P1,PAY005802,2025-03-02,1,1
M01478,B02,P1,PAY006596,2025-04-06,1,1
M01478,B02,P1,PAY007333,2025-05-15,1,1
M01478,B02,P1,PAY008113,2025-06-18,0,1
M01479,B02,P1,PAY001479,2025-01-12,1,1
M01479,B02,P3,PAY005281,2025-04-21,1,1
M01479,B02,P3,PAY007644,2025-08-01,1,1
M01479,B02,P2,PAY009377,2025-09-02,1,1
M01479,B02,P2,PAY009799,2025-10-04,1,1
M01479,B02,P2,PAY010233,2025-11-03,0,1
M01480,B02,P5,PAY001480,2025-07-23,1,1
M01481,B02,P4,PAY001481,2025-06-27,1,1
M01481,B02,P4,PAY008784,2025-12-24,1,1
M01482,B02,P3,PAY001482,2025-02-21,1,1
M01482,B02,P3,PAY006335,2025-06-02,1,1
M01482,B02,P3,PAY008382,2025-09-10,1,1
M01482,B02,P3,PAY009894,2025-12-06,1,1
M01482,B02,P2,PAY011012,2026-01-09,1,1
M01482,B02,P3,PAY011394,2026-04-14,1,1
M01483,B02,P3,PAY001483,2025-01-16,0,1
M01484,B02,P2,PAY001484,2025-01-18,0,1
M01485,B02,P2,PAY001485,2025-01-27,1,1
M01485,B02,P3,PAY005737,2025-04-22,1,1
M01485,B02,P3,PAY007665,2025-07-26,1,1
M01485,B02,P3,PAY009282,2025-10-25,1,1
M01485,B02,P3,PAY010498,2026-01-20,0,1
M01486,B02,P3,PAY001486,2025-03-04,1,1
M01486,B02,P3,PAY006643,2025-06-13,1,1
M01486,B02,P3,PAY008570,2025-09-18,1,1
M01486,B02,P3,PAY010002,2025-12-17,1,1
M01486,B02,P3,PAY011133,2026-03-25,1,1
M01486,B02,P3,PAY012403,2026-06-25,0,0
M01487,B02,P3,PAY001487,2025-03-15,1,1
M01487,B02,P3,PAY006882,2025-06-12,1,1
M01487,B02,P3,PAY008546,2025-09-12,1,1
M01487,B02,P1,PAY009919,2025-10-16,1,1
M01487,B02,P1,PAY010379,2025-11-25,1,1
M01487,B02,P1,PAY010864,2025-12-23,1,1
M01487,B02,P1,PAY011193,2026-01-26,1,1
M01487,B02,P1,PAY011622,2026-03-04,1,1
M01487,B02,P1,PAY012111,2026-04-01,0,1
M01488,B02,P1,PAY001488,2025-01-06,1,1
M01488,B02,P1,PAY005090,2025-02-12,1,1
M01488,B02,P1,PAY006115,2025-03-22,1,1
M01488,B02,P1,PAY007047,2025-04-18,1,1
M01488,B02,P1,PAY007592,2025-05-15,1,1
M01488,B02,P3,PAY008114,2025-08-14,0,1
M01489,B02,P2,PAY001489,2025-01-12,1,1
M01489,B02,P2,PAY005282,2025-02-14,1,1
M01489,B02,P2,PAY006169,2025-03-09,1,1
M01489,B02,P2,PAY006759,2025-04-11,1,1
M01489,B02,P2,PAY007444,2025-05-16,1,1
M01489,B02,P2,PAY008129,2025-06-20,1,1
M01489,B02,P2,PAY008680,2025-07-15,1,1
M01489,B02,P2,PAY009089,2025-08-11,0,1
M01490,B02,P1,PAY001490,2025-01-11,1,1
M01490,B02,P1,PAY005244,2025-02-12,1,1
M01490,B02,P1,PAY006116,2025-03-11,0,1
M01491,B02,P1,PAY001491,2025-01-11,1,1
M01491,B02,P1,PAY005245,2025-02-07,0,1
M01492,B02,P3,PAY001492,2025-02-03,1,1
M01492,B02,P3,PAY005899,2025-04-30,1,1
M01492,B02,P2,PAY007828,2025-06-07,1,1
M01492,B02,P2,PAY008478,2025-07-07,1,1
M01492,B02,P2,PAY008947,2025-08-07,1,1
M01492,B02,P2,PAY009455,2025-09-03,1,1
M01492,B02,P1,PAY009807,2025-10-12,1,1
M01492,B02,P1,PAY010323,2025-11-10,1,1
M01492,B02,P1,PAY010702,2025-12-12,1,1
M01492,B02,P1,PAY011081,2026-01-14,1,1
M01492,B02,P1,PAY011462,2026-02-17,1,1
M01493,B02,P3,PAY001493,2025-01-20,1,1
M01493,B02,P3,PAY005533,2025-04-19,1,1
M01493,B02,P3,PAY007610,2025-07-23,1,1
M01493,B02,P3,PAY009223,2025-10-18,1,1
M01493,B02,P3,PAY010400,2026-01-19,0,1
M01494,B02,P4,PAY001494,2025-03-05,0,1
M01495,B02,P1,PAY001495,2025-01-05,0,1
M01496,B02,P3,PAY001496,2025-03-07,1,1
M01496,B02,P3,PAY006708,2025-06-03,1,1
M01496,B02,P3,PAY008401,2025-09-05,1,1
M01496,B02,P3,PAY009827,2025-12-11,1,1
M01496,B02,P2,PAY011068,2026-01-08,1,1
M01496,B02,P2,PAY011382,2026-02-04,1,1
M01496,B02,P2,PAY011718,2026-03-09,1,1
M01496,B02,P2,PAY012178,2026-04-14,1,1
M01497,B02,P3,PAY001497,2025-01-05,1,1
M01497,B02,P3,PAY005063,2025-04-09,1,1
M01497,B02,P3,PAY007391,2025-07-14,1,1
M01497,B02,P3,PAY009068,2025-10-13,1,1
M01497,B02,P3,PAY010339,2026-01-22,1,1
M01497,B02,P3,PAY011566,2026-04-29,0,1
M01498,B02,P3,PAY001498,2025-01-13,1,1
M01498,B02,P3,PAY005315,2025-04-17,1,1
M01498,B02,P3,PAY007572,2025-07-22,0,1
M01499,B02,P1,PAY001499,2025-01-03,1,1
M01499,B02,P1,PAY004994,2025-02-14,1,1
M01499,B02,P1,PAY006170,2025-03-16,1,1
M01499,B02,P1,PAY006902,2025-04-21,1,1
M01499,B02,P1,PAY007645,2025-05-22,0,1
M01500,B02,P2,PAY001500,2025-01-23,1,1
M01500,B02,P2,PAY005625,2025-02-26,0,1
M01501,B02,P3,PAY001501,2025-01-15,1,1
M01501,B02,P3,PAY005383,2025-04-22,1,1
M01501,B02,P3,PAY007666,2025-07-29,1,1
M01501,B02,P3,PAY009333,2025-10-27,1,1
M01501,B02,P3,PAY010521,2026-01-29,1,1
M01501,B02,P3,PAY011654,2026-05-04,0,1
M01502,B02,P3,PAY001502,2025-01-06,0,1
M01503,B02,P1,PAY001503,2025-01-02,1,1
M01503,B02,P1,PAY004961,2025-02-02,1,1
M01503,B02,P1,PAY005887,2025-03-06,1,1
M01503,B02,P3,PAY006692,2025-06-13,1,1
M01503,B02,P3,PAY008571,2025-09-09,1,1
M01503,B02,P3,PAY009878,2025-12-06,1,1
M01503,B02,P3,PAY011013,2026-03-11,1,1
M01503,B02,P3,PAY012210,2026-06-22,1,0
M01504,B02,P4,PAY001504,2025-02-03,1,1
M01504,B02,P4,PAY005900,2025-08-13,0,1
M01505,B02,P1,PAY001505,2025-01-11,1,1
M01505,B02,P1,PAY005246,2025-02-08,0,1
M01506,B02,P4,PAY001506,2025-06-23,1,1
M01506,B02,P4,PAY008719,2025-12-27,1,1
M01506,B02,P4,PAY011239,2026-06-30,0,0
M01507,B02,P3,PAY001507,2025-01-10,0,1
M01508,B02,P3,PAY001508,2025-01-26,1,1
M01508,B02,P3,PAY005709,2025-04-25,0,1
M01509,B02,P2,PAY001509,2025-01-04,1,1
M01509,B02,P2,PAY005041,2025-02-03,1,1
M01509,B02,P2,PAY005901,2025-03-14,1,1
M01509,B02,P2,PAY006861,2025-04-22,1,1
M01509,B02,P2,PAY007667,2025-06-03,1,1
M01509,B02,P2,PAY008402,2025-06-30,1,1
M01509,B02,P2,PAY008847,2025-07-27,1,1
M01510,B02,P3,PAY001510,2025-02-08,1,1
M01510,B02,P3,PAY006015,2025-05-19,1,1
M01510,B02,P3,PAY008176,2025-08-21,1,1
M01510,B02,P3,PAY009627,2025-11-25,1,1
M01510,B02,P3,PAY010865,2026-02-21,1,1
M01510,B02,P3,PAY011944,2026-06-02,0,1
M01511,B02,P3,PAY001511,2025-03-31,1,1
M01511,B02,P3,PAY007203,2025-07-10,1,1
M01511,B02,P3,PAY008997,2025-10-12,1,1
M01511,B02,P3,PAY010324,2026-01-21,1,1
M01511,B02,P2,PAY011555,2026-02-21,1,1
M01511,B02,P2,PAY011945,2026-03-22,0,1
M01512,B02,P2,PAY001512,2025-01-06,0,1
M01513,B02,P1,PAY001513,2025-01-19,1,1
M01513,B02,P1,PAY005499,2025-02-28,1,1
M01513,B02,P1,PAY006512,2025-04-11,1,1
M01513,B02,P1,PAY007445,2025-05-22,1,1
M01513,B02,P1,PAY008219,2025-06-30,1,1
M01513,B02,P1,PAY008848,2025-07-30,1,1
M01513,B02,P1,PAY009354,2025-09-08,1,1
M01513,B02,P1,PAY009866,2025-10-10,1,1
M01513,B02,P4,PAY010295,2026-04-11,1,1
M01514,B02,P1,PAY001514,2025-01-20,0,1
M01515,B02,P4,PAY001515,2025-02-23,0,1
M01516,B02,P1,PAY001516,2025-01-29,0,1
M01517,B02,P1,PAY001517,2025-01-07,1,1
M01517,B02,P1,PAY005112,2025-02-14,1,1
M01517,B02,P1,PAY006171,2025-03-14,1,1
M01517,B02,P1,PAY006862,2025-04-22,1,1
M01517,B02,P1,PAY007668,2025-05-17,0,1
M01518,B02,P3,PAY001518,2025-02-17,0,1
M01519,B02,P5,PAY001519,2025-09-18,1,1
M01520,B02,P5,PAY001520,2025-12-21,1,1
M01521,B02,P4,PAY001521,2025-02-26,1,1
M01521,B02,P4,PAY006464,2025-08-26,1,1
M01521,B02,P4,PAY009712,2026-02-28,1,1
M01521,B02,P1,PAY012046,2026-04-09,1,1
M01521,B02,P1,PAY012601,2026-05-07,0,1
M01522,B02,P3,PAY001522,2025-03-02,1,1
M01522,B02,P3,PAY006597,2025-06-01,0,1
M01523,B02,P3,PAY001523,2025-01-12,0,1
M01524,B02,P3,PAY001524,2025-03-09,1,1
M01524,B02,P3,PAY006760,2025-06-06,1,1
M01524,B02,P3,PAY008460,2025-09-13,0,1
M01525,B02,P3,PAY001525,2025-01-31,1,1
M01525,B02,P3,PAY005860,2025-05-09,1,1
M01525,B02,P3,PAY008002,2025-08-12,1,1
M01525,B02,P1,PAY009521,2025-09-17,1,1
M01525,B02,P1,PAY009988,2025-10-14,1,1
M01525,B02,P1,PAY010355,2025-11-16,1,1
M01525,B02,P1,PAY010761,2025-12-26,1,1
M01525,B02,P1,PAY011226,2026-01-28,1,1
M01525,B02,P1,PAY011648,2026-02-25,1,1
M01525,B02,P1,PAY012005,2026-03-20,0,1
M01526,B02,P2,PAY001526,2025-01-09,1,1
M01526,B02,P2,PAY005172,2025-02-14,1,1
M01526,B02,P3,PAY006172,2025-05-22,1,1
M01526,B02,P3,PAY008220,2025-09-01,1,1
M01526,B02,P3,PAY009780,2025-12-03,1,1
M01526,B02,P3,PAY010974,2026-02-28,0,1
M01527,B02,P3,PAY001527,2025-03-04,1,1
M01527,B02,P3,PAY006644,2025-06-12,1,1
M01527,B02,P3,PAY008547,2025-09-09,1,1
M01527,B02,P3,PAY009879,2025-12-10,1,1
M01527,B02,P3,PAY011056,2026-03-20,0,1
M01528,B02,P3,PAY001528,2025-02-09,1,1
M01528,B02,P3,PAY006040,2025-05-06,1,1
M01528,B02,P3,PAY007951,2025-08-08,1,1
M01528,B02,P3,PAY009470,2025-11-09,1,1
M01528,B02,P3,PAY010691,2026-02-13,1,1
M01528,B02,P3,PAY011840,2026-05-16,1,1
M01529,B02,P5,PAY001529,2025-06-17,1,1
M01529,B02,P5,PAY008634,2026-06-23,1,0
M01530,B02,P1,PAY001530,2025-01-15,1,1
M01530,B02,P1,PAY005384,2025-02-19,1,1
M01530,B02,P1,PAY006290,2025-03-14,1,1
M01530,B02,P1,PAY006863,2025-04-22,0,1
M01531,B02,P4,PAY001531,2025-01-26,0,1
M01532,B02,P4,PAY001532,2025-05-13,1,1
M01532,B02,P4,PAY008076,2025-11-19,0,1
M01533,B02,P1,PAY001533,2025-01-27,1,1
M01533,B02,P1,PAY005738,2025-02-23,1,1
M01533,B02,P1,PAY006392,2025-04-05,1,1
M01533,B02,P1,PAY007309,2025-05-15,0,1
M01534,B02,P1,PAY001534,2025-01-23,1,1
M01534,B02,P1,PAY005626,2025-02-28,1,1
M01534,B02,P1,PAY006513,2025-04-02,1,1
M01534,B02,P1,PAY007237,2025-04-30,1,1
M01534,B02,P3,PAY007829,2025-08-09,1,1
M01534,B02,P3,PAY009483,2025-11-06,0,1
M01535,B02,P2,PAY001535,2025-01-29,1,1
M01535,B02,P2,PAY005803,2025-02-28,0,1
M01536,B02,P2,PAY001536,2025-01-16,1,1
M01536,B02,P2,PAY005418,2025-02-17,1,1
M01536,B02,P2,PAY006233,2025-03-27,1,1
M01536,B02,P1,PAY007153,2025-04-30,1,1
M01536,B02,P1,PAY007830,2025-06-08,1,1
M01536,B02,P1,PAY008493,2025-07-09,1,1
M01536,B02,P1,PAY008981,2025-08-18,0,1
M01537,B02,P2,PAY001537,2025-01-12,1,1
M01537,B02,P2,PAY005283,2025-02-17,1,1
M01537,B02,P2,PAY006234,2025-03-16,1,1
M01537,B02,P2,PAY006903,2025-04-24,1,1
M01537,B02,P2,PAY007715,2025-05-30,1,1
M01537,B02,P2,PAY008356,2025-06-30,1,1
M01537,B02,P2,PAY008849,2025-08-07,0,1
M01538,B02,P2,PAY001538,2025-01-08,0,1
M01539,B02,P1,PAY001539,2025-01-20,1,1
M01539,B02,P1,PAY005534,2025-02-22,1,1
M01539,B02,P1,PAY006367,2025-04-03,1,1
M01539,B02,P1,PAY007264,2025-04-30,1,1
M01539,B02,P1,PAY007831,2025-06-03,1,1
M01539,B02,P1,PAY008403,2025-07-01,1,1
M01539,B02,P1,PAY008867,2025-08-05,0,1
M01540,B02,P2,PAY001540,2025-01-23,1,1
M01540,B02,P2,PAY005627,2025-02-25,0,1
M01541,B02,P3,PAY001541,2025-01-13,1,1
M01541,B02,P3,PAY005316,2025-04-12,1,1
M01541,B02,P3,PAY007469,2025-07-17,0,1
M01542,B02,P4,PAY001542,2025-02-17,1,1
M01542,B02,P4,PAY006235,2025-08-17,1,1
M01542,B02,P4,PAY009579,2026-02-16,1,1
M01543,B02,P2,PAY001543,2025-01-19,1,1
M01543,B02,P2,PAY005500,2025-02-15,1,1
M01543,B02,P2,PAY006193,2025-03-25,0,1
M01544,B02,P1,PAY001544,2025-01-24,1,1
M01544,B02,P1,PAY005653,2025-03-01,1,1
M01544,B02,P1,PAY006582,2025-04-02,1,1
M01544,B02,P1,PAY007238,2025-05-02,1,1
M01544,B02,P1,PAY007885,2025-06-08,0,1
M01545,B02,P5,PAY001545,2025-12-23,1,1
M01546,B02,P1,PAY001546,2025-01-05,0,1
M01547,B02,P2,PAY001547,2025-01-03,1,1
M01547,B02,P2,PAY004995,2025-01-30,1,1
M01547,B02,P3,PAY005839,2025-05-09,1,1
M01547,B02,P3,PAY008003,2025-08-19,0,1
M01548,B02,P5,PAY001548,2025-09-03,1,1
M01549,B02,P4,PAY001549,2025-04-25,1,1
M01549,B02,P4,PAY007742,2025-10-22,1,1
M01549,B02,P4,PAY010455,2026-04-17,1,1
M01550,B02,P1,PAY001550,2025-01-13,1,1
M01550,B02,P1,PAY005317,2025-02-20,1,1
M01550,B02,P1,PAY006315,2025-03-24,1,1
M01550,B02,P1,PAY007092,2025-05-01,1,1
M01550,B02,P1,PAY007864,2025-06-11,1,1
M01550,B02,P1,PAY008532,2025-07-08,0,1
M01551,B02,P4,PAY001551,2025-01-17,1,1
M01551,B02,P4,PAY005436,2025-07-18,1,1
M01551,B02,P4,PAY009139,2026-01-23,1,1
M01552,B02,P1,PAY001552,2025-01-11,1,1
M01552,B02,P1,PAY005247,2025-02-10,1,1
M01552,B02,P1,PAY006069,2025-03-13,1,1
M01552,B02,P1,PAY006840,2025-04-09,0,1
M01553,B02,P3,PAY001553,2025-03-07,1,1
M01553,B02,P3,PAY006709,2025-06-16,1,1
M01553,B02,P3,PAY008617,2025-09-22,1,1
M01553,B02,P3,PAY010059,2025-12-25,0,1
M01554,B02,P3,PAY001554,2025-03-29,1,1
M01554,B02,P3,PAY007190,2025-06-26,1,1
M01554,B02,P3,PAY008769,2025-09-24,1,1
M01554,B02,P3,PAY010088,2026-01-03,1,1
M01554,B02,P3,PAY011329,2026-04-09,0,1
M01555,B02,P3,PAY001555,2025-01-09,1,1
M01555,B02,P3,PAY005173,2025-04-06,1,1
M01555,B02,P3,PAY007334,2025-07-02,1,1
M01555,B02,P3,PAY008884,2025-10-12,1,1
M01555,B02,P3,PAY010325,2026-01-20,0,1
M01556,B02,P3,PAY001556,2025-01-09,1,1
M01556,B02,P3,PAY005174,2025-04-10,0,1
M01557,B02,P1,PAY001557,2025-01-22,1,1
M01557,B02,P2,PAY005596,2025-02-28,0,1
M01558,B02,P3,PAY001558,2025-03-12,1,1
M01558,B02,P3,PAY006817,2025-06-18,1,1
M01558,B02,P3,PAY008651,2025-09-20,1,1
M01558,B02,P3,PAY010026,2026-01-01,1,1
M01558,B02,P3,PAY011293,2026-04-04,1,1
M01559,B02,P4,PAY001559,2025-02-18,1,1
M01559,B02,P4,PAY006255,2025-08-18,1,1
M01559,B02,P4,PAY009591,2026-02-28,1,1
M01560,B02,P2,PAY001560,2025-01-02,1,1
M01560,B02,P2,PAY004962,2025-02-10,1,1
M01560,B02,P2,PAY006070,2025-03-19,1,1
M01560,B02,P2,PAY006963,2025-04-26,1,1
M01560,B02,P2,PAY007756,2025-05-27,1,1
M01560,B02,P2,PAY008304,2025-06-28,0,1
M01561,B02,P5,PAY001561,2025-08-22,1,1
M01562,B02,P4,PAY001562,2025-06-17,1,1
M01562,B02,P4,PAY008635,2025-12-14,0,1
M01563,B02,P5,PAY001563,2025-12-15,1,1
M01564,B02,P3,PAY001564,2025-03-06,1,1
M01564,B02,P3,PAY006693,2025-06-06,1,1
M01564,B02,P3,PAY008461,2025-09-10,1,1
M01564,B02,P3,PAY009895,2025-12-06,1,1
M01564,B02,P3,PAY011014,2026-03-16,1,1
M01564,B02,P3,PAY012290,2026-06-15,1,1
M01565,B02,P4,PAY001565,2025-04-08,1,1
M01565,B02,P4,PAY007372,2025-10-14,1,1
M01565,B02,P4,PAY010356,2026-04-15,1,1
M01566,B02,P4,PAY001566,2025-04-09,1,1
M01566,B02,P4,PAY007392,2025-10-10,0,1
M01567,B02,P1,PAY001567,2025-01-29,1,1
M01567,B02,P1,PAY005804,2025-02-24,1,1
M01567,B02,P1,PAY006419,2025-04-05,1,1
M01567,B02,P1,PAY007310,2025-05-06,1,1
M01567,B02,P1,PAY007952,2025-06-01,1,1
M01567,B02,P1,PAY008368,2025-07-01,0,1
M01568,B02,P3,PAY001568,2025-01-15,1,1
M01568,B02,P3,PAY005385,2025-04-20,1,1
M01568,B02,P3,PAY007629,2025-07-16,0,1
M01569,B02,P2,PAY001569,2025-01-21,1,1
M01569,B02,P2,PAY005565,2025-02-28,1,1
M01569,B02,P2,PAY006514,2025-03-27,1,1
M01569,B02,P2,PAY007154,2025-05-07,0,1
M01570,B02,P1,PAY001570,2025-01-25,1,1
M01570,B02,P1,PAY005679,2025-02-21,0,1
M01571,B02,P1,PAY001571,2025-01-12,1,1
M01571,B02,P1,PAY005284,2025-02-16,1,1
M01571,B02,P1,PAY006215,2025-03-24,1,1
M01571,B02,P1,PAY007093,2025-04-26,1,1
M01571,B02,P1,PAY007757,2025-05-25,1,1
M01571,B02,P1,PAY008269,2025-06-25,1,1
M01571,B02,P1,PAY008754,2025-07-28,1,1
M01571,B02,P3,PAY009313,2025-10-24,1,1
M01571,B02,P3,PAY010478,2026-01-19,1,1
M01571,B02,P3,PAY011524,2026-04-28,0,1
M01572,B02,P1,PAY001572,2025-01-22,1,1
M01572,B02,P1,PAY005597,2025-02-28,1,1
M01572,B02,P1,PAY006515,2025-03-27,0,1
M01573,B02,P1,PAY001573,2025-01-06,1,1
M01573,B02,P1,PAY005091,2025-02-01,1,1
M01573,B02,P1,PAY005874,2025-03-05,1,1
M01573,B02,P1,PAY006667,2025-04-15,1,1
M01573,B02,P1,PAY007531,2025-05-26,1,1
M01573,B02,P3,PAY008289,2025-09-01,1,1
M01573,B02,P3,PAY009781,2025-11-29,1,1
M01573,B02,P3,PAY010915,2026-03-04,1,1
M01573,B02,P3,PAY012112,2026-06-11,1,1
M01574,B02,P5,PAY001574,2025-04-19,0,1
M01575,B02,P3,PAY001575,2025-03-31,1,1
M01575,B02,P3,PAY007204,2025-06-28,1,1
M01575,B02,P3,PAY008802,2025-10-06,1,1
M01575,B02,P3,PAY010254,2026-01-06,1,1
M01575,B02,P2,PAY011357,2026-02-14,1,1
M01575,B02,P2,PAY011858,2026-03-14,1,1
M01575,B02,P2,PAY012263,2026-04-20,0,1
M01576,B02,P3,PAY001576,2025-01-18,1,1
M01576,B02,P1,PAY005467,2025-02-15,1,1
M01576,B02,P1,PAY006194,2025-03-16,1,1
M01576,B02,P1,PAY006904,2025-04-26,0,1
M01577,B02,P4,PAY001577,2025-06-23,1,1
M01577,B02,P4,PAY008720,2025-12-21,1,1
M01577,B02,P4,PAY011170,2026-06-26,0,0
M01578,B02,P1,PAY001578,2025-01-11,1,1
M01578,B02,P1,PAY005248,2025-02-08,1,1
M01578,B02,P1,PAY006016,2025-03-16,0,1
M01579,B02,P1,PAY001579,2025-01-05,0,1
M01580,B02,P1,PAY001580,2025-01-05,1,1
M01580,B02,P1,PAY005064,2025-02-03,1,1
M01580,B02,P1,PAY005902,2025-03-04,0,1
M01581,B02,P1,PAY001581,2025-01-27,1,1
M01581,B02,P1,PAY005739,2025-03-06,1,1
M01581,B02,P1,PAY006694,2025-04-01,0,1
M01582,B02,P1,PAY001582,2025-01-02,0,1
M01583,B02,P1,PAY001583,2025-01-06,1,1
M01583,B02,P4,PAY005092,2025-07-07,1,1
M01583,B02,P4,PAY008948,2026-01-02,1,1
M01583,B02,P1,PAY011313,2026-02-03,0,1
M01584,B02,P5,PAY001584,2025-05-20,0,1
M01585,B02,P3,PAY001585,2025-03-27,1,1
M01585,B02,P3,PAY007155,2025-06-27,1,1
M01585,B02,P3,PAY008785,2025-10-08,0,1
M01586,B02,P1,PAY001586,2025-01-21,1,1
M01586,B02,P1,PAY005566,2025-02-21,1,1
M01586,B02,P1,PAY006336,2025-04-02,1,1
M01586,B02,P1,PAY007239,2025-05-08,1,1
M01586,B02,P1,PAY007986,2025-06-03,1,1
M01586,B02,P1,PAY008404,2025-07-14,0,1
M01587,B02,P1,PAY001587,2025-01-09,1,1
M01587,B02,P1,PAY005175,2025-02-09,0,1
M01588,B02,P1,PAY001588,2025-01-13,1,1
M01588,B02,P1,PAY005318,2025-02-09,1,1
M01588,B02,P1,PAY006041,2025-03-05,0,1
M01589,B02,P4,PAY001589,2025-05-28,0,1
M01590,B02,P1,PAY001590,2025-01-11,0,1
M01591,B02,P3,PAY001591,2025-03-24,1,1
M01591,B02,P3,PAY007094,2025-06-26,1,1
M01591,B02,P1,PAY008770,2025-07-25,0,1
M01592,B02,P3,PAY001592,2025-02-06,1,1
M01592,B02,P3,PAY005971,2025-05-05,1,1
M01592,B02,P3,PAY007938,2025-08-11,0,1
M01593,B02,P3,PAY001593,2025-01-28,1,1
M01593,B02,P4,PAY005773,2025-07-29,0,1
M01594,B02,P1,PAY001594,2025-01-17,1,1
M01594,B02,P1,PAY005437,2025-02-13,1,1
M01594,B02,P1,PAY006138,2025-03-08,1,1
M01594,B02,P1,PAY006733,2025-04-11,1,1
M01594,B02,P1,PAY007446,2025-05-17,0,1
M01595,B02,P1,PAY001595,2025-01-12,1,1
M01595,B02,P4,PAY005285,2025-07-09,0,1
M01596,B02,P4,PAY001596,2025-01-20,1,1
M01596,B02,P4,PAY005535,2025-07-27,1,1
M01596,B02,P4,PAY009297,2026-02-01,1,1
M01597,B02,P4,PAY001597,2025-02-11,1,1
M01597,B02,P4,PAY006089,2025-08-17,1,1
M01597,B02,P4,PAY009580,2026-02-28,0,1
M01598,B02,P2,PAY001598,2025-01-27,1,1
M01598,B02,P2,PAY005740,2025-03-03,1,1
M01598,B02,P2,PAY006615,2025-03-26,0,1
M01599,B02,P1,PAY001599,2025-01-14,0,1
M01600,B02,P3,PAY001600,2025-02-04,1,1
M01600,B02,P3,PAY005926,2025-05-10,1,1
M01600,B02,P3,PAY008024,2025-08-15,0,1
M01601,B02,P1,PAY001601,2025-01-26,1,1
M01601,B02,P1,PAY005710,2025-02-25,1,1
M01601,B02,P1,PAY006446,2025-03-25,1,1
M01601,B02,P3,PAY007114,2025-06-30,1,1
M01601,B02,P3,PAY008850,2025-09-29,1,1
M01601,B02,P3,PAY010159,2025-12-30,1,1
M01601,B02,P3,PAY011281,2026-04-03,0,1
M01602,B02,P3,PAY001602,2025-01-30,0,1
M01603,B02,P2,PAY001603,2025-01-06,1,1
M01603,B02,P5,PAY005093,2026-01-16,1,1
M01604,B02,P2,PAY001604,2025-01-07,1,1
M01604,B02,P2,PAY005113,2025-02-05,1,1
M01604,B02,P1,PAY005946,2025-03-12,1,1
M01604,B02,P1,PAY006818,2025-04-15,1,1
M01604,B02,P1,PAY007532,2025-05-17,1,1
M01604,B02,P1,PAY008143,2025-06-12,1,1
M01604,B02,P1,PAY008548,2025-07-14,1,1
M01604,B02,P1,PAY009069,2025-08-19,0,1
M01605,B02,P1,PAY001605,2025-01-29,0,1
M01606,B02,P4,PAY001606,2025-01-21,0,1
M01607,B02,P2,PAY001607,2025-01-26,1,1
M01607,B02,P2,PAY005711,2025-02-28,0,1
M01608,B02,P1,PAY001608,2025-01-08,1,1
M01608,B02,P1,PAY005145,2025-02-11,1,1
M01608,B02,P1,PAY006090,2025-03-10,1,1
M01608,B02,P1,PAY006780,2025-04-21,0,1
M01609,B02,P3,PAY001609,2025-03-02,1,1
M01609,B02,P3,PAY006598,2025-05-25,1,1
M01609,B02,P3,PAY008270,2025-08-29,1,1
M01609,B02,P3,PAY009747,2025-11-27,1,1
M01609,B02,P3,PAY010891,2026-03-03,0,1
M01610,B02,P3,PAY001610,2025-01-20,1,1
M01610,B02,P3,PAY005536,2025-04-18,1,1
M01610,B02,P3,PAY007593,2025-07-18,1,1
M01610,B02,P3,PAY009140,2025-10-26,0,1
M01611,B02,P3,PAY001611,2025-01-21,1,1
M01611,B02,P3,PAY005567,2025-04-16,1,1
M01611,B02,P3,PAY007548,2025-07-15,1,1
M01611,B02,P3,PAY009090,2025-10-19,1,1
M01611,B02,P4,PAY010414,2026-04-24,0,1
M01612,B02,P3,PAY001612,2025-02-12,1,1
M01612,B02,P1,PAY006117,2025-03-13,1,1
M01612,B02,P1,PAY006841,2025-04-21,1,1
M01612,B02,P1,PAY007646,2025-05-23,1,1
M01612,B02,P4,PAY008235,2025-11-18,1,1
M01612,B02,P4,PAY010787,2026-05-25,1,1
M01613,B02,P4,PAY001613,2025-05-28,1,1
M01613,B02,P4,PAY008319,2025-11-24,0,1
M01614,B02,P1,PAY001614,2025-01-24,1,1
M01614,B02,P1,PAY005654,2025-02-28,1,1
M01614,B02,P1,PAY006516,2025-04-10,0,1
M01615,B02,P1,PAY001615,2025-01-17,0,1
M01616,B02,P2,PAY001616,2025-01-17,1,1
M01616,B02,P2,PAY005438,2025-02-28,1,1
M01616,B02,P2,PAY006517,2025-04-10,1,1
M01616,B02,P2,PAY007415,2025-05-14,1,1
M01616,B02,P3,PAY008092,2025-08-15,1,1
M01616,B02,P3,PAY009557,2025-11-19,1,1
M01616,B02,P3,PAY010801,2026-02-28,0,1
M01617,B02,P3,PAY001617,2025-02-21,1,1
M01617,B02,P3,PAY006337,2025-05-25,1,1
M01617,B02,P3,PAY008271,2025-08-30,1,1
M01617,B02,P3,PAY009758,2025-11-26,1,1
M01617,B02,P3,PAY010879,2026-03-01,1,1
M01617,B02,P3,PAY012073,2026-06-04,1,1
M01618,B02,P5,PAY001618,2025-07-04,1,1
M01618,B02,P3,PAY008910,2025-10-10,1,1
M01618,B02,P3,PAY010296,2026-01-18,1,1
M01618,B02,P3,PAY011505,2026-04-14,1,1
M01619,B02,P1,PAY001619,2025-01-03,1,1
M01619,B02,P1,PAY004996,2025-02-05,0,1
M01620,B02,P4,PAY001620,2025-05-07,1,1
M01620,B02,P3,PAY007964,2025-08-04,1,1
M01620,B02,P3,PAY009419,2025-11-07,1,1
M01620,B02,P3,PAY010661,2026-02-12,1,1
M01620,B02,P3,PAY011827,2026-05-21,1,1
M01621,B02,P3,PAY001621,2025-03-14,1,1
M01621,B02,P3,PAY006864,2025-06-10,1,1
M01621,B02,P3,PAY008520,2025-09-12,1,1
M01621,B02,P3,PAY009920,2025-12-07,1,1
M01621,B02,P3,PAY011023,2026-03-12,1,1
M01621,B02,P3,PAY012235,2026-06-21,1,0
M01622,B02,P1,PAY001622,2025-01-12,1,1
M01622,B02,P1,PAY005286,2025-02-12,1,1
M01622,B02,P1,PAY006118,2025-03-21,1,1
M01622,B02,P1,PAY007020,2025-04-17,0,1
M01623,B02,P3,PAY001623,2025-02-26,0,1
M01624,B02,P3,PAY001624,2025-02-27,1,1
M01624,B02,P3,PAY006482,2025-06-07,1,1
M01624,B02,P3,PAY008479,2025-09-03,1,1
M01624,B02,P3,PAY009809,2025-12-12,1,1
M01624,B02,P3,PAY011082,2026-03-08,1,1
M01624,B02,P1,PAY012169,2026-04-08,1,1
M01624,B02,P1,PAY012582,2026-05-13,1,1
M01624,B02,P1,PAY013058,2026-06-22,0,0
M01625,B02,P2,PAY001625,2025-01-06,0,1
M01626,B02,P1,PAY001626,2025-01-15,1,1
M01626,B02,P1,PAY005386,2025-02-13,0,1
M01627,B02,P1,PAY001627,2025-01-11,1,1
M01627,B02,P1,PAY005249,2025-02-09,1,1
M01627,B02,P4,PAY006042,2025-08-14,1,1
M01627,B02,P4,PAY009543,2026-02-13,1,1
M01628,B02,P5,PAY001628,2025-01-28,1,1
M01628,B02,P5,PAY005774,2026-01-28,1,1
M01628,B02,P3,PAY011649,2026-04-23,1,1
M01629,B02,P2,PAY001629,2025-01-12,1,1
M01629,B02,P2,PAY005287,2025-02-18,1,1
M01629,B02,P2,PAY006256,2025-03-23,1,1
M01629,B02,P2,PAY007075,2025-04-28,1,1
M01629,B02,P2,PAY007780,2025-06-05,1,1
M01629,B02,P2,PAY008446,2025-07-12,1,1
M01629,B02,P2,PAY009037,2025-08-07,1,1
M01629,B02,P2,PAY009456,2025-09-12,1,1
M01629,B02,P2,PAY009921,2025-10-10,1,1
M01629,B02,P2,PAY010297,2025-11-14,1,1
M01629,B02,P2,PAY010743,2025-12-17,1,1
M01629,B02,P2,PAY011134,2026-01-13,1,1
M01629,B02,P2,PAY011445,2026-02-09,1,1
M01629,B02,P2,PAY011784,2026-03-06,1,1
M01629,B02,P2,PAY012141,2026-04-12,1,1
M01629,B02,P2,PAY012640,2026-05-10,1,1
M01629,B02,P2,PAY013025,2026-06-21,1,0
M01630,B02,P5,PAY001630,2025-09-15,0,1
M01631,B02,P1,PAY001631,2025-01-09,1,1
M01631,B02,P1,PAY005176,2025-02-18,1,1
M01631,B02,P1,PAY006257,2025-03-20,1,1
M01631,B02,P1,PAY006996,2025-04-29,1,1
M01631,B02,P1,PAY007801,2025-06-09,1,1
M01631,B02,P1,PAY008507,2025-07-15,0,1
M01632,B02,P1,PAY001632,2025-01-06,1,1
M01632,B02,P1,PAY005094,2025-02-03,1,1
M01632,B02,P1,PAY005903,2025-02-28,1,1
M01632,B02,P1,PAY006518,2025-03-26,1,1
M01632,B02,P1,PAY007138,2025-05-06,1,1
M01632,B02,P1,PAY007953,2025-06-05,1,1
M01632,B02,P1,PAY008447,2025-07-14,1,1
M01632,B02,P1,PAY009070,2025-08-16,1,1
M01632,B02,P1,PAY009565,2025-09-15,1,1
M01632,B02,P1,PAY009964,2025-10-11,1,1
M01632,B02,P1,PAY010312,2025-11-11,0,1
M01633,B02,P3,PAY001633,2025-01-18,1,1
M01633,B02,P3,PAY005468,2025-04-17,1,1
M01633,B02,P3,PAY007573,2025-07-27,1,1
M01633,B02,P2,PAY009298,2025-08-22,0,1
M01634,B02,P2,PAY001634,2025-01-10,1,1
M01634,B02,P2,PAY005213,2025-02-15,1,1
M01634,B02,P2,PAY006195,2025-03-18,1,1
M01634,B02,P3,PAY006945,2025-06-29,0,1
M01635,B02,P1,PAY001635,2025-01-28,1,1
M01635,B02,P1,PAY005775,2025-02-24,1,1
M01635,B02,P1,PAY006420,2025-04-07,1,1
M01635,B02,P1,PAY007355,2025-05-02,1,1
M01635,B02,P3,PAY007886,2025-08-05,1,1
M01635,B02,P3,PAY009432,2025-11-09,1,1
M01635,B02,P1,PAY010692,2025-12-20,0,1
M01636,B02,P1,PAY001636,2025-01-14,1,1
M01636,B02,P1,PAY005350,2025-02-13,1,1
M01636,B02,P1,PAY006139,2025-03-10,1,1
M01636,B02,P1,PAY006781,2025-04-13,1,1
M01636,B02,P1,PAY007493,2025-05-08,1,1
M01636,B02,P1,PAY007987,2025-06-14,1,1
M01636,B02,P1,PAY008585,2025-07-23,1,1
M01636,B02,P1,PAY009224,2025-08-23,1,1
M01636,B02,P1,PAY009659,2025-09-30,1,1
M01636,B02,P1,PAY010175,2025-10-26,1,1
M01636,B02,P1,PAY010510,2025-11-30,1,1
M01636,B02,P1,PAY010929,2026-01-06,1,1
M01636,B02,P1,PAY011358,2026-02-11,1,1
M01636,B02,P1,PAY011811,2026-03-11,1,1
M01636,B02,P1,PAY012211,2026-04-09,0,1
M01637,B02,P3,PAY001637,2025-01-13,1,1
M01637,B02,P4,PAY005319,2025-07-20,1,1
M01637,B02,P4,PAY009171,2026-01-27,0,1
M01638,B02,P1,PAY001638,2025-01-17,1,1
M01638,B02,P3,PAY005439,2025-04-21,1,1
M01638,B02,P3,PAY007647,2025-07-18,1,1
M01638,B02,P3,PAY009141,2025-10-21,1,1
M01638,B02,P3,PAY010445,2026-02-01,0,1
M01639,B02,P4,PAY001639,2025-01-04,0,1
M01640,B02,P1,PAY001640,2025-01-29,1,1
M01640,B02,P1,PAY005805,2025-02-24,1,1
M01640,B02,P1,PAY006421,2025-03-21,1,1
M01640,B02,P1,PAY007021,2025-04-21,1,1
M01640,B02,P1,PAY007648,2025-05-21,1,1
M01640,B02,P1,PAY008207,2025-06-19,1,1
M01640,B02,P1,PAY008669,2025-07-23,1,1
M01640,B02,P1,PAY009225,2025-08-29,0,1
M01641,B02,P4,PAY001641,2025-04-05,1,1
M01641,B02,P4,PAY007311,2025-10-02,0,1
M01642,B02,P1,PAY001642,2025-01-28,1,1
M01642,B02,P1,PAY005776,2025-02-28,1,1
M01642,B02,P1,PAY006519,2025-04-10,1,1
M01642,B02,P1,PAY007416,2025-05-16,1,1
M01642,B02,P1,PAY008130,2025-06-11,1,1
M01642,B02,P1,PAY008533,2025-07-08,1,1
M01642,B02,P1,PAY008965,2025-08-11,1,1
M01642,B02,P1,PAY009508,2025-09-21,1,1
M01642,B02,P1,PAY010045,2025-10-27,1,1
M01642,B02,P1,PAY010522,2025-12-05,0,1
M01643,B02,P3,PAY001643,2025-02-15,0,1
M01644,B02,P2,PAY001644,2025-01-05,1,1
M01644,B02,P2,PAY005065,2025-02-13,0,1
M01645,B02,P1,PAY001645,2025-01-18,1,1
M01645,B02,P1,PAY005469,2025-02-24,1,1
M01645,B02,P1,PAY006422,2025-04-07,1,1
M01645,B02,P1,PAY007356,2025-05-06,0,1
M01646,B02,P1,PAY001646,2025-01-07,1,1
M01646,B02,P1,PAY005114,2025-02-18,0,1
M01647,B02,P1,PAY001647,2025-01-11,1,1
M01647,B02,P1,PAY005250,2025-02-19,1,1
M01647,B02,P1,PAY006291,2025-03-15,1,1
M01647,B02,P1,PAY006883,2025-04-19,1,1
M01647,B02,P1,PAY007611,2025-05-14,1,1
M01647,B02,P1,PAY008093,2025-06-13,1,1
M01647,B02,P1,PAY008572,2025-07-08,0,1
M01648,B02,P1,PAY001648,2025-01-10,1,1
M01648,B02,P1,PAY005214,2025-02-15,1,1
M01648,B02,P1,PAY006196,2025-03-15,1,1
M01648,B02,P1,PAY006884,2025-04-16,1,1
M01648,B02,P1,PAY007549,2025-05-21,1,1
M01648,B02,P1,PAY008208,2025-06-30,0,1
M01649,B02,P4,PAY001649,2025-02-14,0,1
M01650,B02,P1,PAY001650,2025-01-26,1,1
M01650,B02,P1,PAY005712,2025-02-28,1,1
M01650,B02,P1,PAY006520,2025-04-03,1,1
M01650,B02,P1,PAY007265,2025-04-30,1,1
M01650,B02,P1,PAY007832,2025-06-08,1,1
M01650,B02,P1,PAY008494,2025-07-05,1,1
M01650,B02,P1,PAY008926,2025-08-07,1,1
M01650,B02,P1,PAY009457,2025-09-16,0,1
M01651,B02,P2,PAY001651,2025-01-07,0,1
M01652,B02,P5,PAY001652,2025-12-03,1,1
M01652,B02,P1,PAY010975,2026-01-03,1,1
M01652,B02,P1,PAY011330,2026-02-04,0,1
M01653,B02,P1,PAY001653,2025-01-17,0,1
M01654,B02,P5,PAY001654,2025-07-20,1,1
M01655,B02,P1,PAY001655,2025-01-28,1,1
M01655,B02,P1,PAY005777,2025-03-04,1,1
M01655,B02,P1,PAY006645,2025-04-11,1,1
M01655,B02,P1,PAY007447,2025-05-14,0,1
M01656,B02,P5,PAY001656,2026-01-06,1,1
M01657,B02,P1,PAY001657,2025-02-02,0,1
M01658,B02,P1,PAY001658,2025-02-21,1,1
M01658,B02,P1,PAY006338,2025-03-17,1,1
M01658,B02,P1,PAY006925,2025-04-14,1,1
M01658,B02,P1,PAY007512,2025-05-10,1,1
M01658,B02,P1,PAY008025,2025-06-19,0,1
M01659,B02,P4,PAY001659,2025-07-09,1,1
M01659,B02,P4,PAY008982,2026-01-20,0,1
M01660,B02,P3,PAY001660,2025-04-12,1,1
M01660,B02,P3,PAY007470,2025-07-23,1,1
M01660,B02,P3,PAY009226,2025-10-24,1,1
M01660,B02,P3,PAY010479,2026-01-21,1,1
M01660,B02,P3,PAY011556,2026-04-29,1,1
M01661,B02,P3,PAY001661,2025-04-08,1,1
M01661,B02,P3,PAY007373,2025-07-09,1,1
M01661,B02,P3,PAY008983,2025-10-13,0,1
M01662,B02,P3,PAY001662,2025-04-04,0,1
M01663,B02,P4,PAY001663,2025-07-20,1,1
M01663,B02,P4,PAY009173,2026-01-17,0,1
M01664,B02,P3,PAY001664,2025-04-21,1,1
M01664,B02,P3,PAY007649,2025-07-18,1,1
M01664,B02,P3,PAY009142,2025-10-27,1,1
M01664,B02,P3,PAY010523,2026-01-23,0,1
M01665,B02,P3,PAY001665,2025-04-30,0,1
M01666,B02,P1,PAY001666,2025-02-27,1,1
M01666,B02,P1,PAY006483,2025-04-04,1,1
M01666,B02,P1,PAY007289,2025-05-15,1,1
M01666,B02,P1,PAY008115,2025-06-12,1,1
M01666,B02,P1,PAY008549,2025-07-12,1,1
M01666,B02,P1,PAY009038,2025-08-09,1,1
M01666,B02,P1,PAY009484,2025-09-04,1,1
M01666,B02,P1,PAY009819,2025-10-08,1,1
M01666,B02,P1,PAY010274,2025-11-09,1,1
M01666,B02,P1,PAY010693,2025-12-06,0,1
M01667,B02,P4,PAY001667,2025-07-29,0,1
M01668,B02,P1,PAY001668,2025-02-03,1,1
M01668,B02,P1,PAY005904,2025-03-06,1,1
M01668,B02,P1,PAY006695,2025-04-04,0,1
M01669,B02,P1,PAY001669,2025-02-28,1,1
M01669,B02,P1,PAY006521,2025-04-01,0,1
M01670,B02,P1,PAY001670,2025-02-03,0,1
M01671,B02,P3,PAY001671,2025-04-30,0,1
M01672,B02,P3,PAY001672,2025-04-05,1,1
M01672,B02,P3,PAY007312,2025-07-06,0,1
M01673,B02,P4,PAY001673,2025-07-11,1,1
M01673,B02,P4,PAY009016,2026-01-15,1,1
M01673,B02,P1,PAY011475,2026-02-17,1,1
M01673,B02,P1,PAY011898,2026-03-24,1,1
M01673,B02,P1,PAY012390,2026-04-25,1,1
M01673,B02,P1,PAY012836,2026-05-27,1,1
M01673,B02,P1,PAY013240,2026-06-30,0,0
M01674,B02,P4,PAY001674,2025-07-29,1,1
M01674,B02,P4,PAY009334,2026-01-27,1,1
M01675,B02,P3,PAY001675,2025-04-16,1,1
M01675,B02,P3,PAY007550,2025-07-24,1,1
M01675,B02,P3,PAY009242,2025-10-24,1,1
M01675,B02,P3,PAY010480,2026-01-27,1,1
M01675,B02,P3,PAY011637,2026-04-24,1,1
M01675,B02,P1,PAY012823,2026-05-30,0,1
M01676,B02,P2,PAY001676,2025-02-01,0,1
M01677,B02,P4,PAY001677,2025-07-18,1,1
M01677,B02,P4,PAY009143,2026-01-22,0,1
M01678,B02,P2,PAY001678,2025-02-24,1,1
M01678,B02,P2,PAY006423,2025-03-19,1,1
M01678,B02,P2,PAY006964,2025-04-24,1,1
M01678,B02,P2,PAY007716,2025-06-05,0,1
M01679,B02,P1,PAY001679,2025-02-28,1,1
M01679,B02,P1,PAY006522,2025-04-01,0,1
M01680,B02,P1,PAY001680,2025-02-11,1,1
M01680,B02,P1,PAY006091,2025-03-10,0,1
M01681,B02,P4,PAY001681,2025-07-25,1,1
M01681,B02,P4,PAY009259,2026-01-28,1,1
M01681,B02,P3,PAY011650,2026-04-25,1,1
M01682,B02,P2,PAY001682,2025-02-02,1,1
M01682,B02,P2,PAY005888,2025-03-07,0,1
M01683,B02,P3,PAY001683,2025-04-20,1,1
M01683,B02,P3,PAY007630,2025-07-25,1,1
M01683,B02,P3,PAY009260,2025-11-03,1,1
M01683,B02,P3,PAY010602,2026-01-31,0,1
M01684,B02,P1,PAY001684,2025-02-15,1,1
M01684,B02,P1,PAY006197,2025-03-24,1,1
M01684,B02,P1,PAY007095,2025-04-30,1,1
M01684,B02,P1,PAY007833,2025-06-08,1,1
M01684,B02,P1,PAY008495,2025-07-07,1,1
M01684,B02,P1,PAY008949,2025-08-06,1,1
M01684,B02,P1,PAY009439,2025-09-05,0,1
M01685,B02,P1,PAY001685,2025-02-03,1,1
M01685,B02,P1,PAY005905,2025-03-01,0,1
M01686,B02,P4,PAY001686,2025-07-01,1,1
M01686,B02,P1,PAY008868,2025-08-05,1,1
M01686,B02,P1,PAY009433,2025-08-31,1,1
M01686,B02,P3,PAY009772,2025-12-11,1,1
M01686,B02,P3,PAY011069,2026-03-14,0,1
M01687,B02,P5,PAY001687,2026-01-07,1,1
M01688,B02,P1,PAY001688,2025-02-04,1,1
M01688,B02,P1,PAY005927,2025-03-15,0,1
M01689,B02,P5,PAY001689,2026-01-22,0,1
M01690,B02,P1,PAY001690,2025-02-11,1,1
M01690,B02,P1,PAY006092,2025-03-21,1,1
M01690,B02,P1,PAY007022,2025-04-22,1,1
M01690,B02,P1,PAY007669,2025-05-29,1,1
M01690,B02,P1,PAY008344,2025-06-28,1,1
M01690,B02,P1,PAY008803,2025-07-24,1,1
M01690,B02,P1,PAY009243,2025-09-01,1,1
M01690,B02,P1,PAY009782,2025-10-01,1,1
M01690,B02,P1,PAY010197,2025-11-11,1,1
M01690,B02,P1,PAY010710,2025-12-11,1,1
M01690,B02,P1,PAY011070,2026-01-11,1,1
M01690,B02,P1,PAY011414,2026-02-09,1,1
M01690,B02,P1,PAY011785,2026-03-05,1,1
M01690,B02,P1,PAY012125,2026-04-02,1,1
M01690,B02,P1,PAY012494,2026-05-13,1,1
M01690,B02,P1,PAY013059,2026-06-18,0,0
M01691,B02,P3,PAY001691,2025-04-10,1,1
M01691,B02,P3,PAY007417,2025-07-07,1,1
M01691,B02,P3,PAY008950,2025-10-04,1,1
M01691,B02,P3,PAY010234,2026-01-12,0,1
M01692,B02,P1,PAY001692,2025-02-28,1,1
M01692,B02,P1,PAY006523,2025-04-02,1,1
M01692,B02,P5,PAY007240,2026-03-30,1,1
M01693,B02,P1,PAY001693,2025-02-12,1,1
M01693,B02,P1,PAY006119,2025-03-08,1,1
M01693,B02,P1,PAY006734,2025-04-04,1,1
M01693,B02,P1,PAY007290,2025-05-07,1,1
M01693,B02,P4,PAY007965,2025-11-18,1,1
M01693,B02,P4,PAY010788,2026-05-27,1,1
M01694,B02,P4,PAY001694,2025-07-01,0,1
M01695,B02,P3,PAY001695,2025-04-21,1,1
M01695,B02,P3,PAY007650,2025-07-21,1,1
M01695,B02,P3,PAY009193,2025-10-27,1,1
M01695,B02,P3,PAY010524,2026-02-06,1,1
M01695,B02,P3,PAY011740,2026-05-08,0,1
M01696,B02,P5,PAY001696,2026-01-23,1,1
M01697,B02,P3,PAY001697,2025-04-03,1,1
M01697,B02,P5,PAY007266,2026-04-01,0,1
M01698,B02,P1,PAY001698,2025-02-21,1,1
M01698,B02,P1,PAY006339,2025-03-27,1,1
M01698,B02,P1,PAY007156,2025-05-07,1,1
M01698,B02,P1,PAY007966,2025-06-17,1,1
M01698,B02,P1,PAY008636,2025-07-16,0,1
M01699,B02,P4,PAY001699,2025-07-28,1,1
M01699,B02,P4,PAY009314,2026-01-23,0,1
M01700,B02,P3,PAY001700,2025-04-08,0,1
M01701,B02,P1,PAY001701,2025-02-28,1,1
M01701,B02,P1,PAY006524,2025-03-27,1,1
M01701,B02,P1,PAY007157,2025-05-04,1,1
M01701,B02,P1,PAY007917,2025-05-30,1,1
M01701,B02,P1,PAY008357,2025-06-27,0,1
M01702,B02,P1,PAY001702,2025-02-15,1,1
M01702,B02,P1,PAY006198,2025-03-21,0,1
M01703,B02,P5,PAY001703,2026-01-03,1,1
M01704,B02,P1,PAY001704,2025-02-25,1,1
M01704,B02,P1,PAY006447,2025-04-02,1,1
M01704,B02,P1,PAY007241,2025-04-29,1,1
M01704,B02,P1,PAY007802,2025-06-02,1,1
M01704,B02,P3,PAY008383,2025-09-13,1,1
M01704,B02,P3,PAY009932,2025-12-23,1,1
M01704,B02,P3,PAY011195,2026-04-03,0,1
M01705,B02,P3,PAY001705,2025-04-09,1,1
M01705,B02,P3,PAY007393,2025-07-07,1,1
M01705,B02,P3,PAY008951,2025-10-15,1,1
M01705,B02,P3,PAY010368,2026-01-22,1,1
M01705,B02,P3,PAY011567,2026-04-18,1,1
M01706,B02,P4,PAY001706,2025-07-22,1,1
M01706,B02,P4,PAY009206,2026-01-24,1,1
M01707,B02,P1,PAY001707,2025-02-19,0,1
M01708,B02,P4,PAY001708,2025-07-20,1,1
M01708,B02,P4,PAY009174,2026-01-27,1,1
M01709,B02,P1,PAY001709,2025-02-17,0,1
M01710,B02,P1,PAY001710,2025-02-18,1,1
M01710,B02,P1,PAY006258,2025-03-15,1,1
M01710,B02,P1,PAY006885,2025-04-26,1,1
M01710,B02,P1,PAY007758,2025-06-03,0,1
M01711,B02,P4,PAY001711,2025-07-31,0,1
M01712,B02,P1,PAY001712,2025-02-02,0,1
M01713,B02,P1,PAY001713,2025-02-13,1,1
M01713,B02,P1,PAY006140,2025-03-16,1,1
M01713,B02,P1,PAY006905,2025-04-15,0,1
M01714,B02,P1,PAY001714,2025-02-05,1,1
M01714,B02,P1,PAY005947,2025-03-13,1,1
M01714,B02,P1,PAY006842,2025-04-21,1,1
M01714,B02,P1,PAY007651,2025-05-22,1,1
M01714,B02,P4,PAY008221,2025-11-25,1,1
M01714,B02,P4,PAY010866,2026-05-29,1,1
M01715,B02,P2,PAY001715,2025-02-25,0,1
M01716,B02,P1,PAY001716,2025-02-07,1,1
M01716,B02,P1,PAY005995,2025-03-03,1,1
M01716,B02,P1,PAY006616,2025-04-03,1,1
M01716,B02,P1,PAY007267,2025-05-11,0,1
M01717,B02,P5,PAY001717,2026-01-08,1,1
M01718,B02,P1,PAY001718,2025-02-28,1,1
M01718,B02,P1,PAY006525,2025-04-01,1,1
M01718,B02,P1,PAY007213,2025-05-10,0,1
M01719,B02,P2,PAY001719,2025-02-13,1,1
M01719,B02,P2,PAY006141,2025-03-13,1,1
M01719,B02,P2,PAY006843,2025-04-18,1,1
M01719,B02,P2,PAY007594,2025-05-25,0,1
M01720,B02,P1,PAY001720,2025-03-09,1,1
M01720,B02,P1,PAY006761,2025-04-09,1,1
M01720,B02,P1,PAY007394,2025-05-09,1,1
M01720,B02,P1,PAY008004,2025-06-15,0,1
M01721,B02,P1,PAY001721,2025-03-05,1,1
M01721,B02,P1,PAY006668,2025-04-03,1,1
M01721,B02,P1,PAY007268,2025-05-12,0,1
M01722,B02,P2,PAY001722,2025-03-01,1,1
M01722,B02,P2,PAY006583,2025-04-11,0,1
M01723,B02,P1,PAY001723,2025-03-08,1,1
M01723,B02,P1,PAY006735,2025-04-06,1,1
M01723,B02,P1,PAY007335,2025-05-17,1,1
M01723,B02,P1,PAY008144,2025-06-20,0,1
M01724,B02,P1,PAY001724,2025-03-05,1,1
M01724,B02,P1,PAY006669,2025-04-14,1,1
M01724,B02,P1,PAY007513,2025-05-15,0,1
M01725,B02,P2,PAY001725,2025-03-05,1,1
M01725,B02,P2,PAY006670,2025-04-15,1,1
M01725,B02,P2,PAY007533,2025-05-14,1,1
M01725,B02,P2,PAY008094,2025-06-12,1,1
M01725,B02,P2,PAY008550,2025-07-17,1,1
M01725,B02,P2,PAY009127,2025-08-22,0,1
M01726,B02,P5,PAY001726,2026-02-06,1,1
M01727,B02,P4,PAY001727,2025-08-11,0,1
M01728,B02,P5,PAY001728,2026-02-03,1,1
M01729,B02,P4,PAY001729,2025-08-14,0,1
M01730,B02,P1,PAY001730,2025-03-07,1,1
M01730,B02,P1,PAY006710,2025-04-11,1,1
M01730,B02,P1,PAY007448,2025-05-17,0,1
M01731,B02,P2,PAY001731,2025-03-10,1,1
M01731,B02,P2,PAY006782,2025-04-12,1,1
M01731,B02,P2,PAY007471,2025-05-09,1,1
M01731,B02,P2,PAY008005,2025-06-04,0,1
M01732,B02,P3,PAY001732,2025-05-28,1,1
M01732,B02,P3,PAY008320,2025-08-24,1,1
M01732,B02,P3,PAY009673,2025-12-01,1,1
M01732,B02,P3,PAY010955,2026-03-10,1,1
M01732,B02,P3,PAY012197,2026-06-11,1,1
M01733,B02,P1,PAY001733,2025-03-17,1,1
M01733,B02,P1,PAY006926,2025-04-12,0,1
M01734,B02,P1,PAY001734,2025-03-06,1,1
M01734,B02,P1,PAY006696,2025-04-05,1,1
M01734,B02,P1,PAY007313,2025-05-07,1,1
M01734,B02,P1,PAY007967,2025-06-03,1,1
M01734,B02,P1,PAY008405,2025-07-12,0,1
M01735,B02,P1,PAY001735,2025-03-14,1,1
M01735,B02,P1,PAY006865,2025-04-17,1,1
M01735,B02,P1,PAY007574,2025-05-23,1,1
M01735,B02,P1,PAY008236,2025-06-22,1,1
M01735,B02,P1,PAY008704,2025-07-24,1,1
M01735,B02,P1,PAY009244,2025-08-31,1,1
M01735,B02,P1,PAY009773,2025-09-30,0,1
M01736,B02,P3,PAY001736,2025-05-14,1,1
M01736,B02,P4,PAY008095,2025-11-23,0,1
M01737,B02,P3,PAY001737,2025-05-26,1,1
M01737,B02,P3,PAY008290,2025-08-23,1,1
M01737,B02,P3,PAY009660,2025-11-22,1,1
M01737,B02,P3,PAY010833,2026-02-23,1,1
M01737,B02,P3,PAY011974,2026-06-04,1,1
M01738,B02,P3,PAY001738,2025-05-14,1,1
M01738,B02,P1,PAY008096,2025-06-10,1,1
M01738,B02,P1,PAY008521,2025-07-18,1,1
M01738,B02,P1,PAY009144,2025-08-16,0,1
M01739,B02,P1,PAY001739,2025-03-22,1,1
M01739,B02,P1,PAY007048,2025-05-02,1,1
M01739,B02,P1,PAY007887,2025-06-12,1,1
M01739,B02,P1,PAY008551,2025-07-11,1,1
M01739,B02,P1,PAY009017,2025-08-16,0,1
M01740,B02,P3,PAY001740,2025-05-16,1,1
M01740,B02,P4,PAY008131,2025-11-13,1,1
M01740,B02,P4,PAY010730,2026-05-21,1,1
M01741,B02,P4,PAY001741,2025-08-02,1,1
M01741,B02,P4,PAY009392,2026-02-11,1,1
M01742,B02,P3,PAY001742,2025-05-10,1,1
M01742,B02,P4,PAY008026,2025-11-06,1,1
M01742,B02,P4,PAY010646,2026-05-06,0,1
M01743,B02,P5,PAY001743,2026-02-28,1,1
M01744,B02,P2,PAY001744,2025-03-28,1,1
M01744,B02,P2,PAY007177,2025-04-26,0,1
M01745,B02,P3,PAY001745,2025-05-23,0,1
M01746,B02,P1,PAY001746,2025-03-11,1,1
M01746,B02,P2,PAY006799,2025-04-22,1,1
M01746,B02,P2,PAY007670,2025-06-03,1,1
M01746,B02,P2,PAY008406,2025-07-03,1,1
M01746,B02,P2,PAY008899,2025-08-09,1,1
M01746,B02,P1,PAY009485,2025-09-20,1,1
M01746,B02,P1,PAY010027,2025-10-28,1,1
M01746,B02,P1,PAY010540,2025-11-24,1,1
M01746,B02,P1,PAY010848,2025-12-29,1,1
M01746,B02,P1,PAY011270,2026-02-05,1,1
M01746,B02,P1,PAY011728,2026-03-12,0,1
M01747,B02,P3,PAY001747,2025-05-02,0,1
M01748,B02,P1,PAY001748,2025-03-08,1,1
M01748,B02,P1,PAY006736,2025-04-16,0,1
M01749,B02,P3,PAY001749,2025-05-09,1,1
M01749,B02,P4,PAY008006,2025-11-11,1,1
M01749,B02,P4,PAY010711,2026-05-18,1,1
M01750,B02,P1,PAY001750,2025-03-04,0,1
M01751,B02,P5,PAY001751,2026-02-25,1,1
M01752,B02,P3,PAY001752,2025-05-08,0,1
M01753,B02,P1,PAY001753,2025-03-27,1,1
M01753,B02,P1,PAY007158,2025-04-22,1,1
M01753,B02,P1,PAY007671,2025-05-17,0,1
M01754,B02,P5,PAY001754,2026-02-04,1,1
M01755,B02,P1,PAY001755,2025-03-12,1,1
M01755,B02,P1,PAY006819,2025-04-13,1,1
M01755,B02,P1,PAY007494,2025-05-17,1,1
M01755,B02,P1,PAY008145,2025-06-15,0,1
M01756,B02,P1,PAY001756,2025-03-07,1,1
M01756,B02,P1,PAY006711,2025-04-12,1,1
M01756,B02,P1,PAY007472,2025-05-07,1,1
M01756,B02,P1,PAY007968,2025-06-09,1,1
M01756,B02,P1,PAY008508,2025-07-18,1,1
M01756,B02,P3,PAY009145,2025-10-24,1,1
M01756,B02,P3,PAY010481,2026-01-22,0,1
M01757,B02,P1,PAY001757,2025-03-21,1,1
M01757,B02,P1,PAY007023,2025-04-21,0,1
M01758,B02,P3,PAY001758,2025-05-24,1,1
M01758,B02,P3,PAY008253,2025-08-25,1,1
M01758,B02,P3,PAY009689,2025-11-30,1,1
M01758,B02,P3,PAY010930,2026-02-27,0,1
M01759,B02,P1,PAY001759,2025-03-19,1,1
M01759,B02,P1,PAY006965,2025-04-15,0,1
M01760,B02,P1,PAY001760,2025-03-13,1,1
M01760,B02,P1,PAY006844,2025-04-12,1,1
M01760,B02,P1,PAY007473,2025-05-14,1,1
M01760,B02,P1,PAY008097,2025-06-11,0,1
M01761,B02,P2,PAY001761,2025-03-04,0,1
M01762,B02,P2,PAY001762,2025-03-08,1,1
M01762,B02,P4,PAY006737,2025-09-07,1,1
M01762,B02,P4,PAY009853,2026-03-05,1,1
M01763,B02,P1,PAY001763,2025-03-26,1,1
M01763,B02,P1,PAY007139,2025-04-27,1,1
M01763,B02,P5,PAY007765,2026-05-08,1,1
M01764,B02,P1,PAY001764,2025-03-15,1,1
M01764,B02,P1,PAY006886,2025-04-24,1,1
M01764,B02,P1,PAY007717,2025-05-30,0,1
M01765,B02,P3,PAY001765,2025-05-18,1,1
M01765,B02,P3,PAY008164,2025-08-18,1,1
M01765,B02,P3,PAY009592,2025-11-21,1,1
M01765,B02,P3,PAY010822,2026-02-24,1,1
M01765,B02,P3,PAY011988,2026-05-21,1,1
M01766,B02,P1,PAY001766,2025-03-19,1,1
M01766,B02,P1,PAY006966,2025-04-28,0,1
M01767,B02,P1,PAY001767,2025-03-21,0,1
M01768,B02,P4,PAY001768,2025-08-07,1,1
M01768,B02,P4,PAY009458,2026-02-12,0,1
M01769,B02,P1,PAY001769,2025-03-18,1,1
M01769,B02,P1,PAY006946,2025-04-17,1,1
M01769,B02,P1,PAY007575,2025-05-15,1,1
M01769,B02,P1,PAY008116,2025-06-13,0,1
M01770,B02,P4,PAY001770,2025-08-04,0,1
M01771,B02,P1,PAY001771,2025-03-15,1,1
M01771,B02,P5,PAY006887,2026-03-17,1,1
M01772,B02,P1,PAY001772,2025-03-15,1,1
M01772,B02,P1,PAY006888,2025-04-14,1,1
M01772,B02,P1,PAY007514,2025-05-18,0,1
M01773,B02,P3,PAY001773,2025-05-09,1,1
M01773,B02,P3,PAY008007,2025-08-11,1,1
M01774,B02,P1,PAY001774,2025-03-20,1,1
M01774,B02,P3,PAY006997,2025-06-27,1,1
M01774,B02,P3,PAY008786,2025-10-02,0,1
M01775,B02,P3,PAY001775,2025-06-06,0,1
M01776,B02,P2,PAY001776,2025-04-15,1,1
M01776,B02,P1,PAY007534,2025-05-17,1,1
M01776,B02,P1,PAY008146,2025-06-17,0,1
M01777,B02,P1,PAY001777,2025-04-25,1,1
M01777,B02,P1,PAY007743,2025-05-23,1,1
M01777,B02,P1,PAY008237,2025-06-24,1,1
M01777,B02,P3,PAY008738,2025-09-27,1,1
M01777,B02,P3,PAY010128,2026-01-01,1,1
M01777,B02,P3,PAY011294,2026-04-12,0,1
M01778,B02,P1,PAY001778,2025-04-24,1,1
M01778,B02,P1,PAY007718,2025-06-01,1,1
M01778,B02,P1,PAY008369,2025-07-08,1,1
M01778,B02,P1,PAY008966,2025-08-15,0,1
M01779,B02,P2,PAY001779,2025-04-23,1,1
M01779,B02,P2,PAY007694,2025-06-03,1,1
M01779,B02,P1,PAY008407,2025-06-29,1,1
M01779,B02,P1,PAY008818,2025-07-30,0,1
M01780,B02,P4,PAY001780,2025-09-12,0,1
M01781,B02,P1,PAY001781,2025-04-25,1,1
M01781,B02,P1,PAY007744,2025-05-28,1,1
M01781,B02,P1,PAY008321,2025-06-27,0,1
M01782,B02,P3,PAY001782,2025-06-26,0,1
M01783,B02,P1,PAY001783,2025-04-01,1,1
M01783,B02,P1,PAY007214,2025-04-28,0,1
M01784,B02,P5,PAY001784,2026-03-26,0,1
M01785,B02,P2,PAY001785,2025-04-29,1,1
M01785,B02,P2,PAY007803,2025-05-24,1,1
M01785,B02,P2,PAY008254,2025-06-20,1,1
M01785,B02,P2,PAY008681,2025-07-28,1,1
M01785,B02,P2,PAY009315,2025-08-30,0,1
M01786,B02,P1,PAY001786,2025-04-17,1,1
M01786,B02,P1,PAY007576,2025-05-17,1,1
M01786,B02,P1,PAY008147,2025-06-17,0,1
M01787,B02,P1,PAY001787,2025-04-21,1,1
M01787,B02,P1,PAY007652,2025-05-17,1,1
M01787,B02,P1,PAY008148,2025-06-25,1,1
M01787,B02,P1,PAY008755,2025-07-29,1,1
M01787,B02,P1,PAY009335,2025-08-31,0,1
M01788,B02,P1,PAY001788,2025-04-11,1,1
M01788,B02,P1,PAY007449,2025-05-12,1,1
M01788,B02,P1,PAY008058,2025-06-19,1,1
M01788,B02,P1,PAY008670,2025-07-23,1,1
M01788,B02,P1,PAY009227,2025-08-25,1,1
M01788,B02,P1,PAY009690,2025-10-03,1,1
M01788,B02,P1,PAY010220,2025-11-08,1,1
M01788,B02,P1,PAY010677,2025-12-15,1,1
M01788,B02,P1,PAY011115,2026-01-25,1,1
M01788,B02,P1,PAY011611,2026-03-02,1,1
M01788,B02,P1,PAY012084,2026-03-25,0,1
M01789,B02,P3,PAY001789,2025-06-24,0,1
M01790,B02,P2,PAY001790,2025-04-13,1,1
M01790,B02,P1,PAY007495,2025-05-11,0,1
M01791,B02,P3,PAY001791,2025-06-19,1,1
M01791,B02,P3,PAY008671,2025-09-25,1,1
M01791,B02,P3,PAY010102,2025-12-27,1,1
M01791,B02,P1,PAY011240,2026-01-24,1,1
M01791,B02,P1,PAY011598,2026-03-01,1,1
M01791,B02,P1,PAY012074,2026-03-25,1,1
M01791,B02,P1,PAY012404,2026-04-25,1,1
M01791,B02,P1,PAY012838,2026-05-21,1,1
M01791,B02,P1,PAY013159,2026-06-28,0,0
M01792,B02,P1,PAY001792,2025-04-11,1,1
M01792,B02,P1,PAY007450,2025-05-22,1,1
M01792,B02,P1,PAY008222,2025-07-01,1,1
M01792,B02,P1,PAY008869,2025-08-11,1,1
M01792,B02,P1,PAY009510,2025-09-09,1,1
M01792,B02,P1,PAY009880,2025-10-16,0,1
M01793,B02,P5,PAY001793,2026-03-31,1,1
M01794,B02,P1,PAY001794,2025-04-02,0,1
M01795,B02,P4,PAY001795,2025-09-16,1,1
M01795,B02,P4,PAY009978,2026-03-15,1,1
M01796,B02,P1,PAY001796,2025-04-13,0,1
M01797,B02,P3,PAY001797,2025-06-14,1,1
M01797,B02,P1,PAY008586,2025-07-16,0,1
M01798,B02,P3,PAY001798,2025-06-12,1,1
M01798,B02,P3,PAY008552,2025-09-12,0,1
M01799,B02,P4,PAY001799,2025-09-12,1,1
M01799,B02,P4,PAY009922,2026-03-12,1,1
M01800,B02,P3,PAY001800,2025-06-09,1,1
M01800,B02,P3,PAY008509,2025-09-08,1,1
M01800,B02,P3,PAY009867,2025-12-18,1,1
M01800,B02,P3,PAY011142,2026-03-23,1,1
M01800,B02,P3,PAY012378,2026-06-24,1,0
M01801,B02,P4,PAY001801,2025-09-11,0,1
M01802,B02,P5,PAY001802,2026-03-06,1,1
M01803,B02,P3,PAY001803,2025-06-17,0,1
M01804,B02,P1,PAY001804,2025-04-14,1,1
M01804,B02,P1,PAY007515,2025-05-23,1,1
M01804,B02,P1,PAY008238,2025-07-03,0,1
M01805,B02,P3,PAY001805,2025-06-07,1,1
M01805,B02,P3,PAY008480,2025-09-17,1,1
M01805,B02,P3,PAY009989,2025-12-14,1,1
M01805,B02,P3,PAY011103,2026-03-13,1,1
M01805,B02,P3,PAY012249,2026-06-12,1,1
M01806,B02,P3,PAY001806,2025-06-26,0,1
M01807,B02,P4,PAY001807,2025-09-20,1,1
M01807,B02,P1,PAY010028,2025-10-23,1,1
M01807,B02,P1,PAY010470,2025-11-19,1,1
M01807,B02,P1,PAY010802,2025-12-17,0,1
M01808,B02,P5,PAY001808,2026-03-02,1,1
M01809,B02,P4,PAY001809,2025-09-29,1,1
M01809,B02,P4,PAY010160,2026-03-27,1,1
M01810,B02,P1,PAY001810,2025-04-30,0,1
M01811,B02,P3,PAY001811,2025-06-05,1,1
M01811,B02,P3,PAY008448,2025-09-03,1,1
M01811,B02,P1,PAY009810,2025-10-13,1,1
M01811,B02,P1,PAY010340,2025-11-19,1,1
M01811,B02,P1,PAY010803,2025-12-28,0,1
M01812,B02,P1,PAY001812,2025-04-28,0,1
M01813,B02,P4,PAY001813,2025-09-16,0,1
M01814,B02,P5,PAY001814,2026-03-30,1,1
M01815,B02,P2,PAY001815,2025-04-16,0,1
M01816,B02,P3,PAY001816,2025-06-27,1,1
M01816,B02,P3,PAY008787,2025-10-04,1,1
M01816,B02,P3,PAY010235,2026-01-12,1,1
M01816,B02,P3,PAY011432,2026-04-13,1,1
M01817,B02,P5,PAY001817,2026-03-21,0,1
M01818,B02,P3,PAY001818,2025-06-29,0,1
M01819,B02,P4,PAY001819,2025-09-20,1,1
M01819,B02,P1,PAY010029,2025-10-15,1,1
M01819,B02,P1,PAY010369,2025-11-18,1,1
M01819,B02,P1,PAY010789,2025-12-26,1,1
M01819,B02,P1,PAY011227,2026-02-03,1,1
M01819,B02,P1,PAY011711,2026-02-28,1,1
M01819,B02,P1,PAY012049,2026-03-28,1,1
M01819,B02,P1,PAY012445,2026-05-02,0,1
M01820,B02,P4,PAY001820,2025-09-02,1,1
M01820,B02,P4,PAY009800,2026-02-28,1,1
M01821,B02,P1,PAY001821,2025-04-28,1,1
M01821,B02,P5,PAY007781,2026-04-29,1,1
M01822,B02,P1,PAY001822,2025-05-26,1,1
M01822,B02,P3,PAY008291,2025-09-05,1,1
M01822,B02,P3,PAY009828,2025-12-08,1,1
M01822,B02,P1,PAY011038,2026-01-18,1,1
M01822,B02,P1,PAY011506,2026-02-17,0,1
M01823,B02,P2,PAY001823,2025-05-01,1,1
M01823,B02,P2,PAY007865,2025-05-30,1,1
M01823,B02,P2,PAY008358,2025-07-10,1,1
M01823,B02,P2,PAY008998,2025-08-14,0,1
M01824,B02,P5,PAY001824,2026-04-04,1,1
M01825,B02,P2,PAY001825,2025-05-04,0,1
M01826,B02,P5,PAY001826,2026-04-27,1,1
M01827,B02,P1,PAY001827,2025-05-27,0,1
M01828,B02,P2,PAY001828,2025-05-15,1,1
M01828,B02,P2,PAY008117,2025-06-25,0,1
M01829,B02,P3,PAY001829,2025-07-05,1,1
M01829,B02,P3,PAY008927,2025-10-16,0,1
M01830,B02,P2,PAY001830,2025-05-08,1,1
M01830,B02,P2,PAY007988,2025-06-18,0,1
M01831,B02,P3,PAY001831,2025-07-11,0,1
M01832,B02,P5,PAY001832,2026-04-17,1,1
M01833,B02,P4,PAY001833,2025-10-17,1,1
M01833,B02,P4,PAY010392,2026-04-24,1,1
M01834,B02,P3,PAY001834,2025-07-23,1,1
M01834,B02,P3,PAY009228,2025-10-21,1,1
M01834,B02,P3,PAY010446,2026-01-18,0,1
M01835,B02,P3,PAY001835,2025-07-14,1,1
M01835,B02,P3,PAY009071,2025-10-14,1,1
M01836,B02,P2,PAY001836,2025-05-04,0,1
M01837,B02,P3,PAY001837,2025-07-19,0,1
M01838,B02,P3,PAY001838,2025-07-26,1,1
M01838,B02,P3,PAY009283,2025-10-23,1,1
M01838,B02,P3,PAY010471,2026-01-26,0,1
M01839,B02,P3,PAY001839,2025-07-04,1,1
M01839,B02,P3,PAY008911,2025-10-10,1,1
M01839,B02,P3,PAY010298,2026-01-14,1,1
M01839,B02,P3,PAY011463,2026-04-20,1,1
M01839,B02,P2,PAY012754,2026-05-29,1,1
M01839,B02,P2,PAY013267,2026-06-30,1,0
M01840,B02,P2,PAY001840,2025-05-21,0,1
M01841,B02,P3,PAY001841,2025-07-16,1,1
M01841,B02,P3,PAY009111,2025-10-15,0,1
M01842,B02,P1,PAY001842,2025-05-20,0,1
M01843,B02,P1,PAY001843,2025-05-07,1,1
M01843,B02,P1,PAY007969,2025-06-03,1,1
M01843,B02,P1,PAY008408,2025-07-03,1,1
M01843,B02,P1,PAY008900,2025-07-30,1,1
M01843,B02,P1,PAY009355,2025-09-03,0,1
M01844,B02,P1,PAY001844,2025-05-19,0,1
M01845,B02,P4,PAY001845,2025-10-14,1,1
M01845,B02,P4,PAY010358,2026-04-18,1,1
M01846,B02,P3,PAY001846,2025-07-22,1,1
M01846,B02,P3,PAY009207,2025-10-30,1,1
M01846,B02,P3,PAY010568,2026-01-29,1,1
M01846,B02,P3,PAY011655,2026-05-08,1,1
M01847,B02,P4,PAY001847,2025-10-26,1,1
M01847,B02,P4,PAY010511,2026-05-06,1,1
M01847,B02,P1,PAY012987,2026-06-13,1,1
M01848,B02,P3,PAY001848,2025-07-08,1,1
M01848,B02,P3,PAY008967,2025-10-08,1,1
M01848,B02,P3,PAY010275,2026-01-07,1,1
M01848,B02,P3,PAY011371,2026-04-05,1,1
M01848,B02,P3,PAY012542,2026-06-30,0,0
M01849,B02,P2,PAY001849,2025-05-24,1,1
M01849,B02,P2,PAY008255,2025-06-27,1,1
M01849,B02,P2,PAY008788,2025-08-04,1,1
M01849,B02,P2,PAY009420,2025-09-08,1,1
M01849,B02,P2,PAY009868,2025-10-19,1,1
M01849,B02,P2,PAY010415,2025-11-14,1,1
M01849,B02,P2,PAY010744,2025-12-09,1,1
M01849,B02,P2,PAY011050,2026-01-07,1,1
M01849,B02,P2,PAY011372,2026-02-04,1,1
M01850,B02,P2,PAY001850,2025-05-07,0,1
M01851,B02,P4,PAY001851,2025-10-20,1,1
M01851,B02,P4,PAY010434,2026-04-17,1,1
M01852,B02,P3,PAY001852,2025-07-12,0,1
M01853,B02,P1,PAY001853,2025-05-28,1,1
M01853,B02,P3,PAY008322,2025-09-08,0,1
M01854,B02,P1,PAY001854,2025-05-03,1,1
M01854,B02,P1,PAY007901,2025-06-05,1,1
M01854,B02,P1,PAY008449,2025-07-02,1,1
M01854,B02,P1,PAY008885,2025-08-12,1,1
M01854,B02,P1,PAY009522,2025-09-15,0,1
M01855,B02,P2,PAY001855,2025-05-20,1,1
M01855,B02,P2,PAY008189,2025-06-18,1,1
M01855,B02,P2,PAY008652,2025-07-19,1,1
M01855,B02,P2,PAY009156,2025-08-23,1,1
M01855,B02,P2,PAY009661,2025-09-21,0,1
M01856,B02,P4,PAY001856,2025-10-23,0,1
M01857,B02,P3,PAY001857,2025-07-10,1,1
M01857,B02,P3,PAY008999,2025-10-07,1,1
M01857,B02,P3,PAY010264,2026-01-12,0,1
M01858,B02,P3,PAY001858,2025-07-18,1,1
M01858,B02,P3,PAY009146,2025-10-23,1,1
M01858,B02,P3,PAY010472,2026-01-20,1,1
M01858,B02,P3,PAY011537,2026-04-19,1,1
M01858,B02,P1,PAY012747,2026-05-23,1,1
M01858,B02,P1,PAY013182,2026-06-19,1,0
M01859,B02,P5,PAY001859,2026-05-12,1,1
M01860,B02,P2,PAY001860,2025-06-25,1,1
M01860,B02,P2,PAY008756,2025-07-24,1,1
M01860,B02,P2,PAY009245,2025-09-03,1,1
M01860,B02,P2,PAY009811,2025-10-06,1,1
M01860,B02,P2,PAY010255,2025-11-01,1,1
M01860,B02,P2,PAY010582,2025-11-30,0,1
M01861,B02,P2,PAY001861,2025-06-03,1,1
M01861,B02,P2,PAY008409,2025-07-04,1,1
M01861,B02,P2,PAY008912,2025-08-10,0,1
M01862,B02,P3,PAY001862,2025-08-18,0,1
M01863,B02,P4,PAY001863,2025-11-11,1,1
M01863,B02,P4,PAY010712,2026-05-19,0,1
M01864,B02,P2,PAY001864,2025-06-23,1,1
M01864,B02,P2,PAY008721,2025-07-29,1,1
M01864,B02,P2,PAY009336,2025-08-24,1,1
M01864,B02,P2,PAY009674,2025-09-30,1,1
M01864,B02,P2,PAY010176,2025-11-08,0,1
M01865,B02,P3,PAY001865,2025-08-17,0,1
M01866,B02,P5,PAY001866,2026-05-25,1,1
M01866,B02,P1,PAY013219,2026-06-20,1,0
M01867,B02,P1,PAY001867,2025-06-29,0,1
M01868,B02,P1,PAY001868,2025-06-25,1,1
M01868,B02,P1,PAY008757,2025-07-28,1,1
M01868,B02,P1,PAY009316,2025-08-25,1,1
M01868,B02,P1,PAY009691,2025-09-22,0,1
M01869,B02,P5,PAY001869,2026-05-13,0,1
M01870,B02,P1,PAY001870,2025-06-03,1,1
M01870,B02,P1,PAY008410,2025-07-12,1,1
M01870,B02,P1,PAY009039,2025-08-19,1,1
M01870,B02,P1,PAY009604,2025-09-30,1,1
M01870,B02,P1,PAY010177,2025-11-06,1,1
M01870,B02,P4,PAY010647,2026-05-10,1,1
M01871,B02,P1,PAY001871,2025-06-24,1,1
M01871,B02,P1,PAY008739,2025-07-27,0,1
M01872,B02,P2,PAY001872,2025-06-19,0,1
M01873,B02,P5,PAY001873,2026-05-06,0,1
M01874,B02,P1,PAY001874,2025-06-08,0,1
M01875,B02,P5,PAY001875,2026-05-01,1,1
M01876,B02,P1,PAY001876,2025-06-21,1,1
M01876,B02,P1,PAY008691,2025-07-25,1,1
M01876,B02,P1,PAY009261,2025-08-24,1,1
M01876,B02,P1,PAY009675,2025-10-01,1,1
M01876,B02,P1,PAY010198,2025-11-04,1,1
M01876,B02,P1,PAY010611,2025-12-06,0,1
M01877,B02,P1,PAY001877,2025-06-06,0,1
M01878,B02,P5,PAY001878,2026-05-28,1,1
M01879,B02,P2,PAY001879,2025-06-16,1,1
M01879,B02,P2,PAY008618,2025-07-24,1,1
M01879,B02,P2,PAY009246,2025-08-30,0,1
M01880,B02,P3,PAY001880,2025-08-26,1,1
M01880,B02,P3,PAY009713,2025-12-04,1,1
M01880,B02,P3,PAY010994,2026-03-02,1,1
M01880,B02,P3,PAY012086,2026-06-07,1,1
M01881,B02,P1,PAY001881,2025-06-01,1,1
M01881,B02,P1,PAY008370,2025-06-30,1,1
M01881,B02,P1,PAY008851,2025-07-25,1,1
M01881,B02,P1,PAY009262,2025-09-05,1,1
M01881,B02,P1,PAY009829,2025-10-09,0,1
M01882,B02,P1,PAY001882,2025-06-25,1,1
M01882,B02,P1,PAY008758,2025-08-03,1,1
M01882,B02,P1,PAY009407,2025-09-05,1,1
M01882,B02,P1,PAY009830,2025-10-08,1,1
M01882,B02,P1,PAY010276,2025-11-07,0,1
M01883,B02,P3,PAY001883,2025-08-27,1,1
M01883,B02,P3,PAY009722,2025-11-24,1,1
M01883,B02,P3,PAY010849,2026-03-04,1,1
M01883,B02,P3,PAY012113,2026-05-27,1,1
M01884,B02,P2,PAY001884,2025-06-28,1,1
M01884,B02,P3,PAY008804,2025-10-04,1,1
M01884,B02,P3,PAY010236,2026-01-04,1,1
M01884,B02,P3,PAY011337,2026-04-14,0,1
M01885,B02,P1,PAY001885,2025-06-14,0,1
M01886,B02,P3,PAY001886,2025-08-20,1,1
M01886,B02,P3,PAY009614,2025-11-26,1,1
M01886,B02,P3,PAY010880,2026-03-02,1,1
M01886,B02,P3,PAY012087,2026-06-07,0,1
M01887,B02,P4,PAY001887,2025-11-11,0,1
M01888,B02,P2,PAY001888,2025-06-12,1,1
M01888,B02,P2,PAY008553,2025-07-11,0,1
M01889,B02,P2,PAY001889,2025-06-25,1,1
M01889,B02,P2,PAY008759,2025-08-06,0,1
M01890,B02,P1,PAY001890,2025-06-26,1,1
M01890,B02,P1,PAY008771,2025-07-28,1,1
M01890,B02,P1,PAY009317,2025-08-25,1,1
M01890,B02,P1,PAY009692,2025-09-21,1,1
M01890,B02,P3,PAY010046,2025-12-25,1,1
M01890,B02,P3,PAY011214,2026-03-20,1,1
M01890,B02,P3,PAY012338,2026-06-16,1,1
M01891,B02,P5,PAY001891,2026-05-07,1,1
M01892,B02,P3,PAY001892,2025-08-23,1,1
M01892,B02,P3,PAY009662,2025-11-24,1,1
M01892,B02,P3,PAY010850,2026-02-26,1,1
M01892,B02,P3,PAY012015,2026-06-07,1,1
M01893,B02,P4,PAY001893,2025-11-28,1,1
M01893,B02,P4,PAY010901,2026-05-28,1,1
M01894,B02,P4,PAY001894,2025-11-13,0,1
M01895,B02,P4,PAY001895,2025-11-04,1,1
M01895,B02,P1,PAY010612,2025-12-08,0,1
M01896,B02,P3,PAY001896,2025-08-23,1,1
M01896,B02,P3,PAY009663,2025-11-30,1,1
M01896,B02,P3,PAY010931,2026-03-11,1,1
M01896,B02,P3,PAY012212,2026-06-10,1,1
M01897,B02,P1,PAY001897,2025-06-29,1,1
M01897,B02,P1,PAY008819,2025-07-27,1,1
M01897,B02,P1,PAY009299,2025-08-22,1,1
M01897,B02,P1,PAY009643,2025-09-30,1,1
M01897,B02,P2,PAY010178,2025-11-08,1,1
M01897,B02,P2,PAY010678,2025-12-14,1,1
M01897,B02,P2,PAY011104,2026-01-21,1,1
M01897,B02,P1,PAY011557,2026-02-23,1,1
M01897,B02,P1,PAY011975,2026-04-04,1,1
M01897,B02,P1,PAY012528,2026-05-11,1,1
M01897,B02,P1,PAY013035,2026-06-11,1,1
M01898,B02,P1,PAY001898,2025-06-15,1,1
M01898,B02,P1,PAY008601,2025-07-26,1,1
M01898,B02,P1,PAY009284,2025-08-31,1,1
M01898,B02,P1,PAY009774,2025-09-30,1,1
M01898,B02,P2,PAY010179,2025-10-28,1,1
M01898,B02,P2,PAY010541,2025-11-24,0,1
M01899,B02,P3,PAY001899,2025-08-19,1,1
M01899,B02,P3,PAY009605,2025-11-19,1,1
M01899,B02,P3,PAY010804,2026-02-21,0,1
M01900,B02,P3,PAY001900,2025-08-14,1,1
M01900,B02,P3,PAY009544,2025-11-25,1,1
M01900,B02,P3,PAY010867,2026-02-26,1,1
M01900,B02,P3,PAY012016,2026-06-02,1,1
M01901,B02,P1,PAY001901,2025-07-17,1,1
M01901,B02,P1,PAY009128,2025-08-20,0,1
M01902,B02,P2,PAY001902,2025-07-23,1,1
M01902,B02,P2,PAY009229,2025-09-03,1,1
M01902,B02,P2,PAY009812,2025-10-06,1,1
M01902,B02,P2,PAY010256,2025-11-07,0,1
M01903,B02,P3,PAY001903,2025-09-13,0,1
M01904,B02,P2,PAY001904,2025-07-04,1,1
M01904,B02,P2,PAY008913,2025-08-03,0,1
M01905,B02,P3,PAY001905,2025-09-05,1,1
M01905,B02,P3,PAY009831,2025-12-06,1,1
M01905,B02,P3,PAY011015,2026-03-01,0,1
M01906,B02,P5,PAY001906,2026-06-26,0,0
M01907,B02,P1,PAY001907,2025-07-01,0,1
M01908,B02,P3,PAY001908,2025-09-30,0,1
M01909,B02,P4,PAY001909,2025-12-22,1,1
M01909,B02,P4,PAY011181,2026-06-23,1,0
M01910,B02,P2,PAY001910,2025-07-10,1,1
M01910,B02,P2,PAY009000,2025-08-19,1,1
M01910,B02,P2,PAY009606,2025-09-19,1,1
M01910,B02,P2,PAY010013,2025-10-30,0,1
M01911,B02,P2,PAY001911,2025-07-12,1,1
M01911,B02,P2,PAY009040,2025-08-08,1,1
M01911,B02,P2,PAY009471,2025-09-04,0,1
M01912,B02,P1,PAY001912,2025-07-03,1,1
M01912,B02,P1,PAY008901,2025-08-10,1,1
M01912,B02,P1,PAY009501,2025-09-09,1,1
M01912,B02,P1,PAY009881,2025-10-17,1,1
M01912,B02,P1,PAY010393,2025-11-25,0,1
M01913,B02,P3,PAY001913,2025-09-15,0,1
M01914,B02,P5,PAY001914,2026-06-17,0,0
M01915,B02,P4,PAY001915,2025-12-26,1,1
M01916,B02,P3,PAY001916,2025-09-20,1,1
M01916,B02,P3,PAY010030,2026-01-01,0,1
M01917,B02,P5,PAY001917,2026-06-22,1,0
M01918,B02,P1,PAY001918,2025-07-21,1,1
M01918,B02,P1,PAY009194,2025-08-25,0,1
M01919,B02,P2,PAY001919,2025-07-03,1,1
M01919,B02,P2,PAY008902,2025-07-30,1,1
M01919,B02,P2,PAY009356,2025-08-30,1,1
M01919,B02,P2,PAY009759,2025-09-27,1,1
M01919,B02,P2,PAY010129,2025-10-30,1,1
M01919,B02,P2,PAY010569,2025-11-30,1,1
M01919,B02,P2,PAY010932,2026-01-06,1,1
M01919,B02,P2,PAY011360,2026-02-11,1,1
M01919,B02,P2,PAY011813,2026-03-17,0,1
M01920,B02,P1,PAY001920,2025-07-10,1,1
M01920,B02,P1,PAY009001,2025-08-21,1,1
M01920,B02,P4,PAY009628,2026-02-19,1,1
M01921,B02,P5,PAY001921,2026-06-23,1,0
M01922,B02,P4,PAY001922,2025-12-12,1,1
M01922,B02,P4,PAY011083,2026-06-18,1,0
M01923,B02,P3,PAY001923,2025-09-17,1,1
M01923,B02,P3,PAY009990,2025-12-20,1,1
M01923,B02,P3,PAY011161,2026-03-31,1,1
M01924,B02,P5,PAY001924,2026-06-28,1,0
M01925,B02,P4,PAY001925,2025-12-13,1,1
M01925,B02,P4,PAY011092,2026-06-19,1,0
M01926,B02,P2,PAY001926,2025-07-20,0,1
M01927,B02,P1,PAY001927,2025-07-24,1,1
M01927,B02,P1,PAY009247,2025-08-21,1,1
M01927,B02,P1,PAY009629,2025-09-22,1,1
M01927,B02,P1,PAY010060,2025-10-19,1,1
M01927,B02,P1,PAY010416,2025-11-23,1,1
M01927,B02,P1,PAY010839,2025-12-28,1,1
M01927,B02,P1,PAY011257,2026-02-05,0,1
M01928,B02,P1,PAY001928,2025-07-18,1,1
M01928,B02,P1,PAY009147,2025-08-16,0,1
M01929,B02,P1,PAY001929,2025-07-20,0,1
M01930,B02,P5,PAY001930,2026-06-05,1,1
M01931,B02,P4,PAY001931,2025-12-29,0,1
M01932,B02,P1,PAY001932,2025-07-29,1,1
M01932,B02,P1,PAY009337,2025-09-05,0,1
M01933,B02,P1,PAY001933,2025-07-29,1,1
M01933,B02,P1,PAY009338,2025-09-09,1,1
M01933,B02,P1,PAY009882,2025-10-19,1,1
M01933,B02,P1,PAY010417,2025-11-25,1,1
M01933,B02,P1,PAY010868,2025-12-21,1,1
M01933,B02,P1,PAY011171,2026-01-18,1,1
M01933,B02,P1,PAY011507,2026-02-26,1,1
M01933,B02,P1,PAY012017,2026-03-23,0,1
M01934,B02,P1,PAY001934,2025-07-24,1,1
M01934,B02,P1,PAY009248,2025-09-01,0,1
M01935,B02,P2,PAY001935,2025-07-06,1,1
M01935,B02,P1,PAY008936,2025-08-06,1,1
M01935,B02,P1,PAY009440,2025-09-05,0,1
M01936,B02,P3,PAY001936,2025-09-27,1,1
M01936,B02,P3,PAY010130,2025-12-27,1,1
M01936,B02,P3,PAY011241,2026-04-05,0,1
M01937,B02,P1,PAY001937,2025-07-28,1,1
M01937,B02,P1,PAY009318,2025-09-01,1,1
M01937,B02,P3,PAY009783,2025-11-30,1,1
M01937,B02,P3,PAY010933,2026-03-03,1,1
M01937,B02,P3,PAY012102,2026-06-08,1,1
M01938,B02,P1,PAY001938,2025-07-13,1,1
M01938,B02,P1,PAY009055,2025-08-12,1,1
M01938,B02,P1,PAY009523,2025-09-15,1,1
M01938,B02,P1,PAY009965,2025-10-11,0,1
M01939,B02,P1,PAY001939,2025-07-03,1,1
M01939,B02,P3,PAY008903,2025-09-28,1,1
M01939,B02,P3,PAY010137,2025-12-27,1,1
M01939,B02,P4,PAY011242,2026-06-22,0,0
M01940,B02,P1,PAY001940,2025-07-19,0,1
M01941,B02,P2,PAY001941,2025-08-30,1,1
M01941,B02,P2,PAY009760,2025-09-25,1,1
M01941,B02,P2,PAY010103,2025-11-01,0,1
M01942,B02,P1,PAY001942,2025-08-06,1,1
M01942,B02,P1,PAY009441,2025-09-02,1,1
M01942,B02,P1,PAY009801,2025-09-28,0,1
M01943,B02,P4,PAY001943,2026-01-18,1,1
M01944,B02,P1,PAY001944,2025-08-24,0,1
M01945,B02,P3,PAY001945,2025-10-15,1,1
M01945,B02,P3,PAY010370,2026-01-19,0,1
M01946,B02,P3,PAY001946,2025-10-18,1,1
M01946,B02,P3,PAY010401,2026-01-19,1,1
M01946,B02,P3,PAY011525,2026-04-26,1,1
M01947,B02,P1,PAY001947,2025-08-05,1,1
M01947,B02,P4,PAY009434,2026-02-09,1,1
M01949,B02,P1,PAY001949,2025-08-29,0,1
M01950,B02,P4,PAY001950,2026-01-26,1,1
M01951,B02,P3,PAY001951,2025-10-19,1,1
M01951,B02,P3,PAY010418,2026-01-26,1,1
M01951,B02,P3,PAY011624,2026-05-01,1,1
M01952,B02,P1,PAY001952,2025-08-30,0,1
M01953,B02,P3,PAY001953,2025-10-21,1,1
M01953,B02,P3,PAY010447,2026-01-30,1,1
M01953,B02,P3,PAY011665,2026-04-30,1,1
M01954,B02,P1,PAY001954,2025-08-21,1,1
M01954,B02,P1,PAY009630,2025-09-28,1,1
M01954,B02,P1,PAY010138,2025-11-03,0,1
M01955,B02,P1,PAY001955,2025-08-05,0,1
M01956,B02,P3,PAY001956,2025-10-17,1,1
M01958,B02,P1,PAY001958,2025-08-16,1,1
M01958,B02,P1,PAY009566,2025-09-24,1,1
M01958,B02,P1,PAY010089,2025-10-22,1,1
M01958,B02,P1,PAY010456,2025-11-26,0,1
M01959,B02,P4,PAY001959,2026-01-26,0,1
M01960,B02,P1,PAY001960,2025-08-31,1,1
M01960,B02,P1,PAY009775,2025-09-30,1,1
M01960,B02,P1,PAY010180,2025-11-07,0,1
M01961,B02,P3,PAY001961,2025-10-27,1,1
M01961,B02,P3,PAY010525,2026-01-26,1,1
M01961,B02,P3,PAY011625,2026-04-29,1,1
M01964,B02,P4,PAY001964,2026-01-30,0,1
M01965,B02,P1,PAY001965,2025-08-22,1,1
M01965,B02,P1,PAY009644,2025-09-19,1,1
M01965,B02,P1,PAY010014,2025-10-23,1,1
M01965,B02,P1,PAY010473,2025-11-20,1,1
M01965,B02,P1,PAY010811,2026-01-01,1,1
M01965,B02,P1,PAY011295,2026-01-27,1,1
M01966,B02,P3,PAY001966,2025-10-16,1,1
M01966,B02,P3,PAY010380,2026-01-19,1,1
M01966,B02,P3,PAY011526,2026-04-16,1,1
M01968,B02,P1,PAY001968,2025-08-22,1,1
M01968,B02,P1,PAY009645,2025-09-24,0,1
M01969,B02,P1,PAY001969,2025-08-21,1,1
M01969,B02,P1,PAY009631,2025-09-26,1,1
M01969,B02,P1,PAY010114,2025-10-26,0,1
M01970,B02,P4,PAY001970,2026-01-27,1,1
M01971,B02,P4,PAY001971,2026-01-05,1,1
M01972,B02,P1,PAY001972,2025-08-09,1,1
M01972,B02,P1,PAY009486,2025-09-10,1,1
M01972,B02,P1,PAY009896,2025-10-07,1,1
M01972,B02,P1,PAY010265,2025-11-06,0,1
M01973,B02,P1,PAY001973,2025-08-09,1,1
M01973,B02,P1,PAY009487,2025-09-19,1,1
M01973,B02,P1,PAY010015,2025-10-28,1,1
M01973,B02,P1,PAY010542,2025-12-03,1,1
M01973,B02,P1,PAY010976,2026-01-01,1,1
M01973,B02,P1,PAY011296,2026-02-08,1,1
M01973,B02,P1,PAY011764,2026-03-13,1,1
M01973,B02,P1,PAY012250,2026-04-11,0,1
M01974,B02,P4,PAY001974,2026-02-24,0,1
M01976,B02,P3,PAY001976,2025-11-08,1,1
M01976,B02,P1,PAY010679,2025-12-03,1,1
M01976,B02,P1,PAY010977,2026-01-08,1,1
M01976,B02,P1,PAY011384,2026-02-07,0,1
M01977,B02,P3,PAY001977,2025-11-23,1,1
M01977,B02,P3,PAY010840,2026-02-19,1,1
M01977,B02,P3,PAY011920,2026-05-21,1,1
M01978,B02,P4,PAY001978,2026-02-14,1,1
M01979,B02,P1,PAY001979,2025-09-17,1,1
M01979,B02,P1,PAY009991,2025-10-21,1,1
M01979,B02,P4,PAY010448,2026-04-24,1,1
M01980,B02,P1,PAY001980,2025-09-06,1,1
M01980,B02,P1,PAY009845,2025-10-06,1,1
M01980,B02,P1,PAY010257,2025-11-01,1,1
M01980,B02,P1,PAY010583,2025-11-28,1,1
M01980,B02,P1,PAY010902,2026-01-03,0,1
M01981,B02,P3,PAY001981,2025-11-16,1,1
M01981,B02,P3,PAY010762,2026-02-14,0,1
M01983,B02,P2,PAY001983,2025-09-20,1,1
M01983,B02,P2,PAY010031,2025-10-26,1,1
M01983,B02,P2,PAY010512,2025-11-24,1,1
M01983,B02,P2,PAY010851,2026-01-01,1,1
M01983,B02,P3,PAY011297,2026-04-09,1,1
M01984,B02,P1,PAY001984,2025-09-09,1,1
M01984,B02,P1,PAY009883,2025-10-06,1,1
M01984,B02,P1,PAY010258,2025-11-05,1,1
M01984,B02,P1,PAY010628,2025-12-10,1,1
M01984,B02,P1,PAY011057,2026-01-11,1,1
M01984,B02,P1,PAY011415,2026-02-20,0,1
M01985,B02,P3,PAY001985,2025-11-05,1,1
M01985,B02,P3,PAY010629,2026-02-14,1,1
M01985,B02,P3,PAY011860,2026-05-19,0,1
M01987,B02,P4,PAY001987,2026-02-13,1,1
M01988,B02,P3,PAY001988,2025-11-14,1,1
M01988,B02,P3,PAY010745,2026-02-09,1,1
M01988,B02,P3,PAY011787,2026-05-15,0,1
M01989,B02,P4,PAY001989,2026-02-16,0,1
M01990,B02,P1,PAY001990,2025-09-13,1,1
M01990,B02,P1,PAY009933,2025-10-23,0,1
M01991,B02,P1,PAY001991,2025-09-13,0,1
M01992,B02,P2,PAY001992,2025-09-07,1,1
M01992,B02,P2,PAY009854,2025-10-14,0,1
M01993,B02,P1,PAY001993,2025-09-16,1,1
M01993,B02,P1,PAY009979,2025-10-14,1,1
M01993,B02,P3,PAY010359,2026-01-17,1,1
M01993,B02,P3,PAY011494,2026-04-16,1,1
M01994,B02,P1,PAY001994,2025-09-22,1,1
M01994,B02,P1,PAY010061,2025-10-25,1,1
M01994,B02,P1,PAY010499,2025-11-28,1,1
M01994,B02,P1,PAY010903,2026-01-07,0,1
M01995,B02,P3,PAY001995,2025-11-17,1,1
M01995,B02,P3,PAY010775,2026-02-16,1,1
M01995,B02,P3,PAY011881,2026-05-17,0,1
M01996,B02,P3,PAY001996,2025-11-12,1,1
M01996,B02,P3,PAY010723,2026-02-08,0,1
M01997,B02,P2,PAY001997,2025-09-28,1,1
M01997,B02,P2,PAY010139,2025-11-04,1,1
M01997,B02,P2,PAY010613,2025-12-05,1,1
M01997,B02,P2,PAY011005,2026-01-10,1,1
M01997,B02,P2,PAY011405,2026-02-11,1,1
M01997,B02,P2,PAY011814,2026-03-17,1,1
M01997,B02,P2,PAY012304,2026-04-15,1,1
M01997,B02,P2,PAY012686,2026-05-14,1,1
M01997,B02,P2,PAY013069,2026-06-17,1,0
M01998,B02,P4,PAY001998,2026-02-16,1,1
M01999,B02,P1,PAY001999,2025-09-05,1,1
M01999,B02,P1,PAY009832,2025-10-02,0,1
M02000,B02,P1,PAY002000,2025-09-26,1,1
M02000,B02,P1,PAY010115,2025-10-26,1,1
M02000,B02,P1,PAY010513,2025-11-23,1,1
M02000,B02,P1,PAY010841,2026-01-04,1,1
M02000,B02,P1,PAY011338,2026-01-30,0,1
M02001,B02,P1,PAY002001,2025-09-20,1,1
M02001,B02,P1,PAY010032,2025-10-24,1,1
M02001,B02,P1,PAY010482,2025-11-23,1,1
M02001,B02,P1,PAY010842,2025-12-30,0,1
M02002,B02,P1,PAY002002,2025-09-25,1,1
M02002,B02,P1,PAY010104,2025-11-05,1,1
M02002,B02,P1,PAY010630,2025-12-14,1,1
M02002,B02,P1,PAY011105,2026-01-22,0,1
M02003,B02,P1,PAY002003,2025-09-07,1,1
M02003,B02,P1,PAY009855,2025-10-14,1,1
M02003,B02,P1,PAY010360,2025-11-09,1,1
M02003,B02,P1,PAY010694,2025-12-14,1,1
M02003,B02,P1,PAY011106,2026-01-21,1,1
M02003,B02,P1,PAY011558,2026-02-22,1,1
M02003,B02,P1,PAY011963,2026-03-21,0,1
M02004,B02,P4,PAY002004,2026-02-08,1,1
M02004,B02,P3,PAY011765,2026-05-09,1,1
M02005,B02,P1,PAY002005,2025-09-03,1,1
M02005,B02,P1,PAY009813,2025-09-29,1,1
M02005,B02,P1,PAY010161,2025-11-09,0,1
M02006,B02,P4,PAY002006,2026-02-16,1,1
M02006,B02,P3,PAY011883,2026-05-19,1,1
M02007,B02,P1,PAY002007,2025-09-28,1,1
M02007,B02,P1,PAY010140,2025-10-26,1,1
M02007,B02,P1,PAY010514,2025-12-06,1,1
M02007,B02,P1,PAY011016,2026-01-02,1,1
M02007,B02,P2,PAY011314,2026-02-01,0,1
M02009,B02,P3,PAY002009,2025-11-04,1,1
M02009,B02,P2,PAY010614,2025-12-14,1,1
M02009,B02,P2,PAY011107,2026-01-17,1,1
M02009,B02,P2,PAY011495,2026-02-15,1,1
M02009,B02,P2,PAY011871,2026-03-21,1,1
M02009,B02,P2,PAY012354,2026-04-18,0,1
M02010,B02,P3,PAY002010,2025-11-21,1,1
M02010,B02,P3,PAY010823,2026-02-16,1,1
M02010,B02,P3,PAY011884,2026-05-20,1,1
M02012,B02,P4,PAY002012,2026-02-27,1,1
M02013,B02,P2,PAY002013,2025-09-18,1,1
M02013,B02,P2,PAY010004,2025-10-22,1,1
M02013,B02,P2,PAY010457,2025-11-25,1,1
M02013,B02,P2,PAY010869,2026-01-04,1,1
M02013,B02,P2,PAY011339,2026-02-04,1,1
M02013,B02,P2,PAY011721,2026-03-04,1,1
M02013,B02,P2,PAY012114,2026-04-03,1,1
M02013,B02,P2,PAY012506,2026-05-08,1,1
M02013,B02,P2,PAY013008,2026-06-08,1,1
M02014,B02,P4,PAY002014,2026-03-10,1,1
M02016,B02,P1,PAY002016,2025-10-30,1,1
M02016,B02,P1,PAY010570,2025-11-27,1,1
M02016,B02,P1,PAY010892,2026-01-01,0,1
M02017,B02,P1,PAY002017,2025-10-01,1,1
M02017,B02,P1,PAY010199,2025-11-04,1,1
M02017,B02,P1,PAY010615,2025-11-30,1,1
M02017,B02,P1,PAY010934,2025-12-28,0,1
M02018,B02,P3,PAY002018,2025-12-24,0,1
M02019,B02,P2,PAY002019,2025-10-06,1,1
M02019,B02,P2,PAY010259,2025-11-05,1,1
M02019,B02,P3,PAY010631,2026-02-03,0,1
M02020,B02,P1,PAY002020,2025-10-23,1,1
M02020,B02,P1,PAY010474,2025-11-28,1,1
M02020,B02,P1,PAY010904,2026-01-02,1,1
M02021,B02,P2,PAY002021,2025-10-15,1,1
M02021,B02,P2,PAY010371,2025-11-11,1,1
M02021,B02,P2,PAY010713,2025-12-16,1,1
M02021,B02,P2,PAY011124,2026-01-17,1,1
M02021,B02,P2,PAY011496,2026-02-13,1,1
M02021,B02,P2,PAY011843,2026-03-16,1,1
M02021,B02,P2,PAY012291,2026-04-18,1,1
M02021,B02,P2,PAY012729,2026-05-28,1,1
M02022,B02,P3,PAY002022,2025-12-15,1,1
M02022,B02,P3,PAY011116,2026-03-26,0,1
M02023,B02,P1,PAY002023,2025-10-01,1,1
M02023,B02,P1,PAY010200,2025-10-26,0,1
M02024,B02,P2,PAY002024,2025-10-05,1,1
M02024,B02,P2,PAY010246,2025-11-08,0,1
M02025,B02,P2,PAY002025,2025-10-30,1,1
M02025,B02,P2,PAY010571,2025-11-30,1,1
M02025,B02,P2,PAY010935,2025-12-28,0,1
M02026,B02,P3,PAY002026,2025-12-07,1,1
M02026,B02,P3,PAY011024,2026-03-18,1,1
M02026,B02,P3,PAY012319,2026-06-22,0,0
M02027,B02,P3,PAY002027,2025-12-01,1,1
M02027,B02,P3,PAY010956,2026-03-01,1,1
M02027,B02,P3,PAY012075,2026-06-12,1,1
M02028,B02,P1,PAY002028,2025-10-08,1,1
M02028,B02,P1,PAY010277,2025-11-14,0,1
M02029,B02,P2,PAY002029,2025-10-14,1,1
M02029,B02,P2,PAY010361,2025-11-18,0,1
M02030,B02,P3,PAY002030,2025-12-26,0,1
M02031,B02,P1,PAY002031,2025-10-26,0,1
M02032,B02,P1,PAY002032,2025-10-27,1,1
M02032,B02,P3,PAY010526,2026-02-05,1,1
M02032,B02,P1,PAY011729,2026-03-07,1,1
M02032,B02,P1,PAY012154,2026-04-05,1,1
M02032,B02,P1,PAY012543,2026-05-07,1,1
M02032,B02,P1,PAY013000,2026-06-11,1,1
M02033,B02,P1,PAY002033,2025-10-13,1,1
M02033,B02,P1,PAY010341,2025-11-19,0,1
M02034,B02,P1,PAY002034,2025-10-07,0,1
M02035,B02,P2,PAY002035,2025-10-22,0,1
M02036,B02,P3,PAY002036,2025-12-16,1,1
M02036,B02,P3,PAY011125,2026-03-14,1,1
M02036,B02,P3,PAY012264,2026-06-16,1,1
M02037,B02,P2,PAY002037,2025-10-27,1,1
M02037,B02,P2,PAY010527,2025-11-30,1,1
M02037,B02,P2,PAY010936,2025-12-28,1,1
M02037,B02,P2,PAY011258,2026-01-26,1,1
M02037,B02,P2,PAY011626,2026-03-06,1,1
M02037,B02,P1,PAY012143,2026-04-03,1,1
M02037,B02,P1,PAY012507,2026-05-07,1,1
M02037,B02,P1,PAY013001,2026-06-11,1,1
M02040,B02,P1,PAY002040,2025-10-20,1,1
M02040,B02,P1,PAY010435,2025-11-15,1,1
M02040,B02,P1,PAY010750,2025-12-18,0,1
M02041,B02,P1,PAY002041,2025-10-02,1,1
M02041,B02,P1,PAY010211,2025-11-07,0,1
M02042,B02,P1,PAY002042,2025-10-25,0,1
M02043,B02,P4,PAY002043,2026-03-14,1,1
M02044,B02,P3,PAY002044,2025-12-29,1,1
M02044,B02,P3,PAY011271,2026-03-25,1,1
M02044,B02,P3,PAY012405,2026-06-26,0,0
M02045,B02,P1,PAY002045,2025-10-17,0,1
M02046,B02,P3,PAY002046,2025-12-15,1,1
M02046,B02,P3,PAY011117,2026-03-20,1,1
M02046,B02,P3,PAY012339,2026-06-30,0,0
M02047,B02,P1,PAY002047,2025-10-14,1,1
M02047,B02,P1,PAY010362,2025-11-15,0,1
M02049,B02,P1,PAY002049,2025-10-15,0,1
M02050,B02,P2,PAY002050,2025-10-09,1,1
M02050,B02,P3,PAY010286,2026-01-08,1,1
M02050,B02,P3,PAY011385,2026-04-18,1,1
M02051,B02,P2,PAY002051,2025-10-20,1,1
M02051,B02,P2,PAY010436,2025-11-15,1,1
M02051,B02,P2,PAY010751,2025-12-19,1,1
M02051,B02,P2,PAY011154,2026-01-30,1,1
M02051,B02,P2,PAY011666,2026-03-09,0,1
M02052,B02,P3,PAY002052,2025-12-18,0,1
M02053,B02,P3,PAY002053,2025-12-11,0,1
M02054,B02,P3,PAY002054,2025-12-18,0,1
M02055,B02,P1,PAY002055,2025-10-27,1,1
M02055,B02,P1,PAY010528,2025-11-30,1,1
M02055,B02,P1,PAY010937,2025-12-27,1,1
M02055,B02,P1,PAY011243,2026-02-07,0,1
M02056,B02,P3,PAY002056,2026-01-20,1,1
M02056,B02,P3,PAY011538,2026-04-20,1,1
M02057,B02,P1,PAY002057,2025-11-16,1,1
M02057,B02,P1,PAY010763,2025-12-20,1,1
M02057,B02,P4,PAY011162,2026-06-15,1,1
M02058,B02,P1,PAY002058,2025-11-17,0,1
M02059,B02,P2,PAY002059,2025-11-30,1,1
M02059,B02,P2,PAY010938,2025-12-27,1,1
M02059,B02,P2,PAY011244,2026-01-31,1,1
M02059,B02,P2,PAY011677,2026-02-28,1,1
M02059,B02,P2,PAY012051,2026-04-09,1,1
M02060,B02,P4,PAY002060,2026-04-30,1,1
M02061,B02,P1,PAY002061,2025-11-11,1,1
M02061,B02,P1,PAY010714,2025-12-20,0,1
M02062,B02,P2,PAY002062,2025-11-27,1,1
M02062,B02,P2,PAY010893,2025-12-27,1,1
M02062,B02,P2,PAY011245,2026-01-24,0,1
M02063,B02,P1,PAY002063,2025-11-08,0,1
M02064,B02,P3,PAY002064,2026-01-11,1,1
M02064,B02,P3,PAY011416,2026-04-18,1,1
M02065,B02,P4,PAY002065,2026-04-14,1,1
M02067,B02,P1,PAY002067,2025-11-21,1,1
M02067,B02,P1,PAY010824,2026-01-02,1,1
M02067,B02,P1,PAY011316,2026-02-08,1,1
M02067,B02,P1,PAY011766,2026-03-16,0,1
M02068,B02,P3,PAY002068,2026-01-13,1,1
M02068,B02,P3,PAY011446,2026-04-20,1,1
M02069,B02,P2,PAY002069,2025-11-11,0,1
M02070,B02,P2,PAY002070,2025-11-01,1,1
M02070,B02,P3,PAY010584,2026-01-30,1,1
M02070,B02,P3,PAY011667,2026-04-28,0,1
M02071,B02,P1,PAY002071,2025-11-15,0,1
M02072,B02,P1,PAY002072,2025-11-09,1,1
M02072,B02,P1,PAY010695,2025-12-04,1,1
M02072,B02,P1,PAY010995,2026-01-14,1,1
M02072,B02,P1,PAY011464,2026-02-24,1,1
M02072,B02,P1,PAY011989,2026-04-01,1,1
M02072,B02,P1,PAY012479,2026-05-05,1,1
M02072,B02,P1,PAY012976,2026-06-13,1,1
M02074,B02,P1,PAY002074,2025-11-04,1,1
M02074,B02,P1,PAY010616,2025-12-13,1,1
M02074,B02,P3,PAY011093,2026-03-21,1,1
M02074,B02,P3,PAY012355,2026-06-19,1,0
M02075,B02,P3,PAY002075,2026-01-18,0,1
M02076,B02,P3,PAY002076,2026-01-16,1,1
M02076,B02,P3,PAY011490,2026-04-21,1,1
M02077,B02,P2,PAY002077,2025-11-18,0,1
M02078,B02,P4,PAY002078,2026-04-09,1,1
M02079,B02,P4,PAY002079,2026-04-13,1,1
M02081,B02,P4,PAY002081,2026-04-19,1,1
M02082,B02,P1,PAY002082,2025-11-06,1,1
M02082,B02,P1,PAY010648,2025-12-08,1,1
M02082,B02,P1,PAY011039,2026-01-19,1,1
M02082,B02,P1,PAY011527,2026-02-19,1,1
M02082,B02,P1,PAY011921,2026-04-01,1,1
M02082,B02,P1,PAY012480,2026-04-30,1,1
M02083,B02,P1,PAY002083,2025-11-05,1,1
M02083,B02,P1,PAY010632,2025-12-13,1,1
M02083,B02,P1,PAY011094,2026-01-22,0,1
M02084,B02,P4,PAY002084,2026-04-11,1,1
M02085,B02,P2,PAY002085,2025-11-29,1,1
M02085,B02,P2,PAY010916,2025-12-30,0,1
M02086,B02,P2,PAY002086,2025-11-15,1,1
M02086,B02,P2,PAY010752,2025-12-23,1,1
M02086,B02,P2,PAY011196,2026-01-28,1,1
M02086,B02,P2,PAY011651,2026-03-05,0,1
M02087,B02,P3,PAY002087,2026-01-05,1,1
M02087,B02,P3,PAY011348,2026-04-08,0,1
M02088,B02,P4,PAY002088,2026-04-21,1,1
M02088,B02,P2,PAY012773,2026-05-27,1,1
M02089,B02,P3,PAY002089,2026-01-02,1,1
M02089,B02,P3,PAY011317,2026-04-06,0,1
M02090,B02,P1,PAY002090,2025-11-04,0,1
M02091,B02,P1,PAY002091,2025-11-06,1,1
M02091,B02,P1,PAY010649,2025-12-05,0,1
M02093,B02,P1,PAY002093,2025-11-23,0,1
M02094,B02,P3,PAY002094,2026-01-17,1,1
M02094,B02,P2,PAY011497,2026-02-21,1,1
M02094,B02,P2,PAY011946,2026-03-24,1,1
M02094,B02,P2,PAY012391,2026-05-02,1,1
M02094,B02,P2,PAY012942,2026-05-29,1,1
M02095,B02,P1,PAY002095,2025-11-05,0,1
M02096,B02,P3,PAY002096,2026-02-19,0,1
M02097,B02,P2,PAY002097,2025-12-22,1,1
M02097,B02,P2,PAY011182,2026-01-19,1,1
M02097,B02,P2,PAY011528,2026-02-15,0,1
M02098,B02,P1,PAY002098,2025-12-27,1,1
M02098,B02,P1,PAY011246,2026-01-23,1,1
M02098,B02,P1,PAY011582,2026-03-02,1,1
M02098,B02,P1,PAY012088,2026-03-26,1,1
M02098,B02,P1,PAY012416,2026-05-06,1,1
M02098,B02,P1,PAY012988,2026-06-09,0,1
M02099,B02,P2,PAY002099,2025-12-30,1,1
M02099,B02,P2,PAY011282,2026-02-07,1,1
M02099,B02,P2,PAY011752,2026-03-03,0,1
M02100,B02,P1,PAY002100,2025-12-14,0,1
M02101,B02,P1,PAY002101,2025-12-25,1,1
M02101,B02,P1,PAY011215,2026-01-30,1,1
M02101,B02,P1,PAY011668,2026-03-05,1,1
M02101,B02,P1,PAY012127,2026-03-28,1,1
M02101,B02,P1,PAY012446,2026-05-07,0,1
M02105,B02,P1,PAY002105,2025-12-13,1,1
M02105,B02,P1,PAY011095,2026-01-23,0,1
M02107,B02,P2,PAY002107,2025-12-16,1,1
M02107,B02,P2,PAY011126,2026-01-24,1,1
M02107,B02,P2,PAY011599,2026-02-20,1,1
M02107,B02,P2,PAY011932,2026-03-24,1,1
M02107,B02,P2,PAY012392,2026-04-28,1,1
M02107,B02,P2,PAY012877,2026-05-30,1,1
M02109,B02,P1,PAY002109,2025-12-15,1,1
M02109,B02,P1,PAY011118,2026-01-20,1,1
M02109,B02,P1,PAY011539,2026-02-28,1,1
M02110,B02,P3,PAY002110,2026-02-26,1,1
M02110,B02,P3,PAY012018,2026-06-09,1,1
M02111,B02,P1,PAY002111,2025-12-18,1,1
M02111,B02,P1,PAY011143,2026-01-25,1,1
M02111,B02,P1,PAY011612,2026-03-02,1,1
M02111,B02,P1,PAY012089,2026-04-02,1,1
M02111,B02,P1,PAY012495,2026-05-09,1,1
M02111,B02,P1,PAY013020,2026-06-17,1,0
M02112,B02,P4,PAY002112,2026-05-05,0,1
M02113,B02,P1,PAY002113,2025-12-27,1,1
M02113,B02,P1,PAY011247,2026-01-24,1,1
M02113,B02,P1,PAY011600,2026-02-24,1,1
M02113,B02,P1,PAY011990,2026-03-20,1,1
M02113,B02,P1,PAY012340,2026-04-26,0,1
M02114,B02,P3,PAY002114,2026-02-28,1,1
M02114,B02,P3,PAY012053,2026-06-10,1,1
M02116,B02,P4,PAY002116,2026-05-26,1,1
M02117,B02,P1,PAY002117,2025-12-05,1,1
M02117,B02,P1,PAY011006,2026-01-11,1,1
M02117,B02,P1,PAY011417,2026-02-07,1,1
M02117,B02,P1,PAY011753,2026-03-16,1,1
M02117,B02,P1,PAY012292,2026-04-25,1,1
M02117,B02,P1,PAY012839,2026-05-21,1,1
M02118,B02,P1,PAY002118,2025-12-30,1,1
M02118,B02,P2,PAY011283,2026-02-06,1,1
M02118,B02,P2,PAY011742,2026-03-01,1,1
M02118,B02,P2,PAY012076,2026-04-03,0,1
M02119,B02,P2,PAY002119,2025-12-26,1,1
M02119,B02,P2,PAY011229,2026-01-24,0,1
M02120,B02,P1,PAY002120,2025-12-14,1,1
M02120,B02,P1,PAY011108,2026-01-13,1,1
M02120,B02,P1,PAY011447,2026-02-12,1,1
M02120,B02,P1,PAY011828,2026-03-23,1,1
M02120,B02,P1,PAY012379,2026-04-30,1,1
M02120,B02,P1,PAY012905,2026-06-01,0,1
M02121,B02,P3,PAY002121,2026-02-26,0,1
M02122,B02,P1,PAY002122,2025-12-09,1,1
M02122,B02,P1,PAY011051,2026-01-11,1,1
M02122,B02,P1,PAY011418,2026-02-16,1,1
M02122,B02,P1,PAY011885,2026-03-23,0,1
M02123,B02,P1,PAY002123,2025-12-26,1,1
M02123,B02,P1,PAY011230,2026-02-01,1,1
M02123,B02,P1,PAY011689,2026-02-28,0,1
M02124,B02,P1,PAY002124,2025-12-16,1,1
M02124,B02,P1,PAY011127,2026-01-11,1,1
M02124,B02,P1,PAY011419,2026-02-14,0,1
M02125,B02,P4,PAY002125,2026-05-15,0,1
M02126,B02,P2,PAY002126,2025-12-27,1,1
M02126,B02,P2,PAY011248,2026-02-07,0,1
M02127,B02,P1,PAY002127,2025-12-14,1,1
M02127,B02,P3,PAY011109,2026-03-11,1,1
M02127,B02,P3,PAY012213,2026-06-09,1,1
M02128,B02,P1,PAY002128,2025-12-05,1,1
M02128,B02,P1,PAY011007,2026-01-10,1,1
M02128,B02,P1,PAY011406,2026-02-11,0,1
M02129,B02,P3,PAY002129,2026-02-28,0,1
M02130,B02,P4,PAY002130,2026-05-28,0,1
M02131,B02,P3,PAY002131,2026-02-20,1,1
M02131,B02,P3,PAY011933,2026-05-18,1,1
M02131,B02,P1,PAY013113,2026-06-20,0,0
M02132,B02,P3,PAY002132,2026-02-26,1,1
M02132,B02,P3,PAY012019,2026-06-06,1,1
M02133,B02,P3,PAY002133,2026-02-12,1,1
M02134,B02,P1,PAY002134,2025-12-03,1,1
M02134,B02,P1,PAY010978,2025-12-28,1,1
M02134,B02,P1,PAY011259,2026-02-02,0,1
M02135,B02,P1,PAY002135,2025-12-23,1,1
M02135,B02,P1,PAY011197,2026-01-25,1,1
M02135,B02,P3,PAY011613,2026-04-24,0,1
M02137,B02,P3,PAY002137,2026-03-22,1,1
M02137,B02,P2,PAY012368,2026-05-02,1,1
M02137,B02,P2,PAY012943,2026-06-06,0,1
M02138,B02,P2,PAY002138,2026-01-27,0,1
M02139,B02,P3,PAY002139,2026-03-10,1,1
M02139,B02,P3,PAY012199,2026-06-11,1,1
M02140,B02,P4,PAY002140,2026-06-17,1,0
M02141,B02,P3,PAY002141,2026-03-24,1,1
M02141,B02,P3,PAY012393,2026-06-26,0,0
M02142,B02,P1,PAY002142,2026-01-13,0,1
M02143,B02,P1,PAY002143,2026-01-12,1,1
M02143,B02,P1,PAY011433,2026-02-14,1,1
M02144,B02,P1,PAY002144,2026-01-18,1,1
M02144,B02,P1,PAY011509,2026-02-27,1,1
M02144,B02,P1,PAY012027,2026-03-28,1,1
M02144,B02,P1,PAY012447,2026-04-23,1,1
M02144,B02,P1,PAY012811,2026-05-28,0,1
M02145,B02,P4,PAY002145,2026-06-09,1,1
M02146,B02,P3,PAY002146,2026-03-09,0,1
M02147,B02,P4,PAY002147,2026-06-14,1,1
M02148,B02,P1,PAY002148,2026-01-30,1,1
M02148,B02,P1,PAY011669,2026-03-07,1,1
M02148,B02,P1,PAY012155,2026-04-02,0,1
M02149,B02,P1,PAY002149,2026-01-16,0,1
M02150,B02,P3,PAY002150,2026-03-26,1,1
M02150,B02,P3,PAY012417,2026-06-22,0,0
M02151,B02,P3,PAY002151,2026-03-09,1,1
M02151,B02,P3,PAY012179,2026-06-07,1,1
M02152,B02,P3,PAY002152,2026-03-12,1,1
M02152,B02,P3,PAY012237,2026-06-15,1,1
M02153,B02,P3,PAY002153,2026-03-20,1,1
M02153,B02,P3,PAY012341,2026-06-28,0,0
M02154,B02,P1,PAY002154,2026-01-13,1,1
M02154,B02,P1,PAY011448,2026-02-16,1,1
M02154,B02,P1,PAY011886,2026-03-25,1,1
M02154,B02,P1,PAY012406,2026-04-28,1,1
M02154,B02,P1,PAY012878,2026-05-23,1,1
M02154,B02,P1,PAY013183,2026-06-23,1,0
M02155,B02,P3,PAY002155,2026-03-27,1,1
M02156,B02,P1,PAY002156,2026-01-22,1,1
M02156,B02,P3,PAY011568,2026-05-02,1,1
M02159,B02,P4,PAY002159,2026-06-07,0,1
M02160,B02,P2,PAY002160,2026-01-29,0,1
M02161,B02,P3,PAY002161,2026-03-30,1,1
M02163,B02,P1,PAY002163,2026-01-11,0,1
M02164,B02,P2,PAY002164,2026-01-15,1,1
M02164,B02,P2,PAY011476,2026-02-12,0,1
M02165,B02,P3,PAY002165,2026-03-17,1,1
M02166,B02,P3,PAY002166,2026-03-09,1,1
M02166,B02,P3,PAY012180,2026-06-20,0,0
M02167,B02,P3,PAY002167,2026-03-09,1,1
M02167,B02,P3,PAY012181,2026-06-15,0,1
M02168,B02,P3,PAY002168,2026-03-26,1,1
M02169,B02,P1,PAY002169,2026-01-28,0,1
M02170,B02,P3,PAY002170,2026-03-21,0,1
M02172,B02,P1,PAY002172,2026-01-03,0,1
M02173,B02,P3,PAY002173,2026-03-24,0,1
M02174,B02,P2,PAY002174,2026-01-06,1,1
M02174,B02,P2,PAY011361,2026-02-12,1,1
M02174,B02,P2,PAY011830,2026-03-23,1,1
M02174,B02,P2,PAY012380,2026-04-27,0,1
M02175,B02,P3,PAY002175,2026-04-27,1,1
M02176,B02,P2,PAY002176,2026-02-11,1,1
M02176,B02,P2,PAY011815,2026-03-18,0,1
M02178,B02,P3,PAY002178,2026-04-15,0,1
M02180,B02,P3,PAY002180,2026-04-07,1,1
M02182,B02,P2,PAY002182,2026-02-23,1,1
M02182,B02,P2,PAY011976,2026-03-25,1,1
M02182,B02,P2,PAY012407,2026-05-05,0,1
M02183,B02,P1,PAY002183,2026-02-28,1,1
M02183,B02,P1,PAY012054,2026-04-10,0,1
M02184,B02,P1,PAY002184,2026-02-07,0,1
M02185,B02,P2,PAY002185,2026-02-08,1,1
M02185,B02,P1,PAY011767,2026-03-11,0,1
M02187,B02,P3,PAY002187,2026-04-18,1,1
M02190,B02,P1,PAY002190,2026-02-12,0,1
M02191,B02,P1,PAY002191,2026-02-13,1,1
M02191,B02,P1,PAY011844,2026-03-20,1,1
M02191,B02,P1,PAY012342,2026-04-18,0,1
M02192,B02,P3,PAY002192,2026-04-21,1,1
M02193,B02,P2,PAY002193,2026-02-28,1,1
M02193,B02,P2,PAY012055,2026-04-03,0,1
M02194,B02,P1,PAY002194,2026-02-24,1,1
M02194,B02,P1,PAY011991,2026-04-02,0,1
M02195,B02,P1,PAY002195,2026-02-28,1,1
M02195,B02,P1,PAY012056,2026-04-02,1,1
M02195,B02,P1,PAY012496,2026-05-11,0,1
M02197,B02,P2,PAY002197,2026-02-08,1,1
M02197,B02,P2,PAY011768,2026-03-06,0,1
M02199,B02,P2,PAY002199,2026-02-16,1,1
M02199,B02,P2,PAY011887,2026-03-17,1,1
M02199,B02,P2,PAY012306,2026-04-12,1,1
M02199,B02,P2,PAY012641,2026-05-12,1,1
M02199,B02,P2,PAY013045,2026-06-23,1,0
M02200,B02,P1,PAY002200,2026-02-10,0,1
M02201,B02,P3,PAY002201,2026-04-18,1,1
M02202,B02,P3,PAY002202,2026-04-10,1,1
M02203,B02,P1,PAY002203,2026-02-19,0,1
M02204,B02,P3,PAY002204,2026-04-24,1,1
M02205,B02,P2,PAY002205,2026-02-19,1,1
M02205,B02,P2,PAY011922,2026-03-28,1,1
M02206,B02,P3,PAY002206,2026-04-30,0,1
M02207,B02,P1,PAY002207,2026-02-09,1,1
M02207,B02,P1,PAY011788,2026-03-07,1,1
M02207,B02,P2,PAY012156,2026-04-16,0,1
M02208,B02,P1,PAY002208,2026-02-20,1,1
M02208,B02,P1,PAY011934,2026-03-28,1,1
M02208,B02,P1,PAY012449,2026-05-08,1,1
M02208,B02,P1,PAY013009,2026-06-17,0,0
M02209,B02,P2,PAY002209,2026-02-18,1,1
M02209,B02,P2,PAY011905,2026-03-27,1,1
M02211,B02,P3,PAY002211,2026-04-05,1,1
M02212,B02,P1,PAY002212,2026-02-06,1,1
M02212,B02,P1,PAY011743,2026-03-02,1,1
M02212,B02,P1,PAY012090,2026-04-03,1,1
M02212,B02,P1,PAY012508,2026-05-08,1,1
M02212,B02,P1,PAY013010,2026-06-19,0,0
M02213,B02,P2,PAY002213,2026-02-20,1,1
M02213,B02,P2,PAY011935,2026-04-01,1,1
M02213,B02,P2,PAY012481,2026-05-08,0,1
M02214,B02,P1,PAY002214,2026-02-25,1,1
M02214,B02,P1,PAY012007,2026-03-22,1,1
M02214,B02,P1,PAY012369,2026-04-22,1,1
M02214,B02,P1,PAY012796,2026-05-25,1,1
M02214,B02,P1,PAY013220,2026-06-30,0,0
M02215,B02,P1,PAY002215,2026-02-15,1,1
M02215,B02,P1,PAY011872,2026-03-21,1,1
M02215,B02,P1,PAY012356,2026-04-20,1,1
M02215,B02,P1,PAY012757,2026-05-21,1,1
M02215,B02,P1,PAY013162,2026-06-30,1,0
M02218,B02,P1,PAY002218,2026-02-21,1,1
M02218,B02,P1,PAY011947,2026-03-24,1,1
M02218,B02,P1,PAY012394,2026-04-20,0,1
M02221,B02,P1,PAY002221,2026-02-28,1,1
M02221,B02,P1,PAY012057,2026-04-06,1,1
M02222,B02,P3,PAY002222,2026-04-21,1,1
M02223,B02,P3,PAY002223,2026-04-21,1,1
M02223,B02,P1,PAY012776,2026-05-24,1,1
M02223,B02,P1,PAY013196,2026-06-27,0,0
M02224,B02,P1,PAY002224,2026-02-27,0,1
M02227,B02,P1,PAY002227,2026-02-01,1,1
M02227,B02,P1,PAY011690,2026-03-11,1,1
M02227,B02,P1,PAY012214,2026-04-20,1,1
M02228,B02,P2,PAY002228,2026-02-05,1,1
M02228,B02,P1,PAY011730,2026-03-07,0,1
M02229,B02,P1,PAY002229,2026-02-26,1,1
M02229,B02,P1,PAY012020,2026-03-23,0,1
M02230,B02,P1,PAY002230,2026-02-25,1,1
M02230,B02,P1,PAY012008,2026-03-20,1,1
M02230,B02,P1,PAY012343,2026-04-21,1,1
M02230,B02,P1,PAY012777,2026-05-24,1,1
M02231,B02,P2,PAY002231,2026-02-14,1,1
M02231,B02,P1,PAY011862,2026-03-09,1,1
M02231,B02,P1,PAY012182,2026-04-09,1,1
M02231,B02,P1,PAY012605,2026-05-19,1,1
M02231,B02,P1,PAY013130,2026-06-28,1,0
M02232,B02,P1,PAY002232,2026-02-22,0,1
M02235,B02,P1,PAY002235,2026-02-02,1,1
M02236,B02,P1,PAY002236,2026-02-28,1,1
M02236,B02,P1,PAY012058,2026-03-26,1,1
M02236,B02,P1,PAY012419,2026-04-29,1,1
M02237,B02,P1,PAY002237,2026-02-16,0,1
M02238,B02,P3,PAY002238,2026-04-09,0,1
M02239,B02,P3,PAY002239,2026-04-04,0,1
M02240,B02,P2,PAY002240,2026-02-18,1,1
M02240,B02,P2,PAY011906,2026-03-25,1,1
M02240,B02,P2,PAY012408,2026-04-22,1,1
M02240,B02,P2,PAY012797,2026-05-27,1,1
M02241,B02,P2,PAY002241,2026-02-05,1,1
M02241,B02,P2,PAY011731,2026-03-13,1,1
M02241,B02,P2,PAY012251,2026-04-15,1,1
M02241,B02,P1,PAY012687,2026-05-24,1,1
M02241,B02,P1,PAY013198,2026-06-30,0,0
M02242,B02,P1,PAY002242,2026-02-14,1,1
M02242,B02,P1,PAY011863,2026-03-18,1,1
M02242,B02,P1,PAY012320,2026-04-20,1,1
M02242,B02,P1,PAY012759,2026-05-22,1,1
M02242,B02,P1,PAY013171,2026-06-29,0,0
M02244,B02,P3,PAY002244,2026-04-23,1,1
M02245,B02,P2,PAY002245,2026-02-06,1,1
M02245,B02,P2,PAY011744,2026-03-15,1,1
M02245,B02,P2,PAY012277,2026-04-24,0,1
M02248,B02,P3,PAY002248,2026-05-12,1,1
M02249,B02,P1,PAY002249,2026-03-02,1,1
M02249,B02,P1,PAY012091,2026-04-04,0,1
M02250,B02,P3,PAY002250,2026-05-23,1,1
M02251,B02,P1,PAY002251,2026-03-06,1,1
M02251,B02,P1,PAY012144,2026-04-12,1,1
M02251,B02,P1,PAY012642,2026-05-12,1,1
M02251,B02,P1,PAY013047,2026-06-14,1,1
M02253,B02,P1,PAY002253,2026-03-17,0,1
M02254,B02,P3,PAY002254,2026-05-20,1,1
M02255,B02,P3,PAY002255,2026-05-19,1,1
M02257,B02,P2,PAY002257,2026-03-14,1,1
M02257,B02,P2,PAY012266,2026-04-11,0,1
M02261,B02,P1,PAY002261,2026-03-14,1,1
M02261,B02,P1,PAY012267,2026-04-23,1,1
M02261,B02,P1,PAY012813,2026-05-28,1,1
M02261,B02,P1,PAY013257,2026-06-27,1,0
M02262,B02,P3,PAY002262,2026-05-15,1,1
M02264,B02,P1,PAY002264,2026-03-26,1,1
M02264,B02,P1,PAY012420,2026-04-21,0,1
M02265,B02,P1,PAY002265,2026-03-16,0,1
M02266,B02,P3,PAY002266,2026-05-10,0,1
M02267,B02,P3,PAY002267,2026-05-11,1,1
M02269,B02,P1,PAY002269,2026-03-10,0,1
M02270,B02,P2,PAY002270,2026-03-28,0,1
M02271,B02,P2,PAY002271,2026-03-16,1,1
M02271,B02,P1,PAY012293,2026-04-22,1,1
M02271,B02,P1,PAY012798,2026-05-21,1,1
M02271,B02,P1,PAY013163,2026-06-25,1,0
M02273,B02,P1,PAY002273,2026-03-27,0,1
M02274,B02,P1,PAY002274,2026-03-18,0,1
M02275,B02,P1,PAY002275,2026-03-15,1,1
M02275,B02,P1,PAY012278,2026-04-17,1,1
M02275,B02,P1,PAY012717,2026-05-20,1,1
M02275,B02,P1,PAY013143,2026-06-16,1,1
M02277,B02,P1,PAY002277,2026-03-16,1,1
M02277,B02,P1,PAY012294,2026-04-20,1,1
M02277,B02,P1,PAY012760,2026-05-20,1,1
M02277,B02,P1,PAY013144,2026-06-19,1,0
M02278,B02,P1,PAY002278,2026-03-12,1,1
M02278,B02,P1,PAY012238,2026-04-08,1,1
M02278,B02,P1,PAY012583,2026-05-07,1,1
M02278,B02,P1,PAY013002,2026-06-17,1,0
M02280,B02,P1,PAY002280,2026-03-16,0,1
M02283,B02,P3,PAY002283,2026-05-24,1,1
M02284,B02,P1,PAY002284,2026-03-04,1,1
M02284,B02,P1,PAY012115,2026-04-08,1,1
M02284,B02,P1,PAY012584,2026-05-06,1,1
M02284,B02,P1,PAY012989,2026-06-07,1,1
M02285,B02,P1,PAY002285,2026-03-05,1,1
M02285,B02,P1,PAY012128,2026-03-28,0,1
M02287,B02,P2,PAY002287,2026-03-17,0,1
M02288,B02,P1,PAY002288,2026-03-01,1,1
M02288,B02,P1,PAY012077,2026-04-11,1,1
M02288,B02,P1,PAY012629,2026-05-09,0,1
M02289,B02,P1,PAY002289,2026-03-20,0,1
M02290,B02,P3,PAY002290,2026-05-01,1,1
M02292,B02,P2,PAY002292,2026-04-14,0,1
M02293,B02,P2,PAY002293,2026-04-29,1,1
M02293,B02,P2,PAY012891,2026-06-07,1,1
M02295,B02,P3,PAY002295,2026-06-05,1,1
M02296,B02,P3,PAY002296,2026-06-13,1,1
M02297,B02,P3,PAY002297,2026-06-18,1,0
M02298,B02,P1,PAY002298,2026-04-28,0,1
M02300,B02,P1,PAY002300,2026-04-26,1,1
M02300,B02,P1,PAY012853,2026-05-27,1,1
M02302,B02,P3,PAY002302,2026-06-03,1,1
M02303,B02,P1,PAY002303,2026-04-07,1,1
M02303,B02,P1,PAY012569,2026-05-06,0,1
M02306,B02,P2,PAY002306,2026-04-17,1,1
M02306,B02,P2,PAY012718,2026-05-17,1,1
M02306,B02,P2,PAY013101,2026-06-16,0,1
M02307,B02,P3,PAY002307,2026-06-03,1,1
M02309,B02,P1,PAY002309,2026-04-03,1,1
M02309,B02,P1,PAY012509,2026-05-10,1,1
M02309,B02,P1,PAY013027,2026-06-14,0,1
M02310,B02,P1,PAY002310,2026-04-08,1,1
M02310,B02,P1,PAY012585,2026-05-19,1,1
M02311,B02,P1,PAY002311,2026-04-27,1,1
M02311,B02,P1,PAY012864,2026-06-08,1,1
M02312,B02,P1,PAY002312,2026-04-12,1,1
M02312,B02,P1,PAY012643,2026-05-20,1,1
M02312,B02,P1,PAY013145,2026-06-28,0,0
M02314,B02,P1,PAY002314,2026-04-16,0,1
M02317,B02,P1,PAY002317,2026-04-11,1,1
M02317,B02,P1,PAY012630,2026-05-08,1,1
M02318,B02,P1,PAY002318,2026-04-09,0,1
M02321,B02,P1,PAY002321,2026-04-19,1,1
M02321,B02,P1,PAY012749,2026-05-28,1,1
M02322,B02,P1,PAY002322,2026-04-20,1,1
M02324,B02,P1,PAY002324,2026-04-21,1,1
M02324,B02,P1,PAY012778,2026-05-22,0,1
M02325,B02,P3,PAY002325,2026-06-10,1,1
M02328,B02,P3,PAY002328,2026-06-02,1,1
M02329,B02,P3,PAY002329,2026-06-02,1,1
M02330,B02,P1,PAY002330,2026-04-05,1,1
M02330,B02,P1,PAY012545,2026-05-16,1,1
M02330,B02,P1,PAY013090,2026-06-20,1,0
M02331,B02,P3,PAY002331,2026-06-17,1,0
M02333,B02,P1,PAY002333,2026-04-13,1,1
M02333,B02,P1,PAY012655,2026-05-24,0,1
M02334,B02,P1,PAY002334,2026-04-05,1,1
M02334,B02,P1,PAY012546,2026-05-12,1,1
M02334,B02,P1,PAY013048,2026-06-09,1,1
M02335,B02,P1,PAY002335,2026-04-16,1,1
M02335,B02,P1,PAY012700,2026-05-11,0,1
M02336,B02,P1,PAY002336,2026-04-28,1,1
M02336,B02,P1,PAY012879,2026-06-06,1,1
M02337,B02,P3,PAY002337,2026-06-03,1,1
M02338,B02,P3,PAY002338,2026-06-09,1,1
M02339,B02,P3,PAY002339,2026-06-02,1,1
M02340,B02,P3,PAY002340,2026-06-12,1,1
M02341,B02,P2,PAY002341,2026-04-16,1,1
M02341,B02,P2,PAY012701,2026-05-18,1,1
M02341,B02,P2,PAY013114,2026-06-21,0,0
M02345,B02,P1,PAY002345,2026-05-09,1,1
M02345,B02,P1,PAY013021,2026-06-09,1,1
M02350,B02,P1,PAY002350,2026-05-10,0,1
M02354,B02,P1,PAY002354,2026-05-13,1,1
M02354,B02,P1,PAY013060,2026-06-16,1,1
M02359,B02,P1,PAY002359,2026-05-24,0,1
M02361,B02,P1,PAY002361,2026-05-23,1,1
M02361,B02,P1,PAY013185,2026-06-22,0,0
M02366,B02,P1,PAY002366,2026-05-19,1,1
M02366,B02,P1,PAY013133,2026-06-15,0,1
M02367,B02,P1,PAY002367,2026-05-16,1,1
M02367,B02,P1,PAY013091,2026-06-24,1,0
M02368,B02,P1,PAY002368,2026-05-04,1,1
M02368,B02,P1,PAY012964,2026-06-13,1,1
M02373,B02,P1,PAY002373,2026-05-15,0,1
M02377,B02,P1,PAY002377,2026-05-14,0,1
M02378,B02,P2,PAY002378,2026-05-17,0,1
M02379,B02,P2,PAY002379,2026-05-29,1,1
M02381,B02,P1,PAY002381,2026-05-10,0,1
M02382,B02,P1,PAY002382,2026-05-20,1,1
M02382,B02,P1,PAY013146,2026-06-18,0,0
M02383,B02,P2,PAY002383,2026-05-24,1,1
M02386,B02,P1,PAY002386,2026-05-01,0,1
M02387,B02,P2,PAY002387,2026-05-18,1,1
M02387,B02,P2,PAY013115,2026-06-21,0,0
M02388,B02,P1,PAY002388,2026-05-23,1,1
M02389,B02,P1,PAY002389,2026-05-24,1,1
M02389,B02,P1,PAY013201,2026-06-20,1,0
M02392,B02,P1,PAY002392,2026-05-27,1,1
M02394,B02,P2,PAY002394,2026-06-20,0,0
M02396,B02,P1,PAY002396,2026-06-27,1,0
M02399,B02,P1,PAY002399,2026-06-22,1,0
M02402,B02,P1,PAY002402,2026-06-07,0,1
M02404,B02,P1,PAY002404,2026-06-03,0,1
M02405,B02,P2,PAY002405,2026-06-02,1,1
M02405,B02,P2,PAY013300,2026-06-30,0,0
M02409,B02,P2,PAY002409,2026-06-03,1,1
M02411,B02,P1,PAY002411,2026-06-14,1,1
M02412,B02,P2,PAY002412,2026-06-02,1,1
M02417,B02,P2,PAY002417,2026-06-16,1,1
M02418,B02,P1,PAY002418,2026-06-17,1,0
M02421,B02,P1,PAY002421,2026-06-10,1,1
M02425,B02,P1,PAY002425,2026-06-19,1,0
M02426,B02,P2,PAY002426,2026-06-13,0,1
M02428,B02,P1,PAY002428,2026-06-03,0,1
M02432,B02,P1,PAY002432,2026-06-15,1,1
M02433,B02,P2,PAY002433,2026-06-30,0,0
M02434,B02,P1,PAY002434,2026-06-05,1,1
M02437,B02,P2,PAY002437,2026-06-26,1,0
M02440,B02,P1,PAY002440,2026-06-16,1,1
M02488,B03,P4,PAY002488,2025-01-14,1,1
M02488,B03,P4,PAY005351,2025-07-12,0,1
M02489,B03,P1,PAY002489,2025-01-13,1,1
M02489,B03,P1,PAY005320,2025-02-14,1,1
M02489,B03,P1,PAY006173,2025-03-09,1,1
M02489,B03,P1,PAY006762,2025-04-11,1,1
M02489,B03,P1,PAY007451,2025-05-22,1,1
M02489,B03,P1,PAY008223,2025-06-21,0,1
M02490,B03,P4,PAY002490,2025-04-18,0,1
M02491,B03,P4,PAY002491,2025-03-12,1,1
M02491,B03,P4,PAY006820,2025-09-15,1,1
M02491,B03,P4,PAY009966,2026-03-21,1,1
M02492,B03,P2,PAY002492,2025-01-21,0,1
M02493,B03,P1,PAY002493,2025-01-14,1,1
M02493,B03,P1,PAY005352,2025-02-24,0,1
M02494,B03,P3,PAY002494,2025-03-05,1,1
M02494,B03,P3,PAY006671,2025-06-07,1,1
M02494,B03,P3,PAY008481,2025-09-13,1,1
M02494,B03,P3,PAY009934,2025-12-19,0,1
M02495,B03,P4,PAY002495,2025-06-15,1,1
M02495,B03,P4,PAY008602,2025-12-18,0,1
M02496,B03,P1,PAY002496,2025-01-30,1,1
M02496,B03,P1,PAY005840,2025-03-06,1,1
M02496,B03,P4,PAY006697,2025-09-09,1,1
M02496,B03,P4,PAY009884,2026-03-17,1,1
M02496,B03,P3,PAY012307,2026-06-22,1,0
M02497,B03,P3,PAY002497,2025-02-09,1,1
M02497,B03,P3,PAY006043,2025-05-09,1,1
M02497,B03,P3,PAY008008,2025-08-07,1,1
M02497,B03,P3,PAY009459,2025-11-12,1,1
M02497,B03,P3,PAY010724,2026-02-10,1,1
M02498,B03,P1,PAY002498,2025-01-19,1,1
M02498,B03,P1,PAY005501,2025-02-17,1,1
M02498,B03,P1,PAY006236,2025-03-12,0,1
M02499,B03,P2,PAY002499,2025-01-18,1,1
M02499,B03,P2,PAY005470,2025-02-28,1,1
M02499,B03,P2,PAY006526,2025-03-28,1,1
M02499,B03,P2,PAY007178,2025-04-30,1,1
M02499,B03,P2,PAY007834,2025-06-04,1,1
M02499,B03,P2,PAY008426,2025-07-08,0,1
M02500,B03,P3,PAY002500,2025-03-17,1,1
M02500,B03,P3,PAY006927,2025-06-20,1,1
M02500,B03,P3,PAY008682,2025-09-25,1,1
M02500,B03,P3,PAY010105,2025-12-29,1,1
M02500,B03,P3,PAY011272,2026-04-09,1,1
M02501,B03,P3,PAY002501,2025-03-24,1,1
M02501,B03,P3,PAY007096,2025-06-21,0,1
M02502,B03,P4,PAY002502,2025-03-08,1,1
M02502,B03,P4,PAY006738,2025-09-13,1,1
M02502,B03,P4,PAY009935,2026-03-24,1,1
M02503,B03,P2,PAY002503,2025-01-25,0,1
M02504,B03,P1,PAY002504,2025-01-12,0,1
M02505,B03,P3,PAY002505,2025-01-26,0,1
M02506,B03,P1,PAY002506,2025-01-06,0,1
M02507,B03,P1,PAY002507,2025-01-08,1,1
M02507,B03,P1,PAY005146,2025-02-15,0,1
M02508,B03,P1,PAY002508,2025-01-05,1,1
M02508,B03,P1,PAY005066,2025-02-03,1,1
M02508,B03,P1,PAY005906,2025-03-07,1,1
M02508,B03,P1,PAY006712,2025-04-10,1,1
M02508,B03,P1,PAY007418,2025-05-12,1,1
M02508,B03,P1,PAY008059,2025-06-20,1,1
M02508,B03,P1,PAY008683,2025-08-01,0,1
M02509,B03,P3,PAY002509,2025-03-26,1,1
M02509,B03,P3,PAY007140,2025-06-30,1,1
M02509,B03,P3,PAY008852,2025-09-28,1,1
M02509,B03,P3,PAY010141,2025-12-25,1,1
M02510,B03,P4,PAY002510,2025-05-02,1,1
M02510,B03,P4,PAY007888,2025-11-02,1,1
M02511,B03,P3,PAY002511,2025-02-03,0,1
M02512,B03,P2,PAY002512,2025-01-04,1,1
M02512,B03,P2,PAY005042,2025-02-06,1,1
M02512,B03,P2,PAY005972,2025-03-02,1,1
M02512,B03,P2,PAY006599,2025-04-10,1,1
M02512,B03,P2,PAY007419,2025-05-08,0,1
M02513,B03,P4,PAY002513,2025-01-02,1,1
M02513,B03,P4,PAY004963,2025-07-09,1,1
M02513,B03,P4,PAY008984,2026-01-17,1,1
M02513,B03,P1,PAY011498,2026-02-27,0,1
M02514,B03,P2,PAY002514,2025-01-23,0,1
M02515,B03,P1,PAY002515,2025-01-28,1,1
M02515,B03,P1,PAY005778,2025-03-07,1,1
M02515,B03,P1,PAY006713,2025-04-17,1,1
M02515,B03,P1,PAY007577,2025-05-24,1,1
M02515,B03,P1,PAY008256,2025-06-26,1,1
M02515,B03,P1,PAY008772,2025-07-25,1,1
M02515,B03,P1,PAY009263,2025-09-05,1,1
M02515,B03,P1,PAY009833,2025-10-16,1,1
M02515,B03,P1,PAY010381,2025-11-12,0,1
M02516,B03,P4,PAY002516,2025-01-03,1,1
M02516,B03,P4,PAY004997,2025-07-07,1,1
M02516,B03,P4,PAY008952,2026-01-16,0,1
M02517,B03,P3,PAY002517,2025-02-03,1,1
M02517,B03,P3,PAY005907,2025-05-04,1,1
M02517,B03,P3,PAY007918,2025-08-11,1,1
M02517,B03,P3,PAY009511,2025-11-13,1,1
M02517,B03,P3,PAY010731,2026-02-14,1,1
M02517,B03,P3,PAY011864,2026-05-09,0,1
M02518,B03,P1,PAY002518,2025-01-07,1,1
M02518,B03,P1,PAY005115,2025-02-13,1,1
M02518,B03,P1,PAY006142,2025-03-21,1,1
M02518,B03,P1,PAY007024,2025-04-30,1,1
M02518,B03,P1,PAY007835,2025-06-05,1,1
M02518,B03,P1,PAY008450,2025-07-07,1,1
M02518,B03,P1,PAY008953,2025-08-16,0,1
M02519,B03,P1,PAY002519,2025-01-11,1,1
M02519,B03,P1,PAY005251,2025-02-22,1,1
M02519,B03,P1,PAY006368,2025-04-03,0,1
M02520,B03,P3,PAY002520,2025-01-10,1,1
M02520,B03,P3,PAY005215,2025-04-12,1,1
M02520,B03,P3,PAY007474,2025-07-09,1,1
M02520,B03,P3,PAY008985,2025-10-13,1,1
M02520,B03,P3,PAY010342,2026-01-22,0,1
M02521,B03,P5,PAY002521,2025-09-09,1,1
M02522,B03,P2,PAY002522,2025-01-25,1,1
M02522,B03,P2,PAY005680,2025-02-28,1,1
M02522,B03,P2,PAY006527,2025-04-03,1,1
M02522,B03,P5,PAY007269,2026-04-04,1,1
M02523,B03,P1,PAY002523,2025-01-07,1,1
M02523,B03,P1,PAY005116,2025-02-03,0,1
M02524,B03,P3,PAY002524,2025-01-21,0,1
M02525,B03,P4,PAY002525,2025-05-30,1,1
M02525,B03,P4,PAY008363,2025-11-29,0,1
M02526,B03,P3,PAY002526,2025-02-27,0,1
M02527,B03,P2,PAY002527,2025-01-02,1,1
M02527,B03,P2,PAY004964,2025-02-03,1,1
M02527,B03,P2,PAY005908,2025-03-02,0,1
M02528,B03,P4,PAY002528,2025-02-11,1,1
M02528,B03,P4,PAY006093,2025-08-19,0,1
M02529,B03,P3,PAY002529,2025-03-31,0,1
M02530,B03,P1,PAY002530,2025-01-18,1,1
M02530,B03,P1,PAY005471,2025-02-24,1,1
M02530,B03,P1,PAY006424,2025-03-23,0,1
M02531,B03,P1,PAY002531,2025-01-10,1,1
M02531,B03,P1,PAY005216,2025-02-21,1,1
M02531,B03,P1,PAY006340,2025-03-18,0,1
M02532,B03,P3,PAY002532,2025-01-17,1,1
M02532,B03,P3,PAY005440,2025-04-25,1,1
M02532,B03,P4,PAY007745,2025-10-25,1,1
M02532,B03,P4,PAY010500,2026-04-28,0,1
M02533,B03,P1,PAY002533,2025-01-25,1,1
M02533,B03,P1,PAY005681,2025-02-22,1,1
M02533,B03,P1,PAY006369,2025-03-26,0,1
M02534,B03,P2,PAY002534,2025-01-08,0,1
M02535,B03,P2,PAY002535,2025-01-19,1,1
M02535,B03,P2,PAY005502,2025-02-24,0,1
M02536,B03,P1,PAY002536,2025-01-18,1,1
M02536,B03,P1,PAY005472,2025-02-13,0,1
M02537,B03,P1,PAY002537,2025-01-18,1,1
M02537,B03,P1,PAY005473,2025-02-16,1,1
M02537,B03,P1,PAY006216,2025-03-25,1,1
M02537,B03,P5,PAY007115,2026-04-01,1,1
M02538,B03,P4,PAY002538,2025-04-02,1,1
M02538,B03,P4,PAY007242,2025-10-08,1,1
M02538,B03,P4,PAY010278,2026-04-14,1,1
M02539,B03,P1,PAY002539,2025-01-11,0,1
M02540,B03,P1,PAY002540,2025-01-23,1,1
M02540,B03,P1,PAY005628,2025-03-03,1,1
M02540,B03,P1,PAY006617,2025-04-10,1,1
M02540,B03,P1,PAY007420,2025-05-18,0,1
M02541,B03,P2,PAY002541,2025-01-29,1,1
M02541,B03,P2,PAY005806,2025-03-08,1,1
M02541,B03,P2,PAY006739,2025-04-10,1,1
M02541,B03,P2,PAY007421,2025-05-10,0,1
M02542,B03,P5,PAY002542,2025-01-31,1,1
M02542,B03,P5,PAY005861,2026-02-03,0,1
M02543,B03,P1,PAY002543,2025-01-19,1,1
M02543,B03,P1,PAY005503,2025-02-20,1,1
M02543,B03,P1,PAY006316,2025-03-23,0,1
M02544,B03,P3,PAY002544,2025-03-20,1,1
M02544,B03,P3,PAY006998,2025-06-16,0,1
M02545,B03,P3,PAY002545,2025-03-13,1,1
M02545,B03,P3,PAY006845,2025-06-15,1,1
M02545,B03,P3,PAY008603,2025-09-21,0,1
M02546,B03,P1,PAY002546,2025-01-02,1,1
M02546,B03,P1,PAY004965,2025-02-05,1,1
M02546,B03,P1,PAY005948,2025-03-09,1,1
M02546,B03,P1,PAY006763,2025-04-17,1,1
M02546,B03,P1,PAY007578,2025-05-12,0,1
M02547,B03,P5,PAY002547,2025-03-08,1,1
M02547,B03,P5,PAY006740,2026-03-18,1,1
M02548,B03,P1,PAY002548,2025-01-30,1,1
M02548,B03,P1,PAY005841,2025-02-28,0,1
M02549,B03,P5,PAY002549,2025-09-01,0,1
M02550,B03,P1,PAY002550,2025-01-09,1,1
M02550,B03,P1,PAY005177,2025-02-04,1,1
M02550,B03,P1,PAY005928,2025-03-06,0,1
M02551,B03,P1,PAY002551,2025-01-06,0,1
M02552,B03,P4,PAY002552,2025-05-01,1,1
M02552,B03,P4,PAY007866,2025-11-10,0,1
M02553,B03,P1,PAY002553,2025-01-14,0,1
M02554,B03,P2,PAY002554,2025-01-13,0,1
M02555,B03,P4,PAY002555,2025-04-12,1,1
M02555,B03,P4,PAY007475,2025-10-07,0,1
M02556,B03,P4,PAY002556,2025-02-03,1,1
M02556,B03,P4,PAY005909,2025-08-02,0,1
M02557,B03,P1,PAY002557,2025-01-30,1,1
M02557,B03,P1,PAY005842,2025-02-28,0,1
M02558,B03,P1,PAY002558,2025-01-21,0,1
M02559,B03,P1,PAY002559,2025-01-04,1,1
M02559,B03,P1,PAY005043,2025-01-31,0,1
M02560,B03,P3,PAY002560,2025-03-22,0,1
M02561,B03,P3,PAY002561,2025-01-07,0,1
M02562,B03,P2,PAY002562,2025-01-07,0,1
M02563,B03,P1,PAY002563,2025-01-05,1,1
M02563,B03,P5,PAY005067,2026-01-10,0,1
M02564,B03,P1,PAY002564,2025-01-08,0,1
M02565,B03,P2,PAY002565,2025-01-26,1,1
M02565,B03,P2,PAY005713,2025-02-25,1,1
M02565,B03,P2,PAY006448,2025-04-02,1,1
M02565,B03,P2,PAY007243,2025-04-30,0,1
M02566,B03,P1,PAY002566,2025-01-24,0,1
M02567,B03,P1,PAY002567,2025-01-17,1,1
M02567,B03,P1,PAY005441,2025-02-15,1,1
M02567,B03,P1,PAY006199,2025-03-21,1,1
M02567,B03,P1,PAY007025,2025-04-18,1,1
M02567,B03,P1,PAY007595,2025-05-26,0,1
M02568,B03,P1,PAY002568,2025-01-29,1,1
M02568,B03,P1,PAY005807,2025-02-28,1,1
M02568,B03,P1,PAY006528,2025-03-27,1,1
M02568,B03,P1,PAY007159,2025-04-24,1,1
M02568,B03,P1,PAY007719,2025-05-30,0,1
M02569,B03,P3,PAY002569,2025-03-03,0,1
M02570,B03,P4,PAY002570,2025-01-24,1,1
M02570,B03,P4,PAY005655,2025-08-02,0,1
M02571,B03,P1,PAY002571,2025-01-14,1,1
M02571,B03,P3,PAY005353,2025-04-12,1,1
M02571,B03,P3,PAY007476,2025-07-10,1,1
M02571,B03,P4,PAY009002,2026-01-09,1,1
M02572,B03,P1,PAY002572,2025-01-06,1,1
M02572,B03,P1,PAY005095,2025-02-07,0,1
M02573,B03,P1,PAY002573,2025-01-29,1,1
M02573,B03,P1,PAY005808,2025-03-09,0,1
M02574,B03,P2,PAY002574,2025-01-22,1,1
M02574,B03,P2,PAY005598,2025-02-18,1,1
M02574,B03,P2,PAY006259,2025-03-14,1,1
M02574,B03,P2,PAY006866,2025-04-19,1,1
M02574,B03,P2,PAY007612,2025-05-19,1,1
M02574,B03,P2,PAY008177,2025-06-14,1,1
M02574,B03,P2,PAY008587,2025-07-25,1,1
M02574,B03,P2,PAY009264,2025-09-02,0,1
M02575,B03,P3,PAY002575,2025-03-01,0,1
M02576,B03,P3,PAY002576,2025-01-14,1,1
M02576,B03,P3,PAY005354,2025-04-11,1,1
M02576,B03,P3,PAY007452,2025-07-10,1,1
M02576,B03,P3,PAY009003,2025-10-19,1,1
M02576,B03,P3,PAY010419,2026-01-15,1,1
M02576,B03,P3,PAY011477,2026-04-12,1,1
M02577,B03,P3,PAY002577,2025-03-29,0,1
M02578,B03,P2,PAY002578,2025-01-18,1,1
M02578,B03,P2,PAY005474,2025-02-25,1,1
M02578,B03,P2,PAY006449,2025-04-06,0,1
M02579,B03,P2,PAY002579,2025-01-19,1,1
M02579,B03,P2,PAY005504,2025-02-14,1,1
M02579,B03,P2,PAY006174,2025-03-20,0,1
M02580,B03,P3,PAY002580,2025-03-25,0,1
M02581,B03,P4,PAY002581,2025-04-05,1,1
M02581,B03,P4,PAY007314,2025-10-10,0,1
M02582,B03,P1,PAY002582,2025-01-22,1,1
M02582,B03,P1,PAY005599,2025-02-21,0,1
M02583,B03,P2,PAY002583,2025-01-03,1,1
M02583,B03,P2,PAY004998,2025-02-05,1,1
M02583,B03,P4,PAY005949,2025-08-03,1,1
M02583,B03,P4,PAY009408,2026-02-01,1,1
M02584,B03,P1,PAY002584,2025-01-04,0,1
M02585,B03,P4,PAY002585,2025-05-09,1,1
M02585,B03,P4,PAY008009,2025-11-20,0,1
M02586,B03,P1,PAY002586,2025-01-06,1,1
M02586,B03,P1,PAY005096,2025-02-07,1,1
M02586,B03,P1,PAY005996,2025-03-14,1,1
M02586,B03,P1,PAY006867,2025-04-20,1,1
M02586,B03,P1,PAY007631,2025-05-29,1,1
M02586,B03,P1,PAY008345,2025-06-30,1,1
M02586,B03,P1,PAY008853,2025-08-04,0,1
M02587,B03,P3,PAY002587,2025-03-01,1,1
M02587,B03,P3,PAY006584,2025-06-08,1,1
M02587,B03,P3,PAY008496,2025-09-14,1,1
M02587,B03,P3,PAY009948,2025-12-13,1,1
M02587,B03,P3,PAY011096,2026-03-19,0,1
M02588,B03,P2,PAY002588,2025-01-02,1,1
M02588,B03,P2,PAY004966,2025-01-28,1,1
M02588,B03,P2,PAY005779,2025-02-28,1,1
M02588,B03,P2,PAY006529,2025-03-24,1,1
M02588,B03,P3,PAY007097,2025-06-25,1,1
M02588,B03,P3,PAY008760,2025-09-30,1,1
M02588,B03,P3,PAY010181,2026-01-02,1,1
M02588,B03,P3,PAY011318,2026-04-12,1,1
M02589,B03,P1,PAY002589,2025-01-13,1,1
M02589,B03,P1,PAY005321,2025-02-23,1,1
M02589,B03,P1,PAY006393,2025-04-05,1,1
M02589,B03,P3,PAY007315,2025-07-16,1,1
M02589,B03,P3,PAY009112,2025-10-24,1,1
M02589,B03,P3,PAY010483,2026-01-21,0,1
M02590,B03,P3,PAY002590,2025-02-09,0,1
M02591,B03,P5,PAY002591,2025-07-01,1,1
M02591,B03,P5,PAY008870,2026-06-27,0,0
M02592,B03,P1,PAY002592,2025-01-24,1,1
M02592,B03,P4,PAY005656,2025-07-27,0,1
M02593,B03,P2,PAY002593,2025-01-05,0,1
M02594,B03,P3,PAY002594,2025-01-21,1,1
M02594,B03,P3,PAY005568,2025-04-16,1,1
M02594,B03,P1,PAY007551,2025-05-23,1,1
M02594,B03,P1,PAY008239,2025-06-24,1,1
M02594,B03,P1,PAY008740,2025-07-21,0,1
M02595,B03,P2,PAY002595,2025-01-20,0,1
M02596,B03,P3,PAY002596,2025-01-21,0,1
M02597,B03,P1,PAY002597,2025-01-07,0,1
M02598,B03,P1,PAY002598,2025-01-04,1,1
M02598,B03,P1,PAY005044,2025-02-01,1,1
M02598,B03,P1,PAY005875,2025-03-12,1,1
M02598,B03,P1,PAY006821,2025-04-19,1,1
M02598,B03,P1,PAY007613,2025-05-23,1,1
M02598,B03,P1,PAY008240,2025-07-02,1,1
M02598,B03,P1,PAY008886,2025-08-11,1,1
M02598,B03,P1,PAY009512,2025-09-22,1,1
M02598,B03,P1,PAY010062,2025-10-19,0,1
M02599,B03,P5,PAY002599,2025-01-16,1,1
M02599,B03,P5,PAY005419,2026-01-13,1,1
M02600,B03,P2,PAY002600,2025-01-03,1,1
M02600,B03,P2,PAY004999,2025-02-09,1,1
M02600,B03,P2,PAY006044,2025-03-08,1,1
M02600,B03,P2,PAY006741,2025-04-09,1,1
M02600,B03,P2,PAY007395,2025-05-08,1,1
M02600,B03,P2,PAY007989,2025-06-12,1,1
M02600,B03,P2,PAY008554,2025-07-20,1,1
M02600,B03,P2,PAY009175,2025-08-29,0,1
M02601,B03,P3,PAY002601,2025-02-25,1,1
M02601,B03,P3,PAY006450,2025-05-27,1,1
M02601,B03,P3,PAY008305,2025-08-27,1,1
M02601,B03,P3,PAY009723,2025-11-24,1,1
M02601,B03,P3,PAY010852,2026-02-28,0,1
M02602,B03,P1,PAY002602,2025-01-27,1,1
M02602,B03,P1,PAY005741,2025-02-28,1,1
M02602,B03,P1,PAY006530,2025-04-04,1,1
M02602,B03,P1,PAY007291,2025-05-06,1,1
M02602,B03,P1,PAY007954,2025-06-04,1,1
M02602,B03,P1,PAY008427,2025-07-12,1,1
M02602,B03,P1,PAY009041,2025-08-21,1,1
M02602,B03,P1,PAY009632,2025-09-21,1,1
M02602,B03,P1,PAY010047,2025-10-29,1,1
M02602,B03,P1,PAY010555,2025-11-30,1,1
M02602,B03,P1,PAY010939,2025-12-30,1,1
M02602,B03,P1,PAY011284,2026-02-01,1,1
M02602,B03,P1,PAY011692,2026-03-02,1,1
M02602,B03,P1,PAY012092,2026-04-07,1,1
M02602,B03,P1,PAY012570,2026-05-12,1,1
M02602,B03,P1,PAY013049,2026-06-14,1,1
M02603,B03,P2,PAY002603,2025-01-17,1,1
M02603,B03,P2,PAY005442,2025-02-21,1,1
M02603,B03,P2,PAY006341,2025-03-26,1,1
M02603,B03,P2,PAY007141,2025-04-29,1,1
M02603,B03,P3,PAY007804,2025-08-06,1,1
M02603,B03,P3,PAY009442,2025-11-13,1,1
M02603,B03,P3,PAY010732,2026-02-08,0,1
M02604,B03,P3,PAY002604,2025-03-30,0,1
M02605,B03,P2,PAY002605,2025-01-03,1,1
M02605,B03,P2,PAY005000,2025-01-30,1,1
M02605,B03,P2,PAY005843,2025-03-09,1,1
M02605,B03,P2,PAY006764,2025-04-06,0,1
M02606,B03,P4,PAY002606,2025-03-29,1,1
M02606,B03,P4,PAY007191,2025-10-04,1,1
M02606,B03,P4,PAY010237,2026-04-14,1,1
M02607,B03,P2,PAY002607,2025-01-02,1,1
M02607,B03,P2,PAY004967,2025-02-06,1,1
M02607,B03,P2,PAY005973,2025-03-01,1,1
M02607,B03,P2,PAY006585,2025-04-02,1,1
M02607,B03,P2,PAY007244,2025-04-30,1,1
M02607,B03,P2,PAY007836,2025-06-10,1,1
M02607,B03,P2,PAY008522,2025-07-06,0,1
M02608,B03,P1,PAY002608,2025-01-30,1,1
M02608,B03,P1,PAY005844,2025-03-09,1,1
M02608,B03,P1,PAY006765,2025-04-17,1,1
M02608,B03,P1,PAY007579,2025-05-18,1,1
M02608,B03,P1,PAY008165,2025-06-17,1,1
M02608,B03,P1,PAY008637,2025-07-21,0,1
M02609,B03,P2,PAY002609,2025-01-21,1,1
M02609,B03,P2,PAY005569,2025-02-18,1,1
M02609,B03,P2,PAY006260,2025-03-14,1,1
M02609,B03,P1,PAY006868,2025-04-15,1,1
M02609,B03,P1,PAY007535,2025-05-14,0,1
M02610,B03,P1,PAY002610,2025-01-19,1,1
M02610,B03,P1,PAY005505,2025-02-17,1,1
M02610,B03,P1,PAY006237,2025-03-27,0,1
M02611,B03,P5,PAY002611,2025-02-13,1,1
M02611,B03,P5,PAY006143,2026-02-16,0,1
M02612,B03,P3,PAY002612,2025-03-08,1,1
M02612,B03,P5,PAY006742,2026-03-11,1,1
M02613,B03,P3,PAY002613,2025-01-13,1,1
M02613,B03,P3,PAY005322,2025-04-14,1,1
M02613,B03,P3,PAY007516,2025-07-22,1,1
M02613,B03,P3,PAY009208,2025-11-01,1,1
M02613,B03,P3,PAY010585,2026-02-03,0,1
M02614,B03,P1,PAY002614,2025-01-27,0,1
M02615,B03,P2,PAY002615,2025-01-08,1,1
M02615,B03,P2,PAY005147,2025-02-13,1,1
M02615,B03,P2,PAY006144,2025-03-22,0,1
M02616,B03,P5,PAY002616,2025-02-01,0,1
M02617,B03,P5,PAY002617,2025-11-15,1,1
M02617,B03,P1,PAY010753,2025-12-16,1,1
M02617,B03,P1,PAY011128,2026-01-27,1,1
M02618,B03,P1,PAY002618,2025-01-09,1,1
M02618,B03,P1,PAY005178,2025-02-09,0,1
M02619,B03,P3,PAY002619,2025-02-01,1,1
M02619,B03,P1,PAY005876,2025-03-05,1,1
M02619,B03,P1,PAY006672,2025-04-01,1,1
M02619,B03,P1,PAY007215,2025-05-10,1,1
M02619,B03,P1,PAY008027,2025-06-16,1,1
M02619,B03,P1,PAY008619,2025-07-19,1,1
M02619,B03,P1,PAY009157,2025-08-25,0,1
M02620,B03,P5,PAY002620,2025-03-09,1,1
M02620,B03,P3,PAY006766,2025-06-07,0,1
M02621,B03,P4,PAY002621,2025-04-19,1,1
M02621,B03,P4,PAY007614,2025-10-28,1,1
M02621,B03,P4,PAY010543,2026-05-03,0,1
M02622,B03,P3,PAY002622,2025-03-28,1,1
M02622,B03,P3,PAY007179,2025-07-06,1,1
M02622,B03,P3,PAY008937,2025-10-01,1,1
M02622,B03,P3,PAY010201,2026-01-11,1,1
M02622,B03,P3,PAY011420,2026-04-22,1,1
M02623,B03,P5,PAY002623,2025-05-10,1,1
M02623,B03,P2,PAY008028,2025-06-16,1,1
M02623,B03,P2,PAY008620,2025-07-21,1,1
M02623,B03,P2,PAY009195,2025-08-18,1,1
M02623,B03,P2,PAY009593,2025-09-22,1,1
M02623,B03,P2,PAY010063,2025-10-21,1,1
M02623,B03,P2,PAY010449,2025-11-17,1,1
M02623,B03,P1,PAY010776,2025-12-28,0,1
M02624,B03,P1,PAY002624,2025-01-10,1,1
M02624,B03,P2,PAY005217,2025-02-14,1,1
M02624,B03,P2,PAY006175,2025-03-25,1,1
M02624,B03,P2,PAY007116,2025-04-22,1,1
M02624,B03,P2,PAY007672,2025-06-03,1,1
M02624,B03,P2,PAY008411,2025-07-09,1,1
M02624,B03,P3,PAY008986,2025-10-14,0,1
M02625,B03,P5,PAY002625,2025-07-14,1,1
M02625,B03,P4,PAY009072,2026-01-23,0,1
M02626,B03,P3,PAY002626,2025-01-27,1,1
M02626,B03,P3,PAY005742,2025-05-02,1,1
M02626,B03,P3,PAY007889,2025-08-10,1,1
M02626,B03,P3,PAY009502,2025-11-05,1,1
M02626,B03,P3,PAY010633,2026-02-08,0,1
M02627,B03,P5,PAY002627,2025-01-19,1,1
M02627,B03,P5,PAY005506,2026-01-25,1,1
M02627,B03,P3,PAY011614,2026-04-22,1,1
M02628,B03,P2,PAY002628,2025-01-08,1,1
M02628,B03,P2,PAY005148,2025-02-10,1,1
M02628,B03,P2,PAY006071,2025-03-10,1,1
M02628,B03,P2,PAY006783,2025-04-06,1,1
M02628,B03,P2,PAY007336,2025-05-12,1,1
M02628,B03,P2,PAY008060,2025-06-21,0,1
M02629,B03,P3,PAY002629,2025-02-20,1,1
M02629,B03,P3,PAY006317,2025-05-27,0,1
M02630,B03,P1,PAY002630,2025-01-19,1,1
M02630,B03,P1,PAY005507,2025-02-22,1,1
M02630,B03,P1,PAY006370,2025-04-02,0,1
M02631,B03,P3,PAY002631,2025-01-26,1,1
M02631,B03,P3,PAY005714,2025-04-30,1,1
M02631,B03,P3,PAY007837,2025-08-05,1,1
M02631,B03,P3,PAY009435,2025-10-31,1,1
M02631,B03,P3,PAY010576,2026-02-06,0,1
M02632,B03,P4,PAY002632,2025-02-12,1,1
M02632,B03,P4,PAY006120,2025-08-16,1,1
M02632,B03,P4,PAY009567,2026-02-21,1,1
M02633,B03,P1,PAY002633,2025-01-15,0,1
M02634,B03,P5,PAY002634,2025-07-31,1,1
M02635,B03,P1,PAY002635,2025-01-02,1,1
M02635,B03,P1,PAY004968,2025-02-13,1,1
M02635,B03,P4,PAY006145,2025-08-20,0,1
M02636,B03,P4,PAY002636,2025-05-02,0,1
M02637,B03,P1,PAY002637,2025-01-15,0,1
M02638,B03,P4,PAY002638,2025-06-29,1,1
M02638,B03,P4,PAY008820,2025-12-26,1,1
M02639,B03,P5,PAY002639,2025-08-10,0,1
M02640,B03,P5,PAY002640,2025-03-08,1,1
M02640,B03,P5,PAY006743,2026-03-18,0,1
M02641,B03,P5,PAY002641,2025-10-29,1,1
M02642,B03,P1,PAY002642,2025-01-19,1,1
M02642,B03,P1,PAY005508,2025-02-17,1,1
M02642,B03,P1,PAY006238,2025-03-26,1,1
M02642,B03,P1,PAY007142,2025-04-30,0,1
M02643,B03,P2,PAY002643,2025-01-25,1,1
M02643,B03,P2,PAY005682,2025-03-01,1,1
M02643,B03,P2,PAY006586,2025-03-25,1,1
M02643,B03,P2,PAY007117,2025-04-30,1,1
M02643,B03,P2,PAY007838,2025-05-25,1,1
M02643,B03,P2,PAY008272,2025-07-01,1,1
M02643,B03,P2,PAY008871,2025-07-29,1,1
M02643,B03,P2,PAY009339,2025-08-31,1,1
M02643,B03,P2,PAY009776,2025-09-30,1,1
M02643,B03,P2,PAY010182,2025-11-11,1,1
M02643,B03,P2,PAY010715,2025-12-19,0,1
M02644,B03,P1,PAY002644,2025-01-19,0,1
M02645,B03,P3,PAY002645,2025-03-23,1,1
M02645,B03,P3,PAY007076,2025-06-29,1,1
M02645,B03,P3,PAY008821,2025-09-26,1,1
M02645,B03,P3,PAY010116,2025-12-25,1,1
M02645,B03,P3,PAY011217,2026-04-04,1,1
M02645,B03,P3,PAY012530,2026-06-30,0,0
M02646,B03,P5,PAY002646,2025-06-04,1,1
M02646,B03,P5,PAY008428,2026-06-05,1,1
M02647,B03,P3,PAY002647,2025-01-09,1,1
M02647,B03,P3,PAY005179,2025-04-08,1,1
M02647,B03,P3,PAY007374,2025-07-16,1,1
M02648,B03,P3,PAY002648,2025-01-15,0,1
M02649,B03,P2,PAY002649,2025-01-19,1,1
M02649,B03,P2,PAY005509,2025-02-20,0,1
M02650,B03,P1,PAY002650,2025-01-24,1,1
M02650,B03,P1,PAY005657,2025-03-03,1,1
M02650,B03,P1,PAY006618,2025-04-07,1,1
M02650,B03,P4,PAY007357,2025-10-17,0,1
M02651,B03,P3,PAY002651,2025-01-28,0,1
M02652,B03,P2,PAY002652,2025-01-09,0,1
M02653,B03,P1,PAY002653,2025-01-07,1,1
M02653,B03,P4,PAY005117,2025-07-04,1,1
M02653,B03,P4,PAY008914,2026-01-10,1,1
M02654,B03,P3,PAY002654,2025-02-24,1,1
M02654,B03,P3,PAY006425,2025-05-28,1,1
M02654,B03,P3,PAY008323,2025-08-29,1,1
M02654,B03,P3,PAY009748,2025-12-07,1,1
M02654,B03,P3,PAY011025,2026-03-17,1,1
M02654,B03,P3,PAY012308,2026-06-17,0,0
M02655,B03,P1,PAY002655,2025-01-23,1,1
M02655,B03,P1,PAY005629,2025-02-28,1,1
M02655,B03,P1,PAY006531,2025-04-03,1,1
M02655,B03,P1,PAY007270,2025-05-09,1,1
M02655,B03,P1,PAY008010,2025-06-11,1,1
M02655,B03,P1,PAY008534,2025-07-14,1,1
M02655,B03,P1,PAY009073,2025-08-20,1,1
M02655,B03,P3,PAY009615,2025-11-25,1,1
M02655,B03,P3,PAY010870,2026-02-25,1,1
M02655,B03,P3,PAY012009,2026-05-24,1,1
M02656,B03,P4,PAY002656,2025-02-22,0,1
M02657,B03,P1,PAY002657,2025-01-07,1,1
M02657,B03,P1,PAY005118,2025-02-06,1,1
M02657,B03,P4,PAY005974,2025-08-16,0,1
M02658,B03,P2,PAY002658,2025-01-21,1,1
M02658,B03,P5,PAY005570,2026-01-29,1,1
M02659,B03,P1,PAY002659,2025-01-04,0,1
M02660,B03,P5,PAY002660,2025-07-20,1,1
M02661,B03,P1,PAY002661,2025-01-12,1,1
M02661,B03,P1,PAY005288,2025-02-21,1,1
M02661,B03,P1,PAY006342,2025-03-26,0,1
M02662,B03,P3,PAY002662,2025-03-26,1,1
M02662,B03,P3,PAY007143,2025-06-30,0,1
M02663,B03,P3,PAY002663,2025-03-23,1,1
M02663,B03,P3,PAY007077,2025-06-24,1,1
M02663,B03,P3,PAY008741,2025-09-23,1,1
M02663,B03,P3,PAY010073,2025-12-21,1,1
M02663,B03,P3,PAY011172,2026-04-01,1,1
M02664,B03,P1,PAY002664,2025-01-04,1,1
M02664,B03,P2,PAY005045,2025-02-11,1,1
M02664,B03,P2,PAY006094,2025-03-06,1,1
M02664,B03,P2,PAY006698,2025-04-01,1,1
M02664,B03,P2,PAY007216,2025-05-07,1,1
M02664,B03,P2,PAY007970,2025-06-06,1,1
M02664,B03,P2,PAY008462,2025-07-17,0,1
M02665,B03,P4,PAY002665,2025-04-10,1,1
M02665,B03,P4,PAY007422,2025-10-13,1,1
M02665,B03,P4,PAY010343,2026-04-11,1,1
M02666,B03,P3,PAY002666,2025-03-09,1,1
M02666,B03,P3,PAY006767,2025-06-14,0,1
M02667,B03,P3,PAY002667,2025-03-22,1,1
M02667,B03,P1,PAY007049,2025-04-27,1,1
M02667,B03,P1,PAY007766,2025-06-03,1,1
M02667,B03,P1,PAY008412,2025-07-10,1,1
M02667,B03,P1,PAY009004,2025-08-15,0,1
M02668,B03,P1,PAY002668,2025-01-09,1,1
M02668,B03,P1,PAY005180,2025-02-04,1,1
M02668,B03,P1,PAY005929,2025-03-13,1,1
M02668,B03,P1,PAY006846,2025-04-22,1,1
M02668,B03,P1,PAY007673,2025-05-22,1,1
M02668,B03,P4,PAY008224,2025-11-29,1,1
M02668,B03,P4,PAY010917,2026-05-29,1,1
M02669,B03,P4,PAY002669,2025-05-03,0,1
M02670,B03,P3,PAY002670,2025-01-11,1,1
M02670,B03,P1,PAY005252,2025-02-21,1,1
M02670,B03,P1,PAY006343,2025-03-28,0,1
M02671,B03,P1,PAY002671,2025-01-21,1,1
M02671,B03,P1,PAY005571,2025-02-28,1,1
M02671,B03,P3,PAY006532,2025-06-02,1,1
M02671,B03,P3,PAY008384,2025-08-28,1,1
M02671,B03,P3,PAY009735,2025-11-27,1,1
M02671,B03,P3,PAY010894,2026-02-27,1,1
M02671,B03,P3,PAY012028,2026-06-07,1,1
M02672,B03,P4,PAY002672,2025-02-11,0,1
M02673,B03,P3,PAY002673,2025-02-19,1,1
M02673,B03,P3,PAY006292,2025-05-25,1,1
M02673,B03,P3,PAY008273,2025-09-02,0,1
M02674,B03,P3,PAY002674,2025-02-02,1,1
M02674,B03,P5,PAY005889,2026-02-02,1,1
M02675,B03,P3,PAY002675,2025-03-08,1,1
M02675,B03,P3,PAY006744,2025-06-04,1,1
M02675,B03,P3,PAY008429,2025-09-10,1,1
M02675,B03,P3,PAY009897,2025-12-08,1,1
M02675,B03,P3,PAY011040,2026-03-18,1,1
M02675,B03,P3,PAY012322,2026-06-28,0,0
M02676,B03,P1,PAY002676,2025-01-18,1,1
M02676,B03,P1,PAY005475,2025-02-27,0,1
M02677,B03,P2,PAY002677,2025-01-26,1,1
M02677,B03,P2,PAY005715,2025-03-01,0,1
M02678,B03,P5,PAY002678,2025-11-07,1,1
M02679,B03,P4,PAY002679,2025-03-25,1,1
M02679,B03,P4,PAY007118,2025-09-24,1,1
M02679,B03,P2,PAY010090,2025-10-27,1,1
M02679,B03,P1,PAY010529,2025-11-26,1,1
M02679,B03,P1,PAY010881,2025-12-29,1,1
M02679,B03,P3,PAY011273,2026-04-03,1,1
M02680,B03,P3,PAY002680,2025-02-27,1,1
M02680,B03,P3,PAY006484,2025-05-22,1,1
M02680,B03,P3,PAY008225,2025-08-26,1,1
M02680,B03,P3,PAY009714,2025-12-04,0,1
M02681,B03,P1,PAY002681,2025-01-06,1,1
M02681,B03,P4,PAY005097,2025-07-10,1,1
M02681,B03,P4,PAY009005,2026-01-19,0,1
M02682,B03,P1,PAY002682,2025-01-14,1,1
M02682,B03,P1,PAY005355,2025-02-23,1,1
M02682,B03,P1,PAY006394,2025-03-25,1,1
M02682,B03,P1,PAY007119,2025-04-30,1,1
M02682,B03,P1,PAY007839,2025-06-11,0,1
M02683,B03,P1,PAY002683,2025-01-16,1,1
M02683,B03,P3,PAY005420,2025-04-12,1,1
M02683,B03,P3,PAY007477,2025-07-17,1,1
M02683,B03,P3,PAY009129,2025-10-27,1,1
M02683,B03,P3,PAY010530,2026-01-29,1,1
M02683,B03,P3,PAY011657,2026-05-05,1,1
M02684,B03,P1,PAY002684,2025-01-26,1,1
M02684,B03,P1,PAY005716,2025-03-06,1,1
M02684,B03,P1,PAY006699,2025-04-02,1,1
M02684,B03,P1,PAY007245,2025-05-10,1,1
M02684,B03,P1,PAY008029,2025-06-09,1,1
M02684,B03,P1,PAY008510,2025-07-17,1,1
M02684,B03,P1,PAY009130,2025-08-18,1,1
M02684,B03,P1,PAY009594,2025-09-29,0,1
M02685,B03,P4,PAY002685,2025-03-06,0,1
M02686,B03,P2,PAY002686,2025-01-10,1,1
M02686,B03,P3,PAY005218,2025-04-10,1,1
M02686,B03,P3,PAY007423,2025-07-18,0,1
M02687,B03,P5,PAY002687,2025-01-13,1,1
M02687,B03,P5,PAY005323,2026-01-24,1,1
M02687,B03,P1,PAY011601,2026-02-21,1,1
M02687,B03,P1,PAY011949,2026-03-17,1,1
M02687,B03,P1,PAY012309,2026-04-13,1,1
M02687,B03,P1,PAY012656,2026-05-21,0,1
M02688,B03,P2,PAY002688,2025-01-17,1,1
M02688,B03,P2,PAY005443,2025-02-21,1,1
M02688,B03,P2,PAY006344,2025-03-17,0,1
M02689,B03,P2,PAY002689,2025-01-02,1,1
M02689,B03,P2,PAY004969,2025-02-07,1,1
M02689,B03,P2,PAY005997,2025-03-02,0,1
M02690,B03,P5,PAY002690,2025-08-26,1,1
M02691,B03,P5,PAY002691,2025-08-25,1,1
M02692,B03,P2,PAY002692,2025-01-03,1,1
M02692,B03,P2,PAY005001,2025-02-02,1,1
M02692,B03,P2,PAY005890,2025-03-05,0,1
M02693,B03,P1,PAY002693,2025-01-15,1,1
M02693,B03,P1,PAY005387,2025-02-22,1,1
M02693,B03,P1,PAY006371,2025-03-22,1,1
M02693,B03,P1,PAY007050,2025-04-27,1,1
M02693,B03,P1,PAY007767,2025-05-29,1,1
M02693,B03,P1,PAY008346,2025-06-27,1,1
M02693,B03,P1,PAY008789,2025-08-03,0,1
M02694,B03,P3,PAY002694,2025-01-09,1,1
M02694,B03,P3,PAY005181,2025-04-17,0,1
M02695,B03,P4,PAY002695,2025-02-23,1,1
M02695,B03,P4,PAY006395,2025-08-27,1,1
M02695,B03,P4,PAY009724,2026-03-07,1,1
M02696,B03,P1,PAY002696,2025-01-17,1,1
M02696,B03,P1,PAY005444,2025-02-15,1,1
M02696,B03,P1,PAY006200,2025-03-20,1,1
M02696,B03,P1,PAY006999,2025-04-21,0,1
M02697,B03,P1,PAY002697,2025-01-28,1,1
M02697,B03,P1,PAY005780,2025-02-28,0,1
M02698,B03,P2,PAY002698,2025-01-07,1,1
M02698,B03,P2,PAY005119,2025-02-17,0,1
M02699,B03,P3,PAY002699,2025-02-15,1,1
M02699,B03,P3,PAY006201,2025-05-20,1,1
M02699,B03,P3,PAY008190,2025-08-31,1,1
M02699,B03,P3,PAY009777,2025-11-26,1,1
M02699,B03,P3,PAY010882,2026-02-25,1,1
M02699,B03,P3,PAY012010,2026-06-05,1,1
M02700,B03,P5,PAY002700,2025-02-23,0,1
M02701,B03,P3,PAY002701,2025-01-21,1,1
M02701,B03,P3,PAY005572,2025-04-30,1,1
M02701,B03,P3,PAY007840,2025-08-05,1,1
M02701,B03,P3,PAY009436,2025-11-16,1,1
M02701,B03,P3,PAY010764,2026-02-15,1,1
M02701,B03,P3,PAY011873,2026-05-25,0,1
M02702,B03,P4,PAY002702,2025-05-18,1,1
M02702,B03,P4,PAY008166,2025-11-16,1,1
M02702,B03,P4,PAY010765,2026-05-23,1,1
M02703,B03,P5,PAY002703,2025-01-10,1,1
M02703,B03,P5,PAY005219,2026-01-09,1,1
M02704,B03,P3,PAY002704,2025-02-26,1,1
M02704,B03,P3,PAY006465,2025-06-09,1,1
M02704,B03,P3,PAY008511,2025-09-05,1,1
M02704,B03,P3,PAY009834,2025-12-03,1,1
M02704,B03,P1,PAY010979,2026-01-09,1,1
M02704,B03,P1,PAY011397,2026-02-19,0,1
M02705,B03,P4,PAY002705,2025-04-21,1,1
M02705,B03,P1,PAY007653,2025-05-18,0,1
M02706,B03,P3,PAY002706,2025-01-07,1,1
M02706,B03,P2,PAY005120,2025-02-17,1,1
M02706,B03,P2,PAY006239,2025-03-24,1,1
M02706,B03,P2,PAY007098,2025-04-20,0,1
M02707,B03,P4,PAY002707,2025-01-30,1,1
M02707,B03,P4,PAY005845,2025-08-10,0,1
M02708,B03,P5,PAY002708,2025-08-06,0,1
M02709,B03,P2,PAY002709,2025-01-16,0,1
M02710,B03,P3,PAY002710,2025-02-22,0,1
M02711,B03,P1,PAY002711,2025-01-19,1,1
M02711,B03,P1,PAY005510,2025-02-17,1,1
M02711,B03,P1,PAY006240,2025-03-19,1,1
M02711,B03,P1,PAY006967,2025-04-23,1,1
M02711,B03,P1,PAY007695,2025-05-19,0,1
M02712,B03,P4,PAY002712,2025-02-08,0,1
M02713,B03,P1,PAY002713,2025-01-21,0,1
M02714,B03,P1,PAY002714,2025-01-14,0,1
M02715,B03,P2,PAY002715,2025-01-25,1,1
M02715,B03,P2,PAY005683,2025-03-04,1,1
M02715,B03,P2,PAY006646,2025-04-09,0,1
M02716,B03,P3,PAY002716,2025-03-11,1,1
M02716,B03,P3,PAY006800,2025-06-18,1,1
M02716,B03,P3,PAY008653,2025-09-14,1,1
M02716,B03,P3,PAY009949,2025-12-21,1,1
M02716,B03,P3,PAY011173,2026-03-22,1,1
M02716,B03,P3,PAY012370,2026-06-17,0,0
M02717,B03,P4,PAY002717,2025-04-26,1,1
M02717,B03,P4,PAY007759,2025-10-22,1,1
M02717,B03,P4,PAY010458,2026-04-21,1,1
M02718,B03,P1,PAY002718,2025-01-28,1,1
M02718,B03,P1,PAY005781,2025-03-03,1,1
M02718,B03,P1,PAY006619,2025-04-12,0,1
M02719,B03,P1,PAY002719,2025-01-30,1,1
M02719,B03,P1,PAY005846,2025-03-07,0,1
M02720,B03,P1,PAY002720,2025-01-04,1,1
M02720,B03,P1,PAY005046,2025-02-12,1,1
M02720,B03,P1,PAY006121,2025-03-22,1,1
M02720,B03,P1,PAY007051,2025-04-30,1,1
M02720,B03,P1,PAY007841,2025-06-11,1,1
M02720,B03,P1,PAY008535,2025-07-18,1,1
M02720,B03,P1,PAY009148,2025-08-15,1,1
M02720,B03,P1,PAY009558,2025-09-14,1,1
M02720,B03,P4,PAY009950,2026-03-19,0,1
M02721,B03,P1,PAY002721,2025-01-29,1,1
M02721,B03,P1,PAY005809,2025-02-28,1,1
M02721,B03,P1,PAY006533,2025-03-24,1,1
M02721,B03,P1,PAY007099,2025-05-03,0,1
M02722,B03,P1,PAY002722,2025-01-08,0,1
M02723,B03,P2,PAY002723,2025-01-21,1,1
M02723,B03,P2,PAY005573,2025-03-01,0,1
M02724,B03,P1,PAY002724,2025-01-20,1,1
M02724,B03,P1,PAY005537,2025-02-28,1,1
M02724,B03,P5,PAY006534,2026-02-26,1,1
M02725,B03,P5,PAY002725,2025-04-22,1,1
M02725,B03,P5,PAY007674,2026-04-25,1,1
M02726,B03,P3,PAY002726,2025-02-28,1,1
M02726,B03,P3,PAY006535,2025-05-25,1,1
M02726,B03,P3,PAY008274,2025-09-01,1,1
M02726,B03,P3,PAY009784,2025-12-07,1,1
M02726,B03,P3,PAY011026,2026-03-18,1,1
M02726,B03,P3,PAY012323,2026-06-15,0,1
M02727,B03,P1,PAY002727,2025-01-17,1,1
M02727,B03,P1,PAY005445,2025-02-13,1,1
M02727,B03,P1,PAY006146,2025-03-16,1,1
M02727,B03,P1,PAY006906,2025-04-17,0,1
M02728,B03,P4,PAY002728,2025-07-09,1,1
M02728,B03,P4,PAY008987,2026-01-14,0,1
M02729,B03,P4,PAY002729,2025-07-04,1,1
M02729,B03,P4,PAY008915,2026-01-07,0,1
M02730,B03,P2,PAY002730,2025-02-16,0,1
M02731,B03,P1,PAY002731,2025-02-21,1,1
M02731,B03,P5,PAY006345,2026-02-24,0,1
M02732,B03,P4,PAY002732,2025-07-20,1,1
M02732,B03,P4,PAY009177,2026-01-19,0,1
M02733,B03,P1,PAY002733,2025-02-28,1,1
M02733,B03,P1,PAY006536,2025-03-23,1,1
M02733,B03,P1,PAY007078,2025-04-23,1,1
M02733,B03,P1,PAY007696,2025-05-29,0,1
M02734,B03,P3,PAY002734,2025-04-29,1,1
M02734,B03,P3,PAY007805,2025-07-29,0,1
M02735,B03,P1,PAY002735,2025-02-28,1,1
M02735,B03,P1,PAY006537,2025-04-01,1,1
M02735,B03,P1,PAY007217,2025-04-29,1,1
M02735,B03,P1,PAY007806,2025-05-27,0,1
M02736,B03,P2,PAY002736,2025-02-18,1,1
M02736,B03,P2,PAY006261,2025-03-27,0,1
M02737,B03,P4,PAY002737,2025-07-20,1,1
M02737,B03,P4,PAY009178,2026-01-23,0,1
M02738,B03,P1,PAY002738,2025-02-02,1,1
M02738,B03,P1,PAY005891,2025-03-13,1,1
M02738,B03,P1,PAY006847,2025-04-17,0,1
M02739,B03,P5,PAY002739,2026-01-25,1,1
M02740,B03,P5,PAY002740,2026-01-14,1,1
M02741,B03,P3,PAY002741,2025-04-22,1,1
M02741,B03,P3,PAY007675,2025-07-30,1,1
M02741,B03,P3,PAY009357,2025-11-05,1,1
M02741,B03,P3,PAY010634,2026-02-03,1,1
M02741,B03,P3,PAY011712,2026-05-07,0,1
M02742,B03,P3,PAY002742,2025-04-28,1,1
M02742,B03,P1,PAY007782,2025-05-25,1,1
M02742,B03,P1,PAY008275,2025-06-23,1,1
M02742,B03,P2,PAY008722,2025-07-26,1,1
M02742,B03,P2,PAY009285,2025-08-27,0,1
M02743,B03,P5,PAY002743,2026-01-11,1,1
M02744,B03,P3,PAY002744,2025-04-24,0,1
M02745,B03,P5,PAY002745,2026-01-18,1,1
M02746,B03,P1,PAY002746,2025-02-11,1,1
M02746,B03,P1,PAY006095,2025-03-22,1,1
M02746,B03,P1,PAY007052,2025-05-01,1,1
M02746,B03,P1,PAY007867,2025-06-05,1,1
M02746,B03,P1,PAY008451,2025-06-30,1,1
M02746,B03,P1,PAY008854,2025-08-06,1,1
M02746,B03,P1,PAY009443,2025-09-09,0,1
M02747,B03,P1,PAY002747,2025-02-28,1,1
M02747,B03,P1,PAY006538,2025-04-08,1,1
M02747,B03,P1,PAY007375,2025-05-08,1,1
M02747,B03,P1,PAY007990,2025-06-09,1,1
M02747,B03,P1,PAY008512,2025-07-06,1,1
M02747,B03,P1,PAY008938,2025-08-10,0,1
M02748,B03,P5,PAY002748,2026-01-03,1,1
M02749,B03,P3,PAY002749,2025-04-18,1,1
M02749,B03,P3,PAY007596,2025-07-19,1,1
M02749,B03,P3,PAY009158,2025-10-30,0,1
M02750,B03,P3,PAY002750,2025-04-05,1,1
M02750,B03,P3,PAY007316,2025-07-01,0,1
M02751,B03,P3,PAY002751,2025-04-30,1,1
M02751,B03,P3,PAY007842,2025-07-25,1,1
M02751,B03,P4,PAY009265,2026-01-30,1,1
M02752,B03,P4,PAY002752,2025-07-13,1,1
M02752,B03,P4,PAY009056,2026-01-18,1,1
M02753,B03,P3,PAY002753,2025-04-29,0,1
M02754,B03,P1,PAY002754,2025-02-22,0,1
M02755,B03,P1,PAY002755,2025-02-23,1,1
M02755,B03,P3,PAY006396,2025-05-21,1,1
M02755,B03,P3,PAY008209,2025-08-30,1,1
M02755,B03,P3,PAY009761,2025-11-27,1,1
M02755,B03,P3,PAY010895,2026-02-25,1,1
M02755,B03,P3,PAY012011,2026-06-05,1,1
M02756,B03,P1,PAY002756,2025-02-02,1,1
M02756,B03,P1,PAY005892,2025-03-05,0,1
M02757,B03,P1,PAY002757,2025-03-14,1,1
M02757,B03,P1,PAY006869,2025-04-10,0,1
M02758,B03,P4,PAY002758,2025-08-11,1,1
M02758,B03,P4,PAY009513,2026-02-08,1,1
M02759,B03,P2,PAY002759,2025-03-14,0,1
M02760,B03,P3,PAY002760,2025-05-04,1,1
M02760,B03,P3,PAY007919,2025-08-08,1,1
M02760,B03,P3,PAY009472,2025-11-06,1,1
M02760,B03,P3,PAY010650,2026-02-15,0,1
M02761,B03,P5,PAY002761,2026-02-10,0,1
M02762,B03,P5,PAY002762,2026-02-09,0,1
M02763,B03,P2,PAY002763,2025-03-03,1,1
M02763,B03,P2,PAY006620,2025-04-13,0,1
M02764,B03,P1,PAY002764,2025-03-08,0,1
M02765,B03,P2,PAY002765,2025-03-17,1,1
M02765,B03,P2,PAY006928,2025-04-27,1,1
M02765,B03,P2,PAY007768,2025-05-26,1,1
M02765,B03,P2,PAY008292,2025-06-23,1,1
M02765,B03,P2,PAY008723,2025-07-22,1,1
M02765,B03,P2,PAY009209,2025-08-17,1,1
M02765,B03,P2,PAY009581,2025-09-24,1,1
M02765,B03,P3,PAY010091,2025-12-21,1,1
M02765,B03,P3,PAY011174,2026-03-25,1,1
M02765,B03,P3,PAY012409,2026-06-28,0,0
M02766,B03,P4,PAY002766,2025-08-25,1,1
M02766,B03,P4,PAY009694,2026-03-03,1,1
M02767,B03,P1,PAY002767,2025-03-16,1,1
M02767,B03,P1,PAY006907,2025-04-19,0,1
M02768,B03,P2,PAY002768,2025-03-13,1,1
M02768,B03,P5,PAY006848,2026-03-12,1,1
M02768,B03,P1,PAY012239,2026-04-13,1,1
M02769,B03,P1,PAY002769,2025-03-11,1,1
M02769,B03,P1,PAY006801,2025-04-22,1,1
M02769,B03,P1,PAY007676,2025-05-18,1,1
M02769,B03,P2,PAY008167,2025-06-15,0,1
M02770,B03,P4,PAY002770,2025-08-04,1,1
M02770,B03,P4,PAY009421,2026-02-13,1,1
M02771,B03,P3,PAY002771,2025-05-24,1,1
M02771,B03,P3,PAY008257,2025-08-29,1,1
M02771,B03,P3,PAY009749,2025-11-26,0,1
M02772,B03,P5,PAY002772,2026-02-12,0,1
M02773,B03,P4,PAY002773,2025-08-24,1,1
M02773,B03,P4,PAY009676,2026-03-04,1,1
M02774,B03,P5,PAY002774,2026-02-18,1,1
M02775,B03,P5,PAY002775,2026-02-11,0,1
M02776,B03,P3,PAY002776,2025-05-08,0,1
M02777,B03,P4,PAY002777,2025-08-03,1,1
M02777,B03,P4,PAY009409,2026-02-07,0,1
M02778,B03,P1,PAY002778,2025-04-20,1,1
M02778,B03,P1,PAY007632,2025-05-27,1,1
M02778,B03,P1,PAY008306,2025-06-25,0,1
M02779,B03,P5,PAY002779,2026-03-03,1,1
M02780,B03,P2,PAY002780,2025-04-22,1,1
M02780,B03,P2,PAY007677,2025-05-27,1,1
M02780,B03,P2,PAY008307,2025-06-30,0,1
M02781,B03,P2,PAY002781,2025-04-14,0,1
M02782,B03,P5,PAY002782,2026-03-09,1,1
M02783,B03,P3,PAY002783,2025-06-23,0,1
M02784,B03,P2,PAY002784,2025-04-23,0,1
M02785,B03,P1,PAY002785,2025-04-10,0,1
M02786,B03,P3,PAY002786,2025-06-28,1,1
M02786,B03,P3,PAY008805,2025-09-26,0,1
M02787,B03,P5,PAY002787,2026-03-09,1,1
M02788,B03,P3,PAY002788,2025-06-03,1,1
M02788,B03,P3,PAY008413,2025-09-11,1,1
M02788,B03,P3,PAY009909,2025-12-16,0,1
M02789,B03,P1,PAY002789,2025-04-11,1,1
M02789,B03,P1,PAY007453,2025-05-09,0,1
M02790,B03,P1,PAY002790,2025-04-25,1,1
M02790,B03,P1,PAY007746,2025-06-03,1,1
M02790,B03,P1,PAY008414,2025-07-06,1,1
M02790,B03,P4,PAY008939,2026-01-07,1,1
M02791,B03,P3,PAY002791,2025-06-26,1,1
M02791,B03,P4,PAY008773,2025-12-26,1,1
M02792,B03,P5,PAY002792,2026-03-09,1,1
M02793,B03,P4,PAY002793,2025-09-01,1,1
M02793,B03,P4,PAY009785,2026-02-28,1,1
M02794,B03,P2,PAY002794,2025-04-08,1,1
M02794,B03,P2,PAY007376,2025-05-09,1,1
M02794,B03,P2,PAY008011,2025-06-06,0,1
M02795,B03,P1,PAY002795,2025-04-05,1,1
M02795,B03,P1,PAY007317,2025-05-05,1,1
M02795,B03,P1,PAY007939,2025-06-06,1,1
M02795,B03,P1,PAY008463,2025-07-07,1,1
M02795,B03,P2,PAY008954,2025-08-08,1,1
M02795,B03,P2,PAY009473,2025-09-08,0,1
M02796,B03,P3,PAY002796,2025-06-22,0,1
M02797,B03,P4,PAY002797,2025-09-21,0,1
M02798,B03,P1,PAY002798,2025-04-04,1,1
M02798,B03,P1,PAY007292,2025-05-08,1,1
M02798,B03,P1,PAY007991,2025-06-11,0,1
M02799,B03,P1,PAY002799,2025-04-05,0,1
M02800,B03,P3,PAY002800,2025-06-13,1,1
M02800,B03,P5,PAY008573,2026-06-21,1,0
M02801,B03,P3,PAY002801,2025-06-16,1,1
M02801,B03,P3,PAY008621,2025-09-18,1,1
M02801,B03,P3,PAY010005,2025-12-18,1,1
M02801,B03,P3,PAY011144,2026-03-21,1,1
M02802,B03,P1,PAY002802,2025-04-11,0,1
M02803,B03,P1,PAY002803,2025-04-24,1,1
M02803,B03,P3,PAY007720,2025-07-29,1,1
M02803,B03,P3,PAY009340,2025-11-07,0,1
M02804,B03,P4,PAY002804,2025-09-14,1,1
M02804,B03,P4,PAY009951,2026-03-21,1,1
M02805,B03,P2,PAY002805,2025-04-21,1,1
M02805,B03,P2,PAY007654,2025-05-25,1,1
M02805,B03,P2,PAY008276,2025-06-30,1,1
M02805,B03,P2,PAY008855,2025-08-05,1,1
M02805,B03,P2,PAY009437,2025-09-11,1,1
M02805,B03,P2,PAY009910,2025-10-19,0,1
M02806,B03,P5,PAY002806,2026-04-29,1,1
M02807,B03,P1,PAY002807,2025-05-02,0,1
M02808,B03,P5,PAY002808,2026-04-20,0,1
M02809,B03,P5,PAY002809,2026-04-07,1,1
M02810,B03,P5,PAY002810,2026-04-09,1,1
M02811,B03,P5,PAY002811,2026-04-22,1,1
M02812,B03,P3,PAY002812,2025-07-02,1,1
M02812,B03,P3,PAY008887,2025-10-01,1,1
M02812,B03,P3,PAY010202,2025-12-30,0,1
M02813,B03,P1,PAY002813,2025-05-28,0,1
M02814,B03,P1,PAY002814,2025-05-26,1,1
M02814,B03,P1,PAY008293,2025-06-22,1,1
M02814,B03,P1,PAY008705,2025-07-25,1,1
M02814,B03,P1,PAY009266,2025-09-01,1,1
M02814,B03,P1,PAY009786,2025-10-08,1,1
M02814,B03,P1,PAY010279,2025-11-19,1,1
M02814,B03,P1,PAY010805,2025-12-26,1,1
M02814,B03,P1,PAY011233,2026-01-26,1,1
M02814,B03,P1,PAY011627,2026-02-28,1,1
M02814,B03,P1,PAY012060,2026-03-24,0,1
M02815,B03,P3,PAY002815,2025-07-07,1,1
M02815,B03,P3,PAY008955,2025-10-12,1,1
M02815,B03,P3,PAY010326,2026-01-11,0,1
M02816,B03,P4,PAY002816,2025-10-08,1,1
M02816,B03,P4,PAY010280,2026-04-19,0,1
M02817,B03,P3,PAY002817,2025-07-14,0,1
M02818,B03,P3,PAY002818,2025-07-10,1,1
M02818,B03,P3,PAY009006,2025-10-18,1,1
M02818,B03,P3,PAY010402,2026-01-13,1,1
M02818,B03,P3,PAY011450,2026-04-24,1,1
M02819,B03,P3,PAY002819,2025-07-17,1,1
M02819,B03,P3,PAY009131,2025-10-24,1,1
M02819,B03,P3,PAY010484,2026-02-04,1,1
M02819,B03,P3,PAY011722,2026-05-04,1,1
M02820,B03,P3,PAY002820,2025-07-25,1,1
M02820,B03,P1,PAY009267,2025-08-28,0,1
M02821,B03,P3,PAY002821,2025-07-14,0,1
M02822,B03,P4,PAY002822,2025-10-02,1,1
M02822,B03,P4,PAY010212,2026-04-11,0,1
M02823,B03,P2,PAY002823,2025-05-20,0,1
M02824,B03,P1,PAY002824,2025-05-15,1,1
M02824,B03,P1,PAY008118,2025-06-12,0,1
M02825,B03,P3,PAY002825,2025-07-02,1,1
M02825,B03,P3,PAY008888,2025-10-09,1,1
M02825,B03,P3,PAY010287,2026-01-18,1,1
M02825,B03,P3,PAY011512,2026-04-21,1,1
M02826,B03,P5,PAY002826,2026-04-03,1,1
M02827,B03,P3,PAY002827,2025-07-05,1,1
M02827,B03,P3,PAY008928,2025-10-10,1,1
M02827,B03,P3,PAY010299,2026-01-20,0,1
M02828,B03,P3,PAY002828,2025-07-20,1,1
M02828,B03,P3,PAY009179,2025-10-20,1,1
M02828,B03,P3,PAY010437,2026-01-20,1,1
M02828,B03,P3,PAY011540,2026-04-21,1,1
M02829,B03,P1,PAY002829,2025-05-19,0,1
M02830,B03,P4,PAY002830,2025-10-22,0,1
M02831,B03,P5,PAY002831,2026-04-30,1,1
M02832,B03,P4,PAY002832,2025-10-13,1,1
M02832,B03,P4,PAY010344,2026-04-23,0,1
M02833,B03,P5,PAY002833,2026-05-01,1,1
M02833,B03,P1,PAY012931,2026-06-04,1,1
M02834,B03,P4,PAY002834,2025-11-01,1,1
M02834,B03,P4,PAY010586,2026-05-10,0,1
M02835,B03,P1,PAY002835,2025-06-12,1,1
M02835,B03,P1,PAY008555,2025-07-12,0,1
M02836,B03,P4,PAY002836,2025-11-16,0,1
M02837,B03,P1,PAY002837,2025-06-04,0,1
M02838,B03,P2,PAY002838,2025-06-04,1,1
M02838,B03,P2,PAY008430,2025-07-05,0,1
M02839,B03,P4,PAY002839,2025-11-10,0,1
M02840,B03,P2,PAY002840,2025-06-08,1,1
M02840,B03,P5,PAY008497,2026-06-03,1,1
M02841,B03,P3,PAY002841,2025-08-28,1,1
M02841,B03,P3,PAY009736,2025-12-01,1,1
M02841,B03,P3,PAY010957,2026-03-12,1,1
M02841,B03,P3,PAY012240,2026-06-22,1,0
M02842,B03,P3,PAY002842,2025-08-14,1,1
M02842,B03,P3,PAY009545,2025-11-18,1,1
M02842,B03,P3,PAY010790,2026-02-20,1,1
M02842,B03,P3,PAY011936,2026-05-25,1,1
M02843,B03,P1,PAY002843,2025-06-10,1,1
M02843,B03,P1,PAY008523,2025-07-13,0,1
M02844,B03,P5,PAY002844,2026-05-13,0,1
M02845,B03,P1,PAY002845,2025-06-23,1,1
M02845,B03,P1,PAY008724,2025-07-30,1,1
M02845,B03,P1,PAY009358,2025-09-04,0,1
M02846,B03,P4,PAY002846,2025-11-30,1,1
M02846,B03,P2,PAY010940,2025-12-28,1,1
M02846,B03,P2,PAY011260,2026-02-07,0,1
M02847,B03,P4,PAY002847,2025-11-03,0,1
M02848,B03,P4,PAY002848,2025-11-21,1,1
M02848,B03,P4,PAY010825,2026-05-26,1,1
M02849,B03,P1,PAY002849,2025-06-26,1,1
M02849,B03,P2,PAY008774,2025-07-27,1,1
M02849,B03,P2,PAY009300,2025-08-25,1,1
M02849,B03,P1,PAY009695,2025-09-23,1,1
M02849,B03,P1,PAY010074,2025-10-28,1,1
M02849,B03,P1,PAY010544,2025-11-30,1,1
M02849,B03,P1,PAY010941,2026-01-04,1,1
M02849,B03,P1,PAY011340,2026-02-10,0,1
M02850,B03,P3,PAY002850,2025-08-30,0,1
M02851,B03,P5,PAY002851,2026-05-20,1,1
M02852,B03,P1,PAY002852,2025-06-27,0,1
M02853,B03,P5,PAY002853,2026-05-23,1,1
M02854,B03,P1,PAY002854,2025-06-30,0,1
M02855,B03,P5,PAY002855,2026-05-22,0,1
M02856,B03,P1,PAY002856,2025-07-25,0,1
M02857,B03,P2,PAY002857,2025-07-27,0,1
M02858,B03,P2,PAY002858,2025-07-27,1,1
M02858,B03,P2,PAY009301,2025-08-25,1,1
M02858,B03,P2,PAY009696,2025-09-21,1,1
M02858,B03,P2,PAY010048,2025-10-24,1,1
M02858,B03,P2,PAY010485,2025-11-26,1,1
M02858,B03,P2,PAY010883,2026-01-04,0,1
M02859,B03,P1,PAY002859,2025-07-04,0,1
M02860,B03,P1,PAY002860,2025-07-01,1,1
M02860,B03,P1,PAY008872,2025-08-04,0,1
M02861,B03,P1,PAY002861,2025-07-21,1,1
M02861,B03,P1,PAY009196,2025-08-25,1,1
M02861,B03,P1,PAY009697,2025-09-28,1,1
M02861,B03,P1,PAY010142,2025-10-25,1,1
M02861,B03,P1,PAY010501,2025-11-24,1,1
M02861,B03,P1,PAY010853,2025-12-27,1,1
M02861,B03,P1,PAY011249,2026-02-04,1,1
M02861,B03,P1,PAY011723,2026-03-06,1,1
M02861,B03,P1,PAY012145,2026-04-09,1,1
M02861,B03,P1,PAY012608,2026-05-07,0,1
M02862,B03,P1,PAY002862,2025-07-25,0,1
M02863,B03,P2,PAY002863,2025-07-06,1,1
M02863,B03,P2,PAY008940,2025-08-03,0,1
M02864,B03,P1,PAY002864,2025-07-02,1,1
M02864,B03,P1,PAY008889,2025-08-01,1,1
M02864,B03,P1,PAY009378,2025-09-05,1,1
M02864,B03,P1,PAY009835,2025-10-16,1,1
M02864,B03,P1,PAY010382,2025-11-16,0,1
M02865,B03,P3,PAY002865,2025-09-08,1,1
M02865,B03,P3,PAY009869,2025-12-18,1,1
M02865,B03,P3,PAY011145,2026-03-21,1,1
M02865,B03,P3,PAY012360,2026-06-26,0,0
M02866,B03,P1,PAY002866,2025-07-25,1,1
M02866,B03,P1,PAY009268,2025-08-28,1,1
M02866,B03,P1,PAY009737,2025-09-24,1,1
M02866,B03,P1,PAY010092,2025-10-24,0,1
M02867,B03,P1,PAY002867,2025-07-03,1,1
M02867,B03,P1,PAY008904,2025-08-03,0,1
M02868,B03,P1,PAY002868,2025-07-19,1,1
M02868,B03,P1,PAY009159,2025-08-23,1,1
M02868,B03,P1,PAY009664,2025-09-21,1,1
M02868,B03,P1,PAY010049,2025-10-29,1,1
M02868,B03,P1,PAY010557,2025-11-25,1,1
M02868,B03,P1,PAY010871,2025-12-24,1,1
M02868,B03,P1,PAY011205,2026-01-30,0,1
M02869,B03,P1,PAY002869,2025-07-26,1,1
M02869,B03,P1,PAY009286,2025-08-29,1,1
M02869,B03,P1,PAY009750,2025-10-01,1,1
M02869,B03,P1,PAY010203,2025-11-02,0,1
M02870,B03,P3,PAY002870,2025-09-07,1,1
M02870,B03,P3,PAY009856,2025-12-03,1,1
M02870,B03,P3,PAY010980,2026-03-13,1,1
M02870,B03,P3,PAY012252,2026-06-18,1,0
M02871,B03,P3,PAY002871,2025-09-24,1,1
M02871,B03,P3,PAY010093,2025-12-27,0,1
M02872,B03,P3,PAY002872,2025-09-08,1,1
M02872,B03,P3,PAY009870,2025-12-13,1,1
M02872,B03,P3,PAY011097,2026-03-12,1,1
M02872,B03,P3,PAY012241,2026-06-23,0,0
M02874,B03,P4,PAY002874,2026-01-13,1,1
M02875,B03,P2,PAY002875,2025-08-13,1,1
M02875,B03,P2,PAY009532,2025-09-23,0,1
M02876,B03,P2,PAY002876,2025-08-12,0,1
M02877,B03,P1,PAY002877,2025-08-22,1,1
M02877,B03,P1,PAY009646,2025-09-29,1,1
M02877,B03,P1,PAY010162,2025-11-01,1,1
M02877,B03,P1,PAY010587,2025-11-30,1,1
M02877,B03,P1,PAY010942,2026-01-01,1,1
M02877,B03,P1,PAY011298,2026-02-05,1,1
M02877,B03,P1,PAY011732,2026-03-02,1,1
M02877,B03,P1,PAY012093,2026-04-09,1,1
M02877,B03,P1,PAY012609,2026-05-14,1,1
M02877,B03,P2,PAY013070,2026-06-20,1,0
M02878,B03,P3,PAY002878,2025-10-15,0,1
M02879,B03,P3,PAY002879,2025-10-25,1,1
M02879,B03,P3,PAY010502,2026-02-04,0,1
M02880,B03,P3,PAY002880,2025-10-12,0,1
M02881,B03,P4,PAY002881,2026-01-14,1,1
M02883,B03,P4,PAY002883,2026-01-09,1,1
M02883,B03,P3,PAY011398,2026-04-16,1,1
M02884,B03,P1,PAY002884,2025-08-14,1,1
M02884,B03,P1,PAY009546,2025-09-21,1,1
M02884,B03,P1,PAY010050,2025-10-27,0,1
M02885,B03,P4,PAY002885,2026-01-12,1,1
M02887,B03,P3,PAY002887,2025-10-12,1,1
M02887,B03,P3,PAY010327,2026-01-23,1,1
M02887,B03,P3,PAY011583,2026-04-20,1,1
M02888,B03,P1,PAY002888,2025-08-26,1,1
M02888,B03,P1,PAY009716,2025-09-30,1,1
M02888,B03,P1,PAY010183,2025-11-01,1,1
M02888,B03,P1,PAY010588,2025-12-06,0,1
M02890,B03,P1,PAY002890,2025-08-20,0,1
M02891,B03,P4,PAY002891,2026-01-16,0,1
M02892,B03,P3,PAY002892,2025-10-28,0,1
M02893,B03,P3,PAY002893,2025-10-04,1,1
M02893,B03,P3,PAY010238,2026-01-08,0,1
M02894,B03,P1,PAY002894,2025-08-27,1,1
M02894,B03,P1,PAY009725,2025-10-06,0,1
M02895,B03,P4,PAY002895,2026-02-16,1,1
M02896,B03,P1,PAY002896,2025-09-15,1,1
M02896,B03,P1,PAY009967,2025-10-24,1,1
M02896,B03,P1,PAY010486,2025-11-23,0,1
M02897,B03,P3,PAY002897,2025-11-08,1,1
M02897,B03,P3,PAY010680,2026-02-04,1,1
M02897,B03,P3,PAY011724,2026-05-06,1,1
M02898,B03,P3,PAY002898,2025-11-05,1,1
M02898,B03,P3,PAY010635,2026-02-02,0,1
M02899,B03,P3,PAY002899,2025-11-28,1,1
M02899,B03,P3,PAY010905,2026-03-01,1,1
M02899,B03,P3,PAY012078,2026-05-28,1,1
M02900,B03,P4,PAY002900,2026-02-20,1,1
M02901,B03,P3,PAY002901,2025-11-16,1,1
M02901,B03,P3,PAY010766,2026-02-14,0,1
M02902,B03,P3,PAY002902,2025-11-15,1,1
M02902,B03,P3,PAY010754,2026-02-23,1,1
M02902,B03,P3,PAY011977,2026-05-26,1,1
M02903,B03,P3,PAY002903,2025-11-19,1,1
M02903,B03,P3,PAY010806,2026-02-27,1,1
M02903,B03,P3,PAY012029,2026-06-04,1,1
M02905,B03,P1,PAY002905,2025-09-25,1,1
M02905,B03,P1,PAY010106,2025-10-23,0,1
M02906,B03,P3,PAY002906,2025-11-24,1,1
M02906,B03,P3,PAY010854,2026-02-23,1,1
M02906,B03,P3,PAY011978,2026-05-28,1,1
M02907,B03,P3,PAY002907,2025-11-30,1,1
M02907,B03,P3,PAY010943,2026-02-25,0,1
M02908,B03,P1,PAY002908,2025-09-05,1,1
M02908,B03,P1,PAY009836,2025-10-10,0,1
M02909,B03,P3,PAY002909,2025-11-13,1,1
M02909,B03,P3,PAY010733,2026-02-08,1,1
M02909,B03,P3,PAY011770,2026-05-05,1,1
M02910,B03,P1,PAY002910,2025-09-27,1,1
M02910,B03,P1,PAY010131,2025-10-29,0,1
M02911,B03,P3,PAY002911,2025-11-07,1,1
M02911,B03,P3,PAY010663,2026-02-11,1,1
M02911,B03,P3,PAY011816,2026-05-17,0,1
M02912,B03,P1,PAY002912,2025-10-15,1,1
M02912,B03,P1,PAY010372,2025-11-11,0,1
M02913,B03,P2,PAY002913,2025-10-19,1,1
M02913,B03,P2,PAY010420,2025-11-16,1,1
M02913,B03,P2,PAY010767,2025-12-23,1,1
M02913,B03,P2,PAY011198,2026-01-21,0,1
M02915,B03,P1,PAY002915,2025-10-23,0,1
M02916,B03,P3,PAY002916,2025-12-06,1,1
M02916,B03,P3,PAY011017,2026-03-17,1,1
M02916,B03,P3,PAY012310,2026-06-19,1,0
M02917,B03,P1,PAY002917,2025-10-04,1,1
M02917,B03,P1,PAY010239,2025-11-06,0,1
M02918,B03,P3,PAY002918,2025-12-10,1,1
M02918,B03,P2,PAY011058,2026-01-10,0,1
M02920,B03,P1,PAY002920,2025-10-10,1,1
M02920,B03,P1,PAY010300,2025-11-11,1,1
M02920,B03,P1,PAY010716,2025-12-08,1,1
M02920,B03,P1,PAY011041,2026-01-06,1,1
M02920,B03,P1,PAY011362,2026-02-08,0,1
M02921,B03,P1,PAY002921,2025-10-27,0,1
M02922,B03,P1,PAY002922,2025-10-06,0,1
M02923,B03,P4,PAY002923,2026-03-09,1,1
M02925,B03,P1,PAY002925,2025-10-01,1,1
M02925,B03,P1,PAY010204,2025-11-11,1,1
M02925,B03,P1,PAY010717,2025-12-07,1,1
M02925,B03,P1,PAY011027,2026-01-08,0,1
M02926,B03,P4,PAY002926,2026-03-13,1,1
M02927,B03,P2,PAY002927,2025-10-03,1,1
M02927,B03,P2,PAY010221,2025-11-13,0,1
M02928,B03,P1,PAY002928,2025-10-06,0,1
M02929,B03,P3,PAY002929,2025-12-25,1,1
M02929,B03,P3,PAY011218,2026-03-20,1,1
M02929,B03,P3,PAY012344,2026-06-27,0,0
M02930,B03,P1,PAY002930,2025-10-20,1,1
M02930,B03,P1,PAY010438,2025-11-27,1,1
M02930,B03,P1,PAY010896,2025-12-24,1,1
M02930,B03,P1,PAY011206,2026-01-24,1,1
M02930,B03,P1,PAY011602,2026-02-23,1,1
M02930,B03,P1,PAY011979,2026-04-05,1,1
M02930,B03,P1,PAY012547,2026-05-03,1,1
M02930,B03,P1,PAY012952,2026-06-05,1,1
M02931,B03,P1,PAY002931,2025-11-12,0,1
M02932,B03,P4,PAY002932,2026-04-10,1,1
M02933,B03,P4,PAY002933,2026-04-07,1,1
M02934,B03,P3,PAY002934,2026-01-18,1,1
M02934,B03,P3,PAY011513,2026-04-24,1,1
M02935,B03,P3,PAY002935,2026-01-23,1,1
M02935,B03,P3,PAY011584,2026-04-27,0,1
M02936,B03,P4,PAY002936,2026-04-15,1,1
M02937,B03,P2,PAY002937,2025-11-20,1,1
M02937,B03,P2,PAY010812,2025-12-17,0,1
M02938,B03,P1,PAY002938,2025-11-29,1,1
M02938,B03,P1,PAY010918,2025-12-27,1,1
M02938,B03,P1,PAY011250,2026-01-22,1,1
M02938,B03,P1,PAY011569,2026-02-24,1,1
M02938,B03,P1,PAY011992,2026-04-03,1,1
M02938,B03,P1,PAY012512,2026-05-05,1,1
M02938,B03,P1,PAY012979,2026-06-14,1,1
M02939,B03,P3,PAY002939,2026-01-07,1,1
M02939,B03,P3,PAY011374,2026-04-11,0,1
M02940,B03,P4,PAY002940,2026-04-06,1,1
M02941,B03,P1,PAY002941,2025-11-23,1,1
M02941,B03,P1,PAY010843,2025-12-21,1,1
M02941,B03,P1,PAY011175,2026-01-18,1,1
M02941,B03,P1,PAY011514,2026-02-14,1,1
M02941,B03,P3,PAY011865,2026-05-17,1,1
M02942,B03,P3,PAY002942,2026-02-09,1,1
M02942,B03,P3,PAY011789,2026-05-05,1,1
M02943,B03,P3,PAY002943,2026-02-16,1,1
M02943,B03,P3,PAY011889,2026-05-20,0,1
M02944,B03,P3,PAY002944,2026-02-24,1,1
M02944,B03,P3,PAY011993,2026-06-03,1,1
M02946,B03,P1,PAY002946,2025-12-24,1,1
M02946,B03,P1,PAY011207,2026-02-02,0,1
M02947,B03,P3,PAY002947,2026-02-27,0,1
M02948,B03,P1,PAY002948,2025-12-05,1,1
M02948,B03,P1,PAY011008,2026-01-11,1,1
M02948,B03,P1,PAY011422,2026-02-07,0,1
M02950,B03,P1,PAY002950,2025-12-17,1,1
M02950,B03,P1,PAY011135,2026-01-20,1,1
M02950,B03,P3,PAY011541,2026-04-24,1,1
M02950,B03,P1,PAY012829,2026-06-03,1,1
M02951,B03,P2,PAY002951,2025-12-16,0,1
M02952,B03,P1,PAY002952,2025-12-06,1,1
M02952,B03,P1,PAY011018,2026-01-01,1,1
M02952,B03,P1,PAY011299,2026-02-12,1,1
M02952,B03,P1,PAY011831,2026-03-14,1,1
M02952,B03,P1,PAY012268,2026-04-17,1,1
M02952,B03,P1,PAY012719,2026-05-19,1,1
M02952,B03,P1,PAY013134,2026-06-27,1,0
M02953,B03,P1,PAY002953,2025-12-13,0,1
M02955,B03,P3,PAY002955,2026-02-25,0,1
M02957,B03,P4,PAY002957,2026-05-17,1,1
M02958,B03,P3,PAY002958,2026-02-07,1,1
M02958,B03,P3,PAY011754,2026-05-12,1,1
M02959,B03,P1,PAY002959,2026-01-21,1,1
M02959,B03,P1,PAY011559,2026-02-19,0,1
M02960,B03,P3,PAY002960,2026-03-19,1,1
M02960,B03,P3,PAY012331,2026-06-16,1,1
M02961,B03,P3,PAY002961,2026-03-06,0,1
M02962,B03,P2,PAY002962,2026-01-14,0,1
M02965,B03,P3,PAY002965,2026-03-28,1,1
M02965,B03,P3,PAY012450,2026-06-27,1,0
M02966,B03,P1,PAY002966,2026-01-22,0,1
M02968,B03,P3,PAY002968,2026-03-28,1,1
M02968,B03,P3,PAY012451,2026-06-28,0,0
M02969,B03,P3,PAY002969,2026-03-16,0,1
M02970,B03,P4,PAY002970,2026-06-29,0,0
M02971,B03,P1,PAY002971,2026-01-14,1,1
M02971,B03,P1,PAY011467,2026-02-18,1,1
M02971,B03,P1,PAY011908,2026-03-26,1,1
M02971,B03,P1,PAY012421,2026-05-06,1,1
M02971,B03,P1,PAY012991,2026-06-02,1,1
M02972,B03,P3,PAY002972,2026-03-30,1,1
M02973,B03,P4,PAY002973,2026-06-20,1,0
M02974,B03,P3,PAY002974,2026-04-29,0,1
M02975,B03,P1,PAY002975,2026-02-22,1,1
M02975,B03,P1,PAY011964,2026-03-21,1,1
M02975,B03,P1,PAY012361,2026-04-23,1,1
M02975,B03,P1,PAY012814,2026-06-01,1,1
M02975,B03,P1,PAY013283,2026-06-30,0,0
M02976,B03,P1,PAY002976,2026-02-19,1,1
M02976,B03,P1,PAY011923,2026-03-23,1,1
M02976,B03,P1,PAY012381,2026-04-24,1,1
M02976,B03,P1,PAY012830,2026-05-20,1,1
M02976,B03,P1,PAY013148,2026-06-25,0,0
M02979,B03,P1,PAY002979,2026-02-18,1,1
M02979,B03,P1,PAY011909,2026-03-27,1,1
M02979,B03,P1,PAY012432,2026-04-30,1,1
M02979,B03,P1,PAY012907,2026-06-02,1,1
M02980,B03,P1,PAY002980,2026-02-25,1,1
M02980,B03,P1,PAY012012,2026-03-28,1,1
M02980,B03,P1,PAY012452,2026-04-30,1,1
M02980,B03,P1,PAY012908,2026-06-03,1,1
M02980,B03,P1,PAY013319,2026-06-30,0,0
M02982,B03,P2,PAY002982,2026-02-17,1,1
M02982,B03,P2,PAY011899,2026-03-26,1,1
M02982,B03,P2,PAY012422,2026-04-24,1,1
M02983,B03,P1,PAY002983,2026-02-20,1,1
M02983,B03,P1,PAY011938,2026-03-21,0,1
M02984,B03,P1,PAY002984,2026-02-09,1,1
M02984,B03,P1,PAY011790,2026-03-10,1,1
M02984,B03,P1,PAY012200,2026-04-06,1,1
M02984,B03,P1,PAY012555,2026-05-13,1,1
M02984,B03,P1,PAY013061,2026-06-14,0,1
M02986,B03,P1,PAY002986,2026-02-23,1,1
M02986,B03,P1,PAY011980,2026-03-19,1,1
M02986,B03,P1,PAY012332,2026-04-16,1,1
M02987,B03,P1,PAY002987,2026-02-28,1,1
M02987,B03,P1,PAY012061,2026-04-08,1,1
M02987,B03,P1,PAY012586,2026-05-19,1,1
M02987,B03,P1,PAY013135,2026-06-23,0,0
M02990,B03,P1,PAY002990,2026-02-18,1,1
M02990,B03,P1,PAY011910,2026-03-23,0,1
M02993,B03,P1,PAY002993,2026-02-28,0,1
M02996,B03,P1,PAY002996,2026-02-22,0,1
M02997,B03,P1,PAY002997,2026-02-23,0,1
M02999,B03,P1,PAY002999,2026-02-10,0,1
M03000,B03,P3,PAY003000,2026-04-17,1,1
M03001,B03,P1,PAY003001,2026-02-02,0,1
M03004,B03,P1,PAY003004,2026-03-18,1,1
M03004,B03,P3,PAY012324,2026-06-22,0,0
M03005,B03,P3,PAY003005,2026-05-15,1,1
M03005,B03,P1,PAY013080,2026-06-19,0,0
M03006,B03,P1,PAY003006,2026-03-15,1,1
M03006,B03,P1,PAY012279,2026-04-10,0,1
M03008,B03,P1,PAY003008,2026-03-05,1,1
M03008,B03,P1,PAY012129,2026-04-14,1,1
M03008,B03,P1,PAY012674,2026-05-23,1,1
M03009,B03,P1,PAY003009,2026-03-12,0,1
M03012,B03,P2,PAY003012,2026-03-02,1,1
M03012,B03,P2,PAY012094,2026-04-03,1,1
M03012,B03,P2,PAY012513,2026-05-07,0,1
M03013,B03,P1,PAY003013,2026-03-27,1,1
M03013,B03,P1,PAY012433,2026-04-23,1,1
M03013,B03,P1,PAY012815,2026-05-21,1,1
M03013,B03,P1,PAY013164,2026-06-22,1,0
M03014,B03,P1,PAY003014,2026-03-26,1,1
M03014,B03,P1,PAY012423,2026-05-02,1,1
M03014,B03,P1,PAY012945,2026-06-12,1,1
M03015,B03,P2,PAY003015,2026-03-11,0,1
M03016,B03,P3,PAY003016,2026-05-10,1,1
M03017,B03,P3,PAY003017,2026-05-03,1,1
M03018,B03,P3,PAY003018,2026-05-25,1,1
M03019,B03,P2,PAY003019,2026-03-19,1,1
M03019,B03,P2,PAY012333,2026-04-21,1,1
M03019,B03,P2,PAY012782,2026-05-25,1,1
M03019,B03,P2,PAY013223,2026-06-30,0,0
M03020,B03,P3,PAY003020,2026-05-10,0,1
M03021,B03,P3,PAY003021,2026-05-09,1,1
M03022,B03,P1,PAY003022,2026-03-22,0,1
M03023,B03,P3,PAY003023,2026-05-18,0,1
M03024,B03,P1,PAY003024,2026-03-11,0,1
M03026,B03,P3,PAY003026,2026-05-06,1,1
M03027,B03,P2,PAY003027,2026-03-14,1,1
M03027,B03,P2,PAY012269,2026-04-21,0,1
M03028,B03,P2,PAY003028,2026-03-28,0,1
M03029,B03,P2,PAY003029,2026-03-06,1,1
M03029,B03,P2,PAY012146,2026-04-11,0,1
M03030,B03,P1,PAY003030,2026-04-29,1,1
M03030,B03,P1,PAY012893,2026-06-05,1,1
M03033,B03,P1,PAY003033,2026-04-24,1,1
M03035,B03,P3,PAY003035,2026-06-26,0,0
M03036,B03,P1,PAY003036,2026-04-21,0,1
M03037,B03,P1,PAY003037,2026-04-07,1,1
M03037,B03,P1,PAY012573,2026-05-04,0,1
M03039,B03,P3,PAY003039,2026-06-21,0,0
M03040,B03,P2,PAY003040,2026-04-30,1,1
M03040,B03,P2,PAY012909,2026-06-05,1,1
M03044,B03,P3,PAY003044,2026-06-01,0,1
M03046,B03,P3,PAY003046,2026-06-27,1,0
M03047,B03,P1,PAY003047,2026-04-23,0,1
M03048,B03,P1,PAY003048,2026-04-13,1,1
M03048,B03,P2,PAY012658,2026-05-21,0,1
M03049,B03,P1,PAY003049,2026-04-13,1,1
M03049,B03,P1,PAY012659,2026-05-21,1,1
M03049,B03,P1,PAY013165,2026-06-30,0,0
M03050,B03,P2,PAY003050,2026-04-02,1,1
M03050,B03,P2,PAY012497,2026-05-13,1,1
M03051,B03,P2,PAY003051,2026-05-13,1,1
M03051,B03,P2,PAY013063,2026-06-15,1,1
M03057,B03,P2,PAY003057,2026-05-13,1,1
M03057,B03,P2,PAY013064,2026-06-09,1,1
M03058,B03,P2,PAY003058,2026-05-19,0,1
M03063,B03,P1,PAY003063,2026-05-22,1,1
M03063,B03,P1,PAY013172,2026-06-18,1,0
M03070,B03,P1,PAY003070,2026-05-24,1,1
M03071,B03,P1,PAY003071,2026-05-01,0,1
M03073,B03,P2,PAY003073,2026-05-28,0,1
M03075,B03,P1,PAY003075,2026-06-13,1,1
M03078,B03,P1,PAY003078,2026-06-21,1,0
M03079,B03,P1,PAY003079,2026-06-24,1,0
M03080,B03,P1,PAY003080,2026-06-03,0,1
M03081,B03,P1,PAY003081,2026-06-27,1,0
M03083,B03,P1,PAY003083,2026-06-07,1,1
M03089,B03,P1,PAY003089,2026-06-23,1,0
M03110,B04,P1,PAY003110,2025-01-21,1,1
M03110,B04,P1,PAY005574,2025-02-28,1,1
M03110,B04,P1,PAY006539,2025-03-28,0,1
M03111,B04,P1,PAY003111,2025-01-10,1,1
M03111,B04,P1,PAY005220,2025-02-09,1,1
M03111,B04,P1,PAY006045,2025-03-07,1,1
M03111,B04,P3,PAY006714,2025-06-16,1,1
M03111,B04,P3,PAY008622,2025-09-22,0,1
M03112,B04,P1,PAY003112,2025-01-29,0,1
M03113,B04,P2,PAY003113,2025-01-26,1,1
M03113,B04,P2,PAY005717,2025-02-28,1,1
M03113,B04,P2,PAY006540,2025-04-08,1,1
M03113,B04,P2,PAY007377,2025-05-04,1,1
M03113,B04,P2,PAY007920,2025-06-08,1,1
M03113,B04,P2,PAY008498,2025-07-12,1,1
M03113,B04,P2,PAY009042,2025-08-14,1,1
M03113,B04,P2,PAY009547,2025-09-18,1,1
M03113,B04,P2,PAY010006,2025-10-27,1,1
M03113,B04,P2,PAY010531,2025-11-23,0,1
M03114,B04,P3,PAY003114,2025-01-20,1,1
M03114,B04,P3,PAY005538,2025-04-23,0,1
M03115,B04,P1,PAY003115,2025-01-05,0,1
M03116,B04,P3,PAY003116,2025-02-21,1,1
M03116,B04,P3,PAY006346,2025-05-19,1,1
M03116,B04,P3,PAY008178,2025-08-28,1,1
M03116,B04,P3,PAY009738,2025-12-08,1,1
M03116,B04,P3,PAY011042,2026-03-09,0,1
M03117,B04,P4,PAY003117,2025-05-27,1,1
M03117,B04,P4,PAY008308,2025-11-25,1,1
M03117,B04,P4,PAY010872,2026-05-30,1,1
M03118,B04,P1,PAY003118,2025-01-06,0,1
M03119,B04,P5,PAY003119,2025-02-16,0,1
M03120,B04,P3,PAY003120,2025-02-08,1,1
M03120,B04,P3,PAY006017,2025-05-15,1,1
M03120,B04,P3,PAY008119,2025-08-14,1,1
M03120,B04,P3,PAY009548,2025-11-09,0,1
M03121,B04,P1,PAY003121,2025-01-02,1,1
M03121,B04,P3,PAY004970,2025-03-29,0,1
M03122,B04,P4,PAY003122,2025-02-01,1,1
M03122,B04,P4,PAY005877,2025-08-11,1,1
M03122,B04,P2,PAY009514,2025-09-22,1,1
M03122,B04,P2,PAY010064,2025-10-29,1,1
M03123,B04,P3,PAY003123,2025-01-21,1,1
M03123,B04,P3,PAY005575,2025-04-30,1,1
M03123,B04,P3,PAY007843,2025-08-06,1,1
M03123,B04,P4,PAY009444,2026-02-09,0,1
M03124,B04,P3,PAY003124,2025-02-03,1,1
M03124,B04,P3,PAY005910,2025-05-13,1,1
M03124,B04,P3,PAY008077,2025-08-20,1,1
M03125,B04,P4,PAY003125,2025-02-20,0,1
M03126,B04,P3,PAY003126,2025-02-14,1,1
M03126,B04,P1,PAY006176,2025-03-25,1,1
M03126,B04,P1,PAY007120,2025-04-29,1,1
M03126,B04,P1,PAY007807,2025-06-08,1,1
M03126,B04,P1,PAY008499,2025-07-17,0,1
M03127,B04,P1,PAY003127,2025-01-24,0,1
M03128,B04,P1,PAY003128,2025-01-19,1,1
M03128,B04,P1,PAY005511,2025-02-14,1,1
M03128,B04,P1,PAY006177,2025-03-16,1,1
M03128,B04,P1,PAY006908,2025-04-21,0,1
M03129,B04,P1,PAY003129,2025-01-28,1,1
M03129,B04,P1,PAY005782,2025-03-06,0,1
M03130,B04,P1,PAY003130,2025-01-17,1,1
M03130,B04,P1,PAY005446,2025-02-27,0,1
M03131,B04,P1,PAY003131,2025-01-29,0,1
M03132,B04,P1,PAY003132,2025-01-25,1,1
M03132,B04,P2,PAY005684,2025-03-04,1,1
M03132,B04,P2,PAY006647,2025-04-13,0,1
M03133,B04,P2,PAY003133,2025-01-09,1,1
M03133,B04,P2,PAY005182,2025-02-07,0,1
M03134,B04,P5,PAY003134,2025-12-17,1,1
M03135,B04,P1,PAY003135,2025-01-13,1,1
M03135,B04,P1,PAY005324,2025-02-10,1,1
M03135,B04,P1,PAY006072,2025-03-17,0,1
M03136,B04,P3,PAY003136,2025-01-21,1,1
M03136,B04,P3,PAY005576,2025-04-24,0,1
M03137,B04,P1,PAY003137,2025-01-11,1,1
M03137,B04,P3,PAY005253,2025-04-07,0,1
M03138,B04,P1,PAY003138,2025-01-15,0,1
M03139,B04,P1,PAY003139,2025-01-14,1,1
M03139,B04,P3,PAY005356,2025-04-14,1,1
M03139,B04,P3,PAY007517,2025-07-21,1,1
M03139,B04,P3,PAY009197,2025-10-21,0,1
M03140,B04,P3,PAY003140,2025-03-30,1,1
M03140,B04,P3,PAY007193,2025-07-03,1,1
M03140,B04,P3,PAY008905,2025-10-02,1,1
M03140,B04,P3,PAY010213,2025-12-29,0,1
M03141,B04,P3,PAY003141,2025-01-30,0,1
M03142,B04,P4,PAY003142,2025-04-02,1,1
M03142,B04,P4,PAY007246,2025-10-08,0,1
M03143,B04,P4,PAY003143,2025-04-27,1,1
M03143,B04,P4,PAY007769,2025-10-26,1,1
M03143,B04,P4,PAY010515,2026-04-27,1,1
M03144,B04,P1,PAY003144,2025-01-22,0,1
M03145,B04,P1,PAY003145,2025-01-12,1,1
M03145,B04,P1,PAY005289,2025-02-14,1,1
M03145,B04,P1,PAY006178,2025-03-11,1,1
M03145,B04,P1,PAY006802,2025-04-16,0,1
M03146,B04,P4,PAY003146,2025-05-01,1,1
M03146,B04,P4,PAY007868,2025-10-26,0,1
M03147,B04,P1,PAY003147,2025-01-18,1,1
M03147,B04,P3,PAY005476,2025-04-21,1,1
M03147,B04,P3,PAY007655,2025-07-16,1,1
M03147,B04,P3,PAY009114,2025-10-18,1,1
M03147,B04,P3,PAY010403,2026-01-17,1,1
M03147,B04,P3,PAY011499,2026-04-15,1,1
M03148,B04,P4,PAY003148,2025-03-16,1,1
M03148,B04,P4,PAY006909,2025-09-18,0,1
M03149,B04,P3,PAY003149,2025-03-07,0,1
M03150,B04,P5,PAY003150,2025-02-05,1,1
M03150,B04,P5,PAY005950,2026-02-09,1,1
M03150,B04,P3,PAY011791,2026-05-07,0,1
M03151,B04,P1,PAY003151,2025-01-13,1,1
M03151,B04,P1,PAY005325,2025-02-14,0,1
M03152,B04,P3,PAY003152,2025-01-25,1,1
M03152,B04,P4,PAY005685,2025-07-31,1,1
M03152,B04,P4,PAY009368,2026-01-31,1,1
M03152,B04,P3,PAY011678,2026-05-06,0,1
M03153,B04,P1,PAY003153,2025-01-15,1,1
M03153,B04,P1,PAY005388,2025-02-11,1,1
M03153,B04,P1,PAY006096,2025-03-21,1,1
M03153,B04,P1,PAY007026,2025-04-18,1,1
M03153,B04,P1,PAY007597,2025-05-16,0,1
M03154,B04,P3,PAY003154,2025-01-23,1,1
M03154,B04,P3,PAY005630,2025-04-19,0,1
M03155,B04,P3,PAY003155,2025-03-30,1,1
M03155,B04,P1,PAY007194,2025-05-03,1,1
M03155,B04,P1,PAY007902,2025-06-08,1,1
M03155,B04,P1,PAY008500,2025-07-15,1,1
M03155,B04,P1,PAY009091,2025-08-22,0,1
M03156,B04,P2,PAY003156,2025-01-03,1,1
M03156,B04,P2,PAY005002,2025-02-03,1,1
M03156,B04,P2,PAY005911,2025-03-07,1,1
M03156,B04,P2,PAY006715,2025-04-12,1,1
M03156,B04,P2,PAY007478,2025-05-17,0,1
M03157,B04,P1,PAY003157,2025-01-14,1,1
M03157,B04,P1,PAY005357,2025-02-22,1,1
M03157,B04,P1,PAY006372,2025-03-21,0,1
M03158,B04,P3,PAY003158,2025-01-21,1,1
M03158,B04,P3,PAY005577,2025-04-30,0,1
M03159,B04,P3,PAY003159,2025-02-24,1,1
M03159,B04,P3,PAY006426,2025-06-02,0,1
M03160,B04,P1,PAY003160,2025-01-15,1,1
M03160,B04,P1,PAY005389,2025-02-25,0,1
M03161,B04,P5,PAY003161,2025-09-13,1,1
M03162,B04,P1,PAY003162,2025-01-25,0,1
M03163,B04,P1,PAY003163,2025-01-13,1,1
M03163,B04,P3,PAY005326,2025-04-14,1,1
M03163,B04,P5,PAY007518,2026-04-13,0,1
M03164,B04,P3,PAY003164,2025-02-06,1,1
M03164,B04,P3,PAY005975,2025-05-10,1,1
M03164,B04,P3,PAY008030,2025-08-13,1,1
M03164,B04,P3,PAY009533,2025-11-10,1,1
M03164,B04,P3,PAY010703,2026-02-17,0,1
M03165,B04,P5,PAY003165,2025-02-22,1,1
M03165,B04,P5,PAY006373,2026-03-05,1,1
M03166,B04,P1,PAY003166,2025-01-16,0,1
M03167,B04,P3,PAY003167,2025-01-03,0,1
M03168,B04,P3,PAY003168,2025-02-04,0,1
M03169,B04,P3,PAY003169,2025-01-18,1,1
M03169,B04,P3,PAY005477,2025-04-20,0,1
M03170,B04,P3,PAY003170,2025-03-07,1,1
M03170,B04,P3,PAY006716,2025-06-11,1,1
M03170,B04,P3,PAY008536,2025-09-14,0,1
M03171,B04,P3,PAY003171,2025-02-15,1,1
M03171,B04,P3,PAY006202,2025-05-18,0,1
M03172,B04,P3,PAY003172,2025-02-12,1,1
M03172,B04,P3,PAY006122,2025-05-09,0,1
M03173,B04,P1,PAY003173,2025-01-19,1,1
M03173,B04,P1,PAY005512,2025-02-17,1,1
M03173,B04,P1,PAY006241,2025-03-22,1,1
M03173,B04,P1,PAY007053,2025-04-23,1,1
M03173,B04,P1,PAY007697,2025-05-22,1,1
M03173,B04,P1,PAY008226,2025-06-19,0,1
M03174,B04,P1,PAY003174,2025-01-23,0,1
M03175,B04,P1,PAY003175,2025-01-29,1,1
M03175,B04,P1,PAY005810,2025-02-25,1,1
M03175,B04,P5,PAY006451,2026-03-08,0,1
M03176,B04,P3,PAY003176,2025-02-06,1,1
M03176,B04,P3,PAY005976,2025-05-14,1,1
M03176,B04,P3,PAY008098,2025-08-15,1,1
M03176,B04,P3,PAY009559,2025-11-24,1,1
M03176,B04,P3,PAY010855,2026-02-25,0,1
M03177,B04,P1,PAY003177,2025-01-23,0,1
M03178,B04,P1,PAY003178,2025-01-23,0,1
M03179,B04,P2,PAY003179,2025-01-09,0,1
M03180,B04,P1,PAY003180,2025-01-15,0,1
M03181,B04,P1,PAY003181,2025-01-14,1,1
M03181,B04,P3,PAY005358,2025-04-20,1,1
M03181,B04,P3,PAY007633,2025-07-30,1,1
M03181,B04,P3,PAY009359,2025-11-08,1,1
M03181,B04,P3,PAY010681,2026-02-12,0,1
M03182,B04,P1,PAY003182,2025-01-03,1,1
M03182,B04,P1,PAY005003,2025-02-14,1,1
M03182,B04,P1,PAY006179,2025-03-23,0,1
M03183,B04,P2,PAY003183,2025-01-11,1,1
M03183,B04,P2,PAY005254,2025-02-13,1,1
M03183,B04,P4,PAY006147,2025-08-14,1,1
M03183,B04,P4,PAY009549,2026-02-18,1,1
M03184,B04,P3,PAY003184,2025-01-16,1,1
M03184,B04,P3,PAY005421,2025-04-11,1,1
M03184,B04,P3,PAY007454,2025-07-16,1,1
M03184,B04,P3,PAY009115,2025-10-11,1,1
M03184,B04,P3,PAY010313,2026-01-08,0,1
M03185,B04,P2,PAY003185,2025-01-25,1,1
M03185,B04,P2,PAY005686,2025-02-28,1,1
M03185,B04,P4,PAY006541,2025-09-11,0,1
M03186,B04,P3,PAY003186,2025-03-10,0,1
M03187,B04,P3,PAY003187,2025-02-07,0,1
M03188,B04,P2,PAY003188,2025-01-16,0,1
M03189,B04,P3,PAY003189,2025-02-14,0,1
M03190,B04,P3,PAY003190,2025-03-05,1,1
M03190,B04,P1,PAY006673,2025-04-16,1,1
M03190,B04,P1,PAY007552,2025-05-11,0,1
M03191,B04,P5,PAY003191,2025-09-23,1,1
M03192,B04,P5,PAY003192,2025-10-14,1,1
M03193,B04,P3,PAY003193,2025-01-21,1,1
M03193,B04,P3,PAY005578,2025-04-26,0,1
M03194,B04,P2,PAY003194,2025-01-07,1,1
M03194,B04,P2,PAY005121,2025-02-15,1,1
M03194,B04,P2,PAY006203,2025-03-26,1,1
M03194,B04,P2,PAY007144,2025-04-30,1,1
M03194,B04,P2,PAY007844,2025-06-07,0,1
M03195,B04,P2,PAY003195,2025-01-27,1,1
M03195,B04,P4,PAY005743,2025-07-30,1,1
M03195,B04,P4,PAY009360,2026-01-26,1,1
M03196,B04,P3,PAY003196,2025-01-06,1,1
M03196,B04,P3,PAY005098,2025-04-04,0,1
M03197,B04,P1,PAY003197,2025-01-05,1,1
M03197,B04,P1,PAY005068,2025-02-02,0,1
M03198,B04,P3,PAY003198,2025-03-02,1,1
M03198,B04,P3,PAY006600,2025-06-04,0,1
M03199,B04,P4,PAY003199,2025-01-27,0,1
M03200,B04,P3,PAY003200,2025-02-18,0,1
M03201,B04,P4,PAY003201,2025-06-03,1,1
M03201,B04,P4,PAY008415,2025-12-01,0,1
M03202,B04,P3,PAY003202,2025-03-03,1,1
M03202,B04,P3,PAY006621,2025-06-07,1,1
M03202,B04,P3,PAY008482,2025-09-04,0,1
M03203,B04,P3,PAY003203,2025-03-11,1,1
M03203,B04,P3,PAY006803,2025-06-06,1,1
M03203,B04,P3,PAY008464,2025-09-17,0,1
M03204,B04,P1,PAY003204,2025-01-06,1,1
M03204,B04,P1,PAY005099,2025-02-02,0,1
M03205,B04,P4,PAY003205,2025-03-23,0,1
M03206,B04,P3,PAY003206,2025-02-18,1,1
M03206,B04,P3,PAY006262,2025-05-27,0,1
M03207,B04,P3,PAY003207,2025-01-29,0,1
M03208,B04,P3,PAY003208,2025-02-05,1,1
M03208,B04,P3,PAY005951,2025-05-13,1,1
M03208,B04,P3,PAY008078,2025-08-24,1,1
M03208,B04,P3,PAY009677,2025-11-30,1,1
M03208,B04,P3,PAY010944,2026-02-28,0,1
M03209,B04,P3,PAY003209,2025-02-16,0,1
M03210,B04,P4,PAY003210,2025-03-14,1,1
M03210,B04,P4,PAY006870,2025-09-11,0,1
M03211,B04,P5,PAY003211,2025-08-27,1,1
M03212,B04,P5,PAY003212,2025-06-15,1,1
M03212,B04,P1,PAY008604,2025-07-13,0,1
M03213,B04,P5,PAY003213,2025-03-10,1,1
M03213,B04,P5,PAY006784,2026-03-08,1,1
M03214,B04,P1,PAY003214,2025-01-18,0,1
M03215,B04,P1,PAY003215,2025-01-04,0,1
M03216,B04,P5,PAY003216,2025-07-09,1,1
M03217,B04,P1,PAY003217,2025-01-03,1,1
M03217,B04,P4,PAY005004,2025-07-04,1,1
M03217,B04,P3,PAY008916,2025-10-09,1,1
M03217,B04,P3,PAY010288,2026-01-16,0,1
M03218,B04,P1,PAY003218,2025-01-23,1,1
M03218,B04,P1,PAY005631,2025-02-27,1,1
M03218,B04,P1,PAY006485,2025-04-07,1,1
M03218,B04,P1,PAY007358,2025-05-11,1,1
M03218,B04,P1,PAY008046,2025-06-12,1,1
M03218,B04,P1,PAY008556,2025-07-08,0,1
M03219,B04,P4,PAY003219,2025-05-26,1,1
M03219,B04,P4,PAY008294,2025-12-02,1,1
M03219,B04,P4,PAY010968,2026-06-10,1,1
M03220,B04,P4,PAY003220,2025-06-06,1,1
M03220,B04,P4,PAY008465,2025-12-17,0,1
M03221,B04,P4,PAY003221,2025-03-17,0,1
M03222,B04,P4,PAY003222,2025-04-29,0,1
M03223,B04,P2,PAY003223,2025-01-15,1,1
M03223,B04,P2,PAY005390,2025-02-23,1,1
M03223,B04,P2,PAY006397,2025-03-27,0,1
M03224,B04,P5,PAY003224,2025-04-05,1,1
M03224,B04,P5,PAY007318,2026-03-31,0,1
M03225,B04,P3,PAY003225,2025-01-13,0,1
M03226,B04,P3,PAY003226,2025-01-20,1,1
M03226,B04,P3,PAY005539,2025-04-16,1,1
M03226,B04,P3,PAY007553,2025-07-20,1,1
M03226,B04,P3,PAY009180,2025-10-24,1,1
M03226,B04,P3,PAY010487,2026-01-23,1,1
M03226,B04,P3,PAY011585,2026-04-30,1,1
M03227,B04,P3,PAY003227,2025-01-09,0,1
M03228,B04,P3,PAY003228,2025-03-31,1,1
M03228,B04,P3,PAY007205,2025-07-02,1,1
M03228,B04,P3,PAY008890,2025-09-27,1,1
M03228,B04,P3,PAY010132,2025-12-23,0,1
M03229,B04,P1,PAY003229,2025-01-29,1,1
M03229,B04,P1,PAY005811,2025-02-28,0,1
M03230,B04,P2,PAY003230,2025-01-30,1,1
M03230,B04,P2,PAY005847,2025-02-28,0,1
M03231,B04,P1,PAY003231,2025-01-24,1,1
M03231,B04,P1,PAY005658,2025-02-28,1,1
M03231,B04,P1,PAY006542,2025-04-07,1,1
M03231,B04,P1,PAY007359,2025-05-07,1,1
M03231,B04,P1,PAY007971,2025-06-06,1,1
M03231,B04,P1,PAY008466,2025-07-12,1,1
M03231,B04,P1,PAY009043,2025-08-16,1,1
M03231,B04,P1,PAY009568,2025-09-19,0,1
M03232,B04,P4,PAY003232,2025-06-04,1,1
M03232,B04,P4,PAY008431,2025-11-30,0,1
M03233,B04,P3,PAY003233,2025-01-15,1,1
M03233,B04,P3,PAY005391,2025-04-23,1,1
M03233,B04,P3,PAY007698,2025-07-29,1,1
M03233,B04,P3,PAY009341,2025-11-03,0,1
M03234,B04,P4,PAY003234,2025-02-03,0,1
M03235,B04,P3,PAY003235,2025-02-13,0,1
M03236,B04,P1,PAY003236,2025-01-27,1,1
M03236,B04,P1,PAY005744,2025-02-28,1,1
M03236,B04,P1,PAY006543,2025-03-24,1,1
M03236,B04,P1,PAY007100,2025-05-02,1,1
M03236,B04,P1,PAY007890,2025-05-28,1,1
M03236,B04,P1,PAY008324,2025-07-02,0,1
M03237,B04,P1,PAY003237,2025-01-18,1,1
M03237,B04,P5,PAY005478,2026-01-27,1,1
M03238,B04,P1,PAY003238,2025-01-09,1,1
M03238,B04,P1,PAY005183,2025-02-07,1,1
M03238,B04,P1,PAY005998,2025-03-17,1,1
M03238,B04,P1,PAY006929,2025-04-19,0,1
M03239,B04,P2,PAY003239,2025-01-23,1,1
M03239,B04,P2,PAY005632,2025-02-26,1,1
M03239,B04,P2,PAY006466,2025-04-07,0,1
M03240,B04,P1,PAY003240,2025-01-30,1,1
M03240,B04,P1,PAY005848,2025-03-02,1,1
M03240,B04,P1,PAY006601,2025-04-06,0,1
M03241,B04,P5,PAY003241,2025-06-04,0,1
M03242,B04,P5,PAY003242,2025-04-26,1,1
M03242,B04,P5,PAY007760,2026-04-27,1,1
M03243,B04,P1,PAY003243,2025-01-12,1,1
M03243,B04,P1,PAY005290,2025-02-09,1,1
M03243,B04,P1,PAY006046,2025-03-20,1,1
M03243,B04,P1,PAY007000,2025-04-22,0,1
M03244,B04,P2,PAY003244,2025-01-05,1,1
M03244,B04,P1,PAY005069,2025-02-12,1,1
M03244,B04,P1,PAY006123,2025-03-20,1,1
M03244,B04,P1,PAY007001,2025-04-30,1,1
M03244,B04,P1,PAY007845,2025-05-25,0,1
M03245,B04,P5,PAY003245,2025-07-05,1,1
M03246,B04,P2,PAY003246,2025-01-06,1,1
M03246,B04,P2,PAY005100,2025-02-05,1,1
M03246,B04,P2,PAY005952,2025-03-06,1,1
M03246,B04,P2,PAY006700,2025-04-10,1,1
M03246,B04,P2,PAY007424,2025-05-19,1,1
M03246,B04,P2,PAY008179,2025-06-20,0,1
M03247,B04,P3,PAY003247,2025-01-24,1,1
M03247,B04,P1,PAY005659,2025-02-28,1,1
M03247,B04,P5,PAY006544,2026-03-05,0,1
M03248,B04,P1,PAY003248,2025-01-29,0,1
M03249,B04,P5,PAY003249,2025-09-10,0,1
M03250,B04,P5,PAY003250,2025-01-03,1,1
M03250,B04,P2,PAY005005,2025-02-05,1,1
M03250,B04,P2,PAY005953,2025-03-04,1,1
M03250,B04,P2,PAY006648,2025-04-12,0,1
M03251,B04,P1,PAY003251,2025-01-18,1,1
M03251,B04,P1,PAY005479,2025-02-19,1,1
M03251,B04,P1,PAY006293,2025-03-24,1,1
M03251,B04,P5,PAY007101,2026-03-29,1,1
M03252,B04,P3,PAY003252,2025-02-13,0,1
M03253,B04,P2,PAY003253,2025-01-24,0,1
M03254,B04,P3,PAY003254,2025-03-30,1,1
M03254,B04,P3,PAY007195,2025-06-30,0,1
M03255,B04,P5,PAY003255,2025-03-22,1,1
M03255,B04,P5,PAY007054,2026-03-29,1,1
M03256,B04,P1,PAY003256,2025-01-19,1,1
M03256,B04,P1,PAY005513,2025-02-23,1,1
M03256,B04,P1,PAY006398,2025-03-24,0,1
M03257,B04,P4,PAY003257,2025-06-22,1,1
M03257,B04,P4,PAY008706,2026-01-01,0,1
M03258,B04,P1,PAY003258,2025-01-06,1,1
M03258,B04,P1,PAY005101,2025-02-04,1,1
M03258,B04,P4,PAY005930,2025-08-08,1,1
M03258,B04,P1,PAY009474,2025-09-17,1,1
M03258,B04,P1,PAY009992,2025-10-24,1,1
M03258,B04,P1,PAY010488,2025-11-22,0,1
M03259,B04,P3,PAY003259,2025-02-27,0,1
M03260,B04,P5,PAY003260,2025-01-07,1,1
M03260,B04,P5,PAY005122,2026-01-08,1,1
M03261,B04,P3,PAY003261,2025-03-14,1,1
M03261,B04,P3,PAY006871,2025-06-16,1,1
M03261,B04,P3,PAY008623,2025-09-17,1,1
M03261,B04,P3,PAY009993,2025-12-14,0,1
M03262,B04,P1,PAY003262,2025-01-12,1,1
M03262,B04,P1,PAY005291,2025-02-18,1,1
M03262,B04,P1,PAY006263,2025-03-21,1,1
M03262,B04,P1,PAY007027,2025-04-26,0,1
M03263,B04,P1,PAY003263,2025-01-23,0,1
M03264,B04,P1,PAY003264,2025-01-03,1,1
M03264,B04,P1,PAY005006,2025-02-06,1,1
M03264,B04,P1,PAY005977,2025-03-01,1,1
M03264,B04,P1,PAY006587,2025-04-11,0,1
M03265,B04,P5,PAY003265,2025-07-10,1,1
M03266,B04,P3,PAY003266,2025-01-22,1,1
M03266,B04,P3,PAY005600,2025-05-01,1,1
M03266,B04,P3,PAY007869,2025-08-09,1,1
M03266,B04,P3,PAY009488,2025-11-11,1,1
M03266,B04,P3,PAY010718,2026-02-16,1,1
M03266,B04,P3,PAY011890,2026-05-20,0,1
M03267,B04,P2,PAY003267,2025-01-05,0,1
M03268,B04,P4,PAY003268,2025-03-23,1,1
M03268,B04,P4,PAY007079,2025-10-01,0,1
M03269,B04,P3,PAY003269,2025-03-14,1,1
M03269,B04,P3,PAY006872,2025-06-18,1,1
M03269,B04,P3,PAY008654,2025-09-26,0,1
M03270,B04,P4,PAY003270,2025-06-01,1,1
M03270,B04,P4,PAY008371,2025-12-06,0,1
M03271,B04,P5,PAY003271,2025-07-07,1,1
M03272,B04,P2,PAY003272,2025-01-14,1,1
M03272,B04,P2,PAY005359,2025-02-24,1,1
M03272,B04,P2,PAY006427,2025-03-19,1,1
M03272,B04,P2,PAY006968,2025-04-24,1,1
M03272,B04,P2,PAY007721,2025-05-20,0,1
M03273,B04,P1,PAY003273,2025-01-16,1,1
M03273,B04,P1,PAY005422,2025-02-20,1,1
M03273,B04,P1,PAY006318,2025-03-23,1,1
M03273,B04,P1,PAY007080,2025-04-28,1,1
M03273,B04,P1,PAY007783,2025-06-02,0,1
M03274,B04,P2,PAY003274,2025-01-08,1,1
M03274,B04,P2,PAY005149,2025-02-11,1,1
M03274,B04,P2,PAY006097,2025-03-08,1,1
M03274,B04,P2,PAY006745,2025-04-04,1,1
M03274,B04,P2,PAY007293,2025-05-11,1,1
M03274,B04,P2,PAY008047,2025-06-21,1,1
M03274,B04,P2,PAY008692,2025-07-23,0,1
M03275,B04,P1,PAY003275,2025-01-09,1,1
M03275,B04,P5,PAY005184,2026-01-08,0,1
M03276,B04,P3,PAY003276,2025-01-29,1,1
M03276,B04,P3,PAY005812,2025-05-09,1,1
M03276,B04,P3,PAY008012,2025-08-18,1,1
M03276,B04,P3,PAY009595,2025-11-20,1,1
M03276,B04,P3,PAY010813,2026-02-19,0,1
M03277,B04,P3,PAY003277,2025-03-19,1,1
M03277,B04,P3,PAY006969,2025-06-18,1,1
M03277,B04,P3,PAY008655,2025-09-14,1,1
M03277,B04,P3,PAY009952,2025-12-14,1,1
M03277,B04,P3,PAY011110,2026-03-13,1,1
M03277,B04,P3,PAY012254,2026-06-23,1,0
M03278,B04,P1,PAY003278,2025-01-15,1,1
M03278,B04,P3,PAY005392,2025-04-21,1,1
M03278,B04,P3,PAY007656,2025-07-28,1,1
M03278,B04,P3,PAY009319,2025-11-05,1,1
M03278,B04,P3,PAY010636,2026-02-10,1,1
M03278,B04,P3,PAY011801,2026-05-21,0,1
M03279,B04,P4,PAY003279,2025-03-17,1,1
M03279,B04,P4,PAY006930,2025-09-15,0,1
M03280,B04,P3,PAY003280,2025-01-02,1,1
M03280,B04,P3,PAY004971,2025-04-02,0,1
M03281,B04,P5,PAY003281,2025-02-12,1,1
M03281,B04,P3,PAY006124,2025-05-07,1,1
M03281,B04,P3,PAY007972,2025-08-06,1,1
M03281,B04,P3,PAY009445,2025-11-08,1,1
M03281,B04,P3,PAY010682,2026-02-08,1,1
M03281,B04,P3,PAY011771,2026-05-05,0,1
M03282,B04,P2,PAY003282,2025-01-09,1,1
M03282,B04,P2,PAY005185,2025-02-12,1,1
M03282,B04,P2,PAY006125,2025-03-15,0,1
M03283,B04,P4,PAY003283,2025-01-29,1,1
M03283,B04,P4,PAY005813,2025-08-08,1,1
M03283,B04,P2,PAY009475,2025-09-17,0,1
M03284,B04,P1,PAY003284,2025-01-10,1,1
M03284,B04,P1,PAY005221,2025-02-09,0,1
M03285,B04,P2,PAY003285,2025-01-26,0,1
M03286,B04,P1,PAY003286,2025-01-18,1,1
M03286,B04,P1,PAY005480,2025-02-14,0,1
M03287,B04,P1,PAY003287,2025-01-23,0,1
M03288,B04,P4,PAY003288,2025-05-21,0,1
M03289,B04,P5,PAY003289,2025-12-16,0,1
M03290,B04,P1,PAY003290,2025-01-27,1,1
M03290,B04,P3,PAY005745,2025-05-07,1,1
M03290,B04,P3,PAY007973,2025-08-06,1,1
M03290,B04,P3,PAY009446,2025-11-14,0,1
M03291,B04,P3,PAY003291,2025-02-18,1,1
M03291,B04,P3,PAY006264,2025-05-17,1,1
M03291,B04,P3,PAY008149,2025-08-23,0,1
M03292,B04,P5,PAY003292,2025-12-11,1,1
M03293,B04,P5,PAY003293,2025-10-21,0,1
M03294,B04,P1,PAY003294,2025-01-22,0,1
M03295,B04,P1,PAY003295,2025-01-24,1,1
M03295,B04,P1,PAY005660,2025-03-04,1,1
M03295,B04,P1,PAY006649,2025-04-13,1,1
M03295,B04,P3,PAY007496,2025-07-22,0,1
M03296,B04,P4,PAY003296,2025-03-20,0,1
M03297,B04,P2,PAY003297,2025-01-22,1,1
M03297,B04,P1,PAY005601,2025-02-24,0,1
M03298,B04,P4,PAY003298,2025-06-15,0,1
M03299,B04,P3,PAY003299,2025-03-16,1,1
M03299,B04,P3,PAY006910,2025-06-12,0,1
M03300,B04,P3,PAY003300,2025-01-05,1,1
M03300,B04,P3,PAY005070,2025-04-06,1,1
M03300,B04,P3,PAY007337,2025-07-15,1,1
M03300,B04,P3,PAY009092,2025-10-16,1,1
M03300,B04,P3,PAY010383,2026-01-12,0,1
M03301,B04,P5,PAY003301,2025-06-13,1,1
M03301,B04,P5,PAY008574,2026-06-24,0,0
M03302,B04,P3,PAY003302,2025-01-15,1,1
M03302,B04,P3,PAY005393,2025-04-16,0,1
M03303,B04,P1,PAY003303,2025-01-13,0,1
M03304,B04,P2,PAY003304,2025-01-29,1,1
M03304,B04,P2,PAY005814,2025-03-02,0,1
M03305,B04,P4,PAY003305,2025-05-28,1,1
M03305,B04,P4,PAY008325,2025-12-07,1,1
M03305,B04,P4,PAY011028,2026-06-12,1,1
M03306,B04,P3,PAY003306,2025-03-07,1,1
M03306,B04,P4,PAY006717,2025-09-14,1,1
M03306,B04,P4,PAY009953,2026-03-22,0,1
M03307,B04,P1,PAY003307,2025-01-14,1,1
M03307,B04,P1,PAY005360,2025-02-09,1,1
M03307,B04,P1,PAY006047,2025-03-08,1,1
M03307,B04,P1,PAY006746,2025-04-10,1,1
M03307,B04,P1,PAY007425,2025-05-12,0,1
M03308,B04,P1,PAY003308,2025-01-12,1,1
M03308,B04,P1,PAY005292,2025-02-07,1,1
M03308,B04,P1,PAY005999,2025-03-13,1,1
M03308,B04,P1,PAY006849,2025-04-18,1,1
M03308,B04,P1,PAY007598,2025-05-27,0,1
M03309,B04,P3,PAY003309,2025-01-18,1,1
M03309,B04,P3,PAY005481,2025-04-13,1,1
M03309,B04,P3,PAY007497,2025-07-10,1,1
M03309,B04,P3,PAY009008,2025-10-12,1,1
M03309,B04,P3,PAY010328,2026-01-19,0,1
M03310,B04,P4,PAY003310,2025-05-09,1,1
M03310,B04,P4,PAY008013,2025-11-04,1,1
M03311,B04,P4,PAY003311,2025-06-19,1,1
M03311,B04,P4,PAY008672,2025-12-24,1,1
M03311,B04,P1,PAY011208,2026-01-20,1,1
M03311,B04,P1,PAY011542,2026-02-16,1,1
M03311,B04,P1,PAY011891,2026-03-15,1,1
M03311,B04,P1,PAY012280,2026-04-13,1,1
M03311,B04,P1,PAY012660,2026-05-21,1,1
M03311,B04,P1,PAY013166,2026-06-21,1,0
M03312,B04,P3,PAY003312,2025-03-15,1,1
M03312,B04,P3,PAY006889,2025-06-10,0,1
M03313,B04,P1,PAY003313,2025-01-25,1,1
M03313,B04,P1,PAY005687,2025-02-27,0,1
M03314,B04,P4,PAY003314,2025-06-06,1,1
M03314,B04,P3,PAY008467,2025-09-07,1,1
M03314,B04,P3,PAY009857,2025-12-11,1,1
M03314,B04,P3,PAY011072,2026-03-20,0,1
M03315,B04,P4,PAY003315,2025-01-17,1,1
M03315,B04,P4,PAY005447,2025-07-20,0,1
M03316,B04,P1,PAY003316,2025-01-15,0,1
M03317,B04,P1,PAY003317,2025-01-03,1,1
M03317,B04,P1,PAY005007,2025-02-05,1,1
M03317,B04,P1,PAY005954,2025-03-16,1,1
M03317,B04,P3,PAY006911,2025-06-18,1,1
M03317,B04,P1,PAY008656,2025-07-13,0,1
M03318,B04,P4,PAY003318,2025-06-17,1,1
M03318,B04,P4,PAY008638,2025-12-20,1,1
M03318,B04,P4,PAY011163,2026-06-24,0,0
M03319,B04,P3,PAY003319,2025-01-17,1,1
M03319,B04,P3,PAY005448,2025-04-24,1,1
M03319,B04,P3,PAY007722,2025-07-19,1,1
M03319,B04,P3,PAY009160,2025-10-18,0,1
M03320,B04,P2,PAY003320,2025-01-13,1,1
M03320,B04,P2,PAY005327,2025-02-17,1,1
M03320,B04,P2,PAY006242,2025-03-27,0,1
M03321,B04,P3,PAY003321,2025-01-06,1,1
M03321,B04,P3,PAY005102,2025-04-13,0,1
M03322,B04,P1,PAY003322,2025-01-22,1,1
M03322,B04,P1,PAY005602,2025-02-24,1,1
M03322,B04,P1,PAY006428,2025-04-05,1,1
M03322,B04,P2,PAY007319,2025-04-30,1,1
M03322,B04,P2,PAY007846,2025-06-06,1,1
M03322,B04,P1,PAY008468,2025-07-02,1,1
M03322,B04,P1,PAY008891,2025-08-03,1,1
M03322,B04,P1,PAY009410,2025-09-14,0,1
M03323,B04,P2,PAY003323,2025-01-21,1,1
M03323,B04,P2,PAY005579,2025-02-18,1,1
M03323,B04,P2,PAY006265,2025-03-20,1,1
M03323,B04,P5,PAY007002,2026-03-20,1,1
M03324,B04,P1,PAY003324,2025-01-27,1,1
M03324,B04,P1,PAY005746,2025-02-27,0,1
M03325,B04,P5,PAY003325,2025-07-03,1,1
M03326,B04,P2,PAY003326,2025-01-10,1,1
M03326,B04,P2,PAY005222,2025-02-18,1,1
M03326,B04,P2,PAY006266,2025-03-28,1,1
M03326,B04,P1,PAY007180,2025-05-05,1,1
M03326,B04,P1,PAY007940,2025-06-13,0,1
M03327,B04,P1,PAY003327,2025-01-22,1,1
M03327,B04,P1,PAY005603,2025-02-22,1,1
M03327,B04,P1,PAY006374,2025-03-17,0,1
M03328,B04,P4,PAY003328,2025-04-03,1,1
M03328,B04,P4,PAY007271,2025-09-30,1,1
M03328,B04,P4,PAY010184,2026-04-10,0,1
M03329,B04,P5,PAY003329,2025-09-18,1,1
M03329,B04,P1,PAY010007,2025-10-28,1,1
M03329,B04,P4,PAY010545,2026-05-03,1,1
M03330,B04,P1,PAY003330,2025-01-13,1,1
M03330,B04,P1,PAY005328,2025-02-11,0,1
M03331,B04,P3,PAY003331,2025-01-28,1,1
M03331,B04,P3,PAY005783,2025-05-03,0,1
M03332,B04,P5,PAY003332,2025-08-09,0,1
M03333,B04,P1,PAY003333,2025-01-29,1,1
M03333,B04,P1,PAY005815,2025-03-05,1,1
M03333,B04,P1,PAY006674,2025-04-10,0,1
M03334,B04,P3,PAY003334,2025-01-13,1,1
M03334,B04,P3,PAY005329,2025-04-22,1,1
M03334,B04,P3,PAY007678,2025-07-24,1,1
M03334,B04,P3,PAY009249,2025-11-03,1,1
M03334,B04,P3,PAY010603,2026-02-14,0,1
M03335,B04,P3,PAY003335,2025-02-26,1,1
M03335,B04,P3,PAY006467,2025-05-26,1,1
M03335,B04,P3,PAY008295,2025-08-22,1,1
M03335,B04,P3,PAY009647,2025-11-22,0,1
M03336,B04,P4,PAY003336,2025-01-08,1,1
M03336,B04,P4,PAY005150,2025-07-11,1,1
M03336,B04,P4,PAY009018,2026-01-20,1,1
M03337,B04,P3,PAY003337,2025-01-17,1,1
M03337,B04,P3,PAY005449,2025-04-13,1,1
M03337,B04,P3,PAY007498,2025-07-16,0,1
M03338,B04,P1,PAY003338,2025-01-21,1,1
M03338,B04,P1,PAY005580,2025-02-27,0,1
M03339,B04,P1,PAY003339,2025-01-23,1,1
M03339,B04,P1,PAY005633,2025-02-23,0,1
M03340,B04,P1,PAY003340,2025-01-20,1,1
M03340,B04,P1,PAY005540,2025-02-18,1,1
M03340,B04,P1,PAY006267,2025-03-13,1,1
M03340,B04,P1,PAY006850,2025-04-11,0,1
M03341,B04,P2,PAY003341,2025-01-23,1,1
M03341,B04,P2,PAY005634,2025-02-20,1,1
M03341,B04,P1,PAY006319,2025-03-26,0,1
M03342,B04,P1,PAY003342,2025-01-24,1,1
M03342,B04,P1,PAY005661,2025-02-28,0,1
M03343,B04,P1,PAY003343,2025-01-27,1,1
M03343,B04,P1,PAY005747,2025-02-27,1,1
M03343,B04,P1,PAY006486,2025-04-06,0,1
M03344,B04,P1,PAY003344,2025-01-16,0,1
M03345,B04,P1,PAY003345,2025-01-21,1,1
M03345,B04,P1,PAY005581,2025-02-19,1,1
M03345,B04,P1,PAY006294,2025-03-27,1,1
M03345,B04,P1,PAY007160,2025-04-26,1,1
M03345,B04,P1,PAY007761,2025-05-23,0,1
M03346,B04,P3,PAY003346,2025-02-08,1,1
M03346,B04,P3,PAY006018,2025-05-09,1,1
M03346,B04,P3,PAY008014,2025-08-19,1,1
M03346,B04,P3,PAY009607,2025-11-15,0,1
M03347,B04,P3,PAY003347,2025-03-08,1,1
M03347,B04,P3,PAY006747,2025-06-15,1,1
M03347,B04,P3,PAY008605,2025-09-11,0,1
M03348,B04,P4,PAY003348,2025-01-12,1,1
M03348,B04,P4,PAY005293,2025-07-20,1,1
M03348,B04,P4,PAY009181,2026-01-23,1,1
M03349,B04,P3,PAY003349,2025-02-26,1,1
M03349,B04,P3,PAY006468,2025-06-03,0,1
M03350,B04,P2,PAY003350,2025-01-30,1,1
M03350,B04,P2,PAY005849,2025-03-02,1,1
M03350,B04,P2,PAY006602,2025-04-02,0,1
M03351,B04,P5,PAY003351,2025-02-26,1,1
M03351,B04,P5,PAY006469,2026-02-22,0,1
M03352,B04,P1,PAY003352,2025-01-11,1,1
M03352,B04,P1,PAY005255,2025-02-20,1,1
M03352,B04,P3,PAY006320,2025-05-18,1,1
M03352,B04,P3,PAY008168,2025-08-16,1,1
M03352,B04,P4,PAY009569,2026-02-15,1,1
M03353,B04,P5,PAY003353,2025-12-23,0,1
M03354,B04,P4,PAY003354,2025-06-12,0,1
M03355,B04,P2,PAY003355,2025-01-14,1,1
M03355,B04,P2,PAY005361,2025-02-11,1,1
M03355,B04,P2,PAY006098,2025-03-16,1,1
M03355,B04,P2,PAY006912,2025-04-26,0,1
M03356,B04,P1,PAY003356,2025-01-23,0,1
M03357,B04,P3,PAY003357,2025-01-03,1,1
M03357,B04,P3,PAY005008,2025-04-14,1,1
M03357,B04,P3,PAY007519,2025-07-24,1,1
M03357,B04,P3,PAY009250,2025-10-31,1,1
M03357,B04,P3,PAY010577,2026-01-29,0,1
M03358,B04,P4,PAY003358,2025-03-05,0,1
M03359,B04,P3,PAY003359,2025-02-03,0,1
M03360,B04,P1,PAY003360,2025-01-14,1,1
M03360,B04,P1,PAY005362,2025-02-15,0,1
M03361,B04,P1,PAY003361,2025-01-07,0,1
M03362,B04,P3,PAY003362,2025-03-16,0,1
M03363,B04,P1,PAY003363,2025-01-26,0,1
M03364,B04,P1,PAY003364,2025-01-03,1,1
M03364,B04,P1,PAY005009,2025-02-06,1,1
M03364,B04,P1,PAY005978,2025-03-11,0,1
M03365,B04,P5,PAY003365,2025-09-16,0,1
M03366,B04,P5,PAY003366,2025-09-17,1,1
M03366,B04,P4,PAY009994,2026-03-14,0,1
M03367,B04,P2,PAY003367,2025-01-27,1,1
M03367,B04,P2,PAY005748,2025-02-25,1,1
M03367,B04,P2,PAY006452,2025-03-20,1,1
M03367,B04,P2,PAY007003,2025-04-30,1,1
M03367,B04,P2,PAY007847,2025-05-27,0,1
M03368,B04,P4,PAY003368,2025-05-11,1,1
M03368,B04,P1,PAY008048,2025-06-08,0,1
M03369,B04,P3,PAY003369,2025-03-07,1,1
M03369,B04,P3,PAY006718,2025-06-10,0,1
M03370,B04,P2,PAY003370,2025-01-13,1,1
M03370,B04,P2,PAY005330,2025-02-23,0,1
M03371,B04,P3,PAY003371,2025-01-22,1,1
M03371,B04,P3,PAY005604,2025-04-27,0,1
M03372,B04,P5,PAY003372,2025-09-07,1,1
M03373,B04,P2,PAY003373,2025-01-05,1,1
M03373,B04,P5,PAY005071,2025-12-31,1,1
M03374,B04,P2,PAY003374,2025-01-29,1,1
M03374,B04,P2,PAY005816,2025-03-05,1,1
M03374,B04,P2,PAY006675,2025-04-15,1,1
M03374,B04,P1,PAY007536,2025-05-13,0,1
M03375,B04,P3,PAY003375,2025-02-14,1,1
M03375,B04,P3,PAY006180,2025-05-15,0,1
M03376,B04,P1,PAY003376,2025-01-29,1,1
M03376,B04,P3,PAY005817,2025-04-27,0,1
M03377,B04,P1,PAY003377,2025-01-22,1,1
M03377,B04,P1,PAY005605,2025-02-23,1,1
M03377,B04,P1,PAY006399,2025-03-20,1,1
M03377,B04,P1,PAY007004,2025-04-20,1,1
M03377,B04,P1,PAY007634,2025-05-25,1,1
M03377,B04,P2,PAY008277,2025-06-22,1,1
M03377,B04,P3,PAY008707,2025-09-20,1,1
M03377,B04,P3,PAY010033,2025-12-25,1,1
M03377,B04,P3,PAY011219,2026-04-01,0,1
M03378,B04,P5,PAY003378,2025-05-21,1,1
M03378,B04,P5,PAY008210,2026-05-19,1,1
M03379,B04,P3,PAY003379,2025-02-18,0,1
M03380,B04,P3,PAY003380,2025-03-12,1,1
M03380,B04,P3,PAY006822,2025-06-13,1,1
M03380,B04,P3,PAY008575,2025-09-21,0,1
M03381,B04,P3,PAY003381,2025-03-21,1,1
M03381,B04,P3,PAY007028,2025-06-20,0,1
M03382,B04,P4,PAY003382,2025-01-24,1,1
M03382,B04,P4,PAY005662,2025-08-03,0,1
M03383,B04,P4,PAY003383,2025-02-24,1,1
M03383,B04,P4,PAY006429,2025-08-22,1,1
M03383,B04,P1,PAY009648,2025-09-20,1,1
M03383,B04,P3,PAY010034,2025-12-19,1,1
M03383,B04,P3,PAY011155,2026-03-23,1,1
M03383,B04,P3,PAY012382,2026-06-29,0,0
M03384,B04,P5,PAY003384,2025-02-04,1,1
M03384,B04,P5,PAY005931,2026-02-07,0,1
M03385,B04,P1,PAY003385,2025-01-02,1,1
M03385,B04,P1,PAY004972,2025-01-30,1,1
M03385,B04,P1,PAY005850,2025-02-28,1,1
M03385,B04,P1,PAY006545,2025-04-03,1,1
M03385,B04,P1,PAY007272,2025-04-29,1,1
M03385,B04,P1,PAY007808,2025-06-02,1,1
M03385,B04,P5,PAY008385,2026-05-30,1,1
M03386,B04,P5,PAY003386,2025-01-31,0,1
M03387,B04,P1,PAY003387,2025-01-11,1,1
M03387,B04,P1,PAY005256,2025-02-13,0,1
M03388,B04,P1,PAY003388,2025-01-11,1,1
M03388,B04,P1,PAY005257,2025-02-17,1,1
M03388,B04,P1,PAY006243,2025-03-19,1,1
M03388,B04,P1,PAY006970,2025-04-25,1,1
M03388,B04,P1,PAY007747,2025-05-30,1,1
M03388,B04,P1,PAY008359,2025-07-03,1,1
M03388,B04,P1,PAY008907,2025-08-10,1,1
M03388,B04,P1,PAY009503,2025-09-19,1,1
M03388,B04,P1,PAY010016,2025-10-20,1,1
M03388,B04,P1,PAY010439,2025-11-24,0,1
M03389,B04,P3,PAY003389,2025-01-05,1,1
M03389,B04,P3,PAY005072,2025-04-04,0,1
M03390,B04,P4,PAY003390,2025-05-03,1,1
M03390,B04,P4,PAY007903,2025-11-09,0,1
M03391,B04,P1,PAY003391,2025-01-08,0,1
M03392,B04,P2,PAY003392,2025-01-18,1,1
M03392,B04,P2,PAY005482,2025-02-18,1,1
M03392,B04,P2,PAY006268,2025-03-19,0,1
M03393,B04,P2,PAY003393,2025-01-19,1,1
M03393,B04,P2,PAY005514,2025-02-28,1,1
M03393,B04,P2,PAY006546,2025-04-03,1,1
M03393,B04,P4,PAY007273,2025-10-08,0,1
M03394,B04,P1,PAY003394,2025-01-11,1,1
M03394,B04,P1,PAY005258,2025-02-13,1,1
M03394,B04,P3,PAY006148,2025-05-10,1,1
M03394,B04,P3,PAY008031,2025-08-06,1,1
M03394,B04,P3,PAY009447,2025-11-12,1,1
M03394,B04,P3,PAY010725,2026-02-07,0,1
M03395,B04,P4,PAY003395,2025-02-04,1,1
M03395,B04,P4,PAY005932,2025-07-30,1,1
M03395,B04,P1,PAY009361,2025-08-28,1,1
M03395,B04,P4,PAY009739,2026-03-03,0,1
M03396,B04,P1,PAY003396,2025-01-08,1,1
M03396,B04,P1,PAY005151,2025-02-15,1,1
M03396,B04,P2,PAY006204,2025-03-21,1,1
M03396,B04,P2,PAY007029,2025-04-30,1,1
M03396,B04,P2,PAY007848,2025-06-03,0,1
M03397,B04,P1,PAY003397,2025-01-26,1,1
M03397,B04,P1,PAY005718,2025-03-03,1,1
M03397,B04,P1,PAY006622,2025-04-02,0,1
M03398,B04,P5,PAY003398,2025-01-26,1,1
M03398,B04,P5,PAY005719,2026-01-23,0,1
M03399,B04,P3,PAY003399,2025-02-09,1,1
M03399,B04,P3,PAY006048,2025-05-16,1,1
M03399,B04,P3,PAY008132,2025-08-24,1,1
M03399,B04,P3,PAY009678,2025-11-21,0,1
M03400,B04,P4,PAY003400,2025-03-10,1,1
M03400,B04,P4,PAY006785,2025-09-09,0,1
M03401,B04,P3,PAY003401,2025-03-08,1,1
M03401,B04,P3,PAY006748,2025-06-10,1,1
M03401,B04,P3,PAY008524,2025-09-16,1,1
M03401,B04,P3,PAY009980,2025-12-19,1,1
M03401,B04,P3,PAY011156,2026-03-24,1,1
M03401,B04,P3,PAY012396,2026-06-27,0,0
M03402,B04,P1,PAY003402,2025-01-14,0,1
M03403,B04,P5,PAY003403,2025-09-21,1,1
M03404,B04,P2,PAY003404,2025-01-13,0,1
M03405,B04,P2,PAY003405,2025-01-23,0,1
M03406,B04,P1,PAY003406,2025-01-25,0,1
M03407,B04,P4,PAY003407,2025-03-19,0,1
M03408,B04,P3,PAY003408,2025-01-11,1,1
M03408,B04,P3,PAY005259,2025-04-22,1,1
M03408,B04,P3,PAY007679,2025-07-19,0,1
M03409,B04,P1,PAY003409,2025-01-17,1,1
M03409,B04,P2,PAY005450,2025-02-25,1,1
M03409,B04,P2,PAY006453,2025-04-04,1,1
M03409,B04,P2,PAY007294,2025-05-10,1,1
M03409,B04,P2,PAY008032,2025-06-09,1,1
M03409,B04,P5,PAY008513,2026-06-13,0,1
M03410,B04,P5,PAY003410,2025-11-18,1,1
M03410,B04,P3,PAY010791,2026-02-24,0,1
M03411,B04,P4,PAY003411,2025-06-29,1,1
M03411,B04,P4,PAY008822,2026-01-10,0,1
M03412,B04,P3,PAY003412,2025-02-06,0,1
M03413,B04,P2,PAY003413,2025-01-27,1,1
M03413,B04,P1,PAY005749,2025-02-22,1,1
M03413,B04,P1,PAY006375,2025-04-01,0,1
M03414,B04,P3,PAY003414,2025-01-16,1,1
M03414,B04,P3,PAY005423,2025-04-25,1,1
M03414,B04,P1,PAY007748,2025-05-24,1,1
M03414,B04,P1,PAY008258,2025-06-29,1,1
M03414,B04,P1,PAY008823,2025-07-30,1,1
M03414,B04,P1,PAY009362,2025-09-09,1,1
M03414,B04,P1,PAY009886,2025-10-10,0,1
M03415,B04,P1,PAY003415,2025-01-08,0,1
M03416,B04,P1,PAY003416,2025-01-20,0,1
M03417,B04,P3,PAY003417,2025-03-07,1,1
M03417,B04,P3,PAY006719,2025-06-03,0,1
M03418,B04,P2,PAY003418,2025-01-05,1,1
M03418,B04,P2,PAY005073,2025-02-06,1,1
M03418,B04,P2,PAY005979,2025-03-10,0,1
M03419,B04,P3,PAY003419,2025-03-16,1,1
M03419,B04,P3,PAY006913,2025-06-22,1,1
M03419,B04,P3,PAY008708,2025-09-18,0,1
M03420,B04,P5,PAY003420,2025-07-25,1,1
M03421,B04,P2,PAY003421,2025-01-03,0,1
M03422,B04,P5,PAY003422,2025-10-13,1,1
M03423,B04,P2,PAY003423,2025-01-20,1,1
M03423,B04,P2,PAY005541,2025-02-28,1,1
M03423,B04,P2,PAY006547,2025-03-28,1,1
M03423,B04,P2,PAY007181,2025-04-26,0,1
M03424,B04,P2,PAY003424,2025-01-10,1,1
M03424,B04,P2,PAY005223,2025-02-10,1,1
M03424,B04,P2,PAY006073,2025-03-20,1,1
M03424,B04,P2,PAY007005,2025-04-15,0,1
M03425,B04,P5,PAY003425,2025-04-24,1,1
M03425,B04,P5,PAY007723,2026-05-04,0,1
M03426,B04,P1,PAY003426,2025-01-29,0,1
M03427,B04,P3,PAY003427,2025-02-13,0,1
M03428,B04,P1,PAY003428,2025-01-02,1,1
M03428,B04,P1,PAY004973,2025-02-11,1,1
M03428,B04,P1,PAY006099,2025-03-15,0,1
M03429,B04,P3,PAY003429,2025-02-25,1,1
M03429,B04,P3,PAY006454,2025-06-02,1,1
M03429,B04,P3,PAY008386,2025-08-30,1,1
M03429,B04,P3,PAY009762,2025-12-09,1,1
M03429,B04,P3,PAY011052,2026-03-20,1,1
M03429,B04,P3,PAY012346,2026-06-16,0,1
M03430,B04,P5,PAY003430,2025-03-27,1,1
M03430,B04,P5,PAY007161,2026-03-25,1,1
M03430,B04,P1,PAY012410,2026-04-21,0,1
M03431,B04,P1,PAY003431,2025-01-04,0,1
M03432,B04,P1,PAY003432,2025-01-02,1,1
M03432,B04,P1,PAY004974,2025-02-06,1,1
M03432,B04,P1,PAY005980,2025-03-02,1,1
M03432,B04,P1,PAY006603,2025-04-06,1,1
M03432,B04,P1,PAY007338,2025-05-14,0,1
M03433,B04,P1,PAY003433,2025-01-03,1,1
M03433,B04,P1,PAY005010,2025-02-14,1,1
M03433,B04,P1,PAY006181,2025-03-20,1,1
M03433,B04,P1,PAY007006,2025-04-29,1,1
M03433,B04,P1,PAY007809,2025-05-29,1,1
M03433,B04,P1,PAY008347,2025-07-07,0,1
M03434,B04,P3,PAY003434,2025-02-04,1,1
M03434,B04,P3,PAY005933,2025-05-15,1,1
M03434,B04,P3,PAY008120,2025-08-19,1,1
M03434,B04,P3,PAY009608,2025-11-18,1,1
M03434,B04,P3,PAY010792,2026-02-26,1,1
M03434,B04,P1,PAY012022,2026-04-03,0,1
M03435,B04,P5,PAY003435,2025-09-05,1,1
M03436,B04,P3,PAY003436,2025-03-27,1,1
M03436,B04,P3,PAY007162,2025-07-01,1,1
M03436,B04,P3,PAY008873,2025-10-05,1,1
M03436,B04,P3,PAY010247,2026-01-06,0,1
M03437,B04,P3,PAY003437,2025-02-06,0,1
M03438,B04,P1,PAY003438,2025-01-12,1,1
M03438,B04,P1,PAY005294,2025-02-21,0,1
M03439,B04,P1,PAY003439,2025-01-24,0,1
M03440,B04,P1,PAY003440,2025-01-19,1,1
M03440,B04,P1,PAY005515,2025-02-25,1,1
M03440,B04,P1,PAY006455,2025-03-21,1,1
M03440,B04,P1,PAY007030,2025-04-21,1,1
M03440,B04,P1,PAY007657,2025-05-24,0,1
M03441,B04,P2,PAY003441,2025-01-16,1,1
M03441,B04,P2,PAY005424,2025-02-23,1,1
M03441,B04,P2,PAY006400,2025-03-24,1,1
M03441,B04,P2,PAY007102,2025-04-22,1,1
M03441,B04,P2,PAY007680,2025-06-01,1,1
M03441,B04,P2,PAY008372,2025-07-07,0,1
M03442,B04,P1,PAY003442,2025-01-08,1,1
M03442,B04,P1,PAY005152,2025-02-19,0,1
M03443,B04,P1,PAY003443,2025-01-19,1,1
M03443,B04,P1,PAY005516,2025-02-23,1,1
M03443,B04,P1,PAY006401,2025-04-01,1,1
M03443,B04,P1,PAY007218,2025-05-07,1,1
M03443,B04,P1,PAY007974,2025-06-11,1,1
M03443,B04,P1,PAY008537,2025-07-15,1,1
M03443,B04,P1,PAY009093,2025-08-20,1,1
M03443,B04,P1,PAY009617,2025-09-27,0,1
M03444,B04,P3,PAY003444,2025-03-04,1,1
M03444,B04,P3,PAY006650,2025-06-15,1,1
M03444,B04,P3,PAY008606,2025-09-19,0,1
M03445,B04,P3,PAY003445,2025-03-26,0,1
M03446,B04,P1,PAY003446,2025-01-08,0,1
M03447,B04,P3,PAY003447,2025-02-06,1,1
M03447,B04,P3,PAY005981,2025-05-09,0,1
M03448,B04,P4,PAY003448,2025-03-18,1,1
M03448,B04,P4,PAY006947,2025-09-24,1,1
M03448,B04,P1,PAY010094,2025-10-27,0,1
M03449,B04,P2,PAY003449,2025-01-21,1,1
M03449,B04,P2,PAY005582,2025-02-21,1,1
M03449,B04,P2,PAY006347,2025-04-03,1,1
M03449,B04,P2,PAY007274,2025-05-14,1,1
M03449,B04,P2,PAY008099,2025-06-22,1,1
M03449,B04,P2,PAY008709,2025-07-23,1,1
M03449,B04,P2,PAY009230,2025-09-01,0,1
M03450,B04,P3,PAY003450,2025-03-12,1,1
M03450,B04,P3,PAY006823,2025-06-13,1,1
M03450,B04,P3,PAY008576,2025-09-22,0,1
M03451,B04,P1,PAY003451,2025-01-02,1,1
M03451,B04,P4,PAY004975,2025-07-07,1,1
M03451,B04,P4,PAY008957,2026-01-18,1,1
M03452,B04,P1,PAY003452,2025-01-12,1,1
M03452,B04,P1,PAY005295,2025-02-13,1,1
M03452,B04,P1,PAY006149,2025-03-19,1,1
M03452,B04,P1,PAY006971,2025-04-15,1,1
M03452,B04,P1,PAY007537,2025-05-19,0,1
M03453,B04,P1,PAY003453,2025-01-15,1,1
M03453,B04,P1,PAY005394,2025-02-10,1,1
M03453,B04,P1,PAY006074,2025-03-16,1,1
M03453,B04,P1,PAY006914,2025-04-23,1,1
M03453,B04,P1,PAY007699,2025-05-23,1,1
M03453,B04,P1,PAY008241,2025-06-24,1,1
M03453,B04,P1,PAY008742,2025-07-23,1,1
M03453,B04,P1,PAY009231,2025-08-20,0,1
M03454,B04,P1,PAY003454,2025-01-22,1,1
M03454,B04,P1,PAY005606,2025-02-19,1,1
M03454,B04,P5,PAY006295,2026-02-21,1,1
M03455,B04,P3,PAY003455,2025-01-16,0,1
M03456,B04,P4,PAY003456,2025-04-21,1,1
M03456,B04,P4,PAY007658,2025-10-20,0,1
M03457,B04,P3,PAY003457,2025-02-03,1,1
M03457,B04,P3,PAY005912,2025-05-03,0,1
M03458,B04,P1,PAY003458,2025-01-26,0,1
M03459,B04,P1,PAY003459,2025-01-04,1,1
M03459,B04,P1,PAY005047,2025-02-14,1,1
M03459,B04,P1,PAY006182,2025-03-15,1,1
M03459,B04,P1,PAY006890,2025-04-21,1,1
M03459,B04,P1,PAY007659,2025-05-28,1,1
M03459,B04,P1,PAY008326,2025-07-01,0,1
M03460,B04,P5,PAY003460,2025-07-10,0,1
M03461,B04,P5,PAY003461,2025-12-06,0,1
M03462,B04,P1,PAY003462,2025-01-02,1,1
M03462,B04,P1,PAY004976,2025-02-08,1,1
M03462,B04,P1,PAY006019,2025-03-11,1,1
M03462,B04,P1,PAY006804,2025-04-19,1,1
M03462,B04,P1,PAY007615,2025-05-24,0,1
M03463,B04,P1,PAY003463,2025-01-05,0,1
M03464,B04,P5,PAY003464,2025-10-27,0,1
M03465,B04,P1,PAY003465,2025-01-08,1,1
M03465,B04,P1,PAY005153,2025-02-06,0,1
M03466,B04,P5,PAY003466,2025-03-17,1,1
M03466,B04,P5,PAY006931,2026-03-16,1,1
M03467,B04,P3,PAY003467,2025-01-22,1,1
M03467,B04,P3,PAY005607,2025-04-20,0,1
M03468,B04,P2,PAY003468,2025-01-22,1,1
M03468,B04,P2,PAY005608,2025-02-23,0,1
M03469,B04,P5,PAY003469,2025-04-24,1,1
M03469,B04,P5,PAY007724,2026-04-25,1,1
M03470,B04,P4,PAY003470,2025-05-03,0,1
M03471,B04,P1,PAY003471,2025-01-17,0,1
M03472,B04,P1,PAY003472,2025-01-07,1,1
M03472,B04,P1,PAY005123,2025-02-11,0,1
M03473,B04,P1,PAY003473,2025-01-13,1,1
M03473,B04,P1,PAY005331,2025-02-21,0,1
M03474,B04,P1,PAY003474,2025-01-04,1,1
M03474,B04,P4,PAY005048,2025-07-02,0,1
M03475,B04,P3,PAY003475,2025-01-31,1,1
M03475,B04,P3,PAY005862,2025-05-04,1,1
M03475,B04,P3,PAY007921,2025-08-04,1,1
M03475,B04,P1,PAY009422,2025-09-05,1,1
M03475,B04,P1,PAY009838,2025-10-03,1,1
M03475,B04,P1,PAY010222,2025-10-29,0,1
M03476,B04,P1,PAY003476,2025-01-29,1,1
M03476,B04,P1,PAY005818,2025-03-03,1,1
M03476,B04,P1,PAY006623,2025-04-10,0,1
M03477,B04,P4,PAY003477,2025-04-11,1,1
M03477,B04,P4,PAY007455,2025-10-19,1,1
M03477,B04,P4,PAY010421,2026-04-27,1,1
M03478,B04,P1,PAY003478,2025-01-19,1,1
M03478,B04,P1,PAY005517,2025-02-18,1,1
M03478,B04,P1,PAY006269,2025-03-25,1,1
M03478,B04,P1,PAY007121,2025-05-04,1,1
M03478,B04,P1,PAY007922,2025-06-03,1,1
M03478,B04,P1,PAY008416,2025-07-07,0,1
M03479,B04,P2,PAY003479,2025-01-24,1,1
M03479,B04,P2,PAY005663,2025-02-28,1,1
M03479,B04,P2,PAY006548,2025-03-27,1,1
M03479,B04,P2,PAY007163,2025-05-03,1,1
M03479,B04,P2,PAY007904,2025-06-02,0,1
M03480,B04,P1,PAY003480,2025-01-05,1,1
M03480,B04,P1,PAY005074,2025-02-04,0,1
M03481,B04,P4,PAY003481,2025-01-31,1,1
M03481,B04,P1,PAY005863,2025-03-03,1,1
M03481,B04,P1,PAY006624,2025-03-28,1,1
M03481,B04,P1,PAY007182,2025-05-01,0,1
M03482,B04,P1,PAY003482,2025-01-07,1,1
M03482,B04,P1,PAY005124,2025-02-02,0,1
M03483,B04,P2,PAY003483,2025-01-15,1,1
M03483,B04,P2,PAY005395,2025-02-11,0,1
M03484,B04,P2,PAY003484,2025-01-11,1,1
M03484,B04,P1,PAY005260,2025-02-18,1,1
M03484,B04,P3,PAY006270,2025-05-24,1,1
M03484,B04,P3,PAY008259,2025-08-25,1,1
M03484,B04,P3,PAY009698,2025-11-20,1,1
M03484,B04,P3,PAY010814,2026-02-25,0,1
M03485,B04,P1,PAY003485,2025-01-19,1,1
M03485,B04,P1,PAY005518,2025-02-28,0,1
M03486,B04,P1,PAY003486,2025-01-16,0,1
M03487,B04,P1,PAY003487,2025-01-06,1,1
M03487,B04,P1,PAY005103,2025-02-07,1,1
M03487,B04,P1,PAY006000,2025-03-03,1,1
M03487,B04,P1,PAY006625,2025-03-26,1,1
M03487,B04,P1,PAY007145,2025-04-26,0,1
M03488,B04,P2,PAY003488,2025-01-13,1,1
M03488,B04,P2,PAY005332,2025-02-13,1,1
M03488,B04,P2,PAY006150,2025-03-23,1,1
M03488,B04,P2,PAY007081,2025-04-29,1,1
M03488,B04,P2,PAY007810,2025-05-27,1,1
M03488,B04,P2,PAY008309,2025-06-28,1,1
M03488,B04,P2,PAY008806,2025-08-04,1,1
M03488,B04,P2,PAY009423,2025-09-14,1,1
M03488,B04,P2,PAY009954,2025-10-17,0,1
M03489,B04,P1,PAY003489,2025-01-08,0,1
M03490,B04,P3,PAY003490,2025-04-06,0,1
M03491,B04,P3,PAY003491,2025-04-05,1,1
M03491,B04,P3,PAY007320,2025-07-09,0,1
M03492,B04,P1,PAY003492,2025-02-08,1,1
M03492,B04,P1,PAY006020,2025-03-08,1,1
M03492,B04,P1,PAY006749,2025-04-04,1,1
M03492,B04,P1,PAY007295,2025-05-05,0,1
M03493,B04,P1,PAY003493,2025-02-28,1,1
M03493,B04,P1,PAY006549,2025-04-06,0,1
M03494,B04,P3,PAY003494,2025-04-10,1,1
M03494,B04,P3,PAY007426,2025-07-21,1,1
M03494,B04,P3,PAY009198,2025-10-31,1,1
M03494,B04,P3,PAY010578,2026-02-11,1,1
M03494,B04,P3,PAY011817,2026-05-08,0,1
M03495,B04,P5,PAY003495,2026-01-09,1,1
M03496,B04,P5,PAY003496,2026-01-11,1,1
M03497,B04,P2,PAY003497,2025-02-20,0,1
M03498,B04,P4,PAY003498,2025-07-20,0,1
M03499,B04,P4,PAY003499,2025-07-11,1,1
M03499,B04,P4,PAY009019,2026-01-12,1,1
M03500,B04,P5,PAY003500,2026-01-14,1,1
M03501,B04,P4,PAY003501,2025-07-20,1,1
M03501,B04,P2,PAY009182,2025-08-30,1,1
M03501,B04,P2,PAY009763,2025-10-01,0,1
M03502,B04,P1,PAY003502,2025-02-08,0,1
M03503,B04,P3,PAY003503,2025-04-03,1,1
M03503,B04,P3,PAY007275,2025-07-04,1,1
M03503,B04,P3,PAY008917,2025-10-15,1,1
M03503,B04,P3,PAY010373,2026-01-13,0,1
M03504,B04,P5,PAY003504,2026-01-15,1,1
M03504,B04,P1,PAY011478,2026-02-21,1,1
M03504,B04,P1,PAY011951,2026-04-01,1,1
M03504,B04,P1,PAY012484,2026-05-12,0,1
M03505,B04,P1,PAY003505,2025-02-11,1,1
M03505,B04,P1,PAY006100,2025-03-22,1,1
M03505,B04,P1,PAY007055,2025-05-01,0,1
M03506,B04,P1,PAY003506,2025-02-17,0,1
M03507,B04,P3,PAY003507,2025-04-17,0,1
M03508,B04,P4,PAY003508,2025-07-30,1,1
M03508,B04,P4,PAY009363,2026-02-01,1,1
M03509,B04,P1,PAY003509,2025-02-22,0,1
M03510,B04,P1,PAY003510,2025-02-03,0,1
M03511,B04,P3,PAY003511,2025-04-29,1,1
M03511,B04,P3,PAY007811,2025-07-27,1,1
M03511,B04,P3,PAY009302,2025-10-26,0,1
M03512,B04,P1,PAY003512,2025-02-28,0,1
M03513,B04,P1,PAY003513,2025-02-09,1,1
M03513,B04,P4,PAY006049,2025-08-08,0,1
M03514,B04,P1,PAY003514,2025-02-28,0,1
M03515,B04,P1,PAY003515,2025-02-10,0,1
M03516,B04,P2,PAY003516,2025-02-04,0,1
M03517,B04,P1,PAY003517,2025-02-01,0,1
M03518,B04,P3,PAY003518,2025-04-29,1,1
M03518,B04,P3,PAY007812,2025-08-01,1,1
M03518,B04,P3,PAY009379,2025-11-09,1,1
M03518,B04,P3,PAY010696,2026-02-17,0,1
M03519,B04,P1,PAY003519,2025-02-06,1,1
M03519,B04,P1,PAY005982,2025-03-04,1,1
M03519,B04,P3,PAY006651,2025-06-13,0,1
M03520,B04,P5,PAY003520,2026-01-23,1,1
M03520,B04,P3,PAY011587,2026-05-03,1,1
M03521,B04,P2,PAY003521,2025-02-23,1,1
M03521,B04,P2,PAY006402,2025-03-24,1,1
M03521,B04,P2,PAY007103,2025-04-28,1,1
M03521,B04,P2,PAY007784,2025-06-04,1,1
M03521,B04,P2,PAY008432,2025-07-04,1,1
M03521,B04,P2,PAY008918,2025-08-08,0,1
M03522,B04,P1,PAY003522,2025-02-09,1,1
M03522,B04,P3,PAY006050,2025-05-12,1,1
M03522,B04,P3,PAY008061,2025-08-11,1,1
M03522,B04,P3,PAY009515,2025-11-14,0,1
M03523,B04,P2,PAY003523,2025-02-04,0,1
M03524,B04,P1,PAY003524,2025-02-08,1,1
M03524,B04,P1,PAY006021,2025-03-14,0,1
M03525,B04,P4,PAY003525,2025-07-15,1,1
M03525,B04,P4,PAY009094,2026-01-14,0,1
M03526,B04,P1,PAY003526,2025-02-17,0,1
M03527,B04,P1,PAY003527,2025-02-05,1,1
M03527,B04,P1,PAY005955,2025-03-13,1,1
M03527,B04,P1,PAY006851,2025-04-20,1,1
M03527,B04,P1,PAY007635,2025-05-28,0,1
M03528,B04,P3,PAY003528,2025-04-18,1,1
M03528,B04,P4,PAY007599,2025-10-19,1,1
M03528,B04,P1,PAY010422,2025-11-24,1,1
M03528,B04,P1,PAY010856,2025-12-28,0,1
M03529,B04,P4,PAY003529,2025-07-02,1,1
M03529,B04,P4,PAY008892,2026-01-05,1,1
M03530,B04,P2,PAY003530,2025-02-17,0,1
M03531,B04,P3,PAY003531,2025-04-24,1,1
M03531,B04,P3,PAY007725,2025-07-25,0,1
M03532,B04,P3,PAY003532,2025-04-02,0,1
M03533,B04,P2,PAY003533,2025-02-20,0,1
M03534,B04,P3,PAY003534,2025-04-09,1,1
M03534,B04,P3,PAY007396,2025-07-20,1,1
M03534,B04,P3,PAY009183,2025-10-26,1,1
M03534,B04,P3,PAY010516,2026-01-31,1,1
M03534,B04,P3,PAY011679,2026-04-30,1,1
M03535,B04,P2,PAY003535,2025-02-11,1,1
M03535,B04,P2,PAY006101,2025-03-11,1,1
M03535,B04,P2,PAY006805,2025-04-10,1,1
M03535,B04,P2,PAY007427,2025-05-17,0,1
M03536,B04,P3,PAY003536,2025-04-07,1,1
M03536,B04,P3,PAY007360,2025-07-06,1,1
M03536,B04,P4,PAY008941,2026-01-13,1,1
M03537,B04,P2,PAY003537,2025-02-21,1,1
M03537,B04,P2,PAY006348,2025-03-27,0,1
M03538,B04,P1,PAY003538,2025-02-20,1,1
M03538,B04,P1,PAY006321,2025-03-22,1,1
M03538,B04,P1,PAY007056,2025-04-23,1,1
M03538,B04,P5,PAY007700,2026-04-25,1,1
M03539,B04,P3,PAY003539,2025-04-30,0,1
M03540,B04,P5,PAY003540,2026-01-20,1,1
M03541,B04,P1,PAY003541,2025-02-14,1,1
M03541,B04,P1,PAY006183,2025-03-21,1,1
M03541,B04,P1,PAY007031,2025-04-30,1,1
M03541,B04,P1,PAY007849,2025-06-08,1,1
M03541,B04,P1,PAY008501,2025-07-10,0,1
M03542,B04,P4,PAY003542,2025-07-28,1,1
M03542,B04,P4,PAY009320,2026-01-23,0,1
M03543,B04,P3,PAY003543,2025-04-16,1,1
M03543,B04,P3,PAY007554,2025-07-15,1,1
M03543,B04,P3,PAY009095,2025-10-26,0,1
M03544,B04,P5,PAY003544,2026-01-15,1,1
M03545,B04,P5,PAY003545,2026-01-09,1,1
M03546,B04,P2,PAY003546,2025-03-17,0,1
M03547,B04,P3,PAY003547,2025-05-23,0,1
M03548,B04,P1,PAY003548,2025-03-13,0,1
M03549,B04,P3,PAY003549,2025-05-17,0,1
M03550,B04,P1,PAY003550,2025-03-25,1,1
M03550,B04,P3,PAY007122,2025-06-24,1,1
M03550,B04,P1,PAY008743,2025-07-21,1,1
M03550,B04,P1,PAY009199,2025-08-27,0,1
M03551,B04,P5,PAY003551,2026-02-03,0,1
M03552,B04,P1,PAY003552,2025-03-24,1,1
M03552,B04,P1,PAY007104,2025-04-28,1,1
M03552,B04,P1,PAY007785,2025-06-06,0,1
M03553,B04,P5,PAY003553,2026-02-12,1,1
M03554,B04,P5,PAY003554,2026-02-19,1,1
M03554,B04,P1,PAY011924,2026-03-21,1,1
M03554,B04,P1,PAY012362,2026-05-01,0,1
M03555,B04,P4,PAY003555,2025-08-27,1,1
M03555,B04,P4,PAY009727,2026-02-22,1,1
M03556,B04,P4,PAY003556,2025-08-18,1,1
M03556,B04,P4,PAY009596,2026-02-26,0,1
M03557,B04,P2,PAY003557,2025-03-19,1,1
M03557,B04,P2,PAY006972,2025-04-21,0,1
M03558,B04,P1,PAY003558,2025-03-22,1,1
M03558,B04,P1,PAY007057,2025-04-22,1,1
M03558,B04,P1,PAY007681,2025-06-02,1,1
M03558,B04,P1,PAY008387,2025-07-05,0,1
M03559,B04,P5,PAY003559,2026-02-07,1,1
M03560,B04,P4,PAY003560,2025-08-13,1,1
M03560,B04,P4,PAY009534,2026-02-08,1,1
M03561,B04,P3,PAY003561,2025-05-04,0,1
M03562,B04,P3,PAY003562,2025-05-20,0,1
M03563,B04,P1,PAY003563,2025-03-05,1,1
M03563,B04,P5,PAY006676,2026-03-12,0,1
M03564,B04,P4,PAY003564,2025-08-25,1,1
M03564,B04,P4,PAY009699,2026-03-02,0,1
M03565,B04,P2,PAY003565,2025-03-17,1,1
M03565,B04,P2,PAY006932,2025-04-16,1,1
M03565,B04,P2,PAY007555,2025-05-19,0,1
M03566,B04,P3,PAY003566,2025-05-25,0,1
M03567,B04,P1,PAY003567,2025-03-21,1,1
M03567,B04,P1,PAY007032,2025-04-30,0,1
M03568,B04,P3,PAY003568,2025-05-01,1,1
M03568,B04,P3,PAY007870,2025-08-03,0,1
M03569,B04,P5,PAY003569,2026-02-09,1,1
M03570,B04,P1,PAY003570,2025-03-22,0,1
M03571,B04,P3,PAY003571,2025-05-11,1,1
M03571,B04,P3,PAY008049,2025-08-18,1,1
M03571,B04,P3,PAY009597,2025-11-19,0,1
M03572,B04,P1,PAY003572,2025-03-04,0,1
M03573,B04,P3,PAY003573,2025-05-17,1,1
M03573,B04,P3,PAY008150,2025-08-18,1,1
M03573,B04,P3,PAY009598,2025-11-27,0,1
M03574,B04,P4,PAY003574,2025-08-16,1,1
M03574,B04,P4,PAY009570,2026-02-26,1,1
M03575,B04,P2,PAY003575,2025-03-19,1,1
M03575,B04,P2,PAY006973,2025-04-15,0,1
M03576,B04,P1,PAY003576,2025-03-05,1,1
M03576,B04,P1,PAY006677,2025-04-10,0,1
M03577,B04,P3,PAY003577,2025-05-23,1,1
M03577,B04,P3,PAY008242,2025-08-22,1,1
M03577,B04,P3,PAY009649,2025-11-25,1,1
M03577,B04,P2,PAY010873,2025-12-22,1,1
M03577,B04,P2,PAY011183,2026-01-30,0,1
M03578,B04,P3,PAY003578,2025-05-05,1,1
M03578,B04,P3,PAY007941,2025-08-10,1,1
M03578,B04,P3,PAY009504,2025-11-07,1,1
M03578,B04,P3,PAY010664,2026-02-15,0,1
M03579,B04,P3,PAY003579,2025-05-06,1,1
M03579,B04,P3,PAY007955,2025-08-10,0,1
M03580,B04,P3,PAY003580,2025-05-14,1,1
M03580,B04,P3,PAY008100,2025-08-16,1,1
M03580,B04,P4,PAY009571,2026-02-12,1,1
M03581,B04,P3,PAY003581,2025-05-17,1,1
M03581,B04,P1,PAY008151,2025-06-28,0,1
M03582,B04,P5,PAY003582,2026-02-14,0,1
M03583,B04,P2,PAY003583,2025-03-25,0,1
M03584,B04,P5,PAY003584,2026-02-13,0,1
M03585,B04,P5,PAY003585,2026-03-18,0,1
M03586,B04,P4,PAY003586,2025-09-30,1,1
M03586,B04,P1,PAY010185,2025-10-27,1,1
M03586,B04,P1,PAY010532,2025-12-05,1,1
M03586,B04,P1,PAY011009,2026-01-12,0,1
M03587,B04,P1,PAY003587,2025-04-19,1,1
M03587,B04,P1,PAY007616,2025-05-17,1,1
M03587,B04,P1,PAY008152,2025-06-18,1,1
M03587,B04,P1,PAY008657,2025-07-21,1,1
M03587,B04,P4,PAY009200,2026-01-30,0,1
M03588,B04,P1,PAY003588,2025-04-12,1,1
M03588,B04,P1,PAY007479,2025-05-16,0,1
M03589,B04,P1,PAY003589,2025-04-14,0,1
M03590,B04,P1,PAY003590,2025-04-30,0,1
M03591,B04,P3,PAY003591,2025-06-21,0,1
M03592,B04,P2,PAY003592,2025-04-21,0,1
M03593,B04,P1,PAY003593,2025-04-22,1,1
M03593,B04,P1,PAY007682,2025-05-17,1,1
M03593,B04,P1,PAY008153,2025-06-17,1,1
M03593,B04,P5,PAY008639,2026-06-15,1,1
M03594,B04,P3,PAY003594,2025-06-24,0,1
M03595,B04,P5,PAY003595,2026-03-24,1,1
M03596,B04,P4,PAY003596,2025-09-10,1,1
M03596,B04,P4,PAY009898,2026-03-06,0,1
M03597,B04,P1,PAY003597,2025-04-16,1,1
M03597,B04,P1,PAY007556,2025-05-20,1,1
M03597,B04,P1,PAY008191,2025-06-25,1,1
M03597,B04,P1,PAY008761,2025-08-02,1,1
M03597,B04,P1,PAY009393,2025-09-01,1,1
M03597,B04,P1,PAY009787,2025-10-01,1,1
M03597,B04,P4,PAY010205,2026-03-28,1,1
M03598,B04,P2,PAY003598,2025-04-01,1,1
M03598,B04,P2,PAY007219,2025-05-03,0,1
M03599,B04,P1,PAY003599,2025-04-13,0,1
M03600,B04,P3,PAY003600,2025-06-07,1,1
M03600,B04,P4,PAY008483,2025-12-08,1,1
M03600,B04,P4,PAY011043,2026-06-14,0,1
M03601,B04,P4,PAY003601,2025-09-30,1,1
M03601,B04,P4,PAY010186,2026-04-09,0,1
M03602,B04,P5,PAY003602,2026-03-23,1,1
M03603,B04,P3,PAY003603,2025-06-06,1,1
M03603,B04,P3,PAY008469,2025-09-05,1,1
M03603,B04,P3,PAY009839,2025-12-15,0,1
M03604,B04,P3,PAY003604,2025-06-24,1,1
M03604,B04,P3,PAY008744,2025-10-04,1,1
M03604,B04,P3,PAY010240,2026-01-05,1,1
M03604,B04,P3,PAY011350,2026-04-10,1,1
M03605,B04,P1,PAY003605,2025-04-15,0,1
M03606,B04,P1,PAY003606,2025-04-19,0,1
M03607,B04,P5,PAY003607,2026-03-31,1,1
M03608,B04,P4,PAY003608,2025-09-10,1,1
M03608,B04,P4,PAY009899,2026-03-12,1,1
M03609,B04,P3,PAY003609,2025-06-25,0,1
M03610,B04,P1,PAY003610,2025-04-02,1,1
M03610,B04,P1,PAY007247,2025-05-02,1,1
M03610,B04,P1,PAY007891,2025-06-12,1,1
M03610,B04,P1,PAY008557,2025-07-22,0,1
M03611,B04,P1,PAY003611,2025-04-11,0,1
M03612,B04,P1,PAY003612,2025-04-28,1,1
M03612,B04,P1,PAY007786,2025-06-03,0,1
M03613,B04,P2,PAY003613,2025-04-26,0,1
M03614,B04,P1,PAY003614,2025-04-01,0,1
M03615,B04,P1,PAY003615,2025-04-26,1,1
M03615,B04,P1,PAY007762,2025-05-22,0,1
M03616,B04,P3,PAY003616,2025-06-24,0,1
M03617,B04,P3,PAY003617,2025-06-10,0,1
M03618,B04,P1,PAY003618,2025-04-06,1,1
M03618,B04,P1,PAY007339,2025-05-10,1,1
M03618,B04,P1,PAY008033,2025-06-12,1,1
M03618,B04,P1,PAY008558,2025-07-20,1,1
M03618,B04,P1,PAY009184,2025-08-26,1,1
M03618,B04,P1,PAY009717,2025-10-03,1,1
M03618,B04,P1,PAY010223,2025-11-12,1,1
M03618,B04,P1,PAY010726,2025-12-15,1,1
M03618,B04,P1,PAY011119,2026-01-18,1,1
M03618,B04,P3,PAY011516,2026-04-13,1,1
M03619,B04,P1,PAY003619,2025-04-21,0,1
M03620,B04,P5,PAY003620,2026-03-28,1,1
M03620,B04,P1,PAY012454,2026-05-02,1,1
M03620,B04,P1,PAY012946,2026-05-28,0,1
M03621,B04,P5,PAY003621,2026-03-25,1,1
M03622,B04,P1,PAY003622,2025-04-02,0,1
M03623,B04,P3,PAY003623,2025-06-22,0,1
M03624,B04,P3,PAY003624,2025-07-05,1,1
M03624,B04,P3,PAY008930,2025-10-08,1,1
M03624,B04,P1,PAY010281,2025-11-11,1,1
M03624,B04,P1,PAY010719,2025-12-14,1,1
M03624,B04,P1,PAY011111,2026-01-19,1,1
M03624,B04,P1,PAY011529,2026-02-22,0,1
M03625,B04,P3,PAY003625,2025-07-19,0,1
M03626,B04,P4,PAY003626,2025-10-03,0,1
M03627,B04,P1,PAY003627,2025-05-28,1,1
M03627,B04,P1,PAY008327,2025-06-24,1,1
M03627,B04,P1,PAY008745,2025-07-23,0,1
M03628,B04,P2,PAY003628,2025-05-23,1,1
M03628,B04,P2,PAY008243,2025-06-30,1,1
M03628,B04,P1,PAY008856,2025-08-04,1,1
M03628,B04,P1,PAY009424,2025-09-13,1,1
M03628,B04,P1,PAY009937,2025-10-22,1,1
M03628,B04,P3,PAY010459,2026-02-01,1,1
M03628,B04,P1,PAY011694,2026-02-28,1,1
M03628,B04,P1,PAY012062,2026-04-04,0,1
M03629,B04,P3,PAY003629,2025-07-15,1,1
M03629,B04,P4,PAY009096,2026-01-15,1,1
M03630,B04,P1,PAY003630,2025-05-23,1,1
M03630,B04,P1,PAY008244,2025-06-27,0,1
M03631,B04,P3,PAY003631,2025-07-15,1,1
M03631,B04,P3,PAY009097,2025-10-13,0,1
M03632,B04,P3,PAY003632,2025-07-14,1,1
M03632,B04,P3,PAY009074,2025-10-15,1,1
M03632,B04,P3,PAY010374,2026-01-19,1,1
M03632,B04,P3,PAY011530,2026-04-25,1,1
M03633,B04,P3,PAY003633,2025-07-24,1,1
M03633,B04,P3,PAY009251,2025-10-27,1,1
M03633,B04,P3,PAY010533,2026-02-06,1,1
M03634,B04,P4,PAY003634,2025-10-30,1,1
M03634,B04,P4,PAY010572,2026-05-01,1,1
M03635,B04,P4,PAY003635,2025-10-12,0,1
M03636,B04,P3,PAY003636,2025-07-27,1,1
M03636,B04,P3,PAY009303,2025-10-24,1,1
M03636,B04,P3,PAY010489,2026-01-30,0,1
M03637,B04,P2,PAY003637,2025-05-05,0,1
M03638,B04,P1,PAY003638,2025-05-02,1,1
M03638,B04,P1,PAY007892,2025-06-09,0,1
M03639,B04,P5,PAY003639,2026-04-12,0,1
M03640,B04,P4,PAY003640,2025-10-14,1,1
M03640,B04,P4,PAY010364,2026-04-23,1,1
M03641,B04,P3,PAY003641,2025-07-29,1,1
M03641,B04,P3,PAY009342,2025-11-07,1,1
M03641,B04,P3,PAY010665,2026-02-13,1,1
M03641,B04,P3,PAY011846,2026-05-24,1,1
M03642,B04,P1,PAY003642,2025-05-14,1,1
M03642,B04,P1,PAY008101,2025-06-24,1,1
M03642,B04,P1,PAY008746,2025-07-29,1,1
M03642,B04,P1,PAY009343,2025-09-07,0,1
M03643,B04,P2,PAY003643,2025-05-16,1,1
M03643,B04,P2,PAY008133,2025-06-21,1,1
M03643,B04,P2,PAY008693,2025-07-30,0,1
M03644,B04,P2,PAY003644,2025-05-22,1,1
M03644,B04,P2,PAY008227,2025-06-22,1,1
M03644,B04,P2,PAY008710,2025-08-03,1,1
M03644,B04,P2,PAY009411,2025-09-06,1,1
M03644,B04,P2,PAY009846,2025-10-04,1,1
M03644,B04,P2,PAY010241,2025-11-07,1,1
M03644,B04,P2,PAY010666,2025-12-03,1,1
M03644,B04,P2,PAY010981,2026-01-02,1,1
M03644,B04,P2,PAY011319,2026-02-13,1,1
M03644,B04,P2,PAY011847,2026-03-12,0,1
M03645,B04,P5,PAY003645,2026-04-02,0,1
M03646,B04,P3,PAY003646,2025-07-25,1,1
M03646,B04,P3,PAY009270,2025-10-27,1,1
M03646,B04,P4,PAY010534,2026-04-28,1,1
M03647,B04,P4,PAY003647,2025-10-26,1,1
M03647,B04,P4,PAY010517,2026-04-22,0,1
M03648,B04,P3,PAY003648,2025-07-14,1,1
M03649,B04,P5,PAY003649,2026-04-03,1,1
M03650,B04,P5,PAY003650,2026-04-30,1,1
M03651,B04,P4,PAY003651,2025-10-28,0,1
M03652,B04,P1,PAY003652,2025-05-20,0,1
M03653,B04,P3,PAY003653,2025-07-21,0,1
M03654,B04,P1,PAY003654,2025-05-20,0,1
M03655,B04,P4,PAY003655,2025-10-19,0,1
M03656,B04,P3,PAY003656,2025-07-01,1,1
M03656,B04,P3,PAY008874,2025-10-02,0,1
M03657,B04,P3,PAY003657,2025-07-18,0,1
M03658,B04,P2,PAY003658,2025-05-28,1,1
M03658,B04,P2,PAY008328,2025-06-29,1,1
M03658,B04,P2,PAY008824,2025-07-28,1,1
M03658,B04,P2,PAY009321,2025-08-29,0,1
M03659,B04,P2,PAY003659,2025-05-04,1,1
M03659,B04,P2,PAY007923,2025-06-04,1,1
M03659,B04,P2,PAY008433,2025-07-11,1,1
M03659,B04,P2,PAY009020,2025-08-14,0,1
M03660,B04,P5,PAY003660,2026-04-08,1,1
M03661,B04,P1,PAY003661,2025-05-12,1,1
M03661,B04,P1,PAY008062,2025-06-18,1,1
M03661,B04,P1,PAY008658,2025-07-27,1,1
M03661,B04,P1,PAY009304,2025-08-23,1,1
M03661,B04,P3,PAY009665,2025-11-30,0,1
M03662,B04,P2,PAY003662,2025-05-01,1,1
M03662,B04,P4,PAY007871,2025-11-05,0,1
M03663,B04,P3,PAY003663,2025-07-07,0,1
M03664,B04,P3,PAY003664,2025-07-11,1,1
M03664,B04,P3,PAY009021,2025-10-11,1,1
M03664,B04,P3,PAY010314,2026-01-20,1,1
M03664,B04,P3,PAY011545,2026-04-25,1,1
M03665,B04,P1,PAY003665,2025-05-21,1,1
M03665,B04,P4,PAY008211,2025-11-16,1,1
M03665,B04,P4,PAY010768,2026-05-20,0,1
M03666,B04,P2,PAY003666,2025-06-16,0,1
M03667,B04,P1,PAY003667,2025-06-16,1,1
M03667,B04,P1,PAY008624,2025-07-26,1,1
M03667,B04,P1,PAY009287,2025-08-21,0,1
M03668,B04,P1,PAY003668,2025-06-07,1,1
M03668,B04,P1,PAY008484,2025-07-08,1,1
M03668,B04,P1,PAY008968,2025-08-10,0,1
M03669,B04,P1,PAY003669,2025-06-21,0,1
M03670,B04,P1,PAY003670,2025-06-05,1,1
M03670,B04,P1,PAY008452,2025-07-15,1,1
M03670,B04,P1,PAY009098,2025-08-22,1,1
M03670,B04,P1,PAY009650,2025-09-21,1,1
M03670,B04,P1,PAY010052,2025-10-22,1,1
M03670,B04,P1,PAY010460,2025-11-26,1,1
M03670,B04,P1,PAY010884,2026-01-05,0,1
M03671,B04,P2,PAY003671,2025-06-08,1,1
M03671,B04,P2,PAY008502,2025-07-07,0,1
M03672,B04,P1,PAY003672,2025-06-27,1,1
M03672,B04,P1,PAY008790,2025-08-01,1,1
M03672,B04,P1,PAY009380,2025-09-11,1,1
M03672,B04,P1,PAY009911,2025-10-19,1,1
M03672,B04,P1,PAY010423,2025-11-18,1,1
M03672,B04,P1,PAY010793,2025-12-29,0,1
M03673,B04,P1,PAY003673,2025-06-27,0,1
M03674,B04,P2,PAY003674,2025-06-24,0,1
M03675,B04,P1,PAY003675,2025-06-06,1,1
M03675,B04,P1,PAY008470,2025-07-11,1,1
M03675,B04,P1,PAY009022,2025-08-19,0,1
M03676,B04,P1,PAY003676,2025-06-24,1,1
M03676,B04,P1,PAY008747,2025-07-28,0,1
M03677,B04,P3,PAY003677,2025-08-09,1,1
M03677,B04,P3,PAY009489,2025-11-17,1,1
M03677,B04,P3,PAY010777,2026-02-19,1,1
M03677,B04,P3,PAY011925,2026-05-14,1,1
M03678,B04,P3,PAY003678,2025-08-29,1,1
M03678,B04,P3,PAY009751,2025-12-04,0,1
M03679,B04,P3,PAY003679,2025-08-04,1,1
M03679,B04,P3,PAY009425,2025-11-11,1,1
M03679,B04,P3,PAY010720,2026-02-19,0,1
M03680,B04,P2,PAY003680,2025-06-30,1,1
M03680,B04,P2,PAY008857,2025-08-08,1,1
M03680,B04,P2,PAY009476,2025-09-03,0,1
M03681,B04,P1,PAY003681,2025-06-01,1,1
M03681,B04,P1,PAY008373,2025-07-11,1,1
M03681,B04,P1,PAY009023,2025-08-07,0,1
M03682,B04,P2,PAY003682,2025-06-27,1,1
M03682,B04,P2,PAY008791,2025-07-29,1,1
M03682,B04,P2,PAY009344,2025-08-24,0,1
M03683,B04,P2,PAY003683,2025-06-30,1,1
M03683,B04,P2,PAY008858,2025-08-08,0,1
M03684,B04,P3,PAY003684,2025-08-04,1,1
M03684,B04,P3,PAY009426,2025-11-02,0,1
M03685,B04,P2,PAY003685,2025-07-23,1,1
M03685,B04,P2,PAY009232,2025-08-25,1,1
M03685,B04,P2,PAY009700,2025-09-23,1,1
M03685,B04,P2,PAY010076,2025-10-19,1,1
M03685,B04,P2,PAY010424,2025-11-28,0,1
M03686,B04,P4,PAY003686,2025-12-09,1,1
M03686,B04,P4,PAY011053,2026-06-06,1,1
M03687,B04,P1,PAY003687,2025-07-30,0,1
M03688,B04,P3,PAY003688,2025-09-14,1,1
M03688,B04,P3,PAY009955,2025-12-12,1,1
M03688,B04,P3,PAY011084,2026-03-12,1,1
M03688,B04,P3,PAY012243,2026-06-19,1,0
M03689,B04,P3,PAY003689,2025-09-06,1,1
M03689,B04,P3,PAY009847,2025-12-10,1,1
M03689,B04,P3,PAY011059,2026-03-18,0,1
M03690,B04,P2,PAY003690,2025-07-04,1,1
M03690,B04,P2,PAY008919,2025-08-05,0,1
M03691,B04,P4,PAY003691,2025-12-12,0,1
M03692,B04,P3,PAY003692,2025-09-18,0,1
M03693,B04,P3,PAY003693,2025-09-20,1,1
M03693,B04,P3,PAY010035,2025-12-19,0,1
M03694,B04,P3,PAY003694,2025-09-15,0,1
M03695,B04,P3,PAY003695,2025-09-13,0,1
M03696,B04,P3,PAY003696,2025-09-02,0,1
M03697,B04,P1,PAY003697,2025-07-22,1,1
M03697,B04,P1,PAY009210,2025-08-17,1,1
M03697,B04,P1,PAY009582,2025-09-27,0,1
M03698,B04,P1,PAY003698,2025-07-23,1,1
M03698,B04,P1,PAY009233,2025-08-30,0,1
M03699,B04,P3,PAY003699,2025-09-02,1,1
M03699,B04,P3,PAY009802,2025-11-28,1,1
M03699,B04,P3,PAY010906,2026-02-28,1,1
M03699,B04,P3,PAY012063,2026-05-28,1,1
M03700,B04,P3,PAY003700,2025-09-15,1,1
M03700,B04,P3,PAY009968,2025-12-10,1,1
M03700,B04,P3,PAY011060,2026-03-20,1,1
M03700,B04,P3,PAY012347,2026-06-30,0,0
M03701,B04,P4,PAY003701,2025-12-29,1,1
M03701,B04,P4,PAY011274,2026-06-25,1,0
M03702,B04,P1,PAY003702,2025-07-30,1,1
M03702,B04,P1,PAY009364,2025-08-26,0,1
M03703,B04,P1,PAY003703,2025-07-17,0,1
M03704,B04,P2,PAY003704,2025-07-04,1,1
M03704,B04,P1,PAY008920,2025-08-14,1,1
M03704,B04,P1,PAY009550,2025-09-22,1,1
M03704,B04,P1,PAY010065,2025-11-02,1,1
M03704,B04,P1,PAY010593,2025-12-11,1,1
M03704,B04,P1,PAY011073,2026-01-18,1,1
M03705,B04,P1,PAY003705,2025-08-31,1,1
M03705,B04,P1,PAY009778,2025-10-11,1,1
M03705,B04,P1,PAY010315,2025-11-12,0,1
M03706,B04,P3,PAY003706,2025-10-09,1,1
M03706,B04,P3,PAY010289,2026-01-20,1,1
M03706,B04,P3,PAY011546,2026-04-26,1,1
M03706,B04,P2,PAY012854,2026-05-28,0,1
M03707,B04,P3,PAY003707,2025-10-05,1,1
M03707,B04,P3,PAY010248,2025-12-30,1,1
M03708,B04,P1,PAY003708,2025-08-24,1,1
M03708,B04,P1,PAY009679,2025-09-25,1,1
M03708,B04,P1,PAY010107,2025-11-02,1,1
M03708,B04,P1,PAY010594,2025-12-01,1,1
M03708,B04,P1,PAY010958,2026-01-07,1,1
M03708,B04,P1,PAY011375,2026-02-10,0,1
M03709,B04,P2,PAY003709,2025-08-07,1,1
M03709,B04,P2,PAY009460,2025-09-03,1,1
M03709,B04,P2,PAY009814,2025-10-05,0,1
M03710,B04,P1,PAY003710,2025-08-01,0,1
M03711,B04,P2,PAY003711,2025-08-23,1,1
M03711,B04,P2,PAY009666,2025-09-29,0,1
M03712,B04,P1,PAY003712,2025-08-13,1,1
M03712,B04,P1,PAY009535,2025-09-21,0,1
M03713,B04,P4,PAY003713,2026-01-02,1,1
M03714,B04,P4,PAY003714,2026-01-17,1,1
M03715,B04,P1,PAY003715,2025-08-25,1,1
M03715,B04,P1,PAY009701,2025-10-01,1,1
M03715,B04,P1,PAY010206,2025-11-07,1,1
M03715,B04,P1,PAY010667,2025-12-05,1,1
M03715,B04,P3,PAY011010,2026-03-07,0,1
M03716,B04,P1,PAY003716,2025-08-01,1,1
M03716,B04,P1,PAY009381,2025-09-05,1,1
M03716,B04,P1,PAY009840,2025-10-03,0,1
M03717,B04,P2,PAY003717,2025-08-30,0,1
M03718,B04,P4,PAY003718,2026-01-07,0,1
M03719,B04,P3,PAY003719,2025-10-12,1,1
M03720,B04,P4,PAY003720,2026-01-09,1,1
M03721,B04,P3,PAY003721,2025-10-08,0,1
M03722,B04,P4,PAY003722,2026-01-08,1,1
M03723,B04,P1,PAY003723,2025-08-15,0,1
M03724,B04,P1,PAY003724,2025-08-08,1,1
M03724,B04,P1,PAY009477,2025-09-08,1,1
M03724,B04,P1,PAY009871,2025-10-18,1,1
M03724,B04,P1,PAY010404,2025-11-16,1,1
M03724,B04,P1,PAY010769,2025-12-19,1,1
M03724,B04,P1,PAY011157,2026-01-17,0,1
M03725,B04,P1,PAY003725,2025-08-19,0,1
M03726,B04,P4,PAY003726,2026-01-23,1,1
M03727,B04,P3,PAY003727,2025-11-05,1,1
M03727,B04,P3,PAY010637,2026-02-07,0,1
M03728,B04,P3,PAY003728,2025-11-05,1,1
M03728,B04,P3,PAY010638,2026-02-01,1,1
M03728,B04,P3,PAY011695,2026-05-10,0,1
M03729,B04,P1,PAY003729,2025-09-15,0,1
M03730,B04,P2,PAY003730,2025-09-25,0,1
M03731,B04,P1,PAY003731,2025-09-30,0,1
M03732,B04,P4,PAY003732,2026-02-22,1,1
M03733,B04,P1,PAY003733,2025-09-15,0,1
M03734,B04,P3,PAY003734,2025-11-10,1,1
M03734,B04,P3,PAY010704,2026-02-05,0,1
M03735,B04,P1,PAY003735,2025-09-19,1,1
M03735,B04,P1,PAY010017,2025-10-15,1,1
M03735,B04,P4,PAY010375,2026-04-18,0,1
M03737,B04,P3,PAY003737,2025-11-29,1,1
M03737,B04,P3,PAY010919,2026-03-02,1,1
M03737,B04,P3,PAY012095,2026-05-26,1,1
M03738,B04,P3,PAY003738,2025-11-24,1,1
M03738,B04,P3,PAY010857,2026-02-28,1,1
M03738,B04,P3,PAY012064,2026-06-02,0,1
M03739,B04,P4,PAY003739,2026-02-01,0,1
M03740,B04,P4,PAY003740,2026-02-13,0,1
M03741,B04,P3,PAY003741,2025-11-18,0,1
M03743,B04,P2,PAY003743,2025-09-29,1,1
M03743,B04,P2,PAY010163,2025-11-03,0,1
M03744,B04,P3,PAY003744,2025-11-17,1,1
M03744,B04,P3,PAY010778,2026-02-28,1,1
M03744,B04,P3,PAY012065,2026-06-06,1,1
M03745,B04,P1,PAY003745,2025-09-01,1,1
M03745,B04,P1,PAY009788,2025-10-10,0,1
M03746,B04,P3,PAY003746,2025-11-21,0,1
M03748,B04,P2,PAY003748,2025-09-28,1,1
M03748,B04,P3,PAY010143,2026-01-05,1,1
M03748,B04,P3,PAY011351,2026-04-01,1,1
M03748,B04,P3,PAY012485,2026-06-30,0,0
M03749,B04,P4,PAY003749,2026-02-28,0,1
M03750,B04,P4,PAY003750,2026-02-16,1,1
M03752,B04,P1,PAY003752,2025-10-29,0,1
M03753,B04,P3,PAY003753,2025-12-16,0,1
M03754,B04,P1,PAY003754,2025-10-26,0,1
M03755,B04,P4,PAY003755,2026-03-02,1,1
M03756,B04,P1,PAY003756,2025-10-10,1,1
M03756,B04,P1,PAY010301,2025-11-19,1,1
M03756,B04,P1,PAY010807,2025-12-27,1,1
M03756,B04,P1,PAY011251,2026-01-31,0,1
M03758,B04,P3,PAY003758,2025-12-28,0,1
M03759,B04,P1,PAY003759,2025-10-05,1,1
M03759,B04,P1,PAY010249,2025-11-06,1,1
M03759,B04,P1,PAY010651,2025-12-04,0,1
M03761,B04,P4,PAY003761,2026-03-30,0,1
M03762,B04,P3,PAY003762,2025-12-03,0,1
M03763,B04,P1,PAY003763,2025-10-27,1,1
M03763,B04,P1,PAY010535,2025-11-26,0,1
M03764,B04,P1,PAY003764,2025-10-10,0,1
M03767,B04,P4,PAY003767,2026-03-18,0,1
M03768,B04,P2,PAY003768,2025-10-18,1,1
M03768,B04,P2,PAY010405,2025-11-17,1,1
M03768,B04,P2,PAY010779,2025-12-21,0,1
M03769,B04,P1,PAY003769,2025-10-01,0,1
M03770,B04,P4,PAY003770,2026-04-14,1,1
M03771,B04,P4,PAY003771,2026-04-07,1,1
M03772,B04,P1,PAY003772,2025-11-04,1,1
M03772,B04,P1,PAY010618,2025-12-05,0,1
M03774,B04,P3,PAY003774,2026-01-22,0,1
M03775,B04,P3,PAY003775,2026-01-03,1,1
M03775,B04,P3,PAY011333,2026-04-01,0,1
M03776,B04,P3,PAY003776,2026-01-22,1,1
M03776,B04,P3,PAY011570,2026-04-26,1,1
M03778,B04,P1,PAY003778,2025-11-30,1,1
M03778,B04,P1,PAY010945,2026-01-07,1,1
M03778,B04,P1,PAY011376,2026-02-11,0,1
M03779,B04,P3,PAY003779,2026-01-01,1,1
M03779,B04,P2,PAY011300,2026-02-01,1,1
M03779,B04,P2,PAY011696,2026-02-28,0,1
M03780,B04,P1,PAY003780,2025-11-26,1,1
M03780,B04,P3,PAY010885,2026-03-06,0,1
M03781,B04,P1,PAY003781,2025-11-04,1,1
M03781,B04,P1,PAY010619,2025-12-09,0,1
M03782,B04,P3,PAY003782,2026-01-05,0,1
M03783,B04,P4,PAY003783,2026-04-25,1,1
M03784,B04,P3,PAY003784,2026-01-01,1,1
M03784,B04,P3,PAY011301,2026-03-27,1,1
M03785,B04,P1,PAY003785,2025-11-10,1,1
M03785,B04,P1,PAY010705,2025-12-17,1,1
M03785,B04,P1,PAY011137,2026-01-22,1,1
M03785,B04,P1,PAY011571,2026-02-24,1,1
M03785,B04,P1,PAY011994,2026-04-06,1,1
M03785,B04,P1,PAY012556,2026-05-01,1,1
M03785,B04,P1,PAY012933,2026-05-28,0,1
M03786,B04,P2,PAY003786,2025-12-29,1,1
M03786,B04,P2,PAY011275,2026-01-25,1,1
M03786,B04,P2,PAY011616,2026-02-28,0,1
M03789,B04,P2,PAY003789,2025-12-26,0,1
M03790,B04,P3,PAY003790,2026-02-03,1,1
M03790,B04,P3,PAY011713,2026-05-08,0,1
M03792,B04,P1,PAY003792,2025-12-02,0,1
M03793,B04,P4,PAY003793,2026-05-13,0,1
M03794,B04,P3,PAY003794,2026-02-05,0,1
M03795,B04,P3,PAY003795,2026-02-24,1,1
M03795,B04,P3,PAY011995,2026-05-24,1,1
M03796,B04,P3,PAY003796,2026-02-20,0,1
M03797,B04,P3,PAY003797,2026-02-19,0,1
M03798,B04,P2,PAY003798,2025-12-28,0,1
M03799,B04,P2,PAY003799,2025-12-01,1,1
M03799,B04,P2,PAY010959,2025-12-28,1,1
M03799,B04,P1,PAY011261,2026-01-29,1,1
M03799,B04,P1,PAY011658,2026-03-07,1,1
M03799,B04,P1,PAY012158,2026-04-18,1,1
M03799,B04,P1,PAY012734,2026-05-19,0,1
M03800,B04,P1,PAY003800,2025-12-23,1,1
M03800,B04,P1,PAY011199,2026-01-28,1,1
M03800,B04,P1,PAY011652,2026-02-27,1,1
M03800,B04,P1,PAY012030,2026-04-09,1,1
M03800,B04,P1,PAY012610,2026-05-06,0,1
M03801,B04,P1,PAY003801,2025-12-05,0,1
M03802,B04,P2,PAY003802,2026-01-31,0,1
M03803,B04,P1,PAY003803,2026-01-27,1,1
M03803,B04,P1,PAY011643,2026-03-01,1,1
M03805,B04,P2,PAY003805,2026-01-10,1,1
M03805,B04,P2,PAY011408,2026-02-10,0,1
M03807,B04,P1,PAY003807,2026-01-14,1,1
M03807,B04,P1,PAY011469,2026-02-23,1,1
M03807,B04,P1,PAY011981,2026-03-19,1,1
M03807,B04,P1,PAY012334,2026-04-21,1,1
M03807,B04,P1,PAY012783,2026-05-29,0,1
M03808,B04,P3,PAY003808,2026-03-15,1,1
M03808,B04,P3,PAY012281,2026-06-15,0,1
M03809,B04,P4,PAY003809,2026-06-09,0,1
M03810,B04,P1,PAY003810,2026-01-31,1,1
M03810,B04,P1,PAY011680,2026-03-02,1,1
M03810,B04,P1,PAY012097,2026-04-08,0,1
M03811,B04,P3,PAY003811,2026-03-20,1,1
M03811,B04,P3,PAY012348,2026-06-28,0,0
M03812,B04,P3,PAY003812,2026-03-13,0,1
M03813,B04,P1,PAY003813,2026-01-02,1,1
M03813,B04,P1,PAY011321,2026-01-30,1,1
M03813,B04,P1,PAY011671,2026-02-28,1,1
M03813,B04,P1,PAY012066,2026-04-11,1,1
M03813,B04,P1,PAY012632,2026-05-22,1,1
M03814,B04,P3,PAY003814,2026-03-01,0,1
M03816,B04,P1,PAY003816,2026-01-31,1,1
M03818,B04,P3,PAY003818,2026-03-10,1,1
M03818,B04,P3,PAY012201,2026-06-17,1,0
M03819,B04,P3,PAY003819,2026-03-06,1,1
M03819,B04,P3,PAY012147,2026-06-11,1,1
M03820,B04,P3,PAY003820,2026-03-13,0,1
M03821,B04,P1,PAY003821,2026-02-14,1,1
M03821,B04,P1,PAY011866,2026-03-11,1,1
M03821,B04,P1,PAY012216,2026-04-07,0,1
M03822,B04,P1,PAY003822,2026-02-03,1,1
M03822,B04,P1,PAY011714,2026-03-05,0,1
M03823,B04,P1,PAY003823,2026-02-10,1,1
M03823,B04,P1,PAY011802,2026-03-16,1,1
M03823,B04,P1,PAY012296,2026-04-15,0,1
M03824,B04,P2,PAY003824,2026-02-28,0,1
M03825,B04,P3,PAY003825,2026-04-08,1,1
M03826,B04,P1,PAY003826,2026-02-17,0,1
M03827,B04,P3,PAY003827,2026-04-30,1,1
M03829,B04,P3,PAY003829,2026-04-07,1,1
M03831,B04,P2,PAY003831,2026-02-12,1,1
M03831,B04,P2,PAY011834,2026-03-09,0,1
M03832,B04,P1,PAY003832,2026-02-19,1,1
M03832,B04,P1,PAY011926,2026-03-17,1,1
M03832,B04,P1,PAY012311,2026-04-15,1,1
M03832,B04,P1,PAY012690,2026-05-17,0,1
M03833,B04,P1,PAY003833,2026-02-28,1,1
M03833,B04,P1,PAY012067,2026-04-11,0,1
M03834,B04,P3,PAY003834,2026-04-28,0,1
M03835,B04,P3,PAY003835,2026-04-03,1,1
M03836,B04,P1,PAY003836,2026-02-28,0,1
M03837,B04,P1,PAY003837,2026-02-23,1,1
M03837,B04,P1,PAY011982,2026-04-05,0,1
M03838,B04,P3,PAY003838,2026-04-13,1,1
M03838,B04,P1,PAY012662,2026-05-10,1,1
M03838,B04,P1,PAY013029,2026-06-14,1,1
M03839,B04,P2,PAY003839,2026-02-22,0,1
M03841,B04,P1,PAY003841,2026-02-05,1,1
M03841,B04,P1,PAY011733,2026-03-02,0,1
M03842,B04,P2,PAY003842,2026-02-08,1,1
M03842,B04,P3,PAY011773,2026-05-08,0,1
M03843,B04,P1,PAY003843,2026-02-03,0,1
M03844,B04,P1,PAY003844,2026-02-02,1,1
M03844,B04,P1,PAY011707,2026-03-01,1,1
M03844,B04,P1,PAY012080,2026-04-06,0,1
M03845,B04,P1,PAY003845,2026-02-20,0,1
M03846,B04,P1,PAY003846,2026-02-24,1,1
M03846,B04,P1,PAY011996,2026-03-28,0,1
M03847,B04,P3,PAY003847,2026-04-21,1,1
M03848,B04,P3,PAY003848,2026-04-25,0,1
M03849,B04,P1,PAY003849,2026-02-25,1,1
M03849,B04,P1,PAY012013,2026-03-20,1,1
M03849,B04,P1,PAY012349,2026-04-28,1,1
M03849,B04,P1,PAY012881,2026-05-24,1,1
M03849,B04,P1,PAY013206,2026-06-30,0,0
M03850,B04,P1,PAY003850,2026-02-02,0,1
M03851,B04,P3,PAY003851,2026-04-02,0,1
M03854,B04,P3,PAY003854,2026-04-08,0,1
M03855,B04,P3,PAY003855,2026-04-02,1,1
M03856,B04,P3,PAY003856,2026-04-27,0,1
M03857,B04,P3,PAY003857,2026-04-18,1,1
M03858,B04,P2,PAY003858,2026-02-13,0,1
M03859,B04,P1,PAY003859,2026-03-16,0,1
M03860,B04,P1,PAY003860,2026-03-19,0,1
M03863,B04,P3,PAY003863,2026-05-20,1,1
M03865,B04,P3,PAY003865,2026-05-18,1,1
M03866,B04,P1,PAY003866,2026-03-10,0,1
M03867,B04,P3,PAY003867,2026-05-24,1,1
M03868,B04,P1,PAY003868,2026-03-01,1,1
M03868,B04,P1,PAY012081,2026-04-01,1,1
M03868,B04,P1,PAY012486,2026-05-01,1,1
M03868,B04,P1,PAY012934,2026-06-09,1,1
M03869,B04,P1,PAY003869,2026-03-07,1,1
M03869,B04,P1,PAY012159,2026-04-14,0,1
M03870,B04,P1,PAY003870,2026-03-11,0,1
M03871,B04,P3,PAY003871,2026-05-07,0,1
M03872,B04,P3,PAY003872,2026-05-24,1,1
M03873,B04,P3,PAY003873,2026-05-27,1,1
M03876,B04,P2,PAY003876,2026-03-26,1,1
M03876,B04,P2,PAY012424,2026-04-29,0,1
M03878,B04,P3,PAY003878,2026-05-09,1,1
M03879,B04,P3,PAY003879,2026-05-14,0,1
M03880,B04,P1,PAY003880,2026-03-07,1,1
M03880,B04,P1,PAY012160,2026-04-05,1,1
M03880,B04,P1,PAY012548,2026-05-07,0,1
M03881,B04,P3,PAY003881,2026-05-14,1,1
M03883,B04,P2,PAY003883,2026-03-19,0,1
M03885,B04,P1,PAY003885,2026-04-26,0,1
M03886,B04,P1,PAY003886,2026-04-27,1,1
M03886,B04,P1,PAY012868,2026-06-08,1,1
M03887,B04,P1,PAY003887,2026-04-25,1,1
M03887,B04,P1,PAY012846,2026-06-06,1,1
M03889,B04,P1,PAY003889,2026-04-05,0,1
M03890,B04,P1,PAY003890,2026-04-15,0,1
M03891,B04,P3,PAY003891,2026-06-21,0,0
M03892,B04,P1,PAY003892,2026-04-29,1,1
M03892,B04,P1,PAY012894,2026-06-03,0,1
M03893,B04,P1,PAY003893,2026-04-18,0,1
M03894,B04,P1,PAY003894,2026-04-06,1,1
M03894,B04,P1,PAY012557,2026-05-10,1,1
M03894,B04,P1,PAY013030,2026-06-07,0,1
M03895,B04,P2,PAY003895,2026-04-03,0,1
M03897,B04,P1,PAY003897,2026-04-04,1,1
M03897,B04,P1,PAY012531,2026-04-30,0,1
M03900,B04,P3,PAY003900,2026-06-21,1,0
M03902,B04,P1,PAY003902,2026-04-09,1,1
M03902,B04,P1,PAY012611,2026-05-06,1,1
M03904,B04,P1,PAY003904,2026-04-30,0,1
M03906,B04,P2,PAY003906,2026-04-15,1,1
M03906,B04,P2,PAY012691,2026-05-16,0,1
M03908,B04,P1,PAY003908,2026-05-15,1,1
M03908,B04,P2,PAY013081,2026-06-20,1,0
M03909,B04,P1,PAY003909,2026-05-10,1,1
M03909,B04,P1,PAY013031,2026-06-06,0,1
M03910,B04,P1,PAY003910,2026-05-30,0,1
M03911,B04,P2,PAY003911,2026-05-24,1,1
M03911,B04,P2,PAY013209,2026-06-23,0,0
M03915,B04,P1,PAY003915,2026-05-18,0,1
M03917,B04,P1,PAY003917,2026-05-03,1,1
M03917,B04,P1,PAY012956,2026-06-03,1,1
M03918,B04,P1,PAY003918,2026-05-29,0,1
M03923,B04,P1,PAY003923,2026-05-24,0,1
M03924,B04,P2,PAY003924,2026-05-02,1,1
M03925,B04,P1,PAY003925,2026-05-28,1,1
M03926,B04,P1,PAY003926,2026-05-06,1,1
M03926,B04,P1,PAY012994,2026-06-07,1,1
M03931,B04,P2,PAY003931,2026-06-20,1,0
M03932,B04,P2,PAY003932,2026-06-18,1,0
M03935,B04,P2,PAY003935,2026-06-24,0,0
M03937,B04,P1,PAY003937,2026-06-13,1,1
M03938,B04,P2,PAY003938,2026-06-11,1,1
M03940,B04,P2,PAY003940,2026-06-01,1,1
M03942,B04,P1,PAY003942,2026-06-02,1,1
M03944,B04,P2,PAY003944,2026-06-08,0,1
M03946,B04,P1,PAY003946,2026-06-18,0,0
M03947,B04,P1,PAY003947,2026-06-16,1,1
M03949,B04,P2,PAY003949,2026-06-30,0,0
M03967,B05,P2,PAY003967,2025-01-07,0,1
M03968,B05,P5,PAY003968,2025-07-16,1,1
M03969,B05,P1,PAY003969,2025-01-24,1,1
M03969,B05,P1,PAY005664,2025-02-19,1,1
M03969,B05,P1,PAY006296,2025-04-01,1,1
M03969,B05,P1,PAY007220,2025-04-29,0,1
M03970,B05,P1,PAY003970,2025-01-30,1,1
M03970,B05,P1,PAY005851,2025-02-28,1,1
M03970,B05,P1,PAY006550,2025-04-06,1,1
M03970,B05,P1,PAY007340,2025-05-10,1,1
M03970,B05,P1,PAY008034,2025-06-11,1,1
M03970,B05,P1,PAY008538,2025-07-17,0,1
M03971,B05,P2,PAY003971,2025-01-30,0,1
M03972,B05,P3,PAY003972,2025-01-06,0,1
M03973,B05,P1,PAY003973,2025-01-07,1,1
M03973,B05,P1,PAY005125,2025-02-06,1,1
M03973,B05,P1,PAY005983,2025-03-09,1,1
M03973,B05,P1,PAY006768,2025-04-04,1,1
M03973,B05,P1,PAY007296,2025-05-12,0,1
M03974,B05,P1,PAY003974,2025-01-16,0,1
M03975,B05,P3,PAY003975,2025-01-30,0,1
M03976,B05,P1,PAY003976,2025-01-28,1,1
M03976,B05,P1,PAY005784,2025-03-04,0,1
M03977,B05,P4,PAY003977,2025-03-12,0,1
M03978,B05,P5,PAY003978,2025-06-29,1,1
M03978,B05,P1,PAY008825,2025-08-02,1,1
M03978,B05,P1,PAY009394,2025-09-11,0,1
M03979,B05,P3,PAY003979,2025-01-27,1,1
M03979,B05,P3,PAY005750,2025-05-06,1,1
M03979,B05,P1,PAY007956,2025-06-13,1,1
M03979,B05,P1,PAY008577,2025-07-11,0,1
M03980,B05,P3,PAY003980,2025-03-24,1,1
M03980,B05,P3,PAY007105,2025-07-03,1,1
M03980,B05,P1,PAY008908,2025-08-01,1,1
M03980,B05,P1,PAY009382,2025-09-02,1,1
M03980,B05,P1,PAY009803,2025-10-09,0,1
M03981,B05,P5,PAY003981,2025-10-20,0,1
M03982,B05,P5,PAY003982,2025-10-10,1,1
M03983,B05,P1,PAY003983,2025-01-23,1,1
M03983,B05,P1,PAY005635,2025-02-28,1,1
M03983,B05,P1,PAY006551,2025-04-03,1,1
M03983,B05,P1,PAY007276,2025-04-30,1,1
M03983,B05,P1,PAY007850,2025-05-26,1,1
M03983,B05,P1,PAY008296,2025-06-28,1,1
M03983,B05,P1,PAY008807,2025-08-09,0,1
M03984,B05,P5,PAY003984,2025-06-02,1,1
M03984,B05,P5,PAY008388,2026-06-11,0,1
M03985,B05,P3,PAY003985,2025-01-12,1,1
M03985,B05,P3,PAY005296,2025-04-19,1,1
M03985,B05,P3,PAY007617,2025-07-27,1,1
M03985,B05,P3,PAY009305,2025-11-05,1,1
M03985,B05,P3,PAY010639,2026-02-04,1,1
M03985,B05,P3,PAY011725,2026-05-14,1,1
M03986,B05,P1,PAY003986,2025-01-12,0,1
M03987,B05,P2,PAY003987,2025-01-14,1,1
M03987,B05,P5,PAY005363,2026-01-16,0,1
M03988,B05,P1,PAY003988,2025-01-10,1,1
M03988,B05,P1,PAY005224,2025-02-15,1,1
M03988,B05,P1,PAY006205,2025-03-11,1,1
M03988,B05,P4,PAY006806,2025-09-13,1,1
M03988,B05,P1,PAY009938,2025-10-12,1,1
M03988,B05,P1,PAY010330,2025-11-15,1,1
M03988,B05,P1,PAY010755,2025-12-11,0,1
M03989,B05,P1,PAY003989,2025-01-13,1,1
M03989,B05,P1,PAY005333,2025-02-23,1,1
M03989,B05,P1,PAY006403,2025-03-19,1,1
M03989,B05,P1,PAY006974,2025-04-29,0,1
M03990,B05,P5,PAY003990,2025-01-20,0,1
M03991,B05,P4,PAY003991,2025-01-13,0,1
M03992,B05,P4,PAY003992,2025-01-15,1,1
M03992,B05,P4,PAY005396,2025-07-13,1,1
M03992,B05,P4,PAY009057,2026-01-13,1,1
M03993,B05,P2,PAY003993,2025-01-22,1,1
M03993,B05,P3,PAY005609,2025-04-30,1,1
M03993,B05,P4,PAY007851,2025-10-28,0,1
M03994,B05,P1,PAY003994,2025-01-30,1,1
M03994,B05,P1,PAY005852,2025-02-28,1,1
M03994,B05,P1,PAY006552,2025-04-06,1,1
M03994,B05,P1,PAY007341,2025-05-05,1,1
M03994,B05,P1,PAY007942,2025-06-07,1,1
M03994,B05,P1,PAY008485,2025-07-16,1,1
M03994,B05,P1,PAY009117,2025-08-19,1,1
M03994,B05,P2,PAY009609,2025-09-24,1,1
M03994,B05,P2,PAY010095,2025-11-01,1,1
M03994,B05,P2,PAY010589,2025-11-28,1,1
M03994,B05,P2,PAY010907,2026-01-02,1,1
M03994,B05,P2,PAY011322,2026-02-13,1,1
M03994,B05,P2,PAY011848,2026-03-08,0,1
M03995,B05,P1,PAY003995,2025-01-18,0,1
M03996,B05,P1,PAY003996,2025-01-20,1,1
M03996,B05,P1,PAY005542,2025-02-28,0,1
M03997,B05,P1,PAY003997,2025-01-05,1,1
M03997,B05,P1,PAY005075,2025-02-06,0,1
M03998,B05,P3,PAY003998,2025-01-12,1,1
M03998,B05,P3,PAY005297,2025-04-09,1,1
M03998,B05,P3,PAY007397,2025-07-05,1,1
M03998,B05,P1,PAY008931,2025-08-03,1,1
M03998,B05,P1,PAY009412,2025-09-14,0,1
M03999,B05,P5,PAY003999,2025-10-16,0,1
M04000,B05,P5,PAY004000,2025-02-16,1,1
M04000,B05,P5,PAY006217,2026-02-12,1,1
M04001,B05,P2,PAY004001,2025-01-26,0,1
M04002,B05,P2,PAY004002,2025-01-17,0,1
M04003,B05,P3,PAY004003,2025-03-14,0,1
M04004,B05,P4,PAY004004,2025-01-22,1,1
M04004,B05,P4,PAY005610,2025-07-20,0,1
M04005,B05,P1,PAY004005,2025-01-22,1,1
M04005,B05,P1,PAY005611,2025-03-01,1,1
M04005,B05,P1,PAY006588,2025-04-05,0,1
M04006,B05,P1,PAY004006,2025-01-14,1,1
M04006,B05,P1,PAY005364,2025-02-16,1,1
M04006,B05,P1,PAY006218,2025-03-19,1,1
M04006,B05,P1,PAY006975,2025-04-29,1,1
M04006,B05,P1,PAY007813,2025-06-03,0,1
M04007,B05,P1,PAY004007,2025-01-03,1,1
M04007,B05,P1,PAY005011,2025-02-08,1,1
M04007,B05,P1,PAY006022,2025-03-07,1,1
M04007,B05,P1,PAY006720,2025-04-03,1,1
M04007,B05,P1,PAY007277,2025-05-14,0,1
M04008,B05,P1,PAY004008,2025-01-14,1,1
M04008,B05,P1,PAY005365,2025-02-12,1,1
M04008,B05,P1,PAY006126,2025-03-11,1,1
M04008,B05,P1,PAY006807,2025-04-13,1,1
M04008,B05,P1,PAY007499,2025-05-22,1,1
M04008,B05,P1,PAY008228,2025-06-26,1,1
M04008,B05,P1,PAY008775,2025-07-26,0,1
M04009,B05,P3,PAY004009,2025-03-14,0,1
M04010,B05,P3,PAY004010,2025-02-28,1,1
M04010,B05,P3,PAY006553,2025-05-26,1,1
M04010,B05,P3,PAY008297,2025-09-04,0,1
M04011,B05,P4,PAY004011,2025-06-24,1,1
M04011,B05,P4,PAY008748,2025-12-22,0,1
M04012,B05,P1,PAY004012,2025-01-25,1,1
M04012,B05,P1,PAY005688,2025-03-02,1,1
M04012,B05,P1,PAY006604,2025-04-13,1,1
M04012,B05,P1,PAY007500,2025-05-16,0,1
M04013,B05,P2,PAY004013,2025-01-16,1,1
M04013,B05,P2,PAY005425,2025-02-26,1,1
M04013,B05,P2,PAY006470,2025-03-25,1,1
M04013,B05,P2,PAY007123,2025-05-05,1,1
M04013,B05,P2,PAY007943,2025-06-07,1,1
M04013,B05,P2,PAY008486,2025-07-08,1,1
M04013,B05,P2,PAY008969,2025-08-14,1,1
M04013,B05,P2,PAY009551,2025-09-17,0,1
M04014,B05,P1,PAY004014,2025-01-28,1,1
M04014,B05,P1,PAY005785,2025-02-27,1,1
M04014,B05,P1,PAY006487,2025-04-08,1,1
M04014,B05,P1,PAY007378,2025-05-10,1,1
M04014,B05,P1,PAY008035,2025-06-05,0,1
M04015,B05,P1,PAY004015,2025-01-23,1,1
M04015,B05,P1,PAY005636,2025-03-03,0,1
M04016,B05,P3,PAY004016,2025-01-11,1,1
M04016,B05,P3,PAY005261,2025-04-09,0,1
M04017,B05,P3,PAY004017,2025-01-27,1,1
M04017,B05,P3,PAY005751,2025-05-01,1,1
M04017,B05,P3,PAY007872,2025-08-07,1,1
M04017,B05,P3,PAY009461,2025-11-07,1,1
M04017,B05,P3,PAY010668,2026-02-08,1,1
M04017,B05,P3,PAY011774,2026-05-16,0,1
M04018,B05,P1,PAY004018,2025-01-12,1,1
M04018,B05,P1,PAY005298,2025-02-17,0,1
M04019,B05,P3,PAY004019,2025-02-18,1,1
M04019,B05,P3,PAY006271,2025-05-17,1,1
M04019,B05,P3,PAY008154,2025-08-15,1,1
M04019,B05,P3,PAY009560,2025-11-23,0,1
M04020,B05,P1,PAY004020,2025-01-18,1,1
M04020,B05,P1,PAY005483,2025-02-18,1,1
M04020,B05,P1,PAY006272,2025-03-24,0,1
M04021,B05,P1,PAY004021,2025-01-20,0,1
M04022,B05,P1,PAY004022,2025-01-07,0,1
M04023,B05,P2,PAY004023,2025-01-17,0,1
M04024,B05,P3,PAY004024,2025-02-03,0,1
M04025,B05,P1,PAY004025,2025-01-05,1,1
M04025,B05,P1,PAY005076,2025-02-10,0,1
M04026,B05,P4,PAY004026,2025-05-26,0,1
M04027,B05,P4,PAY004027,2025-06-15,1,1
M04027,B05,P4,PAY008607,2025-12-21,1,1
M04027,B05,P4,PAY011176,2026-06-20,1,0
M04028,B05,P5,PAY004028,2025-08-23,1,1
M04029,B05,P5,PAY004029,2025-04-12,0,1
M04030,B05,P3,PAY004030,2025-03-11,0,1
M04031,B05,P5,PAY004031,2025-01-23,0,1
M04032,B05,P5,PAY004032,2025-06-05,1,1
M04032,B05,P5,PAY008453,2026-06-01,1,1
M04033,B05,P2,PAY004033,2025-01-17,1,1
M04033,B05,P2,PAY005451,2025-02-20,1,1
M04033,B05,P2,PAY006322,2025-03-21,1,1
M04033,B05,P2,PAY007033,2025-04-27,1,1
M04033,B05,P2,PAY007770,2025-05-23,1,1
M04033,B05,P2,PAY008245,2025-06-25,0,1
M04034,B05,P1,PAY004034,2025-01-09,1,1
M04034,B05,P1,PAY005186,2025-02-10,0,1
M04035,B05,P1,PAY004035,2025-01-26,1,1
M04035,B05,P1,PAY005720,2025-03-03,1,1
M04035,B05,P1,PAY006626,2025-04-10,1,1
M04035,B05,P1,PAY007428,2025-05-07,1,1
M04035,B05,P1,PAY007975,2025-06-09,1,1
M04035,B05,P1,PAY008514,2025-07-16,0,1
M04036,B05,P3,PAY004036,2025-02-05,1,1
M04036,B05,P3,PAY005956,2025-05-03,1,1
M04036,B05,P3,PAY007905,2025-08-04,1,1
M04036,B05,P3,PAY009427,2025-11-06,1,1
M04036,B05,P3,PAY010652,2026-02-11,1,1
M04036,B05,P3,PAY011818,2026-05-18,1,1
M04037,B05,P3,PAY004037,2025-01-15,0,1
M04038,B05,P2,PAY004038,2025-01-28,1,1
M04038,B05,P2,PAY005786,2025-02-28,1,1
M04038,B05,P3,PAY006554,2025-05-23,1,1
M04038,B05,P3,PAY008246,2025-08-22,0,1
M04039,B05,P2,PAY004039,2025-01-16,1,1
M04039,B05,P2,PAY005426,2025-02-20,1,1
M04039,B05,P2,PAY006323,2025-03-18,1,1
M04039,B05,P4,PAY006948,2025-09-14,1,1
M04039,B05,P4,PAY009956,2026-03-17,0,1
M04040,B05,P2,PAY004040,2025-01-13,1,1
M04040,B05,P2,PAY005334,2025-02-22,1,1
M04040,B05,P2,PAY006376,2025-04-01,1,1
M04040,B05,P2,PAY007221,2025-05-02,0,1
M04041,B05,P3,PAY004041,2025-01-24,1,1
M04041,B05,P3,PAY005665,2025-05-03,0,1
M04042,B05,P2,PAY004042,2025-01-14,1,1
M04042,B05,P3,PAY005366,2025-04-12,1,1
M04042,B05,P3,PAY007480,2025-07-16,0,1
M04043,B05,P1,PAY004043,2025-01-22,1,1
M04043,B05,P1,PAY005612,2025-02-27,1,1
M04043,B05,P1,PAY006488,2025-04-07,1,1
M04043,B05,P1,PAY007361,2025-05-12,1,1
M04043,B05,P1,PAY008063,2025-06-23,1,1
M04043,B05,P1,PAY008725,2025-07-30,1,1
M04043,B05,P1,PAY009365,2025-09-08,1,1
M04043,B05,P4,PAY009872,2026-03-06,0,1
M04044,B05,P1,PAY004044,2025-01-07,1,1
M04044,B05,P1,PAY005126,2025-02-07,1,1
M04044,B05,P1,PAY006001,2025-03-13,1,1
M04044,B05,P1,PAY006852,2025-04-23,1,1
M04044,B05,P1,PAY007701,2025-05-19,0,1
M04045,B05,P1,PAY004045,2025-01-03,1,1
M04045,B05,P1,PAY005012,2025-02-09,0,1
M04046,B05,P5,PAY004046,2025-06-19,0,1
M04047,B05,P1,PAY004047,2025-01-24,1,1
M04047,B05,P4,PAY005666,2025-07-19,1,1
M04047,B05,P4,PAY009161,2026-01-29,0,1
M04048,B05,P5,PAY004048,2025-04-01,1,1
M04048,B05,P5,PAY007222,2026-03-30,0,1
M04049,B05,P3,PAY004049,2025-03-22,1,1
M04049,B05,P3,PAY007058,2025-06-26,0,1
M04050,B05,P1,PAY004050,2025-01-21,1,1
M04050,B05,P1,PAY005583,2025-02-28,1,1
M04050,B05,P2,PAY006555,2025-04-02,0,1
M04051,B05,P1,PAY004051,2025-01-23,1,1
M04051,B05,P1,PAY005637,2025-02-27,0,1
M04052,B05,P1,PAY004052,2025-01-03,1,1
M04052,B05,P3,PAY005013,2025-04-01,0,1
M04053,B05,P1,PAY004053,2025-01-05,0,1
M04054,B05,P2,PAY004054,2025-01-27,1,1
M04054,B05,P2,PAY005752,2025-03-03,1,1
M04054,B05,P2,PAY006627,2025-03-27,0,1
M04055,B05,P1,PAY004055,2025-01-20,1,1
M04055,B05,P1,PAY005543,2025-02-20,1,1
M04055,B05,P1,PAY006324,2025-03-21,1,1
M04055,B05,P1,PAY007034,2025-04-24,1,1
M04055,B05,P4,PAY007726,2025-10-29,1,1
M04055,B05,P4,PAY010559,2026-05-01,1,1
M04056,B05,P4,PAY004056,2025-06-12,1,1
M04056,B05,P4,PAY008559,2025-12-19,1,1
M04056,B05,P4,PAY011158,2026-06-22,1,0
M04057,B05,P1,PAY004057,2025-01-10,1,1
M04057,B05,P1,PAY005225,2025-02-13,1,1
M04057,B05,P2,PAY006151,2025-03-19,0,1
M04058,B05,P4,PAY004058,2025-03-06,1,1
M04058,B05,P4,PAY006701,2025-09-03,1,1
M04058,B05,P4,PAY009815,2026-03-07,0,1
M04059,B05,P3,PAY004059,2025-03-06,1,1
M04059,B05,P3,PAY006702,2025-06-04,1,1
M04059,B05,P3,PAY008434,2025-09-04,1,1
M04059,B05,P3,PAY009820,2025-12-14,0,1
M04060,B05,P3,PAY004060,2025-02-12,1,1
M04060,B05,P3,PAY006127,2025-05-20,1,1
M04060,B05,P3,PAY008192,2025-08-27,1,1
M04060,B05,P3,PAY009728,2025-12-07,1,1
M04060,B05,P3,PAY011029,2026-03-09,1,1
M04060,B05,P1,PAY012187,2026-04-07,0,1
M04061,B05,P3,PAY004061,2025-02-05,1,1
M04061,B05,P3,PAY005957,2025-05-13,0,1
M04062,B05,P1,PAY004062,2025-01-26,0,1
M04063,B05,P3,PAY004063,2025-01-16,0,1
M04064,B05,P2,PAY004064,2025-01-21,1,1
M04064,B05,P2,PAY005584,2025-02-23,1,1
M04064,B05,P3,PAY006404,2025-05-26,1,1
M04064,B05,P3,PAY008298,2025-08-22,0,1
M04065,B05,P1,PAY004065,2025-01-28,1,1
M04065,B05,P1,PAY005787,2025-02-23,1,1
M04065,B05,P1,PAY006405,2025-04-02,1,1
M04065,B05,P4,PAY007248,2025-10-04,1,1
M04065,B05,P4,PAY010242,2026-04-04,1,1
M04066,B05,P1,PAY004066,2025-01-15,1,1
M04066,B05,P1,PAY005397,2025-02-25,0,1
M04067,B05,P5,PAY004067,2025-10-22,0,1
M04068,B05,P4,PAY004068,2025-06-05,1,1
M04068,B05,P4,PAY008454,2025-12-03,0,1
M04069,B05,P5,PAY004069,2025-03-16,0,1
M04070,B05,P3,PAY004070,2025-03-12,1,1
M04070,B05,P3,PAY006824,2025-06-12,0,1
M04071,B05,P2,PAY004071,2025-01-26,1,1
M04071,B05,P2,PAY005721,2025-02-22,0,1
M04072,B05,P1,PAY004072,2025-01-17,1,1
M04072,B05,P1,PAY005452,2025-02-16,1,1
M04072,B05,P1,PAY006219,2025-03-14,1,1
M04072,B05,P4,PAY006873,2025-09-21,1,1
M04072,B05,P4,PAY010053,2026-03-30,1,1
M04072,B05,P1,PAY012468,2026-04-26,1,1
M04072,B05,P1,PAY012856,2026-05-24,0,1
M04073,B05,P1,PAY004073,2025-01-07,1,1
M04073,B05,P1,PAY005127,2025-02-13,1,1
M04073,B05,P1,PAY006152,2025-03-21,0,1
M04074,B05,P1,PAY004074,2025-01-18,0,1
M04075,B05,P3,PAY004075,2025-01-09,1,1
M04075,B05,P3,PAY005187,2025-04-08,1,1
M04075,B05,P3,PAY007379,2025-07-11,1,1
M04075,B05,P3,PAY009024,2025-10-10,0,1
M04076,B05,P3,PAY004076,2025-01-09,1,1
M04076,B05,P3,PAY005188,2025-04-18,1,1
M04076,B05,P3,PAY007600,2025-07-28,0,1
M04077,B05,P2,PAY004077,2025-01-24,0,1
M04078,B05,P3,PAY004078,2025-03-27,0,1
M04079,B05,P1,PAY004079,2025-01-24,0,1
M04080,B05,P3,PAY004080,2025-02-04,1,1
M04080,B05,P3,PAY005934,2025-05-04,1,1
M04080,B05,P3,PAY007924,2025-08-02,1,1
M04080,B05,P3,PAY009395,2025-10-29,1,1
M04080,B05,P3,PAY010560,2026-02-08,1,1
M04080,B05,P3,PAY011775,2026-05-04,1,1
M04081,B05,P1,PAY004081,2025-01-09,1,1
M04081,B05,P1,PAY005189,2025-02-05,0,1
M04082,B05,P1,PAY004082,2025-01-18,1,1
M04082,B05,P4,PAY005484,2025-07-24,1,1
M04082,B05,P4,PAY009252,2026-01-20,1,1
M04083,B05,P3,PAY004083,2025-02-03,1,1
M04083,B05,P1,PAY005913,2025-03-11,0,1
M04084,B05,P2,PAY004084,2025-01-06,0,1
M04085,B05,P5,PAY004085,2025-12-25,0,1
M04086,B05,P4,PAY004086,2025-06-12,1,1
M04086,B05,P4,PAY008560,2025-12-13,1,1
M04086,B05,P4,PAY011098,2026-06-09,0,1
M04087,B05,P5,PAY004087,2025-11-29,1,1
M04087,B05,P1,PAY010920,2026-01-03,0,1
M04088,B05,P2,PAY004088,2025-01-22,0,1
M04089,B05,P5,PAY004089,2025-04-22,0,1
M04090,B05,P3,PAY004090,2025-03-20,1,1
M04090,B05,P3,PAY007007,2025-06-17,0,1
M04091,B05,P1,PAY004091,2025-01-18,0,1
M04092,B05,P4,PAY004092,2025-02-08,1,1
M04092,B05,P4,PAY006023,2025-08-04,0,1
M04093,B05,P2,PAY004093,2025-01-24,0,1
M04094,B05,P5,PAY004094,2025-06-29,1,1
M04094,B05,P5,PAY008826,2026-06-29,0,0
M04095,B05,P1,PAY004095,2025-01-07,1,1
M04095,B05,P1,PAY005128,2025-02-04,1,1
M04095,B05,P2,PAY005935,2025-03-04,0,1
M04096,B05,P1,PAY004096,2025-01-15,0,1
M04097,B05,P3,PAY004097,2025-02-18,1,1
M04097,B05,P3,PAY006273,2025-05-21,1,1
M04097,B05,P3,PAY008212,2025-08-29,1,1
M04097,B05,P1,PAY009752,2025-09-30,1,1
M04097,B05,P1,PAY010187,2025-11-11,1,1
M04097,B05,P1,PAY010721,2025-12-22,1,1
M04097,B05,P1,PAY011184,2026-01-26,1,1
M04097,B05,P1,PAY011629,2026-02-28,0,1
M04098,B05,P3,PAY004098,2025-03-19,1,1
M04098,B05,P1,PAY006976,2025-04-28,0,1
M04099,B05,P1,PAY004099,2025-01-11,1,1
M04099,B05,P1,PAY005262,2025-02-22,1,1
M04099,B05,P1,PAY006377,2025-03-27,0,1
M04100,B05,P3,PAY004100,2025-03-31,1,1
M04100,B05,P3,PAY007206,2025-07-10,1,1
M04100,B05,P1,PAY009009,2025-08-11,1,1
M04100,B05,P1,PAY009516,2025-09-08,1,1
M04100,B05,P1,PAY009873,2025-10-16,1,1
M04100,B05,P1,PAY010384,2025-11-27,1,1
M04100,B05,P1,PAY010897,2025-12-24,1,1
M04100,B05,P1,PAY011209,2026-01-31,1,1
M04100,B05,P1,PAY011682,2026-03-11,1,1
M04100,B05,P1,PAY012217,2026-04-07,1,1
M04100,B05,P1,PAY012576,2026-05-09,0,1
M04101,B05,P2,PAY004101,2025-01-30,0,1
M04102,B05,P4,PAY004102,2025-01-25,1,1
M04102,B05,P4,PAY005689,2025-08-04,0,1
M04103,B05,P1,PAY004103,2025-01-26,1,1
M04103,B05,P1,PAY005722,2025-03-02,1,1
M04103,B05,P1,PAY006605,2025-04-10,1,1
M04103,B05,P1,PAY007429,2025-05-16,1,1
M04103,B05,P4,PAY008134,2025-11-24,0,1
M04104,B05,P1,PAY004104,2025-01-15,1,1
M04104,B05,P1,PAY005398,2025-02-11,1,1
M04104,B05,P1,PAY006102,2025-03-08,1,1
M04104,B05,P1,PAY006750,2025-04-03,0,1
M04105,B05,P2,PAY004105,2025-01-03,1,1
M04105,B05,P2,PAY005014,2025-02-07,1,1
M04105,B05,P2,PAY006002,2025-03-05,1,1
M04105,B05,P2,PAY006678,2025-04-11,1,1
M04105,B05,P2,PAY007456,2025-05-11,1,1
M04105,B05,P2,PAY008050,2025-06-19,1,1
M04105,B05,P5,PAY008673,2026-06-19,0,0
M04106,B05,P3,PAY004106,2025-02-02,1,1
M04106,B05,P3,PAY005893,2025-05-11,0,1
M04107,B05,P3,PAY004107,2025-01-30,1,1
M04107,B05,P4,PAY005853,2025-07-31,1,1
M04107,B05,P4,PAY009369,2026-01-29,1,1
M04108,B05,P1,PAY004108,2025-01-15,1,1
M04108,B05,P1,PAY005399,2025-02-12,0,1
M04109,B05,P2,PAY004109,2025-01-10,1,1
M04109,B05,P2,PAY005226,2025-02-10,0,1
M04110,B05,P1,PAY004110,2025-01-22,0,1
M04111,B05,P4,PAY004111,2025-06-07,1,1
M04111,B05,P4,PAY008487,2025-12-18,1,1
M04112,B05,P4,PAY004112,2025-04-12,1,1
M04112,B05,P4,PAY007481,2025-10-09,1,1
M04112,B05,P4,PAY010290,2026-04-16,1,1
M04113,B05,P4,PAY004113,2025-05-12,1,1
M04113,B05,P4,PAY008064,2025-11-08,1,1
M04113,B05,P4,PAY010683,2026-05-15,1,1
M04114,B05,P3,PAY004114,2025-02-21,1,1
M04114,B05,P3,PAY006349,2025-05-26,1,1
M04114,B05,P3,PAY008299,2025-08-30,1,1
M04114,B05,P3,PAY009764,2025-11-27,1,1
M04114,B05,P3,PAY010898,2026-03-06,0,1
M04115,B05,P2,PAY004115,2025-01-27,1,1
M04115,B05,P2,PAY005753,2025-03-01,1,1
M04115,B05,P2,PAY006589,2025-04-08,1,1
M04115,B05,P2,PAY007380,2025-05-10,0,1
M04116,B05,P2,PAY004116,2025-01-28,0,1
M04117,B05,P3,PAY004117,2025-01-27,1,1
M04117,B05,P3,PAY005754,2025-04-25,1,1
M04117,B05,P3,PAY007749,2025-08-02,1,1
M04117,B05,P3,PAY009396,2025-11-09,1,1
M04117,B05,P3,PAY010697,2026-02-07,1,1
M04117,B05,P3,PAY011756,2026-05-03,1,1
M04118,B05,P5,PAY004118,2025-04-10,1,1
M04118,B05,P5,PAY007430,2026-04-11,1,1
M04119,B05,P1,PAY004119,2025-01-30,0,1
M04120,B05,P2,PAY004120,2025-01-22,0,1
M04121,B05,P1,PAY004121,2025-01-22,1,1
M04121,B05,P1,PAY005613,2025-03-02,0,1
M04122,B05,P2,PAY004122,2025-01-13,1,1
M04122,B05,P1,PAY005335,2025-02-22,1,1
M04122,B05,P1,PAY006378,2025-04-03,0,1
M04123,B05,P5,PAY004123,2025-02-25,1,1
M04123,B05,P5,PAY006456,2026-02-23,1,1
M04124,B05,P4,PAY004124,2025-05-07,1,1
M04124,B05,P4,PAY007976,2025-11-17,1,1
M04124,B05,P4,PAY010780,2026-05-13,0,1
M04125,B05,P1,PAY004125,2025-01-04,1,1
M04125,B05,P1,PAY005049,2025-02-05,1,1
M04125,B05,P1,PAY005958,2025-03-02,1,1
M04125,B05,P1,PAY006606,2025-04-01,0,1
M04126,B05,P1,PAY004126,2025-01-06,0,1
M04127,B05,P4,PAY004127,2025-03-28,1,1
M04127,B05,P4,PAY007183,2025-10-01,1,1
M04127,B05,P4,PAY010207,2026-04-01,1,1
M04128,B05,P4,PAY004128,2025-04-06,1,1
M04128,B05,P4,PAY007342,2025-10-16,0,1
M04129,B05,P3,PAY004129,2025-01-30,1,1
M04129,B05,P3,PAY005854,2025-05-08,0,1
M04130,B05,P3,PAY004130,2025-02-06,1,1
M04130,B05,P3,PAY005984,2025-05-14,1,1
M04130,B05,P3,PAY008102,2025-08-10,0,1
M04131,B05,P3,PAY004131,2025-02-26,0,1
M04132,B05,P3,PAY004132,2025-03-04,1,1
M04132,B05,P1,PAY006652,2025-04-02,1,1
M04132,B05,P1,PAY007249,2025-05-03,1,1
M04132,B05,P1,PAY007906,2025-06-14,1,1
M04132,B05,P1,PAY008588,2025-07-11,1,1
M04132,B05,P1,PAY009025,2025-08-15,1,1
M04132,B05,P1,PAY009561,2025-09-11,1,1
M04132,B05,P1,PAY009912,2025-10-18,1,1
M04132,B05,P1,PAY010406,2025-11-13,1,1
M04132,B05,P1,PAY010734,2025-12-12,1,1
M04132,B05,P1,PAY011085,2026-01-12,0,1
M04133,B05,P2,PAY004133,2025-01-02,1,1
M04133,B05,P2,PAY004977,2025-02-04,1,1
M04133,B05,P2,PAY005936,2025-03-11,1,1
M04133,B05,P2,PAY006808,2025-04-10,1,1
M04133,B05,P2,PAY007431,2025-05-08,1,1
M04133,B05,P2,PAY007992,2025-06-18,1,1
M04133,B05,P2,PAY008659,2025-07-14,1,1
M04133,B05,P4,PAY009076,2026-01-21,1,1
M04134,B05,P1,PAY004134,2025-01-22,1,1
M04134,B05,P1,PAY005614,2025-02-28,1,1
M04134,B05,P1,PAY006556,2025-04-04,1,1
M04134,B05,P1,PAY007297,2025-05-08,1,1
M04134,B05,P3,PAY007993,2025-08-16,1,1
M04135,B05,P5,PAY004135,2025-11-01,0,1
M04136,B05,P3,PAY004136,2025-01-24,0,1
M04137,B05,P3,PAY004137,2025-03-20,1,1
M04137,B05,P4,PAY007008,2025-09-26,1,1
M04137,B05,P4,PAY010117,2026-03-30,0,1
M04138,B05,P1,PAY004138,2025-01-03,1,1
M04138,B05,P1,PAY005015,2025-02-03,1,1
M04138,B05,P1,PAY005914,2025-02-28,1,1
M04138,B05,P1,PAY006557,2025-03-23,0,1
M04139,B05,P3,PAY004139,2025-01-04,1,1
M04139,B05,P3,PAY005050,2025-03-31,1,1
M04139,B05,P3,PAY007207,2025-06-26,1,1
M04139,B05,P3,PAY008776,2025-09-29,1,1
M04139,B05,P3,PAY010164,2025-12-28,0,1
M04140,B05,P3,PAY004140,2025-02-05,1,1
M04140,B05,P3,PAY005959,2025-05-08,1,1
M04140,B05,P1,PAY007994,2025-06-03,1,1
M04140,B05,P1,PAY008417,2025-06-30,0,1
M04141,B05,P5,PAY004141,2025-07-12,0,1
M04142,B05,P1,PAY004142,2025-01-23,0,1
M04143,B05,P1,PAY004143,2025-01-08,1,1
M04143,B05,P1,PAY005154,2025-02-13,1,1
M04143,B05,P1,PAY006153,2025-03-22,1,1
M04143,B05,P1,PAY007059,2025-04-23,0,1
M04144,B05,P1,PAY004144,2025-01-29,0,1
M04145,B05,P3,PAY004145,2025-01-03,1,1
M04145,B05,P3,PAY005016,2025-04-05,1,1
M04145,B05,P3,PAY007321,2025-07-08,1,1
M04145,B05,P3,PAY008970,2025-10-13,1,1
M04145,B05,P3,PAY010346,2026-01-09,1,1
M04145,B05,P3,PAY011402,2026-04-10,1,1
M04146,B05,P1,PAY004146,2025-01-21,1,1
M04146,B05,P1,PAY005585,2025-02-18,1,1
M04146,B05,P1,PAY006274,2025-03-17,1,1
M04146,B05,P1,PAY006933,2025-04-23,1,1
M04146,B05,P1,PAY007702,2025-05-25,1,1
M04146,B05,P1,PAY008278,2025-07-05,0,1
M04147,B05,P5,PAY004147,2025-09-12,1,1
M04148,B05,P2,PAY004148,2025-01-17,1,1
M04148,B05,P2,PAY005453,2025-02-18,0,1
M04149,B05,P1,PAY004149,2025-01-05,0,1
M04150,B05,P1,PAY004150,2025-01-11,1,1
M04150,B05,P1,PAY005263,2025-02-17,1,1
M04150,B05,P1,PAY006244,2025-03-22,0,1
M04151,B05,P2,PAY004151,2025-01-03,1,1
M04151,B05,P2,PAY005017,2025-01-31,0,1
M04152,B05,P3,PAY004152,2025-01-25,1,1
M04152,B05,P2,PAY005690,2025-02-22,1,1
M04152,B05,P2,PAY006379,2025-03-19,1,1
M04152,B05,P2,PAY006977,2025-04-27,1,1
M04152,B05,P4,PAY007771,2025-10-22,1,1
M04152,B05,P4,PAY010461,2026-05-01,1,1
M04153,B05,P2,PAY004153,2025-01-19,0,1
M04154,B05,P2,PAY004154,2025-01-14,1,1
M04154,B05,P2,PAY005367,2025-02-20,1,1
M04154,B05,P2,PAY006325,2025-03-19,1,1
M04154,B05,P2,PAY006978,2025-04-28,1,1
M04154,B05,P3,PAY007787,2025-08-08,0,1
M04155,B05,P5,PAY004155,2025-01-30,1,1
M04155,B05,P5,PAY005855,2026-02-05,0,1
M04156,B05,P1,PAY004156,2025-01-09,1,1
M04156,B05,P1,PAY005190,2025-02-09,1,1
M04156,B05,P1,PAY006051,2025-03-07,0,1
M04157,B05,P1,PAY004157,2025-01-21,0,1
M04158,B05,P4,PAY004158,2025-04-30,0,1
M04159,B05,P1,PAY004159,2025-01-09,1,1
M04159,B05,P1,PAY005191,2025-02-09,1,1
M04159,B05,P1,PAY006052,2025-03-12,1,1
M04159,B05,P4,PAY006825,2025-09-18,1,1
M04159,B05,P4,PAY010008,2026-03-21,0,1
M04160,B05,P3,PAY004160,2025-01-26,0,1
M04161,B05,P5,PAY004161,2025-07-05,1,1
M04161,B05,P1,PAY008932,2025-08-01,1,1
M04161,B05,P1,PAY009383,2025-08-28,1,1
M04161,B05,P1,PAY009740,2025-09-28,1,1
M04161,B05,P1,PAY010144,2025-11-06,1,1
M04161,B05,P1,PAY010653,2025-12-10,1,1
M04161,B05,P1,PAY011061,2026-01-08,1,1
M04161,B05,P1,PAY011388,2026-02-12,0,1
M04162,B05,P5,PAY004162,2025-09-06,1,1
M04162,B05,P2,PAY009848,2025-10-06,0,1
M04163,B05,P1,PAY004163,2025-01-10,1,1
M04163,B05,P1,PAY005227,2025-02-14,1,1
M04163,B05,P1,PAY006184,2025-03-18,1,1
M04163,B05,P1,PAY006949,2025-04-15,1,1
M04163,B05,P1,PAY007538,2025-05-24,0,1
M04164,B05,P1,PAY004164,2025-01-28,1,1
M04164,B05,P1,PAY005788,2025-02-25,1,1
M04164,B05,P1,PAY006457,2025-03-21,1,1
M04164,B05,P1,PAY007035,2025-04-26,1,1
M04164,B05,P1,PAY007763,2025-06-02,1,1
M04164,B05,P1,PAY008389,2025-07-01,1,1
M04164,B05,P1,PAY008875,2025-08-11,1,1
M04164,B05,P1,PAY009517,2025-09-16,1,1
M04164,B05,P1,PAY009981,2025-10-13,1,1
M04164,B05,P1,PAY010347,2025-11-14,0,1
M04165,B05,P3,PAY004165,2025-01-27,1,1
M04165,B05,P3,PAY005755,2025-04-24,0,1
M04166,B05,P3,PAY004166,2025-01-27,0,1
M04167,B05,P2,PAY004167,2025-01-12,0,1
M04168,B05,P1,PAY004168,2025-01-09,1,1
M04168,B05,P1,PAY005192,2025-02-05,0,1
M04169,B05,P1,PAY004169,2025-01-05,1,1
M04169,B05,P1,PAY005077,2025-02-10,1,1
M04169,B05,P1,PAY006075,2025-03-19,1,1
M04169,B05,P1,PAY006979,2025-04-30,1,1
M04169,B05,P1,PAY007852,2025-05-29,1,1
M04169,B05,P1,PAY008348,2025-06-27,1,1
M04169,B05,P1,PAY008792,2025-08-02,0,1
M04170,B05,P1,PAY004170,2025-01-17,1,1
M04170,B05,P1,PAY005454,2025-02-28,1,1
M04170,B05,P1,PAY006558,2025-04-06,1,1
M04170,B05,P1,PAY007343,2025-05-09,1,1
M04170,B05,P1,PAY008015,2025-06-07,1,1
M04170,B05,P1,PAY008488,2025-07-10,0,1
M04171,B05,P2,PAY004171,2025-01-25,1,1
M04171,B05,P2,PAY005691,2025-02-28,0,1
M04172,B05,P5,PAY004172,2025-01-27,1,1
M04172,B05,P5,PAY005756,2026-01-22,0,1
M04173,B05,P4,PAY004173,2025-06-03,1,1
M04173,B05,P4,PAY008418,2025-12-05,0,1
M04174,B05,P4,PAY004174,2025-04-04,1,1
M04174,B05,P4,PAY007298,2025-10-11,1,1
M04174,B05,P4,PAY010316,2026-04-07,1,1
M04175,B05,P3,PAY004175,2025-03-05,1,1
M04175,B05,P3,PAY006679,2025-06-06,0,1
M04176,B05,P3,PAY004176,2025-02-28,1,1
M04176,B05,P3,PAY006559,2025-06-06,1,1
M04176,B05,P3,PAY008471,2025-09-09,0,1
M04177,B05,P4,PAY004177,2025-04-08,1,1
M04177,B05,P4,PAY007381,2025-10-17,1,1
M04177,B05,P4,PAY010395,2026-04-23,0,1
M04178,B05,P1,PAY004178,2025-01-05,0,1
M04179,B05,P3,PAY004179,2025-03-05,1,1
M04179,B05,P3,PAY006680,2025-06-03,1,1
M04179,B05,P1,PAY008419,2025-07-05,0,1
M04180,B05,P1,PAY004180,2025-01-11,0,1
M04181,B05,P5,PAY004181,2025-01-05,1,1
M04181,B05,P5,PAY005078,2026-01-02,1,1
M04182,B05,P1,PAY004182,2025-01-14,1,1
M04182,B05,P1,PAY005368,2025-02-10,0,1
M04183,B05,P3,PAY004183,2025-01-11,1,1
M04183,B05,P3,PAY005264,2025-04-12,1,1
M04183,B05,P5,PAY007482,2026-04-23,0,1
M04184,B05,P3,PAY004184,2025-02-05,1,1
M04184,B05,P3,PAY005960,2025-05-07,0,1
M04185,B05,P1,PAY004185,2025-01-11,1,1
M04185,B05,P1,PAY005265,2025-02-18,0,1
M04186,B05,P4,PAY004186,2025-01-17,1,1
M04186,B05,P4,PAY005455,2025-07-24,1,1
M04186,B05,P4,PAY009253,2026-01-19,1,1
M04187,B05,P2,PAY004187,2025-01-22,0,1
M04188,B05,P3,PAY004188,2025-02-19,1,1
M04188,B05,P3,PAY006297,2025-05-27,1,1
M04188,B05,P3,PAY008310,2025-09-07,0,1
M04189,B05,P4,PAY004189,2025-04-17,1,1
M04189,B05,P4,PAY007580,2025-10-18,0,1
M04190,B05,P3,PAY004190,2025-02-21,1,1
M04190,B05,P3,PAY006350,2025-05-28,1,1
M04190,B05,P3,PAY008329,2025-08-30,1,1
M04190,B05,P3,PAY009765,2025-12-10,1,1
M04190,B05,P3,PAY011062,2026-03-16,0,1
M04191,B05,P2,PAY004191,2025-01-30,1,1
M04191,B05,P2,PAY005856,2025-03-08,1,1
M04191,B05,P2,PAY006751,2025-04-16,1,1
M04191,B05,P4,PAY007557,2025-10-16,1,1
M04191,B05,P4,PAY010385,2026-04-26,1,1
M04192,B05,P1,PAY004192,2025-01-14,1,1
M04192,B05,P1,PAY005369,2025-02-10,1,1
M04192,B05,P1,PAY006076,2025-03-07,1,1
M04192,B05,P1,PAY006721,2025-04-15,1,1
M04192,B05,P2,PAY007539,2025-05-13,0,1
M04193,B05,P3,PAY004193,2025-02-23,1,1
M04193,B05,P3,PAY006406,2025-05-23,1,1
M04193,B05,P3,PAY008247,2025-08-30,0,1
M04194,B05,P2,PAY004194,2025-01-04,0,1
M04195,B05,P1,PAY004195,2025-01-06,0,1
M04196,B05,P3,PAY004196,2025-03-09,1,1
M04196,B05,P3,PAY006769,2025-06-19,1,1
M04196,B05,P3,PAY008674,2025-09-27,0,1
M04197,B05,P5,PAY004197,2025-09-28,1,1
M04198,B05,P3,PAY004198,2025-02-06,0,1
M04199,B05,P1,PAY004199,2025-01-02,1,1
M04199,B05,P1,PAY004978,2025-02-11,0,1
M04200,B05,P4,PAY004200,2025-05-12,1,1
M04200,B05,P4,PAY008065,2025-11-20,1,1
M04200,B05,P4,PAY010815,2026-05-15,0,1
M04201,B05,P2,PAY004201,2025-01-08,1,1
M04201,B05,P2,PAY005155,2025-02-13,0,1
M04202,B05,P3,PAY004202,2025-01-17,0,1
M04203,B05,P1,PAY004203,2025-01-19,1,1
M04203,B05,P1,PAY005519,2025-02-21,0,1
M04204,B05,P2,PAY004204,2025-01-25,1,1
M04204,B05,P2,PAY005692,2025-02-28,1,1
M04204,B05,P2,PAY006560,2025-04-07,0,1
M04205,B05,P3,PAY004205,2025-01-15,0,1
M04206,B05,P2,PAY004206,2025-01-27,0,1
M04207,B05,P3,PAY004207,2025-01-18,1,1
M04207,B05,P3,PAY005485,2025-04-18,0,1
M04208,B05,P1,PAY004208,2025-01-06,1,1
M04208,B05,P1,PAY005104,2025-02-06,1,1
M04208,B05,P2,PAY005985,2025-03-10,1,1
M04208,B05,P2,PAY006786,2025-04-08,1,1
M04208,B05,P2,PAY007382,2025-05-05,0,1
M04209,B05,P3,PAY004209,2025-02-11,1,1
M04209,B05,P5,PAY006103,2026-02-21,1,1
M04210,B05,P4,PAY004210,2025-06-09,1,1
M04210,B05,P4,PAY008515,2025-12-16,1,1
M04210,B05,P4,PAY011129,2026-06-26,0,0
M04211,B05,P1,PAY004211,2025-01-03,1,1
M04211,B05,P1,PAY005018,2025-02-05,1,1
M04211,B05,P1,PAY005961,2025-03-03,1,1
M04211,B05,P1,PAY006628,2025-03-28,1,1
M04211,B05,P1,PAY007184,2025-04-30,1,1
M04211,B05,P1,PAY007853,2025-05-25,0,1
M04212,B05,P3,PAY004212,2025-03-18,1,1
M04212,B05,P3,PAY006950,2025-06-27,1,1
M04212,B05,P3,PAY008793,2025-09-30,1,1
M04212,B05,P3,PAY010188,2026-01-10,0,1
M04213,B05,P3,PAY004213,2025-03-23,1,1
M04213,B05,P3,PAY007082,2025-06-29,1,1
M04213,B05,P3,PAY008827,2025-09-27,1,1
M04213,B05,P3,PAY010133,2026-01-07,1,1
M04214,B05,P3,PAY004214,2025-03-19,0,1
M04215,B05,P5,PAY004215,2025-07-01,1,1
M04216,B05,P1,PAY004216,2025-01-27,1,1
M04216,B05,P1,PAY005757,2025-03-05,0,1
M04217,B05,P1,PAY004217,2025-01-12,1,1
M04217,B05,P1,PAY005299,2025-02-08,1,1
M04217,B05,P1,PAY006024,2025-03-12,1,1
M04217,B05,P1,PAY006826,2025-04-10,0,1
M04218,B05,P4,PAY004218,2025-03-13,1,1
M04218,B05,P4,PAY006853,2025-09-19,1,1
M04218,B05,P4,PAY010018,2026-03-17,1,1
M04219,B05,P3,PAY004219,2025-03-22,1,1
M04219,B05,P3,PAY007060,2025-06-23,1,1
M04219,B05,P3,PAY008726,2025-09-20,0,1
M04220,B05,P4,PAY004220,2025-02-07,0,1
M04221,B05,P2,PAY004221,2025-01-19,1,1
M04221,B05,P2,PAY005520,2025-02-27,1,1
M04221,B05,P2,PAY006489,2025-04-07,1,1
M04221,B05,P2,PAY007362,2025-05-14,1,1
M04221,B05,P2,PAY008103,2025-06-19,1,1
M04221,B05,P2,PAY008675,2025-07-14,1,1
M04221,B05,P2,PAY009077,2025-08-24,1,1
M04221,B05,P2,PAY009680,2025-10-04,0,1
M04222,B05,P4,PAY004222,2025-04-28,0,1
M04223,B05,P1,PAY004223,2025-01-15,0,1
M04224,B05,P3,PAY004224,2025-03-13,1,1
M04224,B05,P3,PAY006854,2025-06-18,1,1
M04224,B05,P3,PAY008660,2025-09-28,1,1
M04224,B05,P3,PAY010146,2026-01-07,1,1
M04225,B05,P3,PAY004225,2025-02-26,0,1
M04226,B05,P1,PAY004226,2025-01-04,1,1
M04226,B05,P1,PAY005051,2025-02-14,1,1
M04226,B05,P1,PAY006185,2025-03-11,1,1
M04226,B05,P1,PAY006809,2025-04-06,0,1
M04227,B05,P5,PAY004227,2025-01-30,0,1
M04228,B05,P2,PAY004228,2025-01-23,0,1
M04229,B05,P1,PAY004229,2025-01-10,1,1
M04229,B05,P1,PAY005228,2025-02-08,1,1
M04229,B05,P5,PAY006025,2026-02-05,1,1
M04230,B05,P5,PAY004230,2025-09-04,0,1
M04231,B05,P1,PAY004231,2025-01-13,0,1
M04232,B05,P4,PAY004232,2025-03-19,1,1
M04232,B05,P4,PAY006980,2025-09-20,1,1
M04232,B05,P4,PAY010036,2026-03-24,1,1
M04233,B05,P1,PAY004233,2025-01-13,0,1
M04234,B05,P5,PAY004234,2025-05-04,1,1
M04234,B05,P5,PAY007925,2026-05-03,1,1
M04235,B05,P4,PAY004235,2025-06-02,0,1
M04236,B05,P3,PAY004236,2025-01-17,1,1
M04236,B05,P3,PAY005456,2025-04-25,1,1
M04236,B05,P3,PAY007750,2025-08-03,0,1
M04237,B05,P3,PAY004237,2025-02-12,1,1
M04237,B05,P3,PAY006128,2025-05-19,1,1
M04237,B05,P3,PAY008180,2025-08-24,0,1
M04238,B05,P1,PAY004238,2025-01-04,0,1
M04239,B05,P3,PAY004239,2025-03-19,1,1
M04239,B05,P3,PAY006981,2025-06-30,0,1
M04240,B05,P1,PAY004240,2025-01-27,1,1
M04240,B05,P1,PAY005758,2025-03-07,0,1
M04241,B05,P3,PAY004241,2025-02-01,1,1
M04241,B05,P3,PAY005878,2025-05-04,1,1
M04241,B05,P3,PAY007926,2025-08-03,0,1
M04242,B05,P4,PAY004242,2025-04-19,1,1
M04242,B05,P4,PAY007618,2025-10-15,1,1
M04242,B05,P4,PAY010376,2026-04-14,1,1
M04243,B05,P1,PAY004243,2025-01-08,1,1
M04243,B05,P1,PAY005156,2025-02-19,0,1
M04244,B05,P1,PAY004244,2025-01-14,1,1
M04244,B05,P5,PAY005370,2026-01-20,1,1
M04245,B05,P3,PAY004245,2025-01-31,1,1
M04245,B05,P3,PAY005864,2025-05-10,1,1
M04245,B05,P3,PAY008036,2025-08-06,0,1
M04246,B05,P3,PAY004246,2025-02-24,1,1
M04246,B05,P3,PAY006430,2025-05-20,1,1
M04246,B05,P3,PAY008193,2025-08-21,1,1
M04246,B05,P3,PAY009633,2025-11-24,0,1
M04247,B05,P1,PAY004247,2025-01-18,1,1
M04247,B05,P1,PAY005486,2025-02-28,0,1
M04248,B05,P4,PAY004248,2025-06-11,1,1
M04248,B05,P4,PAY008539,2025-12-13,1,1
M04248,B05,P4,PAY011099,2026-06-09,0,1
M04249,B05,P3,PAY004249,2025-03-25,1,1
M04249,B05,P3,PAY007124,2025-06-29,1,1
M04249,B05,P3,PAY008828,2025-09-27,1,1
M04249,B05,P3,PAY010134,2026-01-07,1,1
M04249,B05,P3,PAY011379,2026-04-12,0,1
M04250,B05,P3,PAY004250,2025-03-24,1,1
M04250,B05,P3,PAY007106,2025-06-27,1,1
M04250,B05,P3,PAY008794,2025-09-29,0,1
M04251,B05,P3,PAY004251,2025-02-08,1,1
M04251,B05,P3,PAY006026,2025-05-14,0,1
M04252,B05,P4,PAY004252,2025-05-10,1,1
M04252,B05,P4,PAY008037,2025-11-17,0,1
M04253,B05,P3,PAY004253,2025-01-17,1,1
M04253,B05,P3,PAY005457,2025-04-15,0,1
M04254,B05,P5,PAY004254,2025-10-06,1,1
M04255,B05,P3,PAY004255,2025-02-12,1,1
M04255,B05,P3,PAY006129,2025-05-14,1,1
M04255,B05,P3,PAY008104,2025-08-23,0,1
M04256,B05,P5,PAY004256,2025-05-12,1,1
M04256,B05,P5,PAY008066,2026-05-18,0,1
M04257,B05,P5,PAY004257,2025-05-19,0,1
M04258,B05,P3,PAY004258,2025-03-31,1,1
M04258,B05,P3,PAY007208,2025-07-02,0,1
M04259,B05,P3,PAY004259,2025-01-13,1,1
M04259,B05,P3,PAY005336,2025-04-09,1,1
M04259,B05,P3,PAY007398,2025-07-12,0,1
M04260,B05,P2,PAY004260,2025-01-20,1,1
M04260,B05,P2,PAY005544,2025-02-20,0,1
M04261,B05,P1,PAY004261,2025-01-28,0,1
M04262,B05,P1,PAY004262,2025-01-12,1,1
M04262,B05,P1,PAY005300,2025-02-09,1,1
M04262,B05,P1,PAY006053,2025-03-10,1,1
M04262,B05,P1,PAY006787,2025-04-05,1,1
M04262,B05,P1,PAY007322,2025-05-13,1,1
M04262,B05,P1,PAY008079,2025-06-22,1,1
M04262,B05,P1,PAY008711,2025-07-19,1,1
M04262,B05,P1,PAY009162,2025-08-28,1,1
M04262,B05,P1,PAY009741,2025-10-04,0,1
M04263,B05,P1,PAY004263,2025-01-25,1,1
M04263,B05,P1,PAY005693,2025-02-28,1,1
M04263,B05,P1,PAY006561,2025-04-04,0,1
M04264,B05,P1,PAY004264,2025-01-18,1,1
M04264,B05,P1,PAY005487,2025-02-15,0,1
M04265,B05,P1,PAY004265,2025-01-22,1,1
M04265,B05,P1,PAY005615,2025-03-02,0,1
M04266,B05,P1,PAY004266,2025-01-02,1,1
M04266,B05,P1,PAY004979,2025-02-08,1,1
M04266,B05,P1,PAY006027,2025-03-16,1,1
M04266,B05,P1,PAY006915,2025-04-12,1,1
M04266,B05,P1,PAY007483,2025-05-14,0,1
M04267,B05,P3,PAY004267,2025-03-03,1,1
M04267,B05,P3,PAY006629,2025-06-13,1,1
M04267,B05,P3,PAY008578,2025-09-12,1,1
M04267,B05,P3,PAY009924,2025-12-18,0,1
M04268,B05,P3,PAY004268,2025-01-28,1,1
M04268,B05,P1,PAY005789,2025-03-04,1,1
M04268,B05,P1,PAY006653,2025-04-13,1,1
M04268,B05,P1,PAY007501,2025-05-19,1,1
M04268,B05,P1,PAY008181,2025-06-24,0,1
M04269,B05,P3,PAY004269,2025-02-18,1,1
M04269,B05,P3,PAY006275,2025-05-26,0,1
M04270,B05,P3,PAY004270,2025-03-19,1,1
M04270,B05,P3,PAY006982,2025-06-22,1,1
M04270,B05,P3,PAY008712,2025-09-18,1,1
M04270,B05,P3,PAY010009,2025-12-18,1,1
M04270,B05,P3,PAY011147,2026-03-18,1,1
M04270,B05,P3,PAY012325,2026-06-17,1,0
M04271,B05,P2,PAY004271,2025-01-24,0,1
M04272,B05,P2,PAY004272,2025-01-13,1,1
M04272,B05,P2,PAY005337,2025-02-11,1,1
M04272,B05,P2,PAY006104,2025-03-16,1,1
M04272,B05,P2,PAY006916,2025-04-11,1,1
M04272,B05,P1,PAY007457,2025-05-13,1,1
M04272,B05,P1,PAY008080,2025-06-20,1,1
M04272,B05,P3,PAY008684,2025-09-18,1,1
M04272,B05,P3,PAY010010,2025-12-22,1,1
M04272,B05,P3,PAY011185,2026-03-17,0,1
M04273,B05,P3,PAY004273,2025-01-23,0,1
M04274,B05,P2,PAY004274,2025-01-14,1,1
M04274,B05,P2,PAY005371,2025-02-09,1,1
M04274,B05,P2,PAY006054,2025-03-19,1,1
M04274,B05,P2,PAY006983,2025-04-28,1,1
M04274,B05,P1,PAY007788,2025-05-26,1,1
M04274,B05,P1,PAY008300,2025-06-29,1,1
M04274,B05,P3,PAY008829,2025-09-29,1,1
M04274,B05,P3,PAY010165,2025-12-27,1,1
M04274,B05,P3,PAY011252,2026-03-26,0,1
M04275,B05,P4,PAY004275,2025-05-12,1,1
M04275,B05,P4,PAY008067,2025-11-11,0,1
M04276,B05,P1,PAY004276,2025-01-10,0,1
M04277,B05,P2,PAY004277,2025-01-06,1,1
M04277,B05,P2,PAY005105,2025-02-07,0,1
M04278,B05,P1,PAY004278,2025-01-19,1,1
M04278,B05,P1,PAY005521,2025-02-18,1,1
M04278,B05,P1,PAY006276,2025-03-17,1,1
M04278,B05,P1,PAY006934,2025-04-13,0,1
M04279,B05,P3,PAY004279,2025-02-25,1,1
M04279,B05,P3,PAY006458,2025-06-03,1,1
M04279,B05,P3,PAY008420,2025-09-13,1,1
M04279,B05,P3,PAY009939,2025-12-23,0,1
M04280,B05,P5,PAY004280,2025-11-12,1,1
M04280,B05,P1,PAY010727,2025-12-22,0,1
M04281,B05,P1,PAY004281,2025-01-08,1,1
M04281,B05,P1,PAY005157,2025-02-07,1,1
M04281,B05,P1,PAY006003,2025-03-14,1,1
M04281,B05,P1,PAY006874,2025-04-12,1,1
M04281,B05,P1,PAY007484,2025-05-09,1,1
M04281,B05,P1,PAY008016,2025-06-14,0,1
M04282,B05,P4,PAY004282,2025-03-27,1,1
M04282,B05,P4,PAY007164,2025-10-07,1,1
M04282,B05,P4,PAY010266,2026-04-17,1,1
M04282,B05,P1,PAY012721,2026-05-14,0,1
M04283,B05,P1,PAY004283,2025-01-21,0,1
M04284,B05,P1,PAY004284,2025-01-19,1,1
M04284,B05,P1,PAY005522,2025-02-25,0,1
M04285,B05,P3,PAY004285,2025-01-07,0,1
M04286,B05,P2,PAY004286,2025-01-28,1,1
M04286,B05,P2,PAY005790,2025-02-28,1,1
M04286,B05,P2,PAY006562,2025-04-04,1,1
M04286,B05,P2,PAY007299,2025-05-06,1,1
M04286,B05,P2,PAY007957,2025-06-02,1,1
M04286,B05,P2,PAY008390,2025-07-12,1,1
M04286,B05,P2,PAY009044,2025-08-08,1,1
M04286,B05,P2,PAY009478,2025-09-11,1,1
M04286,B05,P2,PAY009913,2025-10-15,0,1
M04287,B05,P1,PAY004287,2025-01-18,1,1
M04287,B05,P1,PAY005488,2025-02-18,1,1
M04287,B05,P1,PAY006277,2025-03-23,1,1
M04287,B05,P1,PAY007083,2025-04-18,1,1
M04287,B05,P1,PAY007601,2025-05-23,0,1
M04288,B05,P3,PAY004288,2025-01-16,1,1
M04288,B05,P3,PAY005427,2025-04-21,1,1
M04288,B05,P3,PAY007660,2025-07-21,1,1
M04288,B05,P3,PAY009201,2025-10-30,1,1
M04288,B05,P3,PAY010573,2026-02-04,1,1
M04288,B05,P3,PAY011726,2026-05-03,0,1
M04289,B05,P3,PAY004289,2025-02-19,1,1
M04289,B05,P3,PAY006298,2025-05-14,1,1
M04289,B05,P3,PAY008105,2025-08-23,1,1
M04289,B05,P3,PAY009668,2025-11-29,0,1
M04290,B05,P5,PAY004290,2025-04-07,1,1
M04290,B05,P5,PAY007363,2026-04-11,1,1
M04291,B05,P4,PAY004291,2025-06-25,1,1
M04291,B05,P4,PAY008762,2026-01-02,1,1
M04292,B05,P1,PAY004292,2025-01-23,1,1
M04292,B05,P1,PAY005638,2025-02-25,1,1
M04292,B05,P1,PAY006459,2025-03-25,1,1
M04292,B05,P1,PAY007125,2025-05-04,1,1
M04292,B05,P1,PAY007927,2025-06-14,1,1
M04292,B05,P1,PAY008589,2025-07-25,1,1
M04292,B05,P1,PAY009271,2025-08-23,1,1
M04293,B05,P1,PAY004293,2025-01-13,0,1
M04294,B05,P2,PAY004294,2025-01-29,1,1
M04294,B05,P2,PAY005819,2025-03-05,1,1
M04294,B05,P2,PAY006681,2025-04-09,1,1
M04294,B05,P2,PAY007399,2025-05-04,1,1
M04294,B05,P2,PAY007928,2025-06-07,0,1
M04295,B05,P2,PAY004295,2025-01-11,1,1
M04295,B05,P2,PAY005266,2025-02-16,0,1
M04296,B05,P3,PAY004296,2025-02-26,0,1
M04297,B05,P1,PAY004297,2025-01-15,1,1
M04297,B05,P1,PAY005400,2025-02-18,1,1
M04297,B05,P1,PAY006278,2025-03-17,1,1
M04297,B05,P1,PAY006935,2025-04-12,0,1
M04298,B05,P3,PAY004298,2025-01-05,1,1
M04298,B05,P3,PAY005079,2025-03-31,1,1
M04298,B05,P3,PAY007209,2025-06-27,1,1
M04298,B05,P3,PAY008795,2025-09-29,1,1
M04298,B05,P1,PAY010166,2025-10-29,1,1
M04298,B05,P1,PAY010561,2025-11-30,1,1
M04298,B05,P1,PAY010946,2026-01-09,1,1
M04298,B05,P1,PAY011403,2026-02-11,1,1
M04298,B05,P1,PAY011819,2026-03-11,1,1
M04298,B05,P1,PAY012218,2026-04-15,0,1
M04299,B05,P3,PAY004299,2025-01-03,1,1
M04299,B05,P3,PAY005019,2025-04-12,1,1
M04299,B05,P3,PAY007485,2025-07-15,1,1
M04299,B05,P3,PAY009099,2025-10-15,0,1
M04300,B05,P2,PAY004300,2025-01-20,1,1
M04300,B05,P1,PAY005545,2025-02-21,1,1
M04300,B05,P1,PAY006351,2025-04-02,1,1
M04300,B05,P1,PAY007250,2025-04-28,1,1
M04300,B05,P1,PAY007789,2025-05-24,1,1
M04300,B05,P5,PAY008260,2026-05-26,1,1
M04301,B05,P1,PAY004301,2025-01-13,0,1
M04302,B05,P3,PAY004302,2025-03-19,1,1
M04302,B05,P3,PAY006984,2025-06-17,0,1
M04303,B05,P3,PAY004303,2025-01-07,0,1
M04304,B05,P4,PAY004304,2025-03-28,1,1
M04304,B05,P4,PAY007185,2025-09-26,1,1
M04304,B05,P4,PAY010118,2026-03-27,1,1
M04305,B05,P2,PAY004305,2025-01-22,1,1
M04305,B05,P2,PAY005616,2025-02-26,0,1
M04306,B05,P2,PAY004306,2025-01-27,1,1
M04306,B05,P2,PAY005759,2025-02-24,1,1
M04306,B05,P3,PAY006431,2025-06-04,1,1
M04306,B05,P3,PAY008435,2025-09-10,1,1
M04306,B05,P3,PAY009900,2025-12-20,1,1
M04306,B05,P3,PAY011164,2026-03-29,0,1
M04307,B05,P2,PAY004307,2025-01-03,1,1
M04307,B05,P2,PAY005020,2025-02-07,1,1
M04307,B05,P2,PAY006004,2025-03-07,1,1
M04307,B05,P2,PAY006722,2025-04-05,0,1
M04308,B05,P4,PAY004308,2025-03-24,1,1
M04308,B05,P4,PAY007107,2025-09-24,1,1
M04308,B05,P4,PAY010096,2026-03-27,1,1
M04309,B05,P1,PAY004309,2025-01-30,0,1
M04310,B05,P1,PAY004310,2025-01-05,0,1
M04311,B05,P3,PAY004311,2025-02-24,1,1
M04311,B05,P3,PAY006432,2025-05-28,1,1
M04311,B05,P3,PAY008330,2025-09-05,1,1
M04311,B05,P3,PAY009841,2025-12-04,0,1
M04312,B05,P1,PAY004312,2025-01-08,1,1
M04312,B05,P1,PAY005158,2025-02-19,1,1
M04312,B05,P1,PAY006299,2025-03-23,1,1
M04312,B05,P1,PAY007084,2025-04-22,1,1
M04312,B05,P1,PAY007683,2025-05-28,1,1
M04312,B05,P1,PAY008331,2025-06-27,1,1
M04312,B05,P1,PAY008796,2025-07-29,0,1
M04313,B05,P1,PAY004313,2025-01-10,1,1
M04313,B05,P1,PAY005229,2025-02-12,1,1
M04313,B05,P1,PAY006130,2025-03-21,1,1
M04313,B05,P1,PAY007036,2025-04-19,0,1
M04314,B05,P5,PAY004314,2025-02-21,1,1
M04314,B05,P5,PAY006352,2026-02-18,1,1
M04315,B05,P3,PAY004315,2025-03-19,1,1
M04315,B05,P3,PAY006985,2025-06-14,0,1
M04316,B05,P4,PAY004316,2025-05-22,1,1
M04316,B05,P4,PAY008229,2025-11-20,1,1
M04316,B05,P4,PAY010816,2026-05-24,1,1
M04317,B05,P1,PAY004317,2025-01-13,0,1
M04318,B05,P1,PAY004318,2025-01-13,0,1
M04319,B05,P3,PAY004319,2025-01-03,1,1
M04319,B05,P4,PAY005021,2025-06-29,0,1
M04320,B05,P2,PAY004320,2025-01-06,1,1
M04320,B05,P2,PAY005106,2025-02-01,1,1
M04320,B05,P1,PAY005879,2025-02-28,1,1
M04320,B05,P1,PAY006563,2025-04-10,1,1
M04320,B05,P1,PAY007432,2025-05-08,1,1
M04320,B05,P1,PAY007995,2025-06-12,0,1
M04321,B05,P4,PAY004321,2025-03-27,1,1
M04321,B05,P4,PAY007165,2025-09-22,1,1
M04321,B05,P1,PAY010066,2025-11-03,0,1
M04322,B05,P3,PAY004322,2025-02-15,0,1
M04323,B05,P5,PAY004323,2025-09-06,0,1
M04324,B05,P2,PAY004324,2025-01-24,1,1
M04324,B05,P2,PAY005667,2025-02-28,1,1
M04324,B05,P2,PAY006564,2025-04-05,1,1
M04324,B05,P2,PAY007323,2025-05-15,1,1
M04324,B05,P2,PAY008121,2025-06-22,1,1
M04324,B05,P2,PAY008713,2025-07-29,1,1
M04324,B05,P1,PAY009345,2025-08-28,1,1
M04324,B05,P1,PAY009742,2025-09-30,1,1
M04324,B05,P1,PAY010189,2025-11-03,1,1
M04324,B05,P1,PAY010604,2025-12-07,1,1
M04324,B05,P1,PAY011030,2026-01-08,1,1
M04324,B05,P1,PAY011389,2026-02-12,0,1
M04325,B05,P4,PAY004325,2025-03-27,1,1
M04325,B05,P1,PAY007166,2025-05-04,0,1
M04326,B05,P1,PAY004326,2025-01-15,1,1
M04326,B05,P1,PAY005401,2025-02-26,1,1
M04326,B05,P1,PAY006471,2025-04-06,1,1
M04326,B05,P5,PAY007344,2026-04-05,0,1
M04327,B05,P1,PAY004327,2025-01-05,1,1
M04327,B05,P1,PAY005080,2025-02-05,1,1
M04327,B05,P1,PAY005962,2025-03-04,1,1
M04327,B05,P1,PAY006654,2025-04-09,0,1
M04328,B05,P2,PAY004328,2025-01-09,1,1
M04328,B05,P2,PAY005193,2025-02-11,0,1
M04329,B05,P1,PAY004329,2025-01-07,1,1
M04329,B05,P1,PAY005129,2025-02-16,1,1
M04329,B05,P1,PAY006220,2025-03-12,1,1
M04329,B05,P1,PAY006827,2025-04-16,1,1
M04329,B05,P1,PAY007558,2025-05-22,1,1
M04329,B05,P4,PAY008230,2025-11-19,1,1
M04329,B05,P4,PAY010808,2026-05-29,0,1
M04330,B05,P3,PAY004330,2025-02-25,0,1
M04331,B05,P5,PAY004331,2025-07-24,0,1
M04332,B05,P2,PAY004332,2025-01-03,1,1
M04332,B05,P2,PAY005022,2025-01-31,1,1
M04332,B05,P2,PAY005865,2025-02-28,1,1
M04332,B05,P2,PAY006565,2025-04-06,1,1
M04332,B05,P2,PAY007345,2025-05-16,0,1
M04333,B05,P1,PAY004333,2025-01-02,0,1
M04334,B05,P1,PAY004334,2025-01-06,1,1
M04334,B05,P1,PAY005107,2025-02-14,1,1
M04334,B05,P1,PAY006186,2025-03-11,1,1
M04334,B05,P1,PAY006810,2025-04-14,0,1
M04335,B05,P1,PAY004335,2025-01-30,0,1
M04336,B05,P2,PAY004336,2025-01-06,0,1
M04337,B05,P4,PAY004337,2025-05-06,1,1
M04337,B05,P4,PAY007958,2025-11-15,1,1
M04337,B05,P4,PAY010756,2026-05-14,0,1
M04338,B05,P1,PAY004338,2025-01-03,1,1
M04338,B05,P1,PAY005023,2025-02-01,1,1
M04338,B05,P1,PAY005880,2025-03-05,1,1
M04338,B05,P1,PAY006682,2025-04-06,1,1
M04338,B05,P1,PAY007346,2025-05-07,1,1
M04338,B05,P1,PAY007977,2025-06-04,1,1
M04338,B05,P1,PAY008436,2025-07-07,1,1
M04338,B05,P1,PAY008958,2025-08-17,1,1
M04338,B05,P1,PAY009583,2025-09-27,1,1
M04338,B05,P1,PAY010135,2025-11-02,1,1
M04338,B05,P1,PAY010595,2025-12-11,1,1
M04338,B05,P3,PAY011074,2026-03-20,0,1
M04339,B05,P1,PAY004339,2025-01-29,0,1
M04340,B05,P2,PAY004340,2025-01-20,1,1
M04340,B05,P1,PAY005546,2025-02-24,1,1
M04340,B05,P1,PAY006433,2025-03-21,1,1
M04340,B05,P3,PAY007037,2025-06-16,1,1
M04340,B05,P4,PAY008625,2025-12-21,0,1
M04341,B05,P3,PAY004341,2025-02-01,1,1
M04341,B05,P3,PAY005881,2025-05-08,1,1
M04341,B05,P3,PAY007996,2025-08-12,1,1
M04341,B05,P3,PAY009524,2025-11-20,1,1
M04341,B05,P3,PAY010817,2026-02-20,1,1
M04341,B05,P1,PAY011939,2026-04-01,1,1
M04342,B05,P4,PAY004342,2025-03-24,1,1
M04342,B05,P4,PAY007108,2025-09-28,1,1
M04342,B05,P4,PAY010147,2026-03-23,1,1
M04343,B05,P3,PAY004343,2025-03-10,1,1
M04343,B05,P3,PAY006788,2025-06-14,1,1
M04343,B05,P3,PAY008590,2025-09-16,1,1
M04343,B05,P3,PAY009982,2025-12-25,0,1
M04344,B05,P2,PAY004344,2025-01-27,0,1
M04345,B05,P1,PAY004345,2025-01-12,1,1
M04345,B05,P1,PAY005301,2025-02-11,1,1
M04345,B05,P1,PAY006105,2025-03-18,1,1
M04345,B05,P1,PAY006951,2025-04-23,0,1
M04346,B05,P1,PAY004346,2025-01-08,0,1
M04347,B05,P1,PAY004347,2025-01-12,1,1
M04347,B05,P1,PAY005302,2025-02-07,1,1
M04347,B05,P1,PAY006005,2025-03-16,1,1
M04347,B05,P3,PAY006917,2025-06-13,0,1
M04348,B05,P3,PAY004348,2025-02-22,1,1
M04348,B05,P3,PAY006380,2025-06-04,1,1
M04348,B05,P3,PAY008437,2025-09-04,1,1
M04348,B05,P3,PAY009821,2025-12-13,0,1
M04349,B05,P5,PAY004349,2025-08-18,0,1
M04350,B05,P5,PAY004350,2025-12-07,1,1
M04350,B05,P2,PAY011031,2026-01-17,0,1
M04351,B05,P3,PAY004351,2025-01-14,1,1
M04351,B05,P3,PAY005372,2025-04-13,0,1
M04352,B05,P2,PAY004352,2025-01-24,1,1
M04352,B05,P2,PAY005668,2025-02-28,0,1
M04353,B05,P2,PAY004353,2025-01-10,1,1
M04353,B05,P2,PAY005230,2025-02-12,0,1
M04354,B05,P2,PAY004354,2025-01-27,1,1
M04354,B05,P2,PAY005760,2025-02-28,1,1
M04354,B05,P2,PAY006566,2025-04-09,1,1
M04354,B05,P2,PAY007400,2025-05-05,0,1
M04355,B05,P1,PAY004355,2025-01-21,1,1
M04355,B05,P1,PAY005586,2025-02-28,0,1
M04356,B05,P1,PAY004356,2025-01-20,1,1
M04356,B05,P1,PAY005547,2025-02-19,1,1
M04356,B05,P1,PAY006300,2025-03-15,0,1
M04357,B05,P5,PAY004357,2025-07-30,0,1
M04358,B05,P1,PAY004358,2025-01-09,1,1
M04358,B05,P1,PAY005194,2025-02-09,0,1
M04359,B05,P4,PAY004359,2025-01-23,1,1
M04359,B05,P4,PAY005639,2025-07-30,1,1
M04359,B05,P4,PAY009366,2026-02-03,0,1
M04360,B05,P4,PAY004360,2025-06-01,1,1
M04360,B05,P4,PAY008374,2025-12-07,1,1
M04360,B05,P4,PAY011032,2026-06-13,0,1
M04361,B05,P1,PAY004361,2025-01-16,1,1
M04361,B05,P3,PAY005428,2025-04-16,1,1
M04361,B05,P3,PAY007559,2025-07-25,1,1
M04361,B05,P3,PAY009272,2025-10-27,1,1
M04361,B05,P3,PAY010536,2026-02-03,0,1
M04362,B05,P1,PAY004362,2025-01-14,1,1
M04362,B05,P1,PAY005373,2025-02-21,1,1
M04362,B05,P1,PAY006353,2025-03-27,1,1
M04362,B05,P1,PAY007167,2025-04-22,0,1
M04363,B05,P2,PAY004363,2025-01-26,1,1
M04363,B05,P2,PAY005723,2025-02-28,1,1
M04363,B05,P2,PAY006567,2025-03-26,0,1
M04364,B05,P1,PAY004364,2025-01-03,1,1
M04364,B05,P1,PAY005024,2025-02-03,0,1
M04365,B05,P1,PAY004365,2025-01-19,1,1
M04365,B05,P1,PAY005523,2025-02-15,1,1
M04365,B05,P1,PAY006206,2025-03-18,1,1
M04365,B05,P1,PAY006952,2025-04-16,1,1
M04365,B05,P1,PAY007560,2025-05-20,0,1
M04366,B05,P5,PAY004366,2025-07-07,1,1
M04366,B05,P1,PAY008959,2025-08-08,0,1
M04367,B05,P1,PAY004367,2025-01-15,1,1
M04367,B05,P1,PAY005402,2025-02-19,1,1
M04367,B05,P1,PAY006301,2025-03-14,1,1
M04367,B05,P1,PAY006875,2025-04-10,1,1
M04367,B05,P1,PAY007433,2025-05-11,0,1
M04368,B05,P3,PAY004368,2025-01-29,1,1
M04368,B05,P3,PAY005820,2025-04-24,1,1
M04368,B05,P5,PAY007727,2026-04-26,1,1
M04369,B05,P1,PAY004369,2025-01-15,1,1
M04369,B05,P1,PAY005403,2025-02-11,0,1
M04370,B05,P3,PAY004370,2025-03-10,1,1
M04370,B05,P3,PAY006789,2025-06-15,1,1
M04370,B05,P3,PAY008608,2025-09-16,0,1
M04371,B05,P1,PAY004371,2025-01-24,0,1
M04372,B05,P1,PAY004372,2025-01-02,0,1
M04373,B05,P2,PAY004373,2025-01-08,1,1
M04373,B05,P2,PAY005159,2025-02-05,1,1
M04373,B05,P2,PAY005963,2025-03-08,1,1
M04373,B05,P2,PAY006752,2025-04-11,1,1
M04373,B05,P1,PAY007458,2025-05-21,1,1
M04373,B05,P1,PAY008213,2025-06-26,1,1
M04373,B05,P1,PAY008777,2025-07-23,1,1
M04373,B05,P1,PAY009234,2025-08-27,1,1
M04373,B05,P1,PAY009729,2025-09-27,0,1
M04374,B05,P5,PAY004374,2025-09-28,1,1
M04374,B05,P4,PAY010148,2026-03-29,0,1
M04375,B05,P1,PAY004375,2025-01-30,1,1
M04375,B05,P1,PAY005857,2025-02-28,1,1
M04375,B05,P1,PAY006568,2025-03-25,1,1
M04375,B05,P1,PAY007126,2025-04-30,1,1
M04375,B05,P1,PAY007854,2025-05-28,1,1
M04375,B05,P1,PAY008332,2025-06-23,1,1
M04375,B05,P1,PAY008727,2025-07-23,1,1
M04375,B05,P1,PAY009235,2025-08-19,0,1
M04376,B05,P2,PAY004376,2025-01-19,0,1
M04377,B05,P2,PAY004377,2025-01-07,0,1
M04378,B05,P2,PAY004378,2025-01-17,1,1
M04378,B05,P2,PAY005458,2025-02-24,0,1
M04379,B05,P1,PAY004379,2025-01-20,1,1
M04379,B05,P1,PAY005548,2025-02-22,1,1
M04379,B05,P1,PAY006381,2025-04-04,1,1
M04379,B05,P1,PAY007300,2025-05-05,1,1
M04379,B05,P1,PAY007944,2025-06-16,0,1
M04380,B05,P3,PAY004380,2025-01-23,0,1
M04381,B05,P3,PAY004381,2025-01-04,1,1
M04381,B05,P3,PAY005052,2025-04-13,1,1
M04381,B05,P3,PAY007502,2025-07-22,1,1
M04381,B05,P1,PAY009211,2025-08-27,1,1
M04381,B05,P1,PAY009730,2025-10-01,0,1
M04382,B05,P3,PAY004382,2025-03-21,1,1
M04382,B05,P3,PAY007038,2025-06-17,1,1
M04382,B05,P3,PAY008640,2025-09-12,1,1
M04382,B05,P3,PAY009925,2025-12-09,1,1
M04382,B05,P3,PAY011054,2026-03-06,0,1
M04383,B05,P4,PAY004383,2025-01-19,1,1
M04383,B05,P4,PAY005524,2025-07-27,1,1
M04383,B05,P4,PAY009306,2026-01-31,1,1
M04384,B05,P1,PAY004384,2025-01-15,1,1
M04384,B05,P1,PAY005404,2025-02-21,1,1
M04384,B05,P1,PAY006354,2025-04-02,1,1
M04384,B05,P1,PAY007251,2025-05-06,0,1
M04385,B05,P2,PAY004385,2025-01-27,1,1
M04385,B05,P1,PAY005761,2025-03-06,1,1
M04385,B05,P1,PAY006703,2025-04-09,1,1
M04385,B05,P1,PAY007401,2025-05-12,0,1
M04386,B05,P2,PAY004386,2025-01-18,1,1
M04386,B05,P2,PAY005489,2025-02-28,0,1
M04387,B05,P1,PAY004387,2025-02-01,1,1
M04387,B05,P1,PAY005882,2025-02-28,1,1
M04387,B05,P2,PAY006569,2025-04-09,1,1
M04387,B05,P4,PAY007402,2025-10-05,1,1
M04387,B05,P4,PAY010250,2026-04-06,0,1
M04388,B05,P2,PAY004388,2025-02-26,1,1
M04388,B05,P2,PAY006472,2025-03-22,1,1
M04388,B05,P2,PAY007061,2025-05-01,0,1
M04389,B05,P5,PAY004389,2026-01-09,1,1
M04389,B05,P2,PAY011404,2026-02-05,1,1
M04389,B05,P2,PAY011735,2026-02-28,0,1
M04390,B05,P1,PAY004390,2025-02-13,1,1
M04390,B05,P1,PAY006154,2025-03-15,1,1
M04390,B05,P1,PAY006891,2025-04-22,0,1
M04391,B05,P4,PAY004391,2025-07-23,0,1
M04392,B05,P1,PAY004392,2025-02-23,1,1
M04392,B05,P1,PAY006407,2025-04-05,0,1
M04393,B05,P2,PAY004393,2025-02-23,0,1
M04394,B05,P4,PAY004394,2025-07-23,1,1
M04394,B05,P4,PAY009236,2026-01-22,1,1
M04395,B05,P2,PAY004395,2025-02-22,1,1
M04395,B05,P1,PAY006382,2025-04-02,1,1
M04395,B05,P1,PAY007252,2025-04-29,1,1
M04395,B05,P1,PAY007814,2025-06-07,1,1
M04395,B05,P1,PAY008489,2025-07-12,1,1
M04396,B05,P5,PAY004396,2026-01-07,0,1
M04397,B05,P2,PAY004397,2025-02-25,1,1
M04397,B05,P2,PAY006460,2025-04-07,0,1
M04398,B05,P3,PAY004398,2025-04-24,1,1
M04398,B05,P3,PAY007728,2025-08-03,1,1
M04398,B05,P3,PAY009413,2025-11-11,0,1
M04399,B05,P3,PAY004399,2025-04-02,1,1
M04399,B05,P3,PAY007253,2025-06-29,1,1
M04399,B05,P3,PAY008830,2025-10-03,1,1
M04399,B05,P3,PAY010224,2026-01-01,0,1
M04400,B05,P5,PAY004400,2026-01-30,1,1
M04400,B05,P2,PAY011672,2026-03-06,1,1
M04400,B05,P2,PAY012148,2026-04-13,1,1
M04400,B05,P2,PAY012663,2026-05-18,1,1
M04400,B05,P2,PAY013118,2026-06-18,1,0
M04401,B05,P3,PAY004401,2025-04-16,0,1
M04402,B05,P4,PAY004402,2025-07-25,1,1
M04402,B05,P4,PAY009273,2026-01-29,0,1
M04403,B05,P4,PAY004403,2025-07-29,1,1
M04403,B05,P4,PAY009346,2026-02-02,0,1
M04404,B05,P5,PAY004404,2026-01-08,0,1
M04405,B05,P5,PAY004405,2026-01-28,1,1
M04406,B05,P1,PAY004406,2025-02-24,1,1
M04406,B05,P1,PAY006434,2025-03-25,1,1
M04406,B05,P1,PAY007127,2025-04-24,1,1
M04406,B05,P5,PAY007729,2026-04-27,1,1
M04407,B05,P5,PAY004407,2026-01-15,1,1
M04408,B05,P3,PAY004408,2025-04-02,1,1
M04408,B05,P3,PAY007254,2025-07-09,1,1
M04408,B05,P4,PAY008989,2026-01-04,1,1
M04409,B05,P3,PAY004409,2025-04-12,0,1
M04410,B05,P1,PAY004410,2025-02-15,0,1
M04411,B05,P1,PAY004411,2025-02-28,1,1
M04411,B05,P1,PAY006570,2025-04-11,0,1
M04412,B05,P3,PAY004412,2025-04-26,0,1
M04413,B05,P1,PAY004413,2025-02-07,1,1
M04413,B05,P1,PAY006006,2025-03-12,0,1
M04414,B05,P4,PAY004414,2025-07-26,1,1
M04414,B05,P4,PAY009288,2026-01-23,0,1
M04415,B05,P1,PAY004415,2025-02-08,1,1
M04415,B05,P1,PAY006028,2025-03-17,1,1
M04415,B05,P1,PAY006936,2025-04-19,1,1
M04415,B05,P3,PAY007619,2025-07-22,1,1
M04415,B05,P3,PAY009212,2025-10-18,0,1
M04416,B05,P3,PAY004416,2025-04-16,0,1
M04417,B05,P4,PAY004417,2025-07-08,1,1
M04417,B05,P4,PAY008971,2026-01-05,0,1
M04418,B05,P3,PAY004418,2025-04-17,1,1
M04418,B05,P3,PAY007581,2025-07-20,1,1
M04418,B05,P3,PAY009185,2025-10-25,1,1
M04418,B05,P3,PAY010503,2026-01-30,1,1
M04418,B05,P3,PAY011673,2026-04-30,1,1
M04419,B05,P4,PAY004419,2025-07-18,1,1
M04419,B05,P4,PAY009149,2026-01-27,1,1
M04420,B05,P3,PAY004420,2025-04-05,0,1
M04421,B05,P3,PAY004421,2025-04-14,0,1
M04422,B05,P3,PAY004422,2025-04-03,1,1
M04422,B05,P3,PAY007278,2025-07-05,1,1
M04422,B05,P3,PAY008933,2025-10-07,1,1
M04422,B05,P3,PAY010267,2026-01-13,1,1
M04422,B05,P3,PAY011454,2026-04-24,0,1
M04423,B05,P1,PAY004423,2025-02-20,1,1
M04423,B05,P1,PAY006326,2025-03-20,1,1
M04423,B05,P1,PAY007009,2025-04-16,1,1
M04423,B05,P1,PAY007561,2025-05-22,1,1
M04423,B05,P1,PAY008231,2025-06-22,0,1
M04424,B05,P3,PAY004424,2025-04-29,0,1
M04425,B05,P3,PAY004425,2025-04-14,1,1
M04425,B05,P3,PAY007520,2025-07-14,0,1
M04426,B05,P2,PAY004426,2025-02-19,0,1
M04427,B05,P1,PAY004427,2025-02-20,1,1
M04427,B05,P1,PAY006327,2025-03-19,1,1
M04427,B05,P1,PAY006986,2025-04-20,1,1
M04427,B05,P1,PAY007636,2025-05-18,1,1
M04427,B05,P1,PAY008169,2025-06-15,1,1
M04427,B05,P1,PAY008609,2025-07-12,1,1
M04427,B05,P1,PAY009046,2025-08-18,1,1
M04427,B05,P3,PAY009599,2025-11-28,1,1
M04427,B05,P3,PAY010908,2026-03-06,0,1
M04428,B05,P1,PAY004428,2025-02-10,0,1
M04429,B05,P2,PAY004429,2025-02-28,1,1
M04429,B05,P2,PAY006571,2025-04-09,1,1
M04429,B05,P2,PAY007403,2025-05-15,0,1
M04430,B05,P4,PAY004430,2025-07-16,1,1
M04430,B05,P4,PAY009118,2026-01-18,1,1
M04431,B05,P3,PAY004431,2025-04-25,1,1
M04431,B05,P3,PAY007751,2025-08-06,1,1
M04431,B05,P3,PAY009448,2025-11-13,1,1
M04431,B05,P4,PAY010735,2026-05-22,1,1
M04432,B05,P3,PAY004432,2025-04-25,0,1
M04433,B05,P2,PAY004433,2025-02-13,0,1
M04434,B05,P1,PAY004434,2025-02-22,1,1
M04434,B05,P1,PAY006383,2025-03-25,0,1
M04435,B05,P3,PAY004435,2025-04-24,1,1
M04435,B05,P3,PAY007730,2025-08-01,1,1
M04435,B05,P3,PAY009384,2025-11-03,1,1
M04435,B05,P3,PAY010605,2026-02-07,1,1
M04435,B05,P3,PAY011757,2026-05-13,1,1
M04436,B05,P1,PAY004436,2025-02-01,0,1
M04437,B05,P3,PAY004437,2025-04-19,1,1
M04437,B05,P3,PAY007620,2025-07-14,1,1
M04437,B05,P3,PAY009078,2025-10-21,1,1
M04437,B05,P3,PAY010450,2026-01-31,0,1
M04438,B05,P3,PAY004438,2025-04-09,1,1
M04438,B05,P3,PAY007404,2025-07-13,0,1
M04439,B05,P3,PAY004439,2025-04-20,1,1
M04439,B05,P3,PAY007637,2025-07-19,1,1
M04439,B05,P3,PAY009163,2025-10-29,1,1
M04439,B05,P3,PAY010562,2026-01-25,1,1
M04440,B05,P4,PAY004440,2025-08-18,1,1
M04440,B05,P4,PAY009600,2026-02-18,1,1
M04441,B05,P4,PAY004441,2025-08-21,1,1
M04441,B05,P4,PAY009634,2026-02-27,0,1
M04442,B05,P3,PAY004442,2025-05-09,0,1
M04443,B05,P1,PAY004443,2025-03-18,0,1
M04444,B05,P3,PAY004444,2025-05-07,0,1
M04445,B05,P1,PAY004445,2025-03-28,1,1
M04445,B05,P1,PAY007186,2025-05-08,1,1
M04445,B05,P1,PAY007997,2025-06-18,1,1
M04445,B05,P1,PAY008661,2025-07-29,1,1
M04445,B05,P1,PAY009347,2025-08-28,1,1
M04445,B05,P1,PAY009743,2025-10-02,0,1
M04446,B05,P1,PAY004446,2025-03-08,1,1
M04446,B05,P1,PAY006753,2025-04-09,0,1
M04447,B05,P3,PAY004447,2025-05-20,1,1
M04447,B05,P3,PAY008194,2025-08-24,1,1
M04447,B05,P3,PAY009681,2025-12-01,1,1
M04447,B05,P3,PAY010960,2026-02-28,1,1
M04447,B05,P3,PAY012068,2026-06-05,1,1
M04448,B05,P4,PAY004448,2025-08-07,1,1
M04448,B05,P4,PAY009462,2026-02-15,0,1
M04449,B05,P3,PAY004449,2025-05-10,0,1
M04450,B05,P1,PAY004450,2025-03-12,1,1
M04450,B05,P5,PAY006828,2026-03-17,1,1
M04451,B05,P2,PAY004451,2025-03-27,1,1
M04451,B05,P2,PAY007168,2025-05-07,1,1
M04451,B05,P2,PAY007978,2025-06-12,1,1
M04451,B05,P2,PAY008561,2025-07-12,0,1
M04452,B05,P1,PAY004452,2025-03-03,0,1
M04453,B05,P2,PAY004453,2025-03-26,1,1
M04453,B05,P2,PAY007146,2025-04-27,0,1
M04454,B05,P3,PAY004454,2025-05-24,1,1
M04454,B05,P3,PAY008261,2025-09-04,1,1
M04454,B05,P3,PAY009822,2025-12-11,1,1
M04454,B05,P3,PAY011075,2026-03-19,1,1
M04454,B05,P2,PAY012335,2026-04-27,1,1
M04454,B05,P2,PAY012870,2026-05-25,0,1
M04455,B05,P1,PAY004455,2025-03-18,1,1
M04455,B05,P1,PAY006953,2025-04-24,1,1
M04455,B05,P1,PAY007731,2025-05-28,1,1
M04455,B05,P5,PAY008333,2026-06-07,0,1
M04456,B05,P2,PAY004456,2025-03-25,1,1
M04456,B05,P2,PAY007128,2025-04-29,1,1
M04456,B05,P2,PAY007815,2025-05-28,0,1
M04457,B05,P2,PAY004457,2025-03-28,0,1
M04458,B05,P5,PAY004458,2026-02-27,0,1
M04459,B05,P2,PAY004459,2025-03-13,0,1
M04460,B05,P5,PAY004460,2026-02-01,1,1
M04461,B05,P1,PAY004461,2025-03-03,1,1
M04461,B05,P1,PAY006630,2025-04-09,0,1
M04462,B05,P1,PAY004462,2025-03-09,1,1
M04462,B05,P2,PAY006770,2025-04-14,1,1
M04462,B05,P2,PAY007521,2025-05-17,0,1
M04463,B05,P2,PAY004463,2025-03-12,0,1
M04464,B05,P1,PAY004464,2025-03-18,1,1
M04464,B05,P1,PAY006954,2025-04-20,0,1
M04465,B05,P1,PAY004465,2025-03-08,0,1
M04466,B05,P1,PAY004466,2025-03-03,1,1
M04466,B05,P3,PAY006631,2025-06-14,1,1
M04466,B05,P3,PAY008591,2025-09-10,1,1
M04466,B05,P3,PAY009901,2025-12-16,1,1
M04466,B05,P3,PAY011130,2026-03-16,1,1
M04466,B05,P3,PAY012297,2026-06-25,1,0
M04467,B05,P3,PAY004467,2025-05-10,1,1
M04467,B05,P1,PAY008038,2025-06-21,0,1
M04468,B05,P1,PAY004468,2025-03-15,1,1
M04468,B05,P1,PAY006892,2025-04-16,1,1
M04468,B05,P1,PAY007562,2025-05-14,1,1
M04468,B05,P1,PAY008106,2025-06-19,0,1
M04469,B05,P4,PAY004469,2025-08-26,0,1
M04470,B05,P1,PAY004470,2025-03-28,0,1
M04471,B05,P1,PAY004471,2025-03-18,0,1
M04472,B05,P2,PAY004472,2025-03-08,1,1
M04472,B05,P2,PAY006754,2025-04-13,1,1
M04472,B05,P2,PAY007503,2025-05-15,1,1
M04472,B05,P2,PAY008122,2025-06-17,1,1
M04472,B05,P2,PAY008641,2025-07-24,1,1
M04472,B05,P2,PAY009254,2025-08-20,0,1
M04473,B05,P4,PAY004473,2025-09-21,1,1
M04473,B05,P4,PAY010054,2026-03-20,1,1
M04474,B05,P1,PAY004474,2025-04-24,1,1
M04474,B05,P1,PAY007732,2025-05-21,1,1
M04474,B05,P1,PAY008214,2025-06-28,1,1
M04474,B05,P1,PAY008808,2025-07-27,1,1
M04474,B05,P1,PAY009307,2025-09-01,1,1
M04474,B05,P1,PAY009789,2025-10-10,0,1
M04475,B05,P2,PAY004475,2025-04-27,1,1
M04475,B05,P2,PAY007772,2025-06-02,1,1
M04475,B05,P2,PAY008391,2025-07-03,0,1
M04476,B05,P3,PAY004476,2025-06-20,0,1
M04477,B05,P4,PAY004477,2025-09-11,1,1
M04477,B05,P4,PAY009914,2026-03-16,0,1
M04478,B05,P1,PAY004478,2025-04-17,1,1
M04478,B05,P1,PAY007582,2025-05-18,0,1
M04479,B05,P3,PAY004479,2025-06-12,1,1
M04479,B05,P3,PAY008562,2025-09-13,1,1
M04479,B05,P3,PAY009940,2025-12-24,0,1
M04480,B05,P4,PAY004480,2025-09-05,0,1
M04481,B05,P3,PAY004481,2025-06-11,1,1
M04481,B05,P3,PAY008540,2025-09-19,0,1
M04482,B05,P2,PAY004482,2025-04-22,0,1
M04483,B05,P4,PAY004483,2025-09-22,1,1
M04483,B05,P2,PAY010067,2025-10-25,0,1
M04484,B05,P1,PAY004484,2025-04-30,1,1
M04484,B05,P1,PAY007855,2025-06-09,0,1
M04485,B05,P3,PAY004485,2025-06-09,0,1
M04486,B05,P1,PAY004486,2025-04-29,1,1
M04486,B05,P1,PAY007816,2025-05-27,1,1
M04486,B05,P1,PAY008311,2025-06-29,1,1
M04486,B05,P1,PAY008831,2025-08-03,1,1
M04486,B05,P1,PAY009414,2025-09-06,0,1
M04487,B05,P4,PAY004487,2025-09-19,1,1
M04487,B05,P2,PAY010019,2025-10-19,1,1
M04487,B05,P3,PAY010425,2026-01-22,0,1
M04488,B05,P3,PAY004488,2025-06-24,1,1
M04488,B05,P3,PAY008749,2025-09-23,1,1
M04488,B05,P3,PAY010077,2025-12-18,1,1
M04488,B05,P3,PAY011148,2026-03-28,0,1
M04489,B05,P5,PAY004489,2026-03-28,1,1
M04490,B05,P5,PAY004490,2026-03-19,0,1
M04491,B05,P1,PAY004491,2025-04-07,0,1
M04492,B05,P1,PAY004492,2025-04-10,1,1
M04492,B05,P1,PAY007434,2025-05-20,1,1
M04492,B05,P1,PAY008195,2025-06-21,1,1
M04492,B05,P1,PAY008694,2025-07-28,0,1
M04493,B05,P4,PAY004493,2025-09-30,1,1
M04493,B05,P4,PAY010190,2026-04-04,1,1
M04494,B05,P4,PAY004494,2025-09-06,1,1
M04494,B05,P4,PAY009849,2026-03-01,0,1
M04495,B05,P5,PAY004495,2026-03-31,1,1
M04496,B05,P4,PAY004496,2025-09-11,0,1
M04497,B05,P3,PAY004497,2025-06-16,0,1
M04498,B05,P3,PAY004498,2025-06-24,0,1
M04499,B05,P1,PAY004499,2025-04-30,0,1
M04500,B05,P2,PAY004500,2025-04-22,0,1
M04501,B05,P5,PAY004501,2026-03-09,0,1
M04502,B05,P3,PAY004502,2025-06-23,1,1
M04502,B05,P3,PAY008728,2025-10-03,1,1
M04502,B05,P3,PAY010225,2026-01-10,0,1
M04503,B05,P4,PAY004503,2025-09-08,0,1
M04504,B05,P1,PAY004504,2025-04-17,1,1
M04504,B05,P1,PAY007583,2025-05-19,1,1
M04504,B05,P1,PAY008182,2025-06-21,1,1
M04504,B05,P1,PAY008695,2025-07-18,1,1
M04504,B05,P1,PAY009150,2025-08-25,1,1
M04504,B05,P3,PAY009702,2025-11-26,1,1
M04504,B05,P3,PAY010886,2026-02-21,1,1
M04504,B05,P3,PAY011953,2026-05-20,0,1
M04505,B05,P1,PAY004505,2025-04-15,1,1
M04505,B05,P1,PAY007540,2025-05-21,1,1
M04505,B05,P1,PAY008215,2025-06-16,0,1
M04506,B05,P1,PAY004506,2025-04-24,1,1
M04506,B05,P1,PAY007733,2025-05-23,1,1
M04506,B05,P1,PAY008248,2025-06-23,0,1
M04507,B05,P4,PAY004507,2025-09-24,1,1
M04507,B05,P4,PAY010097,2026-03-30,0,1
M04508,B05,P3,PAY004508,2025-06-11,0,1
M04509,B05,P1,PAY004509,2025-04-03,1,1
M04509,B05,P1,PAY007279,2025-05-05,1,1
M04509,B05,P1,PAY007945,2025-05-30,0,1
M04510,B05,P4,PAY004510,2025-09-07,1,1
M04510,B05,P4,PAY009859,2026-03-09,0,1
M04511,B05,P5,PAY004511,2026-03-20,1,1
M04511,B05,P3,PAY012351,2026-06-17,1,0
M04512,B05,P2,PAY004512,2025-04-27,1,1
M04512,B05,P3,PAY007773,2025-08-06,1,1
M04512,B05,P3,PAY009449,2025-11-06,0,1
M04513,B05,P5,PAY004513,2026-03-02,1,1
M04514,B05,P1,PAY004514,2025-04-02,1,1
M04514,B05,P2,PAY007255,2025-05-03,1,1
M04514,B05,P2,PAY007907,2025-06-02,1,1
M04514,B05,P1,PAY008392,2025-07-11,1,1
M04514,B05,P1,PAY009026,2025-08-07,1,1
M04514,B05,P1,PAY009463,2025-09-04,1,1
M04514,B05,P3,PAY009823,2025-12-08,1,1
M04514,B05,P3,PAY011044,2026-03-09,1,1
M04514,B05,P3,PAY012188,2026-06-16,1,1
M04515,B05,P5,PAY004515,2026-03-08,1,1
M04516,B05,P1,PAY004516,2025-04-29,0,1
M04517,B05,P5,PAY004517,2026-03-13,0,1
M04518,B05,P4,PAY004518,2025-09-16,1,1
M04518,B05,P4,PAY009983,2026-03-19,0,1
M04519,B05,P1,PAY004519,2025-04-07,1,1
M04519,B05,P1,PAY007364,2025-05-05,0,1
M04520,B05,P2,PAY004520,2025-05-30,0,1
M04521,B05,P3,PAY004521,2025-07-28,1,1
M04521,B05,P3,PAY009322,2025-11-05,1,1
M04521,B05,P3,PAY010640,2026-02-08,0,1
M04522,B05,P1,PAY004522,2025-05-25,1,1
M04522,B05,P1,PAY008279,2025-07-05,0,1
M04523,B05,P3,PAY004523,2025-07-22,1,1
M04523,B05,P3,PAY009213,2025-10-29,0,1
M04524,B05,P1,PAY004524,2025-05-25,1,1
M04524,B05,P1,PAY008280,2025-06-24,1,1
M04524,B05,P1,PAY008750,2025-08-02,0,1
M04525,B05,P1,PAY004525,2025-05-07,0,1
M04526,B05,P4,PAY004526,2025-10-03,1,1
M04526,B05,P4,PAY010226,2026-04-08,1,1
M04527,B05,P2,PAY004527,2025-05-01,1,1
M04527,B05,P2,PAY007873,2025-06-12,1,1
M04527,B05,P2,PAY008563,2025-07-13,0,1
M04528,B05,P1,PAY004528,2025-05-07,0,1
M04529,B05,P2,PAY004529,2025-05-21,1,1
M04529,B05,P2,PAY008216,2025-07-01,1,1
M04529,B05,P2,PAY008877,2025-08-09,0,1
M04530,B05,P3,PAY004530,2025-07-28,0,1
M04531,B05,P1,PAY004531,2025-05-11,0,1
M04532,B05,P5,PAY004532,2026-04-04,1,1
M04533,B05,P1,PAY004533,2025-05-09,1,1
M04533,B05,P1,PAY008017,2025-06-18,1,1
M04533,B05,P1,PAY008662,2025-07-28,1,1
M04533,B05,P2,PAY009323,2025-09-04,1,1
M04533,B05,P2,PAY009824,2025-10-12,1,1
M04533,B05,P2,PAY010331,2025-11-13,1,1
M04533,B05,P2,PAY010736,2025-12-12,1,1
M04533,B05,P2,PAY011086,2026-01-19,0,1
M04534,B05,P2,PAY004534,2025-05-28,1,1
M04534,B05,P2,PAY008334,2025-06-27,1,1
M04534,B05,P2,PAY008797,2025-07-28,1,1
M04534,B05,P2,PAY009324,2025-08-29,1,1
M04534,B05,P2,PAY009753,2025-09-28,1,1
M04534,B05,P2,PAY010149,2025-11-03,0,1
M04535,B05,P2,PAY004535,2025-05-20,1,1
M04535,B05,P2,PAY008196,2025-06-23,1,1
M04535,B05,P2,PAY008729,2025-07-29,0,1
M04536,B05,P4,PAY004536,2025-10-10,1,1
M04536,B05,P4,PAY010303,2026-04-12,0,1
M04537,B05,P4,PAY004537,2025-10-22,1,1
M04537,B05,P4,PAY010462,2026-04-18,0,1
M04538,B05,P4,PAY004538,2025-10-29,1,1
M04538,B05,P4,PAY010563,2026-04-26,0,1
M04539,B05,P1,PAY004539,2025-05-02,1,1
M04539,B05,P1,PAY007893,2025-06-03,0,1
M04540,B05,P1,PAY004540,2025-05-20,1,1
M04540,B05,P1,PAY008197,2025-06-24,1,1
M04540,B05,P1,PAY008751,2025-07-20,1,1
M04540,B05,P1,PAY009186,2025-08-30,1,1
M04541,B05,P1,PAY004541,2025-05-01,1,1
M04541,B05,P1,PAY007874,2025-05-29,0,1
M04542,B05,P3,PAY004542,2025-07-07,1,1
M04542,B05,P3,PAY008960,2025-10-07,1,1
M04542,B05,P3,PAY010268,2026-01-14,1,1
M04542,B05,P3,PAY011470,2026-04-14,0,1
M04543,B05,P1,PAY004543,2025-05-15,0,1
M04544,B05,P1,PAY004544,2025-05-28,1,1
M04544,B05,P1,PAY008335,2025-06-29,0,1
M04545,B05,P3,PAY004545,2025-07-17,1,1
M04545,B05,P3,PAY009132,2025-10-16,1,1
M04545,B05,P3,PAY010386,2026-01-12,1,1
M04545,B05,P3,PAY011436,2026-04-17,1,1
M04546,B05,P5,PAY004546,2026-04-30,1,1
M04547,B05,P1,PAY004547,2025-05-30,1,1
M04547,B05,P1,PAY008360,2025-06-30,0,1
M04548,B05,P3,PAY004548,2025-07-30,0,1
M04549,B05,P1,PAY004549,2025-05-18,0,1
M04550,B05,P3,PAY004550,2025-07-01,0,1
M04551,B05,P3,PAY004551,2025-07-01,1,1
M04551,B05,P3,PAY008878,2025-09-27,1,1
M04551,B05,P3,PAY010136,2026-01-02,0,1
M04552,B05,P3,PAY004552,2025-07-02,1,1
M04552,B05,P3,PAY008893,2025-10-10,1,1
M04552,B05,P3,PAY010304,2026-01-12,1,1
M04552,B05,P1,PAY011437,2026-02-08,0,1
M04553,B05,P2,PAY004553,2025-05-26,1,1
M04553,B05,P3,PAY008301,2025-08-26,1,1
M04553,B05,P3,PAY009718,2025-12-03,1,1
M04553,B05,P3,PAY010982,2026-03-05,1,1
M04553,B05,P3,PAY012131,2026-06-13,0,1
M04554,B05,P4,PAY004554,2025-10-28,1,1
M04554,B05,P4,PAY010546,2026-04-24,0,1
M04555,B05,P3,PAY004555,2025-07-11,0,1
M04556,B05,P4,PAY004556,2025-10-02,1,1
M04556,B05,P4,PAY010214,2026-03-28,1,1
M04557,B05,P1,PAY004557,2025-05-02,0,1
M04558,B05,P3,PAY004558,2025-07-13,1,1
M04558,B05,P3,PAY009058,2025-10-16,0,1
M04559,B05,P1,PAY004559,2025-05-27,0,1
M04560,B05,P2,PAY004560,2025-05-11,1,1
M04560,B05,P2,PAY008051,2025-06-08,1,1
M04560,B05,P2,PAY008503,2025-07-19,1,1
M04561,B05,P1,PAY004561,2025-06-12,1,1
M04561,B05,P1,PAY008564,2025-07-18,0,1
M04562,B05,P3,PAY004562,2025-08-07,0,1
M04563,B05,P5,PAY004563,2026-05-26,1,1
M04564,B05,P1,PAY004564,2025-06-20,0,1
M04565,B05,P1,PAY004565,2025-06-29,1,1
M04565,B05,P3,PAY008832,2025-09-24,0,1
M04566,B05,P3,PAY004566,2025-08-21,1,1
M04566,B05,P3,PAY009635,2025-11-29,1,1
M04566,B05,P3,PAY010921,2026-03-05,1,1
M04566,B05,P3,PAY012132,2026-06-07,1,1
M04567,B05,P1,PAY004567,2025-06-25,1,1
M04567,B05,P1,PAY008763,2025-07-27,0,1
M04568,B05,P1,PAY004568,2025-06-17,1,1
M04568,B05,P1,PAY008642,2025-07-28,1,1
M04568,B05,P1,PAY009325,2025-08-31,0,1
M04569,B05,P4,PAY004569,2025-11-29,0,1
M04570,B05,P5,PAY004570,2026-05-25,1,1
M04571,B05,P2,PAY004571,2025-06-17,1,1
M04571,B05,P2,PAY008643,2025-07-17,0,1
M04572,B05,P1,PAY004572,2025-06-10,1,1
M04572,B05,P1,PAY008525,2025-07-05,0,1
M04573,B05,P4,PAY004573,2025-11-22,1,1
M04573,B05,P4,PAY010834,2026-06-01,1,1
M04574,B05,P1,PAY004574,2025-06-04,1,1
M04574,B05,P1,PAY008438,2025-07-10,0,1
M04575,B05,P2,PAY004575,2025-06-17,0,1
M04576,B05,P3,PAY004576,2025-08-25,1,1
M04576,B05,P3,PAY009703,2025-11-22,1,1
M04576,B05,P3,PAY010835,2026-02-18,1,1
M04576,B05,P3,PAY011914,2026-05-25,0,1
M04577,B05,P3,PAY004577,2025-08-04,1,1
M04577,B05,P3,PAY009428,2025-11-03,1,1
M04577,B05,P3,PAY010606,2026-02-06,1,1
M04577,B05,P3,PAY011746,2026-05-04,1,1
M04578,B05,P4,PAY004578,2025-11-28,0,1
M04579,B05,P5,PAY004579,2026-05-19,0,1
M04580,B05,P1,PAY004580,2025-06-23,0,1
M04581,B05,P3,PAY004581,2025-08-13,0,1
M04582,B05,P1,PAY004582,2025-06-22,1,1
M04582,B05,P1,PAY008714,2025-07-22,1,1
M04582,B05,P1,PAY009214,2025-08-24,1,1
M04582,B05,P1,PAY009682,2025-10-03,1,1
M04582,B05,P4,PAY010227,2026-04-09,0,1
M04583,B05,P1,PAY004583,2025-06-21,1,1
M04583,B05,P1,PAY008696,2025-07-25,1,1
M04583,B05,P4,PAY009274,2026-02-05,1,1
M04584,B05,P2,PAY004584,2025-06-21,0,1
M04585,B05,P1,PAY004585,2025-06-01,1,1
M04585,B05,P5,PAY008375,2026-06-12,1,1
M04586,B05,P3,PAY004586,2025-08-16,1,1
M04586,B05,P4,PAY009573,2026-02-25,0,1
M04587,B05,P1,PAY004587,2025-06-28,1,1
M04587,B05,P1,PAY008809,2025-07-28,1,1
M04587,B05,P1,PAY009326,2025-09-02,1,1
M04587,B05,P1,PAY009804,2025-10-13,1,1
M04588,B05,P3,PAY004588,2025-08-25,1,1
M04588,B05,P3,PAY009704,2025-12-05,1,1
M04588,B05,P3,PAY011011,2026-02-28,0,1
M04589,B05,P5,PAY004589,2026-05-11,1,1
M04590,B05,P2,PAY004590,2025-06-03,0,1
M04591,B05,P1,PAY004591,2025-06-20,1,1
M04591,B05,P1,PAY008685,2025-07-29,0,1
M04592,B05,P3,PAY004592,2025-08-30,0,1
M04593,B05,P1,PAY004593,2025-06-18,1,1
M04593,B05,P1,PAY008663,2025-07-19,1,1
M04593,B05,P1,PAY009165,2025-08-20,0,1
M04594,B05,P3,PAY004594,2025-08-27,1,1
M04594,B05,P3,PAY009731,2025-11-25,0,1
M04595,B05,P3,PAY004595,2025-08-22,1,1
M04595,B05,P3,PAY009651,2025-11-18,1,1
M04595,B05,P4,PAY010794,2026-05-24,1,1
M04596,B05,P3,PAY004596,2025-08-13,1,1
M04596,B05,P3,PAY009536,2025-11-10,1,1
M04596,B05,P3,PAY010706,2026-02-19,1,1
M04596,B05,P3,PAY011927,2026-06-02,1,1
M04597,B05,P1,PAY004597,2025-06-17,1,1
M04597,B05,P1,PAY008644,2025-07-15,1,1
M04597,B05,P4,PAY009100,2026-01-12,1,1
M04598,B05,P4,PAY004598,2025-11-07,1,1
M04598,B05,P4,PAY010669,2026-05-13,0,1
M04599,B05,P3,PAY004599,2025-09-14,1,1
M04599,B05,P3,PAY009957,2025-12-21,1,1
M04599,B05,P3,PAY011177,2026-03-18,0,1
M04600,B05,P1,PAY004600,2025-07-08,0,1
M04601,B05,P3,PAY004601,2025-09-15,1,1
M04601,B05,P3,PAY009969,2025-12-24,1,1
M04601,B05,P3,PAY011210,2026-03-23,0,1
M04602,B05,P2,PAY004602,2025-07-02,1,1
M04602,B05,P2,PAY008894,2025-08-07,1,1
M04602,B05,P2,PAY009464,2025-09-07,1,1
M04602,B05,P2,PAY009860,2025-10-04,0,1
M04603,B05,P5,PAY004603,2026-06-11,1,1
M04604,B05,P1,PAY004604,2025-07-14,0,1
M04605,B05,P1,PAY004605,2025-07-26,1,1
M04605,B05,P1,PAY009289,2025-08-21,1,1
M04605,B05,P1,PAY009636,2025-09-23,0,1
M04606,B05,P3,PAY004606,2025-09-21,0,1
M04607,B05,P2,PAY004607,2025-07-22,1,1
M04607,B05,P2,PAY009215,2025-08-23,1,1
M04607,B05,P2,PAY009670,2025-09-23,1,1
M04607,B05,P2,PAY010078,2025-10-21,0,1
M04608,B05,P1,PAY004608,2025-07-23,0,1
M04609,B05,P3,PAY004609,2025-09-15,1,1
M04609,B05,P3,PAY009970,2025-12-10,0,1
M04610,B05,P1,PAY004610,2025-07-08,1,1
M04610,B05,P3,PAY008972,2025-10-13,0,1
M04611,B05,P1,PAY004611,2025-07-14,1,1
M04611,B05,P3,PAY009079,2025-10-18,0,1
M04612,B05,P5,PAY004612,2026-06-21,1,0
M04613,B05,P1,PAY004613,2025-07-20,1,1
M04613,B05,P1,PAY009187,2025-08-15,1,1
M04613,B05,P1,PAY009562,2025-09-11,0,1
M04614,B05,P4,PAY004614,2025-12-15,1,1
M04614,B05,P4,PAY011120,2026-06-17,1,0
M04615,B05,P1,PAY004615,2025-07-25,0,1
M04616,B05,P4,PAY004616,2025-12-18,1,1
M04616,B05,P4,PAY011149,2026-06-28,0,0
M04617,B05,P1,PAY004617,2025-07-15,1,1
M04617,B05,P1,PAY009101,2025-08-14,0,1
M04618,B05,P1,PAY004618,2025-07-26,1,1
M04618,B05,P3,PAY009290,2025-11-06,1,1
M04618,B05,P3,PAY010654,2026-02-02,0,1
M04619,B05,P2,PAY004619,2025-07-17,1,1
M04619,B05,P2,PAY009133,2025-08-13,0,1
M04620,B05,P1,PAY004620,2025-07-14,1,1
M04620,B05,P1,PAY009080,2025-08-14,0,1
M04621,B05,P5,PAY004621,2026-06-30,0,0
M04622,B05,P3,PAY004622,2025-09-23,1,1
M04622,B05,P3,PAY010079,2025-12-25,1,1
M04622,B05,P3,PAY011220,2026-04-03,1,1
M04623,B05,P3,PAY004623,2025-09-26,1,1
M04623,B05,P3,PAY010119,2025-12-28,0,1
M04624,B05,P3,PAY004624,2025-09-22,0,1
M04625,B05,P1,PAY004625,2025-07-28,0,1
M04626,B05,P2,PAY004626,2025-07-13,0,1
M04627,B05,P1,PAY004627,2025-07-13,1,1
M04627,B05,P1,PAY009059,2025-08-08,1,1
M04627,B05,P1,PAY009479,2025-09-14,1,1
M04627,B05,P1,PAY009958,2025-10-24,1,1
M04627,B05,P1,PAY010490,2025-11-29,0,1
M04628,B05,P3,PAY004628,2025-10-31,1,1
M04628,B05,P3,PAY010579,2026-01-28,0,1
M04629,B05,P3,PAY004629,2025-10-28,0,1
M04630,B05,P4,PAY004630,2026-01-19,0,1
M04631,B05,P2,PAY004631,2025-08-31,1,1
M04631,B05,P2,PAY009779,2025-10-09,1,1
M04631,B05,P2,PAY010291,2025-11-13,1,1
M04631,B05,P3,PAY010737,2026-02-11,1,1
M04631,B05,P3,PAY011820,2026-05-22,1,1
M04633,B05,P4,PAY004633,2026-01-23,1,1
M04635,B05,P3,PAY004635,2025-10-03,1,1
M04635,B05,P3,PAY010228,2026-01-02,1,1
M04635,B05,P3,PAY011325,2026-04-03,1,1
M04636,B05,P3,PAY004636,2025-10-07,1,1
M04636,B05,P3,PAY010269,2026-01-15,1,1
M04636,B05,P3,PAY011482,2026-04-17,1,1
M04637,B05,P3,PAY004637,2025-10-05,0,1
M04639,B05,P3,PAY004639,2025-10-14,0,1
M04640,B05,P2,PAY004640,2025-08-21,0,1
M04642,B05,P3,PAY004642,2025-10-06,1,1
M04642,B05,P3,PAY010261,2026-01-08,1,1
M04642,B05,P3,PAY011390,2026-04-13,1,1
M04643,B05,P4,PAY004643,2026-01-24,1,1
M04644,B05,P3,PAY004644,2025-10-13,0,1
M04645,B05,P2,PAY004645,2025-08-09,1,1
M04645,B05,P2,PAY009490,2025-09-11,1,1
M04645,B05,P2,PAY009915,2025-10-18,0,1
M04646,B05,P1,PAY004646,2025-08-03,1,1
M04646,B05,P2,PAY009415,2025-09-08,0,1
M04647,B05,P3,PAY004647,2025-10-17,1,1
M04647,B05,P3,PAY010396,2026-01-21,1,1
M04647,B05,P3,PAY011561,2026-04-20,0,1
M04648,B05,P3,PAY004648,2025-11-09,1,1
M04648,B05,P2,PAY010698,2025-12-20,1,1
M04648,B05,P2,PAY011165,2026-01-25,0,1
M04649,B05,P3,PAY004649,2025-11-12,0,1
M04650,B05,P4,PAY004650,2026-02-13,0,1
M04651,B05,P2,PAY004651,2025-09-24,1,1
M04651,B05,P2,PAY010098,2025-10-26,1,1
M04651,B05,P2,PAY010518,2025-12-06,1,1
M04651,B05,P2,PAY011019,2026-01-10,1,1
M04651,B05,P2,PAY011409,2026-02-06,0,1
M04652,B05,P1,PAY004652,2025-09-15,0,1
M04653,B05,P3,PAY004653,2025-11-27,0,1
M04654,B05,P1,PAY004654,2025-09-22,0,1
M04655,B05,P2,PAY004655,2025-09-26,1,1
M04655,B05,P2,PAY010120,2025-11-07,0,1
M04656,B05,P1,PAY004656,2025-09-20,1,1
M04656,B05,P1,PAY010037,2025-10-18,1,1
M04656,B05,P1,PAY010407,2025-11-18,1,1
M04656,B05,P1,PAY010795,2025-12-27,1,1
M04656,B05,P1,PAY011253,2026-01-27,1,1
M04656,B05,P1,PAY011645,2026-02-24,1,1
M04656,B05,P1,PAY011997,2026-04-04,1,1
M04656,B05,P1,PAY012535,2026-05-08,1,1
M04656,B05,P1,PAY013012,2026-06-12,0,1
M04657,B05,P3,PAY004657,2025-11-27,1,1
M04657,B05,P3,PAY010899,2026-03-08,0,1
M04658,B05,P3,PAY004658,2025-11-30,0,1
M04659,B05,P3,PAY004659,2025-11-21,1,1
M04659,B05,P3,PAY010826,2026-02-21,1,1
M04659,B05,P3,PAY011954,2026-05-25,1,1
M04661,B05,P1,PAY004661,2025-09-12,1,1
M04661,B05,P1,PAY009926,2025-10-22,1,1
M04661,B05,P1,PAY010463,2025-12-02,1,1
M04661,B05,P1,PAY010969,2025-12-28,0,1
M04662,B05,P3,PAY004662,2025-11-30,1,1
M04662,B05,P3,PAY010947,2026-03-07,1,1
M04662,B05,P3,PAY012161,2026-06-02,1,1
M04663,B05,P2,PAY004663,2025-09-01,0,1
M04664,B05,P1,PAY004664,2025-09-07,0,1
M04665,B05,P3,PAY004665,2025-11-21,0,1
M04666,B05,P1,PAY004666,2025-09-10,1,1
M04666,B05,P1,PAY009902,2025-10-07,1,1
M04666,B05,P1,PAY010270,2025-11-16,1,1
M04666,B05,P1,PAY010770,2025-12-24,1,1
M04666,B05,P1,PAY011211,2026-01-22,1,1
M04666,B05,P1,PAY011573,2026-02-20,1,1
M04666,B05,P1,PAY011940,2026-04-02,0,1
M04667,B05,P3,PAY004667,2025-11-10,1,1
M04667,B05,P4,PAY010707,2026-05-05,1,1
M04669,B05,P3,PAY004669,2025-12-28,1,1
M04669,B05,P3,PAY011262,2026-04-05,1,1
M04671,B05,P4,PAY004671,2026-03-30,1,1
M04672,B05,P4,PAY004672,2026-03-04,0,1
M04674,B05,P2,PAY004674,2025-10-18,1,1
M04674,B05,P2,PAY010408,2025-11-19,0,1
M04675,B05,P1,PAY004675,2025-10-19,1,1
M04675,B05,P1,PAY010426,2025-11-28,1,1
M04675,B05,P1,PAY010909,2025-12-29,0,1
M04676,B05,P3,PAY004676,2025-12-21,1,1
M04676,B05,P3,PAY011178,2026-03-30,1,1
M04678,B05,P3,PAY004678,2025-12-20,1,1
M04678,B05,P3,PAY011166,2026-03-29,1,1
M04678,B05,P3,PAY012461,2026-06-30,0,0
M04679,B05,P1,PAY004679,2025-10-18,1,1
M04679,B05,P1,PAY010409,2025-11-26,1,1
M04679,B05,P1,PAY010887,2026-01-03,1,1
M04679,B05,P1,PAY011334,2026-02-11,1,1
M04679,B05,P1,PAY011821,2026-03-16,1,1
M04679,B05,P1,PAY012298,2026-04-19,1,1
M04679,B05,P1,PAY012750,2026-05-30,1,1
M04679,B05,P1,PAY013276,2026-06-25,0,0
M04680,B05,P1,PAY004680,2025-10-27,1,1
M04680,B05,P1,PAY010537,2025-11-30,1,1
M04680,B05,P1,PAY010948,2025-12-28,1,1
M04680,B05,P1,PAY011263,2026-01-30,0,1
M04681,B05,P1,PAY004681,2025-10-16,1,1
M04681,B05,P1,PAY010387,2025-11-16,1,1
M04681,B05,P1,PAY010771,2025-12-15,0,1
M04682,B05,P1,PAY004682,2025-10-28,0,1
M04683,B05,P3,PAY004683,2025-12-07,0,1
M04684,B05,P3,PAY004684,2025-12-22,1,1
M04684,B05,P3,PAY011186,2026-03-25,1,1
M04684,B05,P3,PAY012412,2026-06-30,0,0
M04685,B05,P3,PAY004685,2025-12-01,1,1
M04685,B05,P1,PAY010961,2026-01-01,1,1
M04685,B05,P1,PAY011302,2026-02-02,0,1
M04686,B05,P1,PAY004686,2025-10-17,1,1
M04686,B05,P1,PAY010397,2025-11-13,0,1
M04687,B05,P3,PAY004687,2025-12-08,1,1
M04687,B05,P3,PAY011045,2026-03-18,0,1
M04688,B05,P1,PAY004688,2025-10-03,1,1
M04688,B05,P1,PAY010229,2025-11-04,1,1
M04688,B05,P1,PAY010620,2025-11-30,0,1
M04689,B05,P3,PAY004689,2025-12-29,0,1
M04690,B05,P2,PAY004690,2025-10-10,1,1
M04690,B05,P2,PAY010305,2025-11-21,1,1
M04690,B05,P2,PAY010827,2025-12-16,1,1
M04690,B05,P2,PAY011131,2026-01-19,0,1
M04691,B05,P1,PAY004691,2025-10-28,1,1
M04691,B05,P1,PAY010547,2025-11-29,1,1
M04691,B05,P1,PAY010922,2026-01-04,0,1
M04692,B05,P3,PAY004692,2025-12-30,0,1
M04693,B05,P4,PAY004693,2026-03-04,0,1
M04694,B05,P1,PAY004694,2025-10-03,0,1
M04695,B05,P4,PAY004695,2026-03-14,1,1
M04696,B05,P4,PAY004696,2026-03-07,0,1
M04697,B05,P2,PAY004697,2025-10-06,0,1
M04698,B05,P3,PAY004698,2025-12-05,0,1
M04699,B05,P3,PAY004699,2025-12-23,0,1
M04700,B05,P2,PAY004700,2025-10-07,1,1
M04700,B05,P2,PAY010271,2025-11-08,1,1
M04700,B05,P2,PAY010684,2025-12-08,0,1
M04702,B05,P4,PAY004702,2026-03-07,0,1
M04703,B05,P2,PAY004703,2025-11-09,0,1
M04704,B05,P4,PAY004704,2026-04-04,1,1
M04705,B05,P3,PAY004705,2026-01-22,0,1
M04707,B05,P3,PAY004707,2026-01-15,1,1
M04707,B05,P3,PAY011483,2026-04-13,0,1
M04708,B05,P4,PAY004708,2026-04-30,1,1
M04709,B05,P1,PAY004709,2025-11-13,0,1
M04710,B05,P2,PAY004710,2025-11-05,0,1
M04711,B05,P3,PAY004711,2026-01-27,0,1
M04712,B05,P1,PAY004712,2025-11-08,1,1
M04712,B05,P1,PAY010685,2025-12-14,1,1
M04712,B05,P3,PAY011112,2026-03-18,0,1
M04715,B05,P1,PAY004715,2025-11-12,0,1
M04716,B05,P1,PAY004716,2025-11-08,1,1
M04716,B05,P1,PAY010686,2025-12-12,0,1
M04717,B05,P4,PAY004717,2026-04-12,1,1
M04718,B05,P4,PAY004718,2026-04-17,1,1
M04718,B05,P1,PAY012724,2026-05-18,1,1
M04718,B05,P1,PAY013119,2026-06-25,1,0
M04719,B05,P3,PAY004719,2026-01-24,1,1
M04719,B05,P3,PAY011604,2026-04-23,0,1
M04720,B05,P4,PAY004720,2026-04-22,0,1
M04721,B05,P1,PAY004721,2025-11-18,1,1
M04721,B05,P1,PAY010796,2025-12-29,1,1
M04722,B05,P1,PAY004722,2025-11-26,1,1
M04722,B05,P1,PAY010888,2025-12-27,0,1
M04723,B05,P4,PAY004723,2026-04-20,1,1
M04723,B05,P1,PAY012763,2026-05-24,1,1
M04723,B05,P1,PAY013212,2026-06-23,1,0
M04724,B05,P3,PAY004724,2026-01-23,1,1
M04724,B05,P3,PAY011590,2026-04-28,1,1
M04725,B05,P1,PAY004725,2025-11-23,1,1
M04725,B05,P1,PAY010844,2025-12-28,1,1
M04725,B05,P1,PAY011264,2026-01-26,0,1
M04726,B05,P2,PAY004726,2025-11-02,0,1
M04727,B05,P1,PAY004727,2025-12-02,0,1
M04728,B05,P4,PAY004728,2026-05-15,0,1
M04729,B05,P1,PAY004729,2025-12-20,1,1
M04729,B05,P1,PAY011167,2026-01-15,0,1
M04730,B05,P2,PAY004730,2025-12-11,1,1
M04730,B05,P2,PAY011076,2026-01-06,1,1
M04730,B05,P2,PAY011363,2026-02-06,1,1
M04730,B05,P2,PAY011747,2026-03-05,1,1
M04730,B05,P2,PAY012133,2026-04-03,1,1
M04730,B05,P2,PAY012518,2026-04-29,0,1
M04731,B05,P2,PAY004731,2025-12-28,0,1
M04732,B05,P1,PAY004732,2025-12-16,0,1
M04733,B05,P1,PAY004733,2025-12-12,1,1
M04733,B05,P1,PAY011087,2026-01-14,0,1
M04736,B05,P1,PAY004736,2025-12-25,1,1
M04736,B05,P1,PAY011221,2026-01-20,1,1
M04736,B05,P1,PAY011549,2026-02-18,0,1
M04737,B05,P2,PAY004737,2025-12-07,1,1
M04737,B05,P2,PAY011033,2026-01-18,0,1
M04739,B05,P1,PAY004739,2025-12-23,1,1
M04739,B05,P4,PAY011200,2026-06-30,0,0
M04740,B05,P1,PAY004740,2025-12-17,1,1
M04740,B05,P1,PAY011138,2026-01-18,1,1
M04740,B05,P1,PAY011519,2026-02-22,1,1
M04740,B05,P1,PAY011967,2026-03-18,0,1
M04741,B05,P4,PAY004741,2026-06-10,1,1
M04742,B05,P3,PAY004742,2026-03-10,1,1
M04742,B05,P3,PAY012202,2026-06-12,0,1
M04743,B05,P4,PAY004743,2026-06-26,0,0
M04744,B05,P3,PAY004744,2026-03-01,0,1
M04745,B05,P3,PAY004745,2026-03-11,1,1
M04745,B05,P3,PAY012219,2026-06-21,1,0
M04747,B05,P3,PAY004747,2026-03-28,1,1
M04747,B05,P3,PAY012457,2026-06-30,0,0
M04749,B05,P2,PAY004749,2026-01-26,0,1
M04750,B05,P3,PAY004750,2026-03-06,0,1
M04751,B05,P4,PAY004751,2026-06-20,0,0
M04752,B05,P2,PAY004752,2026-01-30,1,1
M04752,B05,P2,PAY011674,2026-03-10,0,1
M04753,B05,P4,PAY004753,2026-06-22,1,0
M04754,B05,P3,PAY004754,2026-03-06,0,1
M04755,B05,P2,PAY004755,2026-01-30,1,1
M04755,B05,P2,PAY011675,2026-03-09,0,1
M04756,B05,P3,PAY004756,2026-03-10,0,1
M04757,B05,P2,PAY004757,2026-01-01,0,1
M04758,B05,P1,PAY004758,2026-01-11,1,1
M04758,B05,P1,PAY011424,2026-02-16,1,1
M04758,B05,P2,PAY011893,2026-03-13,0,1
M04759,B05,P1,PAY004759,2026-01-20,0,1
M04761,B05,P1,PAY004761,2026-02-27,0,1
M04762,B05,P3,PAY004762,2026-04-21,1,1
M04763,B05,P1,PAY004763,2026-02-21,1,1
M04763,B05,P1,PAY011955,2026-04-04,1,1
M04763,B05,P1,PAY012537,2026-05-10,0,1
M04765,B05,P3,PAY004765,2026-04-26,0,1
M04766,B05,P3,PAY004766,2026-04-27,1,1
M04768,B05,P3,PAY004768,2026-04-22,1,1
M04771,B05,P3,PAY004771,2026-04-04,0,1
M04773,B05,P3,PAY004773,2026-04-27,1,1
M04774,B05,P1,PAY004774,2026-02-24,1,1
M04774,B05,P2,PAY011998,2026-03-22,0,1
M04775,B05,P1,PAY004775,2026-02-13,0,1
M04777,B05,P3,PAY004777,2026-04-08,1,1
M04778,B05,P1,PAY004778,2026-02-13,1,1
M04778,B05,P1,PAY011849,2026-03-23,1,1
M04778,B05,P1,PAY012385,2026-04-30,0,1
M04779,B05,P2,PAY004779,2026-02-24,0,1
M04781,B05,P2,PAY004781,2026-02-03,0,1
M04783,B05,P3,PAY004783,2026-04-09,1,1
M04784,B05,P3,PAY004784,2026-04-26,0,1
M04786,B05,P3,PAY004786,2026-04-28,1,1
M04787,B05,P3,PAY004787,2026-04-25,1,1
M04788,B05,P1,PAY004788,2026-02-20,1,1
M04788,B05,P1,PAY011941,2026-03-21,0,1
M04789,B05,P1,PAY004789,2026-02-28,1,1
M04789,B05,P1,PAY012069,2026-04-02,1,1
M04789,B05,P1,PAY012499,2026-05-08,0,1
M04790,B05,P1,PAY004790,2026-02-09,1,1
M04790,B05,P1,PAY011793,2026-03-05,1,1
M04790,B05,P1,PAY012134,2026-04-08,1,1
M04790,B05,P1,PAY012591,2026-05-12,0,1
M04792,B05,P3,PAY004792,2026-04-30,0,1
M04793,B05,P3,PAY004793,2026-04-10,1,1
M04797,B05,P1,PAY004797,2026-02-25,0,1
M04799,B05,P1,PAY004799,2026-02-22,1,1
M04799,B05,P1,PAY011968,2026-04-05,1,1
M04799,B05,P1,PAY012550,2026-05-13,1,1
M04800,B05,P3,PAY004800,2026-04-30,1,1
M04801,B05,P3,PAY004801,2026-04-25,1,1
M04802,B05,P1,PAY004802,2026-02-17,1,1
M04802,B05,P1,PAY011900,2026-03-13,1,1
M04802,B05,P1,PAY012255,2026-04-24,1,1
M04802,B05,P1,PAY012833,2026-05-22,0,1
M04803,B05,P3,PAY004803,2026-04-22,0,1
M04804,B05,P3,PAY004804,2026-04-10,1,1
M04807,B05,P1,PAY004807,2026-03-11,1,1
M04807,B05,P1,PAY012220,2026-04-18,0,1
M04809,B05,P1,PAY004809,2026-03-05,1,1
M04809,B05,P1,PAY012135,2026-04-04,0,1
M04810,B05,P3,PAY004810,2026-05-14,1,1
M04811,B05,P1,PAY004811,2026-03-11,0,1
M04813,B05,P3,PAY004813,2026-05-05,1,1
M04814,B05,P3,PAY004814,2026-05-28,0,1
M04816,B05,P1,PAY004816,2026-03-21,1,1
M04816,B05,P3,PAY012363,2026-06-30,1,0
M04819,B05,P3,PAY004819,2026-05-25,1,1
M04820,B05,P1,PAY004820,2026-03-11,0,1
M04821,B05,P1,PAY004821,2026-03-18,1,1
M04821,B05,P1,PAY012326,2026-04-23,0,1
M04823,B05,P1,PAY004823,2026-03-14,1,1
M04823,B05,P1,PAY012271,2026-04-11,1,1
M04823,B05,P1,PAY012635,2026-05-07,1,1
M04823,B05,P1,PAY013003,2026-06-18,0,0
M04825,B05,P3,PAY004825,2026-05-28,1,1
M04826,B05,P3,PAY004826,2026-05-01,1,1
M04828,B05,P2,PAY004828,2026-03-13,1,1
M04828,B05,P2,PAY012256,2026-04-23,1,1
M04828,B05,P2,PAY012817,2026-05-27,0,1
M04829,B05,P1,PAY004829,2026-03-08,1,1
M04829,B05,P1,PAY012172,2026-04-06,1,1
M04830,B05,P2,PAY004830,2026-03-02,0,1
M04832,B05,P3,PAY004832,2026-05-20,0,1
M04833,B05,P1,PAY004833,2026-03-24,0,1
M04834,B05,P1,PAY004834,2026-03-07,1,1
M04834,B05,P1,PAY012162,2026-04-16,0,1
M04836,B05,P1,PAY004836,2026-03-04,1,1
M04836,B05,P1,PAY012117,2026-04-06,1,1
M04836,B05,P1,PAY012559,2026-05-04,1,1
M04836,B05,P1,PAY012968,2026-06-01,0,1
M04838,B05,P1,PAY004838,2026-03-08,0,1
M04839,B05,P2,PAY004839,2026-03-27,1,1
M04840,B05,P1,PAY004840,2026-03-07,1,1
M04840,B05,P1,PAY012163,2026-04-11,0,1
M04841,B05,P1,PAY004841,2026-04-03,0,1
M04842,B05,P3,PAY004842,2026-06-01,0,1
M04843,B05,P1,PAY004843,2026-04-30,1,1
M04843,B05,P1,PAY012918,2026-06-07,1,1
M04845,B05,P1,PAY004845,2026-04-03,0,1
M04846,B05,P1,PAY004846,2026-04-04,0,1
M04848,B05,P2,PAY004848,2026-04-21,1,1
M04848,B05,P2,PAY012786,2026-05-28,1,1
M04849,B05,P1,PAY004849,2026-04-13,0,1
M04850,B05,P1,PAY004850,2026-04-15,1,1
M04850,B05,P1,PAY012692,2026-05-24,1,1
M04850,B05,P1,PAY013213,2026-06-20,1,0
M04852,B05,P3,PAY004852,2026-06-25,0,0
M04854,B05,P1,PAY004854,2026-04-21,1,1
M04854,B05,P1,PAY012787,2026-05-22,1,1
M04854,B05,P1,PAY013176,2026-06-21,0,0
M04856,B05,P1,PAY004856,2026-04-07,1,1
M04856,B05,P1,PAY012578,2026-05-10,1,1
M04856,B05,P1,PAY013032,2026-06-12,0,1
M04858,B05,P1,PAY004858,2026-04-23,1,1
M04858,B05,P1,PAY012818,2026-06-03,1,1
M04859,B05,P1,PAY004859,2026-04-06,0,1
M04860,B05,P3,PAY004860,2026-06-09,1,1
M04862,B05,P3,PAY004862,2026-06-09,0,1
M04863,B05,P1,PAY004863,2026-04-15,1,1
M04863,B05,P1,PAY012693,2026-05-20,1,1
M04863,B05,P1,PAY013150,2026-06-17,0,0
M04865,B05,P2,PAY004865,2026-04-27,1,1
M04865,B05,P2,PAY012873,2026-05-22,0,1
M04866,B05,P3,PAY004866,2026-06-20,0,0
M04868,B05,P3,PAY004868,2026-06-05,1,1
M04869,B05,P3,PAY004869,2026-06-09,1,1
M04871,B05,P2,PAY004871,2026-04-23,1,1
M04871,B05,P2,PAY012819,2026-06-04,1,1
M04871,B05,P2,PAY013331,2026-06-30,0,0
M04872,B05,P1,PAY004872,2026-05-06,0,1
M04874,B05,P1,PAY004874,2026-05-11,1,1
M04874,B05,P1,PAY013038,2026-06-08,1,1
M04876,B05,P2,PAY004876,2026-05-03,1,1
M04876,B05,P2,PAY012959,2026-06-08,0,1
M04879,B05,P1,PAY004879,2026-05-02,1,1
M04879,B05,P1,PAY012948,2026-06-11,1,1
M04880,B05,P1,PAY004880,2026-05-04,0,1
M04882,B05,P1,PAY004882,2026-05-15,1,1
M04882,B05,P1,PAY013083,2026-06-11,1,1
M04885,B05,P2,PAY004885,2026-05-14,0,1
M04888,B05,P1,PAY004888,2026-05-04,0,1
M04889,B05,P1,PAY004889,2026-05-12,1,1
M04889,B05,P1,PAY013051,2026-06-19,0,0
M04892,B05,P1,PAY004892,2026-05-23,1,1
M04892,B05,P1,PAY013190,2026-06-27,0,0
M04893,B05,P2,PAY004893,2026-05-27,1,1
M04894,B05,P1,PAY004894,2026-05-21,1,1
M04894,B05,P1,PAY013167,2026-06-26,0,0
M04895,B05,P1,PAY004895,2026-05-19,0,1
M04896,B05,P1,PAY004896,2026-06-22,0,0
M04898,B05,P1,PAY004898,2026-06-04,0,1
M04900,B05,P1,PAY004900,2026-06-04,1,1
M04902,B05,P2,PAY004902,2026-06-10,0,1
M04903,B05,P1,PAY004903,2026-06-23,0,0
M04905,B05,P1,PAY004905,2026-06-12,1,1
M04907,B05,P2,PAY004907,2026-06-09,0,1
M04908,B05,P1,PAY004908,2026-06-22,0,0
M04909,B05,P1,PAY004909,2026-06-20,1,0
M04911,B05,P2,PAY004911,2026-06-25,0,0
M04915,B05,P1,PAY004915,2026-06-23,0,0
M04920,B05,P2,PAY004920,2026-06-17,1,0
M04921,B05,P1,PAY004921,2026-06-28,1,0
M04923,B05,P1,PAY004923,2026-06-01,1,1
M04923,B05,P1,PAY013287,2026-06-28,0,0
M04925,B05,P2,PAY004925,2026-06-21,1,0
M04927,B05,P2,PAY004927,2026-06-05,1,1
M04928,B05,P2,PAY004928,2026-06-10,1,1
