payment_id,member_id,branch_id,plan_id,payment_date,payment_type,amount
PAY003250,M03250,B04,P5,2024-01-03,New,13500
PAY000024,M00024,B01,P5,2024-01-04,Renewal,13500
PAY004181,M04181,B05,P5,2024-01-05,New,13500
PAY003260,M03260,B04,P5,2024-01-07,New,13500
PAY002703,M02703,B03,P5,01/10/2024,New,13500
PAY001475,M01475,B02,P5,2024-01-11,New,13500
PAY000212,M00212,B01,P5,2024-01-13,Renewal,13500
PAY002687,M02687,B03,P5,01/13/2024,New,13500
PAY002599,M02599,B03,P5,01/16/2024,New,13500
PAY002627,M02627,B03,P5,01/19/2024,Renewal,13500
PAY003990,M03990,B05,P5,2024-01-20,New,13500
PAY000380,M00380,B01,P5,2024-01-22,Renewal,13500
PAY004031,M04031,B05,P5,2024-01-23,New,13500
PAY001298,M01298,B02,P5,2024-01-25,New,13500
PAY003398,M03398,B04,P5,2024-01-26,New,13500
PAY004172,M04172,B05,P5,2024-01-27,New,13500
PAY001628,M01628,B02,P5,2024-01-28,Renewal,13500
PAY004155,M04155,B05,P5,2024-01-30,New,13500
PAY004227,M04227,B05,P5,2024-01-30,New,13500
PAY002542,M02542,B03,P5,01/31/2024,Renewal,13500
PAY003386,M03386,B04,P5,2024-01-31,New,13500
PAY002616,M02616,B03,P5,02/01/2024,Renewal,13500
PAY003384,M03384,B04,P5,2024-02-04,New,13500
PAY003150,M03150,B04,P5,2024-02-05,New,13500
PAY001393,M01393,B02,P5,2024-02-07,Renewal,13500
PAY003281,M03281,B04,P5,2024-02-12,New,13500
PAY002611,M02611,B03,P5,02/13/2024,Renewal,13500
PAY004000,M04000,B05,P5,2024-02-16,New,13500
PAY003119,M03119,B04,P5,2024-02-16,New,13500
PAY000295,M00295,B01,P5,2024-02-17,New,13500
PAY000347,M00347,B01,P5,2024-02-17,New,13500
PAY004314,M04314,B05,P5,2024-02-21,New,13500
PAY003165,M03165,B04,P5,2024-02-22,New,13500
PAY000256,M00256,B01,P5,2024-02-22,Renewal,13500
PAY002700,M02700,B03,P5,02/23/2024,Renewal,13500
PAY004123,M04123,B05,P5,2024-02-25,New,13500
PAY003351,M03351,B04,P5,2024-02-26,New,13500
PAY000081,M00081,B01,P5,2024-03-02,Renewal,13500
PAY000082,M00082,B01,P5,2024-03-08,Renewal,13500
PAY002547,M02547,B03,P5,03/08/2024,Renewal,13500
PAY002640,M02640,B03,P5,03/08/2024,Renewal,13500
PAY002620,M02620,B03,P5,03/09/2024,Renewal,13500
PAY003213,M03213,B04,P5,2024-03-10,Renewal,13500
PAY004069,M04069,B05,P5,2024-03-16,New,13500
PAY000404,M00404,B01,P5,2024-03-17,Renewal,13500
PAY003466,M03466,B04,P5,2024-03-17,Renewal,13500
PAY001312,M01312,B02,P5,2024-03-17,New,13500
PAY003255,M03255,B04,P5,2024-03-22,New,13500
PAY001187,M01187,B02,P5,2024-03-26,New,13500
PAY001447,M01447,B02,P5,2024-03-26,Renewal,13500
PAY003430,M03430,B04,P5,2024-03-27,Renewal,13500
PAY001225,M01225,B02,P5,2024-03-28,Renewal,13500
PAY000184,M00184,B01,P5,2024-03-31,Renewal,13500
PAY004048,M04048,B05,P5,2024-04-01,New,13500
PAY000418,M00418,B01,P5,2024-04-03,Renewal,13500
PAY000370,M00370,B01,P5,2024-04-04,Renewal,13500
PAY003224,M03224,B04,P5,2024-04-05,Renewal,13500
PAY004290,M04290,B05,P5,2024-04-07,New,13500
PAY000092,M00092,B01,P5,2024-04-09,Renewal,13500
PAY004118,M04118,B05,P5,2024-04-10,New,13500
PAY004029,M04029,B05,P5,2024-04-12,New,13500
PAY001197,M01197,B02,P5,2024-04-15,Renewal,13500
PAY000074,M00074,B01,P5,2024-04-15,Renewal,13500
PAY000052,M00052,B01,P5,2024-04-16,Renewal,13500
PAY000276,M00276,B01,P5,2024-04-17,Renewal,13500
PAY001574,M01574,B02,P5,2024-04-19,Renewal,13500
PAY002725,M02725,B03,P5,04/22/2024,Renewal,13500
PAY004089,M04089,B05,P5,2024-04-22,New,13500
PAY000324,M00324,B01,P5,2024-04-22,Renewal,13500
PAY000266,M00266,B01,P5,2024-04-24,Renewal,13500
PAY003425,M03425,B04,P5,2024-04-24,Renewal,13500
PAY003469,M03469,B04,P5,2024-04-24,Renewal,13500
PAY003242,M03242,B04,P5,2024-04-26,New,13500
PAY000012,M00012,B01,P5,2024-05-02,New,13500
PAY000125,M00125,B01,P5,2024-05-03,Renewal,13500
PAY004234,M04234,B05,P5,2024-05-04,New,13500
PAY002623,M02623,B03,P5,05/10/2024,Renewal,13500
PAY004256,M04256,B05,P5,2024-05-12,New,13500
PAY004257,M04257,B05,P5,2024-05-19,New,13500
PAY001584,M01584,B02,P5,2024-05-20,Renewal,13500
PAY003378,M03378,B04,P5,2024-05-21,New,13500
PAY000136,M00136,B01,P5,2024-05-26,Renewal,13500
PAY001318,M01318,B02,P5,2024-05-26,Renewal,13500
PAY001272,M01272,B02,P5,2024-05-27,Renewal,13500
PAY000099,M00099,B01,P5,2024-05-29,New,13500
PAY000362,M00362,B01,P5,2024-05-31,Renewal,13500
PAY003984,M03984,B05,P5,2024-06-02,New,13500
PAY002646,M02646,B03,P5,06/04/2024,Renewal,13500
PAY003241,M03241,B04,P5,2024-06-04,Renewal,13500
PAY004032,M04032,B05,P5,2024-06-05,New,13500
PAY001207,M01207,B02,P5,2024-06-07,Renewal,13500
PAY003301,M03301,B04,P5,2024-06-13,Renewal,13500
PAY000036,M00036,B01,P5,2024-06-14,Renewal,13500
PAY003212,M03212,B04,P5,2024-06-15,Renewal,13500
PAY000155,M00155,B01,P5,2024-06-15,Renewal,13500
PAY001529,M01529,B02,P5,2024-06-17,Renewal,13500
PAY004046,M04046,B05,P5,2024-06-19,New,13500
PAY004094,M04094,B05,P5,2024-06-29,New,13500
PAY003978,M03978,B05,P5,2024-06-29,New,13500
PAY000406,M00406,B01,P5,2024-07-01,Renewal,13500
PAY004215,M04215,B05,P5,2024-07-01,New,13500
PAY002591,M02591,B03,P5,07/01/2024,New,13500
PAY000374,M00374,B01,P4,2024-07-02,Renewal,7500
PAY002513,M02513,B03,P4,07/02/2024,Renewal,7500
PAY000083,M00083,B01,P5,2024-07-03,Renewal,13500
PAY002516,M02516,B03,P4,07/03/2024,Renewal,7500
PAY001434,M01434,B02,P5,2024-07-03,Renewal,13500
PAY003325,M03325,B04,P5,2024-07-03,Renewal,13500
PAY001618,M01618,B02,P5,2024-07-04,New,13500
PAY001639,M01639,B02,P4,2024-07-04,Renewal,7500
PAY000424,M00424,B01,P4,2024-07-04,Renewal,7500
PAY003245,M03245,B04,P5,2024-07-05,Renewal,13500
PAY004161,M04161,B05,P5,2024-07-05,New,13500
PAY000019,M00019,B01,P5,2024-07-06,Renewal,13500
PAY000285,M00285,B01,P4,2024-07-06,Renewal,7500
PAY003271,M03271,B04,P5,2024-07-07,Renewal,13500
PAY004366,M04366,B05,P5,2024-07-07,New,13500
PAY001266,M01266,B02,P4,2024-07-08,Renewal,7500
PAY003336,M03336,B04,P4,2024-07-08,Renewal,7500
PAY001288,M01288,B02,P4,2024-07-09,Renewal,7500
PAY003216,M03216,B04,P5,2024-07-09,Renewal,13500
PAY001241,M01241,B02,P5,2024-07-09,Renewal,13500
PAY000250,M00250,B01,P5,2024-07-09,New,13500
PAY000337,M00337,B01,P5,2024-07-10,New,13500
PAY001354,M01354,B02,P5,2024-07-10,Renewal,13500
PAY003460,M03460,B04,P5,2024-07-10,New,13500
PAY001203,M01203,B02,P4,2024-07-10,Renewal,7500
PAY003265,M03265,B04,P5,2024-07-10,Renewal,13500
PAY000328,M00328,B01,P4,2024-07-11,Renewal,7500
PAY003348,M03348,B04,P4,2024-07-12,Renewal,7500
PAY004141,M04141,B05,P5,2024-07-12,New,13500
PAY001199,M01199,B02,P4,2024-07-12,Renewal,7500
PAY000087,M00087,B01,P4,2024-07-12,Renewal,7500
PAY000279,M00279,B01,P4,2024-07-12,Renewal,7500
PAY003991,M03991,B05,P4,2024-07-13,New,7500
PAY000113,M00113,B01,P5,2024-07-13,Renewal,13500
PAY000098,M00098,B01,P5,2024-07-14,Renewal,13500
PAY002488,M02488,B03,P4,07/14/2024,Renewal,7500
PAY002625,M02625,B03,P5,07/14/2024,New,13500
PAY003992,M03992,B05,P4,2024-07-15,New,7500
PAY001278,M01278,B02,P4,2024-07-16,Renewal,7500
PAY003968,M03968,B05,P5,2024-07-16,New,13500
PAY003315,M03315,B04,P4,2024-07-17,Renewal,7500
PAY001551,M01551,B02,P4,2024-07-17,Renewal,7500
PAY004186,M04186,B05,P4,2024-07-17,New,7500
PAY000239,M00239,B01,P5,2024-07-17,Renewal,13500
PAY000002,M00002,B01,P5,2024-07-18,New,13500
PAY004383,M04383,B05,P4,2024-07-19,New,7500
PAY002660,M02660,B03,P5,07/20/2024,Renewal,13500
PAY001596,M01596,B02,P4,2024-07-20,Renewal,7500
PAY001654,M01654,B02,P5,2024-07-20,Renewal,13500
PAY001606,M01606,B02,P4,2024-07-21,Renewal,7500
PAY001206,M01206,B02,P4,2024-07-22,Renewal,7500
PAY004004,M04004,B05,P4,2024-07-22,New,7500
PAY001480,M01480,B02,P5,2024-07-23,Renewal,13500
PAY004359,M04359,B05,P4,2024-07-23,New,7500
PAY000013,M00013,B01,P5,2024-07-23,Renewal,13500
PAY003382,M03382,B04,P4,2024-07-24,Renewal,7500
PAY001177,M01177,B02,P4,2024-07-24,Renewal,7500
PAY002570,M02570,B03,P4,07/24/2024,Renewal,7500
PAY000304,M00304,B01,P5,2024-07-24,Renewal,13500
PAY004331,M04331,B05,P5,2024-07-24,New,13500
PAY003420,M03420,B04,P5,2024-07-25,Renewal,13500
PAY004102,M04102,B05,P4,2024-07-25,New,7500
PAY001531,M01531,B02,P4,2024-07-26,Renewal,7500
PAY001394,M01394,B02,P5,2024-07-26,Renewal,13500
PAY001158,M01158,B02,P4,2024-07-26,Renewal,7500
PAY000055,M00055,B01,P4,2024-07-27,Renewal,7500
PAY003199,M03199,B04,P4,2024-07-27,Renewal,7500
PAY001398,M01398,B02,P4,2024-07-28,Renewal,7500
PAY003283,M03283,B04,P4,2024-07-29,New,7500
PAY000391,M00391,B01,P4,2024-07-29,Renewal,7500
PAY002707,M02707,B03,P4,07/30/2024,Renewal,7500
PAY004357,M04357,B05,P5,2024-07-30,New,13500
PAY003481,M03481,B04,P4,2024-07-31,Renewal,7500
PAY002634,M02634,B03,P5,07/31/2024,New,13500
PAY000320,M00320,B01,P4,2024-08-01,Renewal,7500
PAY000025,M00025,B01,P5,2024-08-01,New,13500
PAY003122,M03122,B04,P4,2024-08-01,Renewal,7500
PAY003234,M03234,B04,P4,2024-08-03,Renewal,7500
PAY001504,M01504,B02,P4,2024-08-03,Renewal,7500
PAY002556,M02556,B03,P4,08/03/2024,Renewal,7500
PAY003395,M03395,B04,P4,2024-08-04,New,7500
PAY001392,M01392,B02,P4,2024-08-04,Renewal,7500
PAY001296,M01296,B02,P4,2024-08-04,Renewal,7500
PAY000205,M00205,B01,P4,2024-08-05,New,7500
PAY000364,M00364,B01,P4,2024-08-06,New,7500
PAY002708,M02708,B03,P5,08/06/2024,Renewal,13500
PAY004220,M04220,B05,P4,2024-08-07,Renewal,7500
PAY004092,M04092,B05,P4,2024-08-08,New,7500
PAY002712,M02712,B03,P4,08/08/2024,Renewal,7500
PAY003332,M03332,B04,P5,2024-08-09,Renewal,13500
PAY001341,M01341,B02,P4,2024-08-10,Renewal,7500
PAY002639,M02639,B03,P5,08/10/2024,Renewal,13500
PAY000292,M00292,B01,P4,2024-08-11,Renewal,7500
PAY001597,M01597,B02,P4,2024-08-11,New,7500
PAY001186,M01186,B02,P4,2024-08-11,Renewal,7500
PAY002528,M02528,B03,P4,08/11/2024,New,7500
PAY002672,M02672,B03,P4,08/11/2024,Renewal,7500
PAY000348,M00348,B01,P4,2024-08-11,Renewal,7500
PAY001477,M01477,B02,P4,2024-08-12,Renewal,7500
PAY000327,M00327,B01,P5,2024-08-12,Renewal,13500
PAY002632,M02632,B03,P4,08/12/2024,New,7500
PAY001389,M01389,B02,P5,2024-08-12,Renewal,13500
PAY001649,M01649,B02,P4,2024-08-14,Renewal,7500
PAY001282,M01282,B02,P5,2024-08-15,Renewal,13500
PAY001542,M01542,B02,P4,2024-08-17,New,7500
PAY004349,M04349,B05,P5,2024-08-18,Renewal,13500
PAY001559,M01559,B02,P4,2024-08-18,Renewal,7500
PAY000316,M00316,B01,P4,2024-08-18,Renewal,7500
PAY003125,M03125,B04,P4,2024-08-20,Renewal,7500
PAY000259,M00259,B01,P5,2024-08-21,Renewal,13500
PAY002656,M02656,B03,P4,08/22/2024,Renewal,7500
PAY000210,M00210,B01,P4,2024-08-22,Renewal,7500
PAY001561,M01561,B02,P5,2024-08-22,Renewal,13500
PAY002695,M02695,B03,P4,08/23/2024,Renewal,7500
PAY000061,M00061,B01,P4,2024-08-23,Renewal,7500
PAY001515,M01515,B02,P4,2024-08-23,New,7500
PAY004028,M04028,B05,P5,2024-08-23,New,13500
PAY003383,M03383,B04,P4,2024-08-24,Renewal,7500
PAY001219,M01219,B02,P4,2024-08-24,Renewal,7500
PAY002691,M02691,B03,P5,08/25/2024,Renewal,13500
PAY001332,M01332,B02,P4,2024-08-25,Renewal,7500
PAY001413,M01413,B02,P4,2024-08-25,Renewal,7500
PAY001363,M01363,B02,P4,2024-08-25,Renewal,7500
PAY002690,M02690,B03,P5,08/26/2024,Renewal,13500
PAY001521,M01521,B02,P4,2024-08-26,Renewal,7500
PAY003211,M03211,B04,P5,2024-08-27,Renewal,13500
PAY000383,M00383,B01,P4,2024-08-27,Renewal,7500
PAY000425,M00425,B01,P4,2024-08-27,New,7500
PAY001316,M01316,B02,P5,2024-08-31,Renewal,13500
PAY002549,M02549,B03,P5,09/01/2024,Renewal,13500
PAY001399,M01399,B02,P4,2024-09-01,Renewal,7500
PAY001380,M01380,B02,P4,2024-09-01,Renewal,7500
PAY001297,M01297,B02,P4,2024-09-01,Renewal,7500
PAY001286,M01286,B02,P4,2024-09-01,Renewal,7500
PAY000109,M00109,B01,P5,2024-09-01,Renewal,13500
PAY001548,M01548,B02,P5,2024-09-03,Renewal,13500
PAY000253,M00253,B01,P4,2024-09-03,Renewal,7500
PAY001440,M01440,B02,P5,2024-09-04,New,13500
PAY000116,M00116,B01,P4,2024-09-04,Renewal,7500
PAY004230,M04230,B05,P5,2024-09-04,Renewal,13500
PAY003435,M03435,B04,P5,2024-09-05,Renewal,13500
PAY001494,M01494,B02,P4,2024-09-05,Renewal,7500
PAY003358,M03358,B04,P4,2024-09-05,Renewal,7500
PAY004323,M04323,B05,P5,2024-09-06,Renewal,13500
PAY004162,M04162,B05,P5,2024-09-06,Renewal,13500
PAY002685,M02685,B03,P4,09/06/2024,Renewal,7500
PAY004058,M04058,B05,P4,2024-09-06,Renewal,7500
PAY003372,M03372,B04,P5,2024-09-07,Renewal,13500
PAY000174,M00174,B01,P5,2024-09-07,Renewal,13500
PAY000399,M00399,B01,P5,2024-09-08,Renewal,13500
PAY001395,M01395,B02,P4,2024-09-08,Renewal,7500
PAY002502,M02502,B03,P4,09/08/2024,Renewal,7500
PAY002521,M02521,B03,P5,09/09/2024,Renewal,13500
PAY000172,M00172,B01,P4,2024-09-10,Renewal,7500
PAY003400,M03400,B04,P4,2024-09-10,Renewal,7500
PAY000361,M00361,B01,P4,2024-09-10,Renewal,7500
PAY003249,M03249,B04,P5,2024-09-10,Renewal,13500
PAY000018,M00018,B01,P4,2024-09-11,Renewal,7500
PAY000359,M00359,B01,P4,2024-09-12,Renewal,7500
PAY003977,M03977,B05,P4,2024-09-12,Renewal,7500
PAY002491,M02491,B03,P4,09/12/2024,Renewal,7500
PAY004147,M04147,B05,P5,2024-09-12,Renewal,13500
PAY003161,M03161,B04,P5,2024-09-13,Renewal,13500
PAY000429,M00429,B01,P5,2024-09-13,Renewal,13500
PAY001229,M01229,B02,P4,2024-09-13,Renewal,7500
PAY001215,M01215,B02,P4,2024-09-13,Renewal,7500
PAY004218,M04218,B05,P4,2024-09-13,Renewal,7500
PAY003210,M03210,B04,P4,2024-09-14,Renewal,7500
PAY001313,M01313,B02,P4,2024-09-15,Renewal,7500
PAY001630,M01630,B02,P5,2024-09-15,Renewal,13500
PAY003148,M03148,B04,P4,2024-09-16,Renewal,7500
PAY001456,M01456,B02,P5,2024-09-16,Renewal,13500
PAY003365,M03365,B04,P5,2024-09-16,New,13500
PAY003221,M03221,B04,P4,2024-09-17,Renewal,7500
PAY003279,M03279,B04,P4,2024-09-17,New,7500
PAY003366,M03366,B04,P5,2024-09-17,Renewal,13500
PAY001519,M01519,B02,P5,2024-09-18,New,13500
PAY001244,M01244,B02,P4,2024-09-18,Renewal,7500
PAY003448,M03448,B04,P4,2024-09-18,Renewal,7500
PAY003329,M03329,B04,P5,2024-09-18,Renewal,13500
PAY003407,M03407,B04,P4,2024-09-19,Renewal,7500
PAY000369,M00369,B01,P4,2024-09-19,Renewal,7500
PAY004232,M04232,B05,P4,2024-09-19,Renewal,7500
PAY003296,M03296,B04,P4,2024-09-20,Renewal,7500
PAY003403,M03403,B04,P5,2024-09-21,Renewal,13500
PAY000059,M00059,B01,P4,2024-09-21,Renewal,7500
PAY000001,M00001,B01,P5,2024-09-21,Renewal,13500
PAY003268,M03268,B04,P4,2024-09-23,Renewal,7500
PAY003205,M03205,B04,P4,2024-09-23,Renewal,7500
PAY003191,M03191,B04,P5,2024-09-23,Renewal,13500
PAY004308,M04308,B05,P4,2024-09-24,Renewal,7500
PAY004342,M04342,B05,P4,2024-09-24,Renewal,7500
PAY002679,M02679,B03,P4,09/25/2024,Renewal,7500
PAY004325,M04325,B05,P4,2024-09-27,Renewal,7500
PAY004282,M04282,B05,P4,2024-09-27,Renewal,7500
PAY004321,M04321,B05,P4,2024-09-27,Renewal,7500
PAY000179,M00179,B01,P4,2024-09-28,Renewal,7500
PAY004127,M04127,B05,P4,2024-09-28,Renewal,7500
PAY004374,M04374,B05,P5,2024-09-28,Renewal,13500
PAY004304,M04304,B05,P4,2024-09-28,Renewal,7500
PAY004197,M04197,B05,P5,2024-09-28,Renewal,13500
PAY000306,M00306,B01,P4,2024-09-28,Renewal,7500
PAY002606,M02606,B03,P4,09/29/2024,Renewal,7500
PAY001338,M01338,B02,P5,2024-09-29,Renewal,13500
PAY001339,M01339,B02,P4,2024-09-30,Renewal,7500
PAY003142,M03142,B04,P4,2024-10-02,Renewal,7500
PAY000357,M00357,B01,P3,2024-10-02,Renewal,4000
PAY001443,M01443,B02,P3,2024-10-02,Renewal,4000
PAY000408,M00408,B01,P4,2024-10-02,Renewal,7500
PAY000371,M00371,B01,P3,2024-10-02,Renewal,4000
PAY003280,M03280,B04,P3,2024-10-02,Renewal,4000
PAY001396,M01396,B02,P3,2024-10-02,Renewal,4000
PAY000194,M00194,B01,P4,2024-10-02,New,7500
PAY002538,M02538,B03,P4,10/02/2024,Renewal,7500
PAY000330,M00330,B01,P3,2024-10-03,Renewal,4000
PAY003357,M03357,B04,P3,2024-10-03,Renewal,4000
PAY000398,M00398,B01,P4,2024-10-03,Renewal,7500
PAY004145,M04145,B05,P3,2024-10-03,Renewal,4000
PAY003328,M03328,B04,P4,2024-10-03,Renewal,7500
PAY004299,M04299,B05,P3,2024-10-03,Renewal,4000
PAY003167,M03167,B04,P3,2024-10-03,Renewal,4000
PAY004319,M04319,B05,P3,2024-10-03,Renewal,4000
PAY001164,M01164,B02,P4,2024-10-04,Renewal,7500
PAY001451,M01451,B02,P4,2024-10-04,Renewal,7500
PAY004174,M04174,B05,P4,2024-10-04,Renewal,7500
PAY004381,M04381,B05,P3,2024-10-04,New,4000
PAY004139,M04139,B05,P3,2024-10-04,Renewal,4000
PAY001238,M01238,B02,P3,2024-10-04,Renewal,4000
PAY001201,M01201,B02,P3,2024-10-04,Renewal,4000
PAY001641,M01641,B02,P4,2024-10-05,Renewal,7500
PAY003300,M03300,B04,P3,2024-10-05,Renewal,4000
PAY004298,M04298,B05,P3,2024-10-05,Renewal,4000
PAY000270,M00270,B01,P3,2024-10-05,Renewal,4000
PAY001497,M01497,B02,P3,2024-10-05,Renewal,4000
PAY003389,M03389,B04,P3,2024-10-05,Renewal,4000
PAY001445,M01445,B02,P4,2024-10-05,Renewal,7500
PAY002581,M02581,B03,P4,10/05/2024,Renewal,7500
PAY000167,M00167,B01,P3,2024-10-05,Renewal,4000
PAY001211,M01211,B02,P3,2024-10-05,Renewal,4000
PAY004128,M04128,B05,P4,2024-10-06,Renewal,7500
PAY004254,M04254,B05,P5,2024-10-06,New,13500
PAY000115,M00115,B01,P3,2024-10-06,Renewal,4000
PAY000350,M00350,B01,P3,2024-10-06,Renewal,4000
PAY000263,M00263,B01,P3,2024-10-06,Renewal,4000
PAY003972,M03972,B05,P3,2024-10-06,Renewal,4000
PAY003196,M03196,B04,P3,2024-10-06,Renewal,4000
PAY001502,M01502,B02,P3,2024-10-06,Renewal,4000
PAY003321,M03321,B04,P3,2024-10-06,Renewal,4000
PAY000333,M00333,B01,P3,2024-10-07,New,4000
PAY004303,M04303,B05,P3,2024-10-07,Renewal,4000
PAY002561,M02561,B03,P3,10/07/2024,Renewal,4000
PAY004285,M04285,B05,P3,2024-10-07,Renewal,4000
PAY002706,M02706,B03,P3,10/07/2024,Renewal,4000
PAY001240,M01240,B02,P3,2024-10-08,New,4000
PAY001184,M01184,B02,P3,2024-10-08,Renewal,4000
PAY001565,M01565,B02,P4,2024-10-08,Renewal,7500
PAY004177,M04177,B05,P4,2024-10-08,Renewal,7500
PAY000102,M00102,B01,P4,2024-10-08,Renewal,7500
PAY004075,M04075,B05,P3,2024-10-09,Renewal,4000
PAY002647,M02647,B03,,10/09/2024,Renewal,4000
PAY001167,M01167,B02,P5,2024-10-09,Renewal,13500
PAY001179,M01179,B02,P3,2024-10-09,Renewal,4000
PAY001566,M01566,B02,P4,2024-10-09,Renewal,7500
PAY000331,M00331,B01,P3,2024-10-09,Renewal,4000
PAY002694,M02694,B03,P3,10/09/2024,Renewal,4000
PAY001555,M01555,B02,P3,2024-10-09,Renewal,4000
PAY003227,M03227,B04,P3,2024-10-09,Renewal,4000
PAY001556,M01556,B02,P3,2024-10-09,Renewal,4000
PAY004076,M04076,B05,P3,2024-10-09,Renewal,4000
PAY001172,M01172,B02,P3,2024-10-10,Renewal,4000
PAY001202,M01202,B02,P5,2024-10-10,Renewal,13500
PAY002520,M02520,B03,P3,10/10/2024,Renewal,4000
PAY001404,M01404,B02,P3,2024-10-10,Renewal,4000
PAY001507,M01507,B02,P3,2024-10-10,Renewal,4000
PAY000071,M00071,B01,P3,2024-10-10,Renewal,4000
PAY003982,M03982,B05,P5,2024-10-10,Renewal,13500
PAY001302,M01302,B02,P3,2024-10-10,Renewal,4000
PAY000090,M00090,B01,P3,2024-10-10,Renewal,4000
PAY000123,M00123,B01,P5,2024-10-10,Renewal,13500
PAY000152,M00152,B01,P3,2024-10-10,Renewal,4000
PAY002665,M02665,B03,P4,10/10/2024,Renewal,7500
PAY001401,M01401,B02,P3,2024-10-11,Renewal,4000
PAY003477,M03477,B04,P4,2024-10-11,Renewal,7500
PAY002670,M02670,B03,P3,10/11/2024,Renewal,4000
PAY001230,M01230,B02,P4,2024-10-11,Renewal,7500
PAY003408,M03408,B04,P3,2024-10-11,Renewal,4000
PAY004183,M04183,B05,P3,2024-10-11,Renewal,4000
PAY004016,M04016,B05,P3,2024-10-11,Renewal,4000
PAY001523,M01523,B02,P3,2024-10-12,Renewal,4000
PAY000396,M00396,B01,P4,2024-10-12,Renewal,7500
PAY003985,M03985,B05,P3,2024-10-12,Renewal,4000
PAY000095,M00095,B01,P5,2024-10-12,Renewal,13500
PAY001239,M01239,B02,P3,2024-10-12,Renewal,4000
PAY001292,M01292,B02,P4,2024-10-12,Renewal,7500
PAY000332,M00332,B01,P5,2024-10-12,Renewal,13500
PAY002555,M02555,B03,P4,10/12/2024,Renewal,7500
PAY003998,M03998,B05,P3,2024-10-12,Renewal,4000
PAY004112,M04112,B05,P4,2024-10-12,Renewal,7500
PAY001441,M01441,B02,P3,2024-10-13,Renewal,4000
PAY001637,M01637,B02,P3,2024-10-13,Renewal,4000
PAY000258,M00258,B01,P3,2024-10-13,Renewal,4000
PAY003225,M03225,B04,P3,2024-10-13,Renewal,4000
PAY000412,M00412,B01,P4,2024-10-13,Renewal,7500
PAY004259,M04259,B05,P3,2024-10-13,Renewal,4000
PAY000161,M00161,B01,P3,2024-10-13,Renewal,4000
PAY003422,M03422,B04,P5,2024-10-13,Renewal,13500
PAY002613,M02613,B03,P3,10/13/2024,Renewal,4000
PAY001498,M01498,B02,P3,2024-10-13,Renewal,4000
PAY001541,M01541,B02,P3,2024-10-13,Renewal,4000
PAY003334,M03334,B04,P3,2024-10-13,New,4000
PAY000004,M00004,B01,P3,2024-10-14,Renewal,4000
PAY004351,M04351,B05,P3,2024-10-14,Renewal,4000
PAY003192,M03192,B04,P5,2024-10-14,New,13500
PAY002576,M02576,B03,P3,10/14/2024,Renewal,4000
PAY000339,M00339,B01,P4,2024-10-15,Renewal,7500
PAY000017,M00017,B01,P3,2024-10-15,Renewal,4000
PAY001568,M01568,B02,P3,2024-10-15,Renewal,4000
PAY003302,M03302,B04,P3,2024-10-15,Renewal,4000
PAY004205,M04205,B05,P3,2024-10-15,Renewal,4000
PAY004037,M04037,B05,P3,2024-10-15,Renewal,4000
PAY002648,M02648,B03,P3,10/15/2024,Renewal,4000
PAY000160,M00160,B01,P3,2024-10-15,Renewal,4000
PAY001501,M01501,B02,P3,2024-10-15,Renewal,4000
PAY003233,M03233,B04,P3,2024-10-15,Renewal,4000
PAY001301,M01301,B02,P3,2024-10-16,Renewal,4000
PAY001379,M01379,B02,P3,2024-10-16,Renewal,4000
PAY001483,M01483,B02,P3,2024-10-16,Renewal,4000
PAY003184,M03184,B04,P3,2024-10-16,Renewal,4000
PAY003414,M03414,B04,P3,2024-10-16,Renewal,4000
PAY003455,M03455,B04,P3,2024-10-16,Renewal,4000
PAY003999,M03999,B05,P5,2024-10-16,Renewal,13500
PAY004063,M04063,B05,P3,2024-10-16,New,4000
PAY004288,M04288,B05,P3,2024-10-16,Renewal,4000
PAY001263,M01263,B02,P3,2024-10-17,New,4000
PAY003337,M03337,B04,P3,2024-10-17,Renewal,4000
PAY004189,M04189,B05,P4,2024-10-17,Renewal,7500
PAY004202,M04202,B05,P3,2024-10-17,Renewal,4000
PAY004236,M04236,B05,P3,2024-10-17,Renewal,4000
PAY004253,M04253,B05,P3,2024-10-17,Renewal,4000
PAY003319,M03319,B04,P3,2024-10-17,Renewal,4000
PAY002532,M02532,B03,P3,10/17/2024,Renewal,4000
PAY002490,M02490,B03,P4,10/18/2024,Renewal,7500
PAY001450,M01450,B02,P4,2024-10-18,Renewal,7500
PAY004207,M04207,B05,P3,2024-10-18,Renewal,4000
PAY001576,M01576,B02,P3,2024-10-18,Renewal,4000
PAY001633,M01633,B02,P3,2024-10-18,Renewal,4000
PAY003309,M03309,B04,P3,2024-10-18,Renewal,4000
PAY003169,M03169,B04,P3,2024-10-18,Renewal,4000
PAY004242,M04242,B05,P4,2024-10-19,Renewal,7500
PAY000363,M00363,B01,P3,2024-10-19,Renewal,4000
PAY002621,M02621,B03,,10/19/2024,Renewal,7500
PAY000231,M00231,B01,P3,2024-10-19,Renewal,4000
PAY001382,M01382,B02,P4,2024-10-19,Renewal,7500
PAY001493,M01493,B02,P3,2024-10-20,Renewal,4000
PAY001610,M01610,B02,P3,2024-10-20,Renewal,4000
PAY000080,M00080,B01,P4,2024-10-20,Renewal,7500
PAY003114,M03114,B04,P3,2024-10-20,Renewal,4000
PAY003981,M03981,B05,P5,2024-10-20,Renewal,13500
PAY003226,M03226,B04,P3,2024-10-20,Renewal,4000
PAY003193,M03193,B04,P3,2024-10-21,Renewal,4000
PAY002596,M02596,B03,P3,10/21/2024,Renewal,4000
PAY000186,M00186,B01,P3,2024-10-21,Renewal,4000
PAY001358,M01358,B02,P3,2024-10-21,Renewal,4000
PAY001368,M01368,B02,P3,2024-10-21,Renewal,4000
PAY003293,M03293,B04,P5,2024-10-21,Renewal,13500
PAY001611,M01611,B02,P3,2024-10-21,Renewal,4000
PAY003456,M03456,B04,P4,2024-10-21,Renewal,7500
PAY001156,M01156,B02,P3,2024-10-21,Renewal,4000
PAY000169,M00169,B01,P3,2024-10-21,Renewal,4000
PAY001325,M01325,B02,P5,2024-10-21,Renewal,13500
PAY000340,M00340,B01,P3,2024-10-21,Renewal,4000
PAY002594,M02594,B03,P3,10/21/2024,Renewal,4000
PAY003136,M03136,B04,P3,2024-10-21,Renewal,4000
PAY003123,M03123,B04,P3,2024-10-21,Renewal,4000
PAY002524,M02524,B03,P3,10/21/2024,Renewal,4000
PAY002705,M02705,B03,P4,10/21/2024,Renewal,7500
PAY003158,M03158,B04,P3,2024-10-21,Renewal,4000
PAY002701,M02701,B03,P3,10/21/2024,Renewal,4000
PAY003266,M03266,B04,P3,2024-10-22,Renewal,4000
PAY000193,M00193,B01,P3,2024-10-22,Renewal,4000
PAY004067,M04067,B05,P5,2024-10-22,Renewal,13500
PAY003467,M03467,B04,P3,2024-10-22,Renewal,4000
PAY003371,M03371,B04,P3,2024-10-22,Renewal,4000
PAY001260,M01260,B02,P4,2024-10-23,Renewal,7500
PAY004273,M04273,B05,P3,2024-10-23,Renewal,4000
PAY001193,M01193,B02,P3,2024-10-23,Renewal,4000
PAY004380,M04380,B05,P3,2024-10-23,Renewal,4000
PAY001366,M01366,B02,P4,2024-10-23,Renewal,7500
PAY003154,M03154,B04,P3,2024-10-23,Renewal,4000
PAY004136,M04136,B05,P3,2024-10-24,Renewal,4000
PAY000079,M00079,B01,P4,2024-10-24,Renewal,7500
PAY003247,M03247,B04,P3,2024-10-24,Renewal,4000
PAY001307,M01307,B02,P3,2024-10-24,Renewal,4000
PAY004041,M04041,B05,P3,2024-10-24,Renewal,4000
PAY001455,M01455,B02,P5,2024-10-24,Renewal,13500
PAY004152,M04152,B05,P3,2024-10-25,Renewal,4000
PAY001549,M01549,B02,P4,2024-10-25,Renewal,7500
PAY000254,M00254,B01,P4,2024-10-25,Renewal,7500
PAY003152,M03152,B04,P3,2024-10-25,Renewal,4000
PAY002631,M02631,B03,P3,10/26/2024,Renewal,4000
PAY002717,M02717,B03,P4,10/26/2024,Renewal,7500
PAY000093,M00093,B01,P3,2024-10-26,Renewal,4000
PAY004160,M04160,B05,P3,2024-10-26,Renewal,4000
PAY002505,M02505,B03,P3,10/26/2024,Renewal,4000
PAY000246,M00246,B01,P3,2024-10-26,Renewal,4000
PAY001418,M01418,B02,P3,2024-10-26,Renewal,4000
PAY001508,M01508,B02,P3,2024-10-26,Renewal,4000
PAY000148,M00148,B01,P4,2024-10-26,Renewal,7500
PAY004017,M04017,B05,P3,2024-10-27,Renewal,4000
PAY000057,M00057,B01,P3,2024-10-27,Renewal,4000
PAY004117,M04117,B05,P3,2024-10-27,Renewal,4000
PAY004166,M04166,B05,P3,2024-10-27,Renewal,4000
PAY004165,M04165,B05,P3,2024-10-27,Renewal,4000
PAY003143,M03143,B04,P4,2024-10-27,New,7500
PAY001476,M01476,B02,P3,2024-10-27,Renewal,4000
PAY000147,M00147,B01,P3,2024-10-27,Renewal,4000
PAY002626,M02626,B03,P3,10/27/2024,Renewal,4000
PAY003464,M03464,B04,P5,2024-10-27,Renewal,13500
PAY001463,M01463,B02,P3,2024-10-27,Renewal,4000
PAY003979,M03979,B05,P3,2024-10-27,Renewal,4000
PAY001457,M01457,B02,P4,2024-10-27,Renewal,7500
PAY004222,M04222,B05,P4,2024-10-28,Renewal,7500
PAY000241,M00241,B01,P3,2024-10-28,Renewal,4000
PAY001465,M01465,B02,P3,2024-10-28,Renewal,4000
PAY003331,M03331,B04,P3,2024-10-28,Renewal,4000
PAY002651,M02651,B03,P3,10/28/2024,Renewal,4000
PAY004268,M04268,B05,P3,2024-10-28,Renewal,4000
PAY001593,M01593,B02,P3,2024-10-28,Renewal,4000
PAY001227,M01227,B02,P3,2024-10-29,Renewal,4000
PAY000242,M00242,B01,P3,2024-10-29,Renewal,4000
PAY000197,M00197,B01,P3,2024-10-29,Renewal,4000
PAY001251,M01251,B02,P3,2024-10-29,Renewal,4000
PAY003207,M03207,B04,P3,2024-10-29,Renewal,4000
PAY002641,M02641,B03,P5,10/29/2024,Renewal,13500
PAY001190,M01190,B02,P5,2024-10-29,Renewal,13500
PAY004368,M04368,B05,P3,2024-10-29,Renewal,4000
PAY003222,M03222,B04,P4,2024-10-29,Renewal,7500
PAY003276,M03276,B04,P3,2024-10-29,Renewal,4000
PAY004107,M04107,B05,P3,2024-10-30,Renewal,4000
PAY001602,M01602,B02,P3,2024-10-30,Renewal,4000
PAY004129,M04129,B05,P3,2024-10-30,New,4000
PAY003141,M03141,B04,P3,2024-10-30,Renewal,4000
PAY001346,M01346,B02,P3,2024-10-30,Renewal,4000
PAY003975,M03975,B05,P3,2024-10-30,New,4000
PAY004158,M04158,B05,P4,2024-10-30,Renewal,7500
PAY001321,M01321,B02,P3,2024-10-30,Renewal,4000
PAY001242,M01242,B02,P3,2024-10-31,Renewal,4000
PAY001270,M01270,B02,P3,2024-10-31,Renewal,4000
PAY000010,M00010,B01,P3,2024-10-31,Renewal,4000
PAY001525,M01525,B02,P3,2024-10-31,Renewal,4000
PAY003475,M03475,B04,P3,2024-10-31,Renewal,4000
PAY004245,M04245,B05,P3,2024-10-31,Renewal,4000
PAY001327,M01327,B02,P3,2024-10-31,Renewal,4000
PAY001174,M01174,B02,P3,2024-10-31,Renewal,4000
PAY002552,M02552,B03,P4,11/01/2024,Renewal,7500
PAY004135,M04135,B05,P5,2024-11-01,Renewal,13500
PAY001289,M01289,B02,P4,2024-11-01,Renewal,7500
PAY003146,M03146,B04,P4,2024-11-01,Renewal,7500
PAY002619,M02619,B03,P3,11/01/2024,Renewal,4000
PAY004241,M04241,B05,P3,2024-11-01,Renewal,4000
PAY004341,M04341,B05,P3,2024-11-01,Renewal,4000
PAY000382,M00382,B01,P3,2024-11-01,Renewal,4000
PAY000043,M00043,B01,P3,2024-11-01,Renewal,4000
PAY000218,M00218,B01,P3,2024-11-01,Renewal,4000
PAY000248,M00248,B01,P4,2024-11-02,Renewal,7500
PAY002510,M02510,B03,P4,11/02/2024,Renewal,7500
PAY002636,M02636,B03,P4,11/02/2024,Renewal,7500
PAY002674,M02674,B03,P3,11/02/2024,Renewal,4000
PAY000405,M00405,B01,P3,2024-11-02,Renewal,4000
PAY001334,M01334,B02,P3,2024-11-02,Renewal,4000
PAY004106,M04106,B05,P3,2024-11-02,Renewal,4000
PAY000379,M00379,B01,P3,2024-11-02,Renewal,4000
PAY003359,M03359,B04,P3,2024-11-03,Renewal,4000
PAY001492,M01492,B02,P3,2024-11-03,Renewal,4000
PAY001210,M01210,B02,P3,2024-11-03,Renewal,4000
PAY002511,M02511,B03,P3,11/03/2024,Renewal,4000
PAY003470,M03470,B04,P4,2024-11-03,Renewal,7500
PAY002517,M02517,B03,P3,11/03/2024,Renewal,4000
PAY003457,M03457,B04,P3,2024-11-03,Renewal,4000
PAY002669,M02669,B03,P4,11/03/2024,Renewal,7500
PAY000154,M00154,B01,P3,2024-11-03,Renewal,4000
PAY004024,M04024,B05,P3,2024-11-03,Renewal,4000
PAY004083,M04083,B05,P3,2024-11-03,Renewal,4000
PAY003390,M03390,B04,P4,2024-11-03,Renewal,7500
PAY003124,M03124,B04,P3,2024-11-03,Renewal,4000
PAY000260,M00260,B01,P4,2024-11-03,Renewal,7500
PAY001247,M01247,B02,P3,2024-11-04,Renewal,4000
PAY000196,M00196,B01,P3,2024-11-04,Renewal,4000
PAY003168,M03168,B04,P3,2024-11-04,Renewal,4000
PAY001600,M01600,B02,P3,2024-11-04,Renewal,4000
PAY004080,M04080,B05,P3,2024-11-04,Renewal,4000
PAY001194,M01194,B02,P3,2024-11-04,New,4000
PAY003434,M03434,B04,P3,2024-11-04,Renewal,4000
PAY000067,M00067,B01,P3,2024-11-05,Renewal,4000
PAY004184,M04184,B05,P3,2024-11-05,Renewal,4000
PAY000273,M00273,B01,P3,2024-11-05,Renewal,4000
PAY004061,M04061,B05,P3,2024-11-05,Renewal,4000
PAY003208,M03208,B04,P3,2024-11-05,Renewal,4000
PAY001306,M01306,B02,P3,2024-11-05,Renewal,4000
PAY001376,M01376,B02,P3,2024-11-05,Renewal,4000
PAY004036,M04036,B05,P3,2024-11-05,Renewal,4000
PAY004140,M04140,B05,P3,2024-11-05,Renewal,4000
PAY003437,M03437,B04,P3,2024-11-06,Renewal,4000
PAY003447,M03447,B04,P3,2024-11-06,Renewal,4000
PAY003176,M03176,B04,P3,2024-11-06,Renewal,4000
PAY001592,M01592,B02,P3,2024-11-06,Renewal,4000
PAY000219,M00219,B01,P3,2024-11-06,Renewal,4000
PAY004130,M04130,B05,P3,2024-11-06,Renewal,4000
PAY004198,M04198,B05,P3,2024-11-06,New,4000
PAY004337,M04337,B05,P4,2024-11-06,Renewal,7500
PAY003412,M03412,B04,P3,2024-11-06,Renewal,4000
PAY000188,M00188,B01,P4,2024-11-06,Renewal,7500
PAY000162,M00162,B01,P3,2024-11-06,Renewal,4000
PAY003164,M03164,B04,P3,2024-11-06,Renewal,4000
PAY000343,M00343,B01,P3,2024-11-07,Renewal,4000
PAY002678,M02678,B03,P5,11/07/2024,Renewal,13500
PAY003187,M03187,B04,P3,2024-11-07,Renewal,4000
PAY000176,M00176,B01,P3,2024-11-07,Renewal,4000
PAY004124,M04124,B05,P4,2024-11-07,Renewal,7500
PAY001237,M01237,B02,P3,2024-11-07,Renewal,4000
PAY001620,M01620,B02,P4,2024-11-07,Renewal,7500
PAY003346,M03346,B04,P3,2024-11-08,New,4000
PAY004251,M04251,B05,P3,2024-11-08,New,4000
PAY001470,M01470,B02,P3,2024-11-08,Renewal,4000
PAY001246,M01246,B02,P3,2024-11-08,Renewal,4000
PAY000214,M00214,B01,P3,2024-11-08,Renewal,4000
PAY001510,M01510,B02,P3,2024-11-08,Renewal,4000
PAY000227,M00227,B01,P3,2024-11-08,Renewal,4000
PAY003120,M03120,B04,P3,2024-11-08,Renewal,4000
PAY001293,M01293,B02,P5,2024-11-08,Renewal,13500
PAY000130,M00130,B01,P3,2024-11-08,Renewal,4000
PAY000137,M00137,B01,P3,2024-11-09,Renewal,4000
PAY001400,M01400,B02,P3,2024-11-09,Renewal,4000
PAY002585,M02585,B03,P4,11/09/2024,Renewal,7500
PAY002590,M02590,B03,P3,11/09/2024,Renewal,4000
PAY001378,M01378,B02,P3,2024-11-09,Renewal,4000
PAY003310,M03310,B04,P4,2024-11-09,Renewal,7500
PAY000110,M00110,B01,P3,2024-11-09,Renewal,4000
PAY001528,M01528,B02,P3,2024-11-09,Renewal,4000
PAY002497,M02497,B03,P3,11/09/2024,Renewal,4000
PAY003399,M03399,B04,P3,2024-11-09,Renewal,4000
PAY000402,M00402,B01,P3,2024-11-10,Renewal,4000
PAY000096,M00096,B01,P3,2024-11-10,Renewal,4000
PAY000199,M00199,B01,P5,2024-11-10,Renewal,13500
PAY004252,M04252,B05,P4,2024-11-10,Renewal,7500
PAY000045,M00045,B01,P3,2024-11-10,Renewal,4000
PAY003368,M03368,B04,P4,2024-11-11,Renewal,7500
PAY000298,M00298,B01,P3,2024-11-11,Renewal,4000
PAY004209,M04209,B05,P3,2024-11-11,Renewal,4000
PAY001355,M01355,B02,P3,2024-11-11,Renewal,4000
PAY000307,M00307,B01,P3,2024-11-11,Renewal,4000
PAY001250,M01250,B02,P4,2024-11-11,Renewal,7500
PAY004255,M04255,B05,P3,2024-11-12,Renewal,4000
PAY004237,M04237,B05,P3,2024-11-12,Renewal,4000
PAY004060,M04060,B05,P3,2024-11-12,Renewal,4000
PAY004200,M04200,B05,P4,2024-11-12,Renewal,7500
PAY004113,M04113,B05,P4,2024-11-12,Renewal,7500
PAY004280,M04280,B05,P5,2024-11-12,Renewal,13500
PAY003172,M03172,B04,P3,2024-11-12,Renewal,4000
PAY001612,M01612,B02,P3,2024-11-12,Renewal,4000
PAY004275,M04275,B05,P4,2024-11-12,Renewal,7500
PAY000274,M00274,B01,P3,2024-11-12,Renewal,4000
PAY000070,M00070,B01,P3,2024-11-13,Renewal,4000
PAY001532,M01532,B02,P4,2024-11-13,Renewal,7500
PAY003235,M03235,B04,P3,2024-11-13,Renewal,4000
PAY003252,M03252,B04,P3,2024-11-13,Renewal,4000
PAY003427,M03427,B04,P3,2024-11-13,Renewal,4000
PAY000048,M00048,B01,P3,2024-11-14,Renewal,4000
PAY003375,M03375,B04,P3,2024-11-14,Renewal,4000
PAY003126,M03126,B04,P3,2024-11-14,Renewal,4000
PAY000189,M00189,B01,P3,2024-11-14,Renewal,4000
PAY001191,M01191,B02,P3,2024-11-14,Renewal,4000
PAY003189,M03189,B04,P3,2024-11-14,Renewal,4000
PAY001299,M01299,B02,P5,2024-11-15,Renewal,13500
PAY000255,M00255,B01,P3,2024-11-15,Renewal,4000
PAY002699,M02699,B03,P3,11/15/2024,Renewal,4000
PAY004322,M04322,B05,P3,2024-11-15,Renewal,4000
PAY002617,M02617,B03,P5,11/15/2024,Renewal,13500
PAY003171,M03171,B04,P3,2024-11-15,Renewal,4000
PAY001643,M01643,B02,P3,2024-11-15,Renewal,4000
PAY001159,M01159,B02,P3,2024-11-15,Renewal,4000
PAY000175,M00175,B01,P4,2024-11-16,Renewal,7500
PAY003209,M03209,B04,P3,2024-11-16,Renewal,4000
PAY000114,M00114,B01,P3,2024-11-16,Renewal,4000
PAY001351,M01351,B02,P3,2024-11-16,Renewal,4000
PAY000267,M00267,B01,P3,2024-11-17,Renewal,4000
PAY000426,M00426,B01,P3,2024-11-17,Renewal,4000
PAY000392,M00392,B01,P4,2024-11-17,Renewal,7500
PAY000132,M00132,B01,P4,2024-11-17,Renewal,7500
PAY000015,M00015,B01,P3,2024-11-17,Renewal,4000
PAY001518,M01518,B02,P3,2024-11-17,Renewal,4000
PAY003291,M03291,B04,P3,2024-11-18,Renewal,4000
PAY003200,M03200,B04,P3,2024-11-18,Renewal,4000
PAY000011,M00011,B01,P3,2024-11-18,Renewal,4000
PAY004019,M04019,B05,P3,2024-11-18,Renewal,4000
PAY003206,M03206,B04,P3,2024-11-18,Renewal,4000
PAY002702,M02702,B03,P4,11/18/2024,Renewal,7500
PAY000367,M00367,B01,P3,2024-11-18,Renewal,4000
PAY004269,M04269,B05,P3,2024-11-18,Renewal,4000
PAY003410,M03410,B04,P5,2024-11-18,Renewal,13500
PAY004097,M04097,B05,P3,2024-11-18,Renewal,4000
PAY003379,M03379,B04,P3,2024-11-18,Renewal,4000
PAY004188,M04188,B05,P3,2024-11-19,New,4000
PAY004289,M04289,B05,P3,2024-11-19,Renewal,4000
PAY001427,M01427,B02,P3,2024-11-19,Renewal,4000
PAY001204,M01204,B02,P3,2024-11-19,Renewal,4000
PAY002673,M02673,B03,P3,11/19/2024,Renewal,4000
PAY001176,M01176,B02,P3,2024-11-20,Renewal,4000
PAY002629,M02629,B03,P3,11/20/2024,Renewal,4000
PAY000139,M00139,B01,P3,2024-11-20,Renewal,4000
PAY000020,M00020,B01,P3,2024-11-20,Renewal,4000
PAY000204,M00204,B01,P3,2024-11-20,Renewal,4000
PAY004114,M04114,B05,P3,2024-11-21,Renewal,4000
PAY003288,M03288,B04,P4,2024-11-21,Renewal,7500
PAY004190,M04190,B05,P3,2024-11-21,Renewal,4000
PAY001617,M01617,B02,P3,2024-11-21,Renewal,4000
PAY000107,M00107,B01,P3,2024-11-21,Renewal,4000
PAY001482,M01482,B02,P3,2024-11-21,Renewal,4000
PAY003116,M03116,B04,P3,2024-11-21,Renewal,4000
PAY000206,M00206,B01,P3,2024-11-21,Renewal,4000
PAY002710,M02710,B03,P3,11/22/2024,Renewal,4000
PAY000264,M00264,B01,P4,2024-11-22,Renewal,7500
PAY000414,M00414,B01,P3,2024-11-22,Renewal,4000
PAY000166,M00166,B01,P3,2024-11-22,Renewal,4000
PAY004316,M04316,B05,P4,2024-11-22,Renewal,7500
PAY001460,M01460,B02,P3,2024-11-22,Renewal,4000
PAY004348,M04348,B05,P3,2024-11-22,New,4000
PAY004193,M04193,B05,P3,2024-11-23,Renewal,4000
PAY003159,M03159,B04,P3,2024-11-24,Renewal,4000
PAY000122,M00122,B01,P3,2024-11-24,Renewal,4000
PAY000269,M00269,B01,P3,2024-11-24,Renewal,4000
PAY001162,M01162,B02,P3,2024-11-24,Renewal,4000
PAY002654,M02654,B03,P3,11/24/2024,Renewal,4000
PAY004311,M04311,B05,P3,2024-11-24,Renewal,4000
PAY004246,M04246,B05,P3,2024-11-24,Renewal,4000
PAY004330,M04330,B05,P3,2024-11-25,Renewal,4000
PAY003429,M03429,B04,P3,2024-11-25,Renewal,4000
PAY004279,M04279,B05,P3,2024-11-25,Renewal,4000
PAY002601,M02601,B03,P3,11/25/2024,Renewal,4000
PAY004026,M04026,B05,P4,2024-11-26,Renewal,7500
PAY004296,M04296,B05,P3,2024-11-26,Renewal,4000
PAY002704,M02704,B03,P3,11/26/2024,Renewal,4000
PAY004225,M04225,B05,P3,2024-11-26,Renewal,4000
PAY004131,M04131,B05,P3,2024-11-26,Renewal,4000
PAY003349,M03349,B04,P3,2024-11-26,Renewal,4000
PAY003335,M03335,B04,P3,2024-11-26,Renewal,4000
PAY001377,M01377,B02,P4,2024-11-26,Renewal,7500
PAY003219,M03219,B04,P4,2024-11-26,Renewal,7500
PAY001623,M01623,B02,P3,2024-11-26,Renewal,4000
PAY002526,M02526,B03,P3,11/27/2024,Renewal,4000
PAY001624,M01624,B02,P3,2024-11-27,Renewal,4000
PAY003117,M03117,B04,P4,2024-11-27,Renewal,7500
PAY003259,M03259,B04,P3,2024-11-27,Renewal,4000
PAY001310,M01310,B02,P3,2024-11-27,Renewal,4000
PAY000400,M00400,B01,P3,2024-11-27,Renewal,4000
PAY002680,M02680,B03,P3,11/27/2024,Renewal,4000
PAY001589,M01589,B02,P4,2024-11-28,Renewal,7500
PAY004176,M04176,B05,P3,2024-11-28,Renewal,4000
PAY003305,M03305,B04,P4,2024-11-28,Renewal,7500
PAY001613,M01613,B02,P4,2024-11-28,Renewal,7500
PAY002726,M02726,B03,P3,11/28/2024,Renewal,4000
PAY004010,M04010,B05,P3,2024-11-28,Renewal,4000
PAY000257,M00257,B01,P3,2024-11-28,Renewal,4000
PAY004087,M04087,B05,P5,2024-11-29,Renewal,13500
PAY000326,M00326,B01,P4,2024-11-29,Renewal,7500
PAY001224,M01224,B02,P4,2024-11-30,Renewal,7500
PAY002525,M02525,B03,P4,11/30/2024,Renewal,7500
PAY001347,M01347,B02,P4,2024-11-30,Renewal,7500
PAY000215,M00215,B01,P4,2024-11-30,Renewal,7500
PAY000395,M00395,B01,P5,2024-12-01,Renewal,13500
PAY000417,M00417,B01,P5,2024-12-01,Renewal,13500
PAY004360,M04360,B05,P4,2024-12-01,Renewal,7500
PAY003270,M03270,B04,P4,2024-12-01,Renewal,7500
PAY002575,M02575,B03,P3,12/01/2024,Renewal,4000
PAY002587,M02587,B03,P3,12/01/2024,Renewal,4000
PAY004266,M04266,B05,P1,2024-12-02,Renewal,1500
PAY003451,M03451,B04,P1,2024-12-02,Renewal,1500
PAY000381,M00381,B01,P1,2024-12-02,Renewal,1500
PAY003462,M03462,B04,P1,2024-12-02,Renewal,1500
PAY003385,M03385,B04,P1,2024-12-02,Renewal,1500
PAY004333,M04333,B05,P1,2024-12-02,Renewal,1500
PAY000291,M00291,B01,P1,2024-12-02,Renewal,1500
PAY001344,M01344,B02,P2,2024-12-02,Renewal,1100
PAY003198,M03198,B04,P3,2024-12-02,Renewal,4000
PAY002546,M02546,B03,P1,12/02/2024,Renewal,1500
PAY001503,M01503,B02,P1,2024-12-02,Renewal,1500
PAY000151,M00151,B01,P1,2024-12-02,Renewal,1500
PAY001287,M01287,B02,P5,2024-12-02,Renewal,13500
PAY002527,M02527,B03,P2,12/02/2024,Renewal,1100
PAY001560,M01560,B02,P2,2024-12-02,Renewal,1100
PAY000128,M00128,B01,P1,2024-12-02,Renewal,1500
PAY002588,M02588,B03,P2,12/02/2024,Renewal,1100
PAY003432,M03432,B04,P1,2024-12-02,Renewal,1500
PAY001259,M01259,B02,P1,2024-12-02,Renewal,1500
PAY001522,M01522,B02,P3,2024-12-02,Renewal,4000
PAY000009,M00009,B01,P2,2024-12-02,Renewal,1100
PAY003428,M03428,B04,P1,2024-12-02,Renewal,1500
PAY000112,M00112,B01,P2,2024-12-02,Renewal,1100
PAY001478,M01478,B02,P1,2024-12-02,Renewal,1500
PAY001582,M01582,B02,P1,2024-12-02,Renewal,1500
PAY000089,M00089,B01,P2,2024-12-02,Renewal,1100
PAY002607,M02607,B03,P2,12/02/2024,Renewal,1100
PAY004372,M04372,B05,P1,2024-12-02,Renewal,1500
PAY004199,M04199,B05,P1,2024-12-02,Renewal,1500
PAY001609,M01609,B02,P3,2024-12-02,Renewal,4000
PAY003121,M03121,B04,P1,2024-12-02,Renewal,1500
PAY000078,M00078,B01,P3,2024-12-02,Renewal,4000
PAY000229,M00229,B01,P3,2024-12-02,Renewal,4000
PAY000377,M00377,B01,P3,2024-12-02,Renewal,4000
PAY002689,M02689,B03,P2,12/02/2024,Renewal,1100
PAY001428,M01428,B02,P2,2024-12-02,Renewal,1100
PAY004235,M04235,B05,P4,2024-12-02,Renewal,7500
PAY004133,M04133,B05,P2,2024-12-02,Renewal,1100
PAY002635,M02635,B03,,12/02/2024,Renewal,1500
PAY004007,M04007,B05,P1,2024-12-03,Renewal,1500
PAY000208,M00208,B01,P3,2024-12-03,Renewal,4000
PAY004052,M04052,B05,P1,2024-12-03,Renewal,1500
PAY001218,M01218,B02,P1,2024-12-03,Renewal,1500
PAY001619,M01619,B02,P1,2024-12-03,Renewal,1500
PAY001303,M01303,B02,P1,2024-12-03,Renewal,1500
PAY004307,M04307,B05,P2,2024-12-03,Renewal,1100
PAY004138,M04138,B05,P1,2024-12-03,Renewal,1500
PAY004045,M04045,B05,P1,2024-12-03,Renewal,1500
PAY000325,M00325,B01,P1,2024-12-03,Renewal,1500
PAY001228,M01228,B02,P2,2024-12-03,Renewal,1100
PAY000222,M00222,B01,P2,2024-12-03,Renewal,1100
PAY000345,M00345,B01,P1,2024-12-03,Renewal,1500
PAY004338,M04338,B05,P1,2024-12-03,Renewal,1500
PAY004151,M04151,B05,P2,2024-12-03,Renewal,1100
PAY000216,M00216,B01,P2,2024-12-03,Renewal,1100
PAY004332,M04332,B05,P2,2024-12-03,Renewal,1100
PAY000121,M00121,B01,P1,2024-12-03,Renewal,1500
PAY000223,M00223,B01,P2,2024-12-03,Renewal,1100
PAY000119,M00119,B01,P3,2024-12-03,Renewal,4000
PAY001276,M01276,B02,P1,2024-12-03,Renewal,1500
PAY003433,M03433,B04,P1,2024-12-03,Renewal,1500
PAY001192,M01192,B02,P1,2024-12-03,Renewal,1500
PAY001652,M01652,B02,P5,2024-12-03,Renewal,13500
PAY001405,M01405,B02,P3,2024-12-03,Renewal,4000
PAY003202,M03202,B04,P3,2024-12-03,Renewal,4000
PAY001547,M01547,B02,P2,2024-12-03,Renewal,1100
PAY003201,M03201,B04,P4,2024-12-03,Renewal,7500
PAY004364,M04364,B05,P1,2024-12-03,Renewal,1500
PAY003421,M03421,B04,P2,2024-12-03,Renewal,1100
PAY004211,M04211,B05,P1,2024-12-03,Renewal,1500
PAY004105,M04105,B05,P2,2024-12-03,Renewal,1100
PAY001163,M01163,B02,P3,2024-12-03,Renewal,4000
PAY002583,M02583,B03,P2,12/03/2024,Renewal,1100
PAY003317,M03317,B04,P1,2024-12-03,Renewal,1500
PAY003364,M03364,B04,P1,2024-12-03,Renewal,1500
PAY003156,M03156,B04,P2,2024-12-03,Renewal,1100
PAY004173,M04173,B05,P4,2024-12-03,Renewal,7500
PAY002569,M02569,B03,P3,12/03/2024,Renewal,4000
PAY002600,M02600,B03,P2,12/03/2024,Renewal,1100
PAY003264,M03264,B04,P1,2024-12-03,Renewal,1500
PAY000238,M00238,B01,P1,2024-12-03,Renewal,1500
PAY001499,M01499,B02,P1,2024-12-03,Renewal,1500
PAY002605,M02605,B03,P2,12/03/2024,Renewal,1100
PAY001448,M01448,B02,P1,2024-12-03,Renewal,1500
PAY001340,M01340,B02,P2,2024-12-03,Renewal,1100
PAY000127,M00127,B01,P1,2024-12-03,Renewal,1500
PAY001182,M01182,B02,P2,2024-12-03,Renewal,1100
PAY002692,M02692,B03,P2,12/03/2024,Renewal,1100
PAY000244,M00244,B01,P2,2024-12-03,Renewal,1100
PAY004267,M04267,B05,P3,2024-12-03,Renewal,4000
PAY000143,M00143,B01,P1,2024-12-03,Renewal,1500
PAY003182,M03182,B04,P1,2024-12-03,Renewal,1500
PAY001356,M01356,B02,P1,2024-12-03,Renewal,1500
PAY001333,M01333,B02,P3,2024-12-03,Renewal,4000
PAY001337,M01337,B02,P1,2024-12-03,Renewal,1500
PAY001221,M01221,B02,P1,2024-12-03,Renewal,1500
PAY003217,M03217,B04,P1,2024-12-03,Renewal,1500
PAY000195,M00195,B01,P1,2024-12-04,Renewal,1500
PAY003431,M03431,B04,P1,2024-12-04,Renewal,1500
PAY003444,M03444,B04,P3,2024-12-04,Renewal,4000
PAY003232,M03232,B04,P4,2024-12-04,Renewal,7500
PAY002720,M02720,B03,P1,12/04/2024,Renewal,1500
PAY000261,M00261,B01,P1,2024-12-04,Renewal,1500
PAY000203,M00203,B01,P1,2024-12-04,Renewal,1500
PAY003474,M03474,B04,P1,2024-12-04,Renewal,1500
PAY001273,M01273,B02,P1,2024-12-04,Renewal,1500
PAY000200,M00200,B01,P4,2024-12-04,Renewal,7500
PAY001274,M01274,B02,P3,2024-12-04,Renewal,4000
PAY003459,M03459,B04,P1,2024-12-04,Renewal,1500
PAY001509,M01509,B02,P2,2024-12-04,Renewal,1100
PAY004132,M04132,B05,P3,2024-12-04,Renewal,4000
PAY002598,M02598,B03,P1,12/04/2024,Renewal,1500
PAY004226,M04226,B05,P1,2024-12-04,Renewal,1500
PAY000372,M00372,B01,P1,2024-12-04,Renewal,1500
PAY001359,M01359,B02,P4,2024-12-04,Renewal,7500
PAY001372,M01372,B02,P1,2024-12-04,Renewal,1500
PAY000049,M00049,B01,P1,2024-12-04,Renewal,1500
PAY004238,M04238,B05,P1,2024-12-04,Renewal,1500
PAY004194,M04194,B05,P2,2024-12-04,Renewal,1100
PAY001486,M01486,B02,P3,2024-12-04,Renewal,4000
PAY001397,M01397,B02,P1,2024-12-04,Renewal,1500
PAY002659,M02659,B03,P1,12/04/2024,Renewal,1500
PAY001196,M01196,B02,P1,2024-12-04,Renewal,1500
PAY002664,M02664,B03,P1,12/04/2024,Renewal,1500
PAY001415,M01415,B02,P3,2024-12-04,Renewal,4000
PAY004125,M04125,B05,P1,2024-12-04,Renewal,1500
PAY001420,M01420,B02,P2,2024-12-04,Renewal,1100
PAY001384,M01384,B02,P1,2024-12-04,Renewal,1500
PAY002584,M02584,B03,P1,12/04/2024,Renewal,1500
PAY000104,M00104,B01,P1,2024-12-04,Renewal,1500
PAY003215,M03215,B04,P1,2024-12-04,Renewal,1500
PAY001232,M01232,B02,P1,2024-12-04,Renewal,1500
PAY002512,M02512,B03,P2,12/04/2024,Renewal,1100
PAY000029,M00029,B01,P1,2024-12-04,Renewal,1500
PAY001234,M01234,B02,P3,2024-12-04,Renewal,4000
PAY002559,M02559,B03,P1,12/04/2024,Renewal,1500
PAY000388,M00388,B01,P2,2024-12-04,Renewal,1100
PAY001284,M01284,B02,P1,2024-12-04,Renewal,1500
PAY001330,M01330,B02,P1,2024-12-04,Renewal,1500
PAY001527,M01527,B02,P3,2024-12-04,Renewal,4000
PAY001345,M01345,B02,P2,2024-12-05,Renewal,1100
PAY004169,M04169,B05,P1,2024-12-05,Renewal,1500
PAY003463,M03463,B04,P1,2024-12-05,Renewal,1500
PAY004327,M04327,B05,P1,2024-12-05,Renewal,1500
PAY002508,M02508,B03,P1,12/05/2024,Renewal,1500
PAY000069,M00069,B01,P1,2024-12-05,Renewal,1500
PAY002494,M02494,B03,P3,12/05/2024,Renewal,4000
PAY004149,M04149,B05,P1,2024-12-05,Renewal,1500
PAY001414,M01414,B02,P3,2024-12-05,Renewal,4000
PAY004310,M04310,B05,P1,2024-12-05,Renewal,1500
PAY000346,M00346,B01,P1,2024-12-05,Renewal,1500
PAY004178,M04178,B05,P1,2024-12-05,Renewal,1500
PAY004179,M04179,B05,P3,2024-12-05,Renewal,4000
PAY001644,M01644,B02,P2,2024-12-05,Renewal,1100
PAY001258,M01258,B02,P1,2024-12-05,Renewal,1500
PAY003418,M03418,B04,P2,2024-12-05,Renewal,1100
PAY001374,M01374,B02,P2,2024-12-05,Renewal,1100
PAY003480,M03480,B04,P1,2024-12-05,Renewal,1500
PAY000183,M00183,B01,P1,2024-12-05,Renewal,1500
PAY002593,M02593,B03,P2,12/05/2024,Renewal,1100
PAY000201,M00201,B01,P2,2024-12-05,Renewal,1100
PAY002563,M02563,B03,P1,12/05/2024,Renewal,1500
PAY003373,M03373,B04,P2,2024-12-05,Renewal,1100
PAY000338,M00338,B01,P1,2024-12-05,Renewal,1500
PAY000422,M00422,B01,P1,2024-12-05,Renewal,1500
PAY004175,M04175,B05,P3,2024-12-05,Renewal,4000
PAY000409,M00409,B01,P3,2024-12-05,Renewal,4000
PAY001580,M01580,B02,P1,2024-12-05,Renewal,1500
PAY003267,M03267,B04,P2,2024-12-05,Renewal,1100
PAY001546,M01546,B02,P1,2024-12-05,Renewal,1500
PAY004053,M04053,B05,P1,2024-12-05,Renewal,1500
PAY001579,M01579,B02,P1,2024-12-05,Renewal,1500
PAY004025,M04025,B05,P1,2024-12-05,Renewal,1500
PAY003244,M03244,B04,P2,2024-12-05,Renewal,1100
PAY003197,M03197,B04,P1,2024-12-05,Renewal,1500
PAY000430,M00430,B01,P2,2024-12-05,Renewal,1100
PAY003115,M03115,B04,P1,2024-12-05,Renewal,1500
PAY001495,M01495,B02,P1,2024-12-05,Renewal,1500
PAY004068,M04068,B05,P4,2024-12-05,Renewal,7500
PAY003190,M03190,B04,P3,2024-12-05,Renewal,4000
PAY000281,M00281,B01,P1,2024-12-05,Renewal,1500
PAY003997,M03997,B05,P1,2024-12-05,Renewal,1500
PAY004195,M04195,B05,P1,2024-12-06,Renewal,1500
PAY001512,M01512,B02,P2,2024-12-06,Renewal,1100
PAY004084,M04084,B05,P2,2024-12-06,Renewal,1100
PAY000032,M00032,B01,P1,2024-12-06,Renewal,1500
PAY004208,M04208,B05,P1,2024-12-06,Renewal,1500
PAY002572,M02572,B03,P1,12/06/2024,Renewal,1500
PAY000305,M00305,B01,P1,2024-12-06,Renewal,1500
PAY000046,M00046,B01,P3,2024-12-06,Renewal,4000
PAY003487,M03487,B04,P1,2024-12-06,Renewal,1500
PAY004277,M04277,B05,P2,2024-12-06,Renewal,1100
PAY003258,M03258,B04,P1,2024-12-06,Renewal,1500
PAY004059,M04059,B05,P3,2024-12-06,Renewal,4000
PAY002551,M02551,B03,P1,12/06/2024,Renewal,1500
PAY003246,M03246,B04,P2,2024-12-06,Renewal,1100
PAY001343,M01343,B02,P1,2024-12-06,Renewal,1500
PAY004126,M04126,B05,P1,2024-12-06,Renewal,1500
PAY002586,M02586,B03,P1,12/06/2024,Renewal,1500
PAY001564,M01564,B02,P3,2024-12-06,Renewal,4000
PAY000384,M00384,B01,P1,2024-12-06,Renewal,1500
PAY001573,M01573,B02,P1,2024-12-06,Renewal,1500
PAY001488,M01488,B02,P1,2024-12-06,Renewal,1500
PAY000236,M00236,B01,P3,2024-12-06,Renewal,4000
PAY003461,M03461,B04,P5,2024-12-06,Renewal,13500
PAY002681,M02681,B03,P1,12/06/2024,Renewal,1500
PAY000407,M00407,B01,P1,2024-12-06,Renewal,1500
PAY004320,M04320,B05,P2,2024-12-06,Renewal,1100
PAY000329,M00329,B01,P3,2024-12-06,Renewal,4000
PAY001603,M01603,B02,P2,2024-12-06,Renewal,1100
PAY002506,M02506,B03,P1,12/06/2024,Renewal,1500
PAY000111,M00111,B01,P3,2024-12-06,Renewal,4000
PAY004336,M04336,B05,P2,2024-12-06,Renewal,1100
PAY003204,M03204,B04,P1,2024-12-06,Renewal,1500
PAY004334,M04334,B05,P1,2024-12-06,Renewal,1500
PAY003118,M03118,B04,P1,2024-12-06,Renewal,1500
PAY001402,M01402,B02,P3,2024-12-06,Renewal,4000
PAY001632,M01632,B02,P1,2024-12-06,Renewal,1500
PAY001205,M01205,B02,P1,2024-12-06,Renewal,1500
PAY003314,M03314,B04,P4,2024-12-06,Renewal,7500
PAY001583,M01583,B02,P1,2024-12-06,Renewal,1500
PAY003220,M03220,B04,P4,2024-12-06,Renewal,7500
PAY000336,M00336,B01,P2,2024-12-06,Renewal,1100
PAY001625,M01625,B02,P2,2024-12-06,Renewal,1100
PAY000252,M00252,B01,P3,2024-12-07,Renewal,4000
PAY002523,M02523,B03,P1,12/07/2024,Renewal,1500
PAY003472,M03472,B04,P1,2024-12-07,Renewal,1500
PAY001517,M01517,B02,P1,2024-12-07,Renewal,1500
PAY003194,M03194,B04,P2,2024-12-07,Renewal,1100
PAY003417,M03417,B04,P3,2024-12-07,Renewal,4000
PAY003482,M03482,B04,P1,2024-12-07,Renewal,1500
PAY001265,M01265,B02,P1,2024-12-07,Renewal,1500
PAY004329,M04329,B05,P1,2024-12-07,Renewal,1500
PAY001553,M01553,B02,P3,2024-12-07,Renewal,4000
PAY002518,M02518,B03,P1,12/07/2024,Renewal,1500
PAY004044,M04044,B05,P1,2024-12-07,Renewal,1500
PAY000243,M00243,B01,P1,2024-12-07,Renewal,1500
PAY004350,M04350,B05,P5,2024-12-07,Renewal,13500
PAY001604,M01604,B02,P2,2024-12-07,Renewal,1100
PAY001419,M01419,B02,P2,2024-12-07,Renewal,1100
PAY003967,M03967,B05,P2,2024-12-07,Renewal,1100
PAY002698,M02698,B03,P2,12/07/2024,Renewal,1100
PAY003306,M03306,B04,P3,2024-12-07,Renewal,4000
PAY002657,M02657,B03,P1,12/07/2024,Renewal,1500
PAY003973,M03973,B05,P1,2024-12-07,Renewal,1500
PAY002653,M02653,B03,P1,12/07/2024,Renewal,1500
PAY004111,M04111,B05,P4,2024-12-07,Renewal,7500
PAY004022,M04022,B05,P1,2024-12-07,Renewal,1500
PAY002562,M02562,B03,P2,12/07/2024,Renewal,1100
PAY004095,M04095,B05,P1,2024-12-07,Renewal,1500
PAY003149,M03149,B04,P3,2024-12-07,Renewal,4000
PAY001646,M01646,B02,P1,2024-12-07,Renewal,1500
PAY001651,M01651,B02,P2,2024-12-07,Renewal,1100
PAY001373,M01373,B02,P3,2024-12-07,Renewal,4000
PAY001496,M01496,B02,P3,2024-12-07,Renewal,4000
PAY003170,M03170,B04,P3,2024-12-07,Renewal,4000
PAY000006,M00006,B01,P1,2024-12-07,Renewal,1500
PAY003361,M03361,B04,P1,2024-12-07,Renewal,1500
PAY002597,M02597,B03,P1,12/07/2024,Renewal,1500
PAY004073,M04073,B05,P1,2024-12-07,Renewal,1500
PAY003369,M03369,B04,P3,2024-12-07,Renewal,4000
PAY004377,M04377,B05,P2,2024-12-07,Renewal,1100
PAY003465,M03465,B04,P1,2024-12-08,Renewal,1500
PAY001608,M01608,B02,P1,2024-12-08,Renewal,1500
PAY002722,M02722,B03,P1,12/08/2024,Renewal,1500
PAY001256,M01256,B02,P2,2024-12-08,Renewal,1100
PAY001252,M01252,B02,P1,2024-12-08,Renewal,1500
PAY003489,M03489,B04,P1,2024-12-08,Renewal,1500
PAY000312,M00312,B01,P1,2024-12-08,Renewal,1500
PAY001411,M01411,B02,P1,2024-12-08,Renewal,1500
PAY001439,M01439,B02,P1,2024-12-08,Renewal,1500
PAY001426,M01426,B02,P1,2024-12-08,Renewal,1500
PAY000421,M00421,B01,P1,2024-12-08,Renewal,1500
PAY001295,M01295,B02,P1,2024-12-08,Renewal,1500
PAY001538,M01538,B02,P2,2024-12-08,Renewal,1100
PAY000133,M00133,B01,P3,2024-12-08,Renewal,4000
PAY002534,M02534,B03,P2,12/08/2024,Renewal,1100
PAY000290,M00290,B01,P1,2024-12-08,Renewal,1500
PAY003274,M03274,B04,P2,2024-12-08,Renewal,1100
PAY004281,M04281,B05,P1,2024-12-08,Renewal,1500
PAY003347,M03347,B04,P3,2024-12-08,Renewal,4000
PAY000296,M00296,B01,P1,2024-12-08,Renewal,1500
PAY002675,M02675,B03,P3,12/08/2024,Renewal,4000
PAY002612,M02612,B03,P3,12/08/2024,Renewal,4000
PAY000319,M00319,B01,P1,2024-12-08,Renewal,1500
PAY002615,M02615,B03,P2,12/08/2024,Renewal,1100
PAY002564,M02564,B03,P1,12/08/2024,Renewal,1500
PAY003391,M03391,B04,P1,2024-12-08,Renewal,1500
PAY000235,M00235,B01,P4,2024-12-08,Renewal,7500
PAY000397,M00397,B01,P2,2024-12-08,Renewal,1100
PAY003396,M03396,B04,P1,2024-12-08,Renewal,1500
PAY000140,M00140,B01,P3,2024-12-08,Renewal,4000
PAY003401,M03401,B04,P3,2024-12-08,Renewal,4000
PAY000352,M00352,B01,P2,2024-12-08,Renewal,1100
PAY003446,M03446,B04,P1,2024-12-08,Renewal,1500
PAY003442,M03442,B04,P1,2024-12-08,Renewal,1500
PAY004243,M04243,B05,P1,2024-12-08,Renewal,1500
PAY004201,M04201,B05,P2,2024-12-08,Renewal,1100
PAY004346,M04346,B05,P1,2024-12-08,Renewal,1500
PAY000028,M00028,B01,P1,2024-12-08,Renewal,1500
PAY004312,M04312,B05,P1,2024-12-08,Renewal,1500
PAY004143,M04143,B05,P1,2024-12-08,Renewal,1500
PAY004373,M04373,B05,P2,2024-12-08,Renewal,1100
PAY003415,M03415,B04,P1,2024-12-08,Renewal,1500
PAY002628,M02628,B03,P2,12/08/2024,Renewal,1100
PAY002507,M02507,B03,P1,12/08/2024,Renewal,1500
PAY000091,M00091,B01,P3,2024-12-08,Renewal,4000
PAY004168,M04168,B05,P1,2024-12-09,Renewal,1500
PAY003282,M03282,B04,P2,2024-12-09,Renewal,1100
PAY000145,M00145,B01,P2,2024-12-09,Renewal,1100
PAY000063,M00063,B01,P1,2024-12-09,Renewal,1500
PAY001449,M01449,B02,P1,2024-12-09,Renewal,1500
PAY001526,M01526,B02,P2,2024-12-09,Renewal,1100
PAY001524,M01524,B02,P3,2024-12-09,Renewal,4000
PAY000142,M00142,B01,P3,2024-12-09,Renewal,4000
PAY004210,M04210,B05,P4,2024-12-09,Renewal,7500
PAY001587,M01587,B02,P1,2024-12-09,Renewal,1500
PAY002652,M02652,B03,P2,12/09/2024,Renewal,1100
PAY004034,M04034,B05,P1,2024-12-09,Renewal,1500
PAY002618,M02618,B03,P1,12/09/2024,Renewal,1500
PAY000356,M00356,B01,P1,2024-12-09,Renewal,1500
PAY000247,M00247,B01,P1,2024-12-09,Renewal,1500
PAY001383,M01383,B02,P4,2024-12-09,Renewal,7500
PAY004196,M04196,B05,P3,2024-12-09,Renewal,4000
PAY003275,M03275,B04,P1,2024-12-09,Renewal,1500
PAY004358,M04358,B05,P1,2024-12-09,Renewal,1500
PAY001631,M01631,B02,P1,2024-12-09,Renewal,1500
PAY001181,M01181,B02,P1,2024-12-09,Renewal,1500
PAY004328,M04328,B05,P2,2024-12-09,Renewal,1100
PAY001271,M01271,B02,P1,2024-12-09,Renewal,1500
PAY000178,M00178,B01,P1,2024-12-09,Renewal,1500
PAY000180,M00180,B01,P1,2024-12-09,Renewal,1500
PAY000005,M00005,B01,P2,2024-12-09,Renewal,1100
PAY003133,M03133,B04,P2,2024-12-09,Renewal,1100
PAY000190,M00190,B01,P1,2024-12-09,Renewal,1500
PAY001436,M01436,B02,P1,2024-12-09,Renewal,1500
PAY004159,M04159,B05,P1,2024-12-09,Renewal,1500
PAY001317,M01317,B02,P1,2024-12-09,Renewal,1500
PAY001248,M01248,B02,P1,2024-12-09,Renewal,1500
PAY003238,M03238,B04,P1,2024-12-09,Renewal,1500
PAY002550,M02550,B03,P1,12/09/2024,Renewal,1500
PAY002668,M02668,B03,P1,12/09/2024,Renewal,1500
PAY004081,M04081,B05,P1,2024-12-09,Renewal,1500
PAY000386,M00386,B01,P1,2024-12-09,Renewal,1500
PAY002666,M02666,B03,P3,12/09/2024,Renewal,4000
PAY004156,M04156,B05,P1,2024-12-09,Renewal,1500
PAY001331,M01331,B02,P4,2024-12-09,Renewal,7500
PAY003179,M03179,B04,P2,2024-12-09,Renewal,1100
PAY002686,M02686,B03,P2,12/10/2024,Renewal,1100
PAY003186,M03186,B04,P3,2024-12-10,Renewal,4000
PAY004057,M04057,B05,P1,2024-12-10,Renewal,1500
PAY000301,M00301,B01,P1,2024-12-10,Renewal,1500
PAY004109,M04109,B05,P2,2024-12-10,Renewal,1100
PAY001385,M01385,B02,P1,2024-12-10,Renewal,1500
PAY001170,M01170,B02,P1,2024-12-10,Renewal,1500
PAY003111,M03111,B04,P1,2024-12-10,Renewal,1500
PAY001421,M01421,B02,P1,2024-12-10,Renewal,1500
PAY001459,M01459,B02,P1,2024-12-10,Renewal,1500
PAY004163,M04163,B05,P1,2024-12-10,Renewal,1500
PAY004229,M04229,B05,P1,2024-12-10,Renewal,1500
PAY001175,M01175,B02,P1,2024-12-10,Renewal,1500
PAY001245,M01245,B02,P1,2024-12-10,Renewal,1500
PAY001648,M01648,B02,P1,2024-12-10,Renewal,1500
PAY004276,M04276,B05,P1,2024-12-10,Renewal,1500
PAY000158,M00158,B01,P1,2024-12-10,Renewal,1500
PAY000217,M00217,B01,P1,2024-12-10,Renewal,1500
PAY003326,M03326,B04,P2,2024-12-10,Renewal,1100
PAY002624,M02624,B03,P1,12/10/2024,Renewal,1500
PAY001634,M01634,B02,P2,2024-12-10,Renewal,1100
PAY001335,M01335,B02,P1,2024-12-10,Renewal,1500
PAY004370,M04370,B05,P3,2024-12-10,Renewal,4000
PAY002531,M02531,B03,P1,12/10/2024,Renewal,1500
PAY004313,M04313,B05,P1,2024-12-10,Renewal,1500
PAY004353,M04353,B05,P2,2024-12-10,Renewal,1100
PAY003284,M03284,B04,P1,2024-12-10,Renewal,1500
PAY000041,M00041,B01,P1,2024-12-10,Renewal,1500
PAY004343,M04343,B05,P3,2024-12-10,Renewal,4000
PAY001222,M01222,B02,P1,2024-12-10,Renewal,1500
PAY001361,M01361,B02,P1,2024-12-10,Renewal,1500
PAY000047,M00047,B01,P2,2024-12-10,Renewal,1100
PAY003424,M03424,B04,P2,2024-12-10,Renewal,1100
PAY003988,M03988,B05,P1,2024-12-10,Renewal,1500
PAY000023,M00023,B01,P1,2024-12-10,Renewal,1500
PAY001279,M01279,B02,P1,2024-12-11,Renewal,1500
PAY002519,M02519,B03,P1,12/11/2024,Renewal,1500
PAY001277,M01277,B02,P1,2024-12-11,Renewal,1500
PAY004295,M04295,B05,P2,2024-12-11,Renewal,1100
PAY001290,M01290,B02,P3,2024-12-11,Renewal,4000
PAY001214,M01214,B02,P2,2024-12-11,Renewal,1100
PAY001185,M01185,B02,P1,2024-12-11,Renewal,1500
PAY001236,M01236,B02,P2,2024-12-11,Renewal,1100
PAY000385,M00385,B01,P2,2024-12-11,Renewal,1100
PAY001231,M01231,B02,P1,2024-12-11,Renewal,1500
PAY004248,M04248,B05,P4,2024-12-11,Renewal,7500
PAY004180,M04180,B05,P1,2024-12-11,Renewal,1500
PAY004185,M04185,B05,P1,2024-12-11,Renewal,1500
PAY002539,M02539,B03,P1,12/11/2024,Renewal,1500
PAY004150,M04150,B05,P1,2024-12-11,Renewal,1500
PAY004099,M04099,B05,P1,2024-12-11,Renewal,1500
PAY001462,M01462,B02,P4,2024-12-11,Renewal,7500
PAY001590,M01590,B02,P1,2024-12-11,Renewal,1500
PAY003292,M03292,B04,P5,2024-12-11,Renewal,13500
PAY001578,M01578,B02,P1,2024-12-11,Renewal,1500
PAY001627,M01627,B02,P1,2024-12-11,Renewal,1500
PAY001552,M01552,B02,P1,2024-12-11,Renewal,1500
PAY001647,M01647,B02,P1,2024-12-11,Renewal,1500
PAY000251,M00251,B01,P3,2024-12-11,Renewal,4000
PAY000213,M00213,B01,P1,2024-12-11,Renewal,1500
PAY004030,M04030,B05,P3,2024-12-11,Renewal,4000
PAY003203,M03203,B04,P3,2024-12-11,Renewal,4000
PAY003352,M03352,B04,P1,2024-12-11,Renewal,1500
PAY000233,M00233,B01,P3,2024-12-11,Renewal,4000
PAY003387,M03387,B04,P1,2024-12-11,Renewal,1500
PAY003183,M03183,B04,P2,2024-12-11,Renewal,1100
PAY002716,M02716,B03,P3,12/11/2024,Renewal,4000
PAY001458,M01458,B02,P1,2024-12-11,Renewal,1500
PAY001490,M01490,B02,P1,2024-12-11,Renewal,1500
PAY000163,M00163,B01,P1,2024-12-11,Renewal,1500
PAY001505,M01505,B02,P1,2024-12-11,Renewal,1500
PAY000182,M00182,B01,P5,2024-12-11,Renewal,13500
PAY003484,M03484,B04,P2,2024-12-11,Renewal,1100
PAY001491,M01491,B02,P1,2024-12-11,Renewal,1500
PAY003137,M03137,B04,P1,2024-12-11,Renewal,1500
PAY003394,M03394,B04,P1,2024-12-11,Renewal,1500
PAY003388,M03388,B04,P1,2024-12-11,Renewal,1500
PAY000282,M00282,B01,P3,2024-12-11,Renewal,4000
PAY000168,M00168,B01,P1,2024-12-11,Renewal,1500
PAY004347,M04347,B05,P1,2024-12-12,Renewal,1500
PAY003438,M03438,B04,P1,2024-12-12,Renewal,1500
PAY003308,M03308,B04,P1,2024-12-12,Renewal,1500
PAY001622,M01622,B02,P1,2024-12-12,Renewal,1500
PAY001233,M01233,B02,P1,2024-12-12,Renewal,1500
PAY004262,M04262,B05,P1,2024-12-12,Renewal,1500
PAY004345,M04345,B05,P1,2024-12-12,Renewal,1500
PAY001309,M01309,B02,P4,2024-12-12,Renewal,7500
PAY000159,M00159,B01,P1,2024-12-12,Renewal,1500
PAY000181,M00181,B01,P2,2024-12-12,Renewal,1100
PAY002504,M02504,B03,P1,12/12/2024,Renewal,1500
PAY000411,M00411,B01,P1,2024-12-12,Renewal,1500
PAY000007,M00007,B01,P1,2024-12-12,Renewal,1500
PAY000389,M00389,B01,P1,2024-12-12,Renewal,1500
PAY003354,M03354,B04,P4,2024-12-12,Renewal,7500
PAY001311,M01311,B02,P1,2024-12-12,Renewal,1500
PAY001254,M01254,B02,P3,2024-12-12,Renewal,4000
PAY001629,M01629,B02,P2,2024-12-12,Renewal,1100
PAY003380,M03380,B04,P3,2024-12-12,Renewal,4000
PAY003450,M03450,B04,P3,2024-12-12,Renewal,4000
PAY004217,M04217,B05,P1,2024-12-12,Renewal,1500
PAY004086,M04086,B05,P4,2024-12-12,Renewal,7500
PAY004070,M04070,B05,P3,2024-12-12,Renewal,4000
PAY002661,M02661,B03,P1,12/12/2024,Renewal,1500
PAY000335,M00335,B01,P1,2024-12-12,Renewal,1500
PAY001198,M01198,B02,P1,2024-12-12,Renewal,1500
PAY004056,M04056,B05,P4,2024-12-12,Renewal,7500
PAY001200,M01200,B02,P2,2024-12-12,Renewal,1100
PAY004167,M04167,B05,P2,2024-12-12,Renewal,1100
PAY000275,M00275,B01,P1,2024-12-12,Renewal,1500
PAY001537,M01537,B02,P2,2024-12-12,Renewal,1100
PAY004018,M04018,B05,P1,2024-12-12,Renewal,1500
PAY001489,M01489,B02,P2,2024-12-12,Renewal,1100
PAY000322,M00322,B01,P4,2024-12-12,Renewal,7500
PAY003145,M03145,B04,P1,2024-12-12,Renewal,1500
PAY001429,M01429,B02,P1,2024-12-12,Renewal,1500
PAY001595,M01595,B02,P1,2024-12-12,Renewal,1500
PAY001558,M01558,B02,P3,2024-12-12,Renewal,4000
PAY003452,M03452,B04,P1,2024-12-12,Renewal,1500
PAY000245,M00245,B01,P1,2024-12-12,Renewal,1500
PAY001571,M01571,B02,P1,2024-12-12,Renewal,1500
PAY001479,M01479,B02,P1,2024-12-12,Renewal,1500
PAY003986,M03986,B05,P1,2024-12-12,Renewal,1500
PAY003243,M03243,B04,P1,2024-12-12,Renewal,1500
PAY003262,M03262,B04,P1,2024-12-12,Renewal,1500
PAY001180,M01180,B02,P1,2024-12-12,Renewal,1500
PAY000366,M00366,B01,P1,2024-12-12,Renewal,1500
PAY003135,M03135,B04,P1,2024-12-13,Renewal,1500
PAY000401,M00401,B01,P1,2024-12-13,Renewal,1500
PAY003404,M03404,B04,P2,2024-12-13,Renewal,1100
PAY003151,M03151,B04,P1,2024-12-13,Renewal,1500
PAY003488,M03488,B04,P2,2024-12-13,Renewal,1100
PAY003473,M03473,B04,P1,2024-12-13,Renewal,1500
PAY000314,M00314,B01,P1,2024-12-13,Renewal,1500
PAY003370,M03370,B04,P2,2024-12-13,Renewal,1100
PAY001308,M01308,B02,P1,2024-12-13,Renewal,1500
PAY000373,M00373,B01,P5,2024-12-13,Renewal,13500
PAY000278,M00278,B01,P1,2024-12-13,Renewal,1500
PAY002545,M02545,B03,P3,12/13/2024,Renewal,4000
PAY001550,M01550,B02,P1,2024-12-13,Renewal,1500
PAY003330,M03330,B04,P1,2024-12-13,Renewal,1500
PAY003320,M03320,B04,P2,2024-12-13,Renewal,1100
PAY002554,M02554,B03,P2,12/13/2024,Renewal,1100
PAY000220,M00220,B01,P1,2024-12-13,Renewal,1500
PAY003303,M03303,B04,P1,2024-12-13,Renewal,1500
PAY001588,M01588,B02,P1,2024-12-13,Renewal,1500
PAY002589,M02589,B03,P1,12/13/2024,Renewal,1500
PAY000234,M00234,B01,P3,2024-12-13,Renewal,4000
PAY003163,M03163,B04,P1,2024-12-13,Renewal,1500
PAY001353,M01353,B02,P2,2024-12-13,Renewal,1100
PAY002489,M02489,B03,P1,12/13/2024,Renewal,1500
PAY004233,M04233,B05,P1,2024-12-13,Renewal,1500
PAY004040,M04040,B05,P2,2024-12-13,Renewal,1100
PAY004224,M04224,B05,P3,2024-12-13,Renewal,4000
PAY004293,M04293,B05,P1,2024-12-13,Renewal,1500
PAY000150,M00150,B01,P3,2024-12-13,Renewal,4000
PAY003989,M03989,B05,P1,2024-12-13,Renewal,1500
PAY001262,M01262,B02,P1,2024-12-13,Renewal,1500
PAY004272,M04272,B05,P2,2024-12-13,Renewal,1100
PAY001166,M01166,B02,P1,2024-12-13,Renewal,1500
PAY004122,M04122,B05,P2,2024-12-13,Renewal,1100
PAY004318,M04318,B05,P1,2024-12-13,Renewal,1500
PAY004317,M04317,B05,P1,2024-12-13,Renewal,1500
PAY004301,M04301,B05,P1,2024-12-13,Renewal,1500
PAY000141,M00141,B01,P1,2024-12-13,Renewal,1500
PAY004231,M04231,B05,P1,2024-12-13,Renewal,1500
PAY000360,M00360,B01,P1,2024-12-14,Renewal,1500
PAY000068,M00068,B01,P1,2024-12-14,Renewal,1500
PAY000334,M00334,B01,P3,2024-12-14,Renewal,4000
PAY004009,M04009,B05,P3,2024-12-14,Renewal,4000
PAY004008,M04008,B05,P1,2024-12-14,Renewal,1500
PAY003157,M03157,B04,P1,2024-12-14,Renewal,1500
PAY001599,M01599,B02,P1,2024-12-14,Renewal,1500
PAY004154,M04154,B05,P2,2024-12-14,Renewal,1100
PAY003261,M03261,B04,P3,2024-12-14,Renewal,4000
PAY004006,M04006,B05,P1,2024-12-14,Renewal,1500
PAY000403,M00403,B01,P4,2024-12-14,Renewal,7500
PAY004362,M04362,B05,P1,2024-12-14,Renewal,1500
PAY000126,M00126,B01,P2,2024-12-14,Renewal,1100
PAY001636,M01636,B02,P1,2024-12-14,Renewal,1500
PAY004003,M04003,B05,P3,2024-12-14,Renewal,4000
PAY004182,M04182,B05,P1,2024-12-14,Renewal,1500
PAY003139,M03139,B04,P1,2024-12-14,Renewal,1500
PAY001621,M01621,B02,P3,2024-12-14,Renewal,4000
PAY001323,M01323,B02,P1,2024-12-14,Renewal,1500
PAY003307,M03307,B04,P1,2024-12-14,Renewal,1500
PAY002714,M02714,B03,P1,12/14/2024,Renewal,1500
PAY000022,M00022,B01,P1,2024-12-14,Renewal,1500
PAY001275,M01275,B02,P1,2024-12-14,Renewal,1500
PAY004274,M04274,B05,P2,2024-12-14,Renewal,1100
PAY000230,M00230,B01,P1,2024-12-14,Renewal,1500
PAY003181,M03181,B04,P1,2024-12-14,Renewal,1500
PAY003272,M03272,B04,P2,2024-12-14,Renewal,1100
PAY003360,M03360,B04,P1,2024-12-14,Renewal,1500
PAY003355,M03355,B04,P2,2024-12-14,Renewal,1100
PAY002493,M02493,B03,P1,12/14/2024,Renewal,1500
PAY000003,M00003,B01,P2,2024-12-14,Renewal,1100
PAY001165,M01165,B02,P1,2024-12-14,Renewal,1500
PAY003402,M03402,B04,P1,2024-12-14,Renewal,1500
PAY002553,M02553,B03,P1,12/14/2024,Renewal,1500
PAY003987,M03987,B05,P2,2024-12-14,Renewal,1100
PAY001364,M01364,B02,P1,2024-12-14,Renewal,1500
PAY004042,M04042,B05,P2,2024-12-14,Renewal,1100
PAY002682,M02682,B03,P1,12/14/2024,Renewal,1500
PAY002571,M02571,B03,P1,12/14/2024,Renewal,1500
PAY001350,M01350,B02,P2,2024-12-14,Renewal,1100
PAY000272,M00272,B01,P1,2024-12-14,Renewal,1500
PAY000118,M00118,B01,P1,2024-12-14,Renewal,1500
PAY000378,M00378,B01,P4,2024-12-14,Renewal,7500
PAY000228,M00228,B01,P1,2024-12-14,Renewal,1500
PAY004244,M04244,B05,P1,2024-12-14,Renewal,1500
PAY004192,M04192,B05,P1,2024-12-14,Renewal,1500
PAY003269,M03269,B04,P3,2024-12-14,Renewal,4000
PAY001423,M01423,B02,P1,2024-12-14,Renewal,1500
PAY000416,M00416,B01,P3,2024-12-15,Renewal,4000
PAY001357,M01357,B02,P2,2024-12-15,Renewal,1100
PAY003223,M03223,B04,P2,2024-12-15,Renewal,1100
PAY004223,M04223,B05,P1,2024-12-15,Renewal,1500
PAY004297,M04297,B05,P1,2024-12-15,Renewal,1500
PAY003153,M03153,B04,P1,2024-12-15,Renewal,1500
PAY000038,M00038,B01,P1,2024-12-15,Renewal,1500
PAY000037,M00037,B01,P1,2024-12-15,Renewal,1500
PAY001563,M01563,B02,P5,2024-12-15,Renewal,13500
PAY003160,M03160,B04,P1,2024-12-15,Renewal,1500
PAY004027,M04027,B05,P4,2024-12-15,Renewal,7500
PAY001530,M01530,B02,P1,2024-12-15,Renewal,1500
PAY001487,M01487,B02,P3,2024-12-15,Renewal,4000
PAY004066,M04066,B05,P1,2024-12-15,Renewal,1500
PAY001433,M01433,B02,P1,2024-12-15,Renewal,1500
PAY003180,M03180,B04,P1,2024-12-15,Renewal,1500
PAY001626,M01626,B02,P1,2024-12-15,Renewal,1500
PAY003278,M03278,B04,P1,2024-12-15,Renewal,1500
PAY001454,M01454,B02,P2,2024-12-15,Renewal,1100
PAY000232,M00232,B01,P3,2024-12-15,Renewal,4000
PAY003453,M03453,B04,P1,2024-12-15,Renewal,1500
PAY003483,M03483,B04,P2,2024-12-15,Renewal,1100
PAY004369,M04369,B05,P1,2024-12-15,Renewal,1500
PAY004384,M04384,B05,P1,2024-12-15,Renewal,1500
PAY003316,M03316,B04,P1,2024-12-15,Renewal,1500
PAY001261,M01261,B02,P1,2024-12-15,Renewal,1500
PAY003312,M03312,B04,P3,2024-12-15,Renewal,4000
PAY000209,M00209,B01,P1,2024-12-15,Renewal,1500
PAY004367,M04367,B05,P1,2024-12-15,Renewal,1500
PAY000342,M00342,B01,P1,2024-12-15,Renewal,1500
PAY004326,M04326,B05,P1,2024-12-15,Renewal,1500
PAY004104,M04104,B05,P1,2024-12-15,Renewal,1500
PAY003298,M03298,B04,P4,2024-12-15,Renewal,7500
PAY003138,M03138,B04,P1,2024-12-15,Renewal,1500
PAY004096,M04096,B05,P1,2024-12-15,Renewal,1500
PAY000054,M00054,B01,P3,2024-12-15,Renewal,4000
PAY001269,M01269,B02,P1,2024-12-15,Renewal,1500
PAY004108,M04108,B05,P1,2024-12-15,Renewal,1500
PAY002637,M02637,B03,P1,12/15/2024,Renewal,1500
PAY002693,M02693,B03,P1,12/15/2024,Renewal,1500
PAY002495,M02495,B03,P4,12/15/2024,Renewal,7500
PAY000187,M00187,B01,P2,2024-12-15,Renewal,1100
PAY002633,M02633,B03,P1,12/15/2024,Renewal,1500
PAY001268,M01268,B02,P1,2024-12-15,Renewal,1500
PAY001425,M01425,B02,P2,2024-12-16,Renewal,1100
PAY000094,M00094,B01,P2,2024-12-16,Renewal,1100
PAY003362,M03362,B04,P3,2024-12-16,Renewal,4000
PAY003441,M03441,B04,P2,2024-12-16,Renewal,1100
PAY001472,M01472,B02,P1,2024-12-16,Renewal,1500
PAY003419,M03419,B04,P3,2024-12-16,Renewal,4000
PAY001536,M01536,B02,P2,2024-12-16,Renewal,1100
PAY003344,M03344,B04,P1,2024-12-16,Renewal,1500
PAY003166,M03166,B04,P1,2024-12-16,Renewal,1500
PAY004039,M04039,B05,P2,2024-12-16,Renewal,1100
PAY001255,M01255,B02,P1,2024-12-16,Renewal,1500
PAY002683,M02683,B03,P1,12/16/2024,Renewal,1500
PAY003188,M03188,B04,P2,2024-12-16,Renewal,1100
PAY001161,M01161,B02,P1,2024-12-16,Renewal,1500
PAY000084,M00084,B01,P1,2024-12-16,Renewal,1500
PAY000173,M00173,B01,P1,2024-12-16,Renewal,1500
PAY004013,M04013,B05,P2,2024-12-16,Renewal,1100
PAY000423,M00423,B01,P1,2024-12-16,Renewal,1500
PAY002709,M02709,B03,P2,12/16/2024,Renewal,1100
PAY000124,M00124,B01,P1,2024-12-16,Renewal,1500
PAY000097,M00097,B01,P1,2024-12-16,Renewal,1500
PAY000053,M00053,B01,P3,2024-12-16,Renewal,4000
PAY004361,M04361,B05,P1,2024-12-16,Renewal,1500
PAY000042,M00042,B01,P3,2024-12-16,Renewal,4000
PAY003299,M03299,B04,P3,2024-12-16,Renewal,4000
PAY003289,M03289,B04,P5,2024-12-16,Renewal,13500
PAY000419,M00419,B01,P3,2024-12-16,Renewal,4000
PAY003486,M03486,B04,P1,2024-12-16,Renewal,1500
PAY001226,M01226,B02,P1,2024-12-16,Renewal,1500
PAY003974,M03974,B05,P1,2024-12-16,Renewal,1500
PAY000040,M00040,B01,P1,2024-12-16,Renewal,1500
PAY000144,M00144,B01,P3,2024-12-16,Renewal,4000
PAY003273,M03273,B04,P1,2024-12-16,Renewal,1500
PAY001653,M01653,B02,P1,2024-12-17,Renewal,1500
PAY002688,M02688,B03,P2,12/17/2024,Renewal,1100
PAY002727,M02727,B03,P1,12/17/2024,Renewal,1500
PAY001638,M01638,B02,P1,2024-12-17,Renewal,1500
PAY000344,M00344,B01,P3,2024-12-17,Renewal,4000
PAY002603,M02603,B03,P2,12/17/2024,Renewal,1100
PAY000027,M00027,B01,P1,2024-12-17,Renewal,1500
PAY004378,M04378,B05,P2,2024-12-17,Renewal,1100
PAY004002,M04002,B05,P2,2024-12-17,Renewal,1100
PAY002567,M02567,B03,P1,12/17/2024,Renewal,1500
PAY001616,M01616,B02,P2,2024-12-17,Renewal,1100
PAY000310,M00310,B01,P1,2024-12-17,Renewal,1500
PAY001615,M01615,B02,P1,2024-12-17,Renewal,1500
PAY004033,M04033,B05,P2,2024-12-17,Renewal,1100
PAY004170,M04170,B05,P1,2024-12-17,Renewal,1500
PAY000211,M00211,B01,P1,2024-12-17,Renewal,1500
PAY004023,M04023,B05,P2,2024-12-17,Renewal,1100
PAY001562,M01562,B02,P4,2024-12-17,Renewal,7500
PAY001594,M01594,B02,P1,2024-12-17,Renewal,1500
PAY004148,M04148,B05,P2,2024-12-17,Renewal,1100
PAY003318,M03318,B04,P4,2024-12-17,Renewal,7500
PAY004072,M04072,B05,P1,2024-12-17,Renewal,1500
PAY003409,M03409,B04,P1,2024-12-17,Renewal,1500
PAY003471,M03471,B04,P1,2024-12-17,Renewal,1500
PAY002696,M02696,B03,P1,12/17/2024,Renewal,1500
PAY001349,M01349,B02,P2,2024-12-17,Renewal,1100
PAY001195,M01195,B02,P3,2024-12-17,Renewal,4000
PAY002500,M02500,B03,P3,12/17/2024,Renewal,4000
PAY001305,M01305,B02,P2,2024-12-17,Renewal,1100
PAY001412,M01412,B02,P3,2024-12-17,Renewal,4000
PAY003134,M03134,B04,P5,2024-12-17,Renewal,13500
PAY001280,M01280,B02,P1,2024-12-17,Renewal,1500
PAY000014,M00014,B01,P1,2024-12-17,Renewal,1500
PAY001410,M01410,B02,P3,2024-12-17,Renewal,4000
PAY003130,M03130,B04,P1,2024-12-17,Renewal,1500
PAY001406,M01406,B02,P2,2024-12-17,Renewal,1100
PAY000101,M00101,B01,P1,2024-12-17,Renewal,1500
PAY001645,M01645,B02,P1,2024-12-18,Renewal,1500
PAY001369,M01369,B02,P2,2024-12-18,Renewal,1100
PAY003147,M03147,B04,P1,2024-12-18,Renewal,1500
PAY002536,M02536,B03,P1,12/18/2024,Renewal,1500
PAY001371,M01371,B02,P2,2024-12-18,Renewal,1100
PAY000358,M00358,B01,P1,2024-12-18,Renewal,1500
PAY000075,M00075,B01,P2,2024-12-18,Renewal,1100
PAY004212,M04212,B05,P3,2024-12-18,Renewal,4000
PAY003251,M03251,B04,P1,2024-12-18,Renewal,1500
PAY001484,M01484,B02,P2,2024-12-18,Renewal,1100
PAY004264,M04264,B05,P1,2024-12-18,Renewal,1500
PAY004091,M04091,B05,P1,2024-12-18,Renewal,1500
PAY003995,M03995,B05,P1,2024-12-18,Renewal,1500
PAY000375,M00375,B01,P1,2024-12-18,Renewal,1500
PAY000191,M00191,B01,P1,2024-12-18,Renewal,1500
PAY004020,M04020,B05,P1,2024-12-18,Renewal,1500
PAY002530,M02530,B03,P1,12/18/2024,Renewal,1500
PAY004287,M04287,B05,P1,2024-12-18,Renewal,1500
PAY003214,M03214,B04,P1,2024-12-18,Renewal,1500
PAY002578,M02578,B03,P2,12/18/2024,Renewal,1100
PAY004082,M04082,B05,P1,2024-12-18,Renewal,1500
PAY004247,M04247,B05,P1,2024-12-18,Renewal,1500
PAY000085,M00085,B01,P1,2024-12-18,Renewal,1500
PAY003237,M03237,B04,P1,2024-12-18,Renewal,1500
PAY003392,M03392,B04,P2,2024-12-18,Renewal,1100
PAY003286,M03286,B04,P1,2024-12-18,Renewal,1500
PAY002499,M02499,B03,P2,12/18/2024,Renewal,1100
PAY001249,M01249,B02,P1,2024-12-18,Renewal,1500
PAY000149,M00149,B01,P1,2024-12-18,Renewal,1500
PAY001464,M01464,B02,P3,2024-12-18,Renewal,4000
PAY001178,M01178,B02,P1,2024-12-18,Renewal,1500
PAY004074,M04074,B05,P1,2024-12-18,Renewal,1500
PAY000202,M00202,B01,P2,2024-12-18,Renewal,1100
PAY002676,M02676,B03,P1,12/18/2024,Renewal,1500
PAY002537,M02537,B03,P1,12/18/2024,Renewal,1500
PAY004386,M04386,B05,P2,2024-12-18,Renewal,1100
PAY003128,M03128,B04,P1,2024-12-19,Renewal,1500
PAY000428,M00428,B01,P1,2024-12-19,Renewal,1500
PAY003485,M03485,B04,P1,2024-12-19,Renewal,1500
PAY000262,M00262,B01,P3,2024-12-19,Renewal,4000
PAY000287,M00287,B01,P4,2024-12-19,Renewal,7500
PAY003440,M03440,B04,P1,2024-12-19,Renewal,1500
PAY000170,M00170,B01,P1,2024-12-19,Renewal,1500
PAY004239,M04239,B05,P3,2024-12-19,Renewal,4000
PAY003478,M03478,B04,P1,2024-12-19,Renewal,1500
PAY001390,M01390,B02,P3,2024-12-19,Renewal,4000
PAY000265,M00265,B01,P4,2024-12-19,Renewal,7500
PAY000171,M00171,B01,P1,2024-12-19,Renewal,1500
PAY004153,M04153,B05,P2,2024-12-19,Renewal,1100
PAY002579,M02579,B03,P2,12/19/2024,Renewal,1100
PAY001543,M01543,B02,P2,2024-12-19,Renewal,1100
PAY004376,M04376,B05,P2,2024-12-19,Renewal,1100
PAY003311,M03311,B04,P4,2024-12-19,Renewal,7500
PAY000146,M00146,B01,P1,2024-12-19,Renewal,1500
PAY004203,M04203,B05,P1,2024-12-19,Renewal,1500
PAY002630,M02630,B03,P1,12/19/2024,Renewal,1500
PAY004098,M04098,B05,P3,2024-12-19,Renewal,4000
PAY003393,M03393,B04,P2,2024-12-19,Renewal,1100
PAY003277,M03277,B04,P3,2024-12-19,Renewal,4000
PAY002498,M02498,B03,P1,12/19/2024,Renewal,1500
PAY002642,M02642,B03,P1,12/19/2024,Renewal,1500
PAY004214,M04214,B05,P3,2024-12-19,Renewal,4000
PAY002610,M02610,B03,P1,12/19/2024,Renewal,1500
PAY000135,M00135,B01,P1,2024-12-19,Renewal,1500
PAY002644,M02644,B03,P1,12/19/2024,Renewal,1500
PAY002711,M02711,B03,P1,12/19/2024,Renewal,1500
PAY004315,M04315,B05,P3,2024-12-19,Renewal,4000
PAY003256,M03256,B04,P1,2024-12-19,Renewal,1500
PAY002649,M02649,B03,P2,12/19/2024,Renewal,1100
PAY004365,M04365,B05,P1,2024-12-19,Renewal,1500
PAY004221,M04221,B05,P2,2024-12-19,Renewal,1100
PAY004302,M04302,B05,P3,2024-12-19,Renewal,4000
PAY000062,M00062,B01,P1,2024-12-19,Renewal,1500
PAY001381,M01381,B02,P2,2024-12-19,Renewal,1100
PAY004284,M04284,B05,P1,2024-12-19,Renewal,1500
PAY003443,M03443,B04,P1,2024-12-19,Renewal,1500
PAY001160,M01160,B02,P1,2024-12-19,Renewal,1500
PAY002543,M02543,B03,P1,12/19/2024,Renewal,1500
PAY001513,M01513,B02,P1,2024-12-19,Renewal,1500
PAY004278,M04278,B05,P1,2024-12-19,Renewal,1500
PAY001183,M01183,B02,P1,2024-12-19,Renewal,1500
PAY002535,M02535,B03,P2,12/19/2024,Renewal,1100
PAY001168,M01168,B02,P1,2024-12-19,Renewal,1500
PAY003173,M03173,B04,P1,2024-12-19,Renewal,1500
PAY004270,M04270,B05,P3,2024-12-19,Renewal,4000
PAY004090,M04090,B05,P3,2024-12-20,Renewal,4000
PAY002595,M02595,B03,P2,12/20/2024,Renewal,1100
PAY004137,M04137,B05,P3,2024-12-20,Renewal,4000
PAY001388,M01388,B02,P3,2024-12-20,Renewal,4000
PAY000077,M00077,B01,P1,2024-12-20,Renewal,1500
PAY000317,M00317,B01,P1,2024-12-20,Renewal,1500
PAY004260,M04260,B05,P2,2024-12-20,Renewal,1100
PAY002544,M02544,B03,P3,12/20/2024,Renewal,4000
PAY000021,M00021,B01,P2,2024-12-20,Renewal,1100
PAY001387,M01387,B02,P1,2024-12-20,Renewal,1500
PAY003996,M03996,B05,P1,2024-12-20,Renewal,1500
PAY000016,M00016,B01,P1,2024-12-20,Renewal,1500
PAY004300,M04300,B05,P2,2024-12-20,Renewal,1100
PAY004055,M04055,B05,P1,2024-12-20,Renewal,1500
PAY003340,M03340,B04,P1,2024-12-20,Renewal,1500
PAY000410,M00410,B01,P1,2024-12-20,Renewal,1500
PAY000237,M00237,B01,P1,2024-12-20,Renewal,1500
PAY003416,M03416,B04,P1,2024-12-20,Renewal,1500
PAY001365,M01365,B02,P1,2024-12-20,Renewal,1500
PAY004356,M04356,B05,P1,2024-12-20,Renewal,1500
PAY003423,M03423,B04,P2,2024-12-20,Renewal,1100
PAY000351,M00351,B01,P1,2024-12-20,Renewal,1500
PAY000064,M00064,B01,P1,2024-12-20,Renewal,1500
PAY001514,M01514,B02,P1,2024-12-20,Renewal,1500
PAY002724,M02724,B03,P1,12/20/2024,Renewal,1500
PAY004021,M04021,B05,P1,2024-12-20,Renewal,1500
PAY001189,M01189,B02,P1,2024-12-20,Renewal,1500
PAY004340,M04340,B05,P2,2024-12-20,Renewal,1100
PAY001539,M01539,B02,P1,2024-12-20,Renewal,1500
PAY004379,M04379,B05,P1,2024-12-20,Renewal,1500
PAY001407,M01407,B02,P2,2024-12-20,Renewal,1100
PAY002609,M02609,B03,P2,12/21/2024,Renewal,1100
PAY000026,M00026,B01,P2,2024-12-21,Renewal,1100
PAY002492,M02492,B03,P2,12/21/2024,Renewal,1100
PAY003110,M03110,B04,P1,2024-12-21,Renewal,1500
PAY003381,M03381,B04,P3,2024-12-21,Renewal,4000
PAY001319,M01319,B02,P2,2024-12-21,Renewal,1100
PAY004283,M04283,B05,P1,2024-12-21,Renewal,1500
PAY001367,M01367,B02,P1,2024-12-21,Renewal,1500
PAY001438,M01438,B02,P2,2024-12-21,Renewal,1100
PAY003338,M03338,B04,P1,2024-12-21,Renewal,1500
PAY002658,M02658,B03,P2,12/21/2024,Renewal,1100
PAY001520,M01520,B02,P5,2024-12-21,Renewal,13500
PAY000318,M00318,B01,P1,2024-12-21,Renewal,1500
PAY004064,M04064,B05,P2,2024-12-21,Renewal,1100
PAY001171,M01171,B02,P1,2024-12-21,Renewal,1500
PAY003449,M03449,B04,P2,2024-12-21,Renewal,1100
PAY002558,M02558,B03,P1,12/21/2024,Renewal,1500
PAY004382,M04382,B05,P3,2024-12-21,Renewal,4000
PAY000313,M00313,B01,P4,2024-12-21,Renewal,7500
PAY001294,M01294,B02,P3,2024-12-21,Renewal,4000
PAY003345,M03345,B04,P1,2024-12-21,Renewal,1500
PAY001169,M01169,B02,P1,2024-12-21,Renewal,1500
PAY002713,M02713,B03,P1,12/21/2024,Renewal,1500
PAY000309,M00309,B01,P1,2024-12-21,Renewal,1500
PAY001342,M01342,B02,P2,2024-12-21,Renewal,1100
PAY000198,M00198,B01,P2,2024-12-21,Renewal,1100
PAY004157,M04157,B05,P1,2024-12-21,Renewal,1500
PAY002723,M02723,B03,P2,12/21/2024,Renewal,1100
PAY001442,M01442,B02,P1,2024-12-21,Renewal,1500
PAY001569,M01569,B02,P2,2024-12-21,Renewal,1100
PAY002671,M02671,B03,P1,12/21/2024,Renewal,1500
PAY001586,M01586,B02,P1,2024-12-21,Renewal,1500
PAY004146,M04146,B05,P1,2024-12-21,Renewal,1500
PAY000393,M00393,B01,P5,2024-12-21,Renewal,13500
PAY004355,M04355,B05,P1,2024-12-21,Renewal,1500
PAY004050,M04050,B05,P1,2024-12-21,Renewal,1500
PAY003323,M03323,B04,P2,2024-12-21,Renewal,1100
PAY004110,M04110,B05,P1,2024-12-22,Renewal,1500
PAY001572,M01572,B02,P1,2024-12-22,Renewal,1500
PAY003322,M03322,B04,P1,2024-12-22,Renewal,1500
PAY003993,M03993,B05,P2,2024-12-22,Renewal,1100
PAY001557,M01557,B02,P1,2024-12-22,Renewal,1500
PAY004121,M04121,B05,P1,2024-12-22,Renewal,1500
PAY003294,M03294,B04,P1,2024-12-22,Renewal,1500
PAY004088,M04088,B05,P2,2024-12-22,Renewal,1100
PAY004049,M04049,B05,P3,2024-12-22,Renewal,4000
PAY003377,M03377,B04,P1,2024-12-22,Renewal,1500
PAY004120,M04120,B05,P2,2024-12-22,Renewal,1100
PAY003468,M03468,B04,P2,2024-12-22,Renewal,1100
PAY004265,M04265,B05,P1,2024-12-22,Renewal,1500
PAY002574,M02574,B03,P2,12/22/2024,Renewal,1100
PAY003257,M03257,B04,P4,2024-12-22,Renewal,7500
PAY004219,M04219,B05,P3,2024-12-22,Renewal,4000
PAY004043,M04043,B05,P1,2024-12-22,Renewal,1500
PAY004187,M04187,B05,P2,2024-12-22,Renewal,1100
PAY001348,M01348,B02,P1,2024-12-22,Renewal,1500
PAY000289,M00289,B01,P1,2024-12-22,Renewal,1500
PAY003327,M03327,B04,P1,2024-12-22,Renewal,1500
PAY002582,M02582,B03,P1,12/22/2024,Renewal,1500
PAY001315,M01315,B02,P5,2024-12-22,Renewal,13500
PAY002560,M02560,B03,P3,12/22/2024,Renewal,4000
PAY003144,M03144,B04,P1,2024-12-22,Renewal,1500
PAY001446,M01446,B02,P1,2024-12-22,Renewal,1500
PAY000100,M00100,B01,P2,2024-12-22,Renewal,1100
PAY004134,M04134,B05,P1,2024-12-22,Renewal,1500
PAY002667,M02667,B03,P3,12/22/2024,Renewal,4000
PAY004005,M04005,B05,P1,2024-12-22,Renewal,1500
PAY003454,M03454,B04,P1,2024-12-22,Renewal,1500
PAY004305,M04305,B05,P2,2024-12-22,Renewal,1100
PAY001217,M01217,B02,P2,2024-12-22,Renewal,1100
PAY003297,M03297,B04,P2,2024-12-22,Renewal,1100
PAY001267,M01267,B02,P2,2024-12-22,Renewal,1100
PAY001468,M01468,B02,P1,2024-12-23,Renewal,1500
PAY003983,M03983,B05,P1,2024-12-23,Renewal,1500
PAY003287,M03287,B04,P1,2024-12-23,Renewal,1500
PAY002514,M02514,B03,P2,12/23/2024,Renewal,1100
PAY003263,M03263,B04,P1,2024-12-23,Renewal,1500
PAY000088,M00088,B01,P3,2024-12-23,Renewal,4000
PAY004142,M04142,B05,P1,2024-12-23,Renewal,1500
PAY000297,M00297,B01,P2,2024-12-23,Renewal,1100
PAY001534,M01534,B02,P1,2024-12-23,Renewal,1500
PAY004213,M04213,B05,P3,2024-12-23,Renewal,4000
PAY003353,M03353,B04,P5,2024-12-23,Renewal,13500
PAY002540,M02540,B03,P1,12/23/2024,Renewal,1500
PAY001540,M01540,B02,P2,2024-12-23,Renewal,1100
PAY001500,M01500,B02,P2,2024-12-23,Renewal,1100
PAY002645,M02645,B03,P3,12/23/2024,Renewal,4000
PAY004228,M04228,B05,P2,2024-12-23,Renewal,1100
PAY001506,M01506,B02,P4,2024-12-23,Renewal,7500
PAY002663,M02663,B03,P3,12/23/2024,Renewal,4000
PAY000323,M00323,B01,P2,2024-12-23,Renewal,1100
PAY000394,M00394,B01,P1,2024-12-23,Renewal,1500
PAY004292,M04292,B05,P1,2024-12-23,Renewal,1500
PAY001467,M01467,B02,P2,2024-12-23,Renewal,1100
PAY003178,M03178,B04,P1,2024-12-23,Renewal,1500
PAY004051,M04051,B05,P1,2024-12-23,Renewal,1500
PAY001577,M01577,B02,P4,2024-12-23,Renewal,7500
PAY004015,M04015,B05,P1,2024-12-23,Renewal,1500
PAY000164,M00164,B01,P1,2024-12-23,Renewal,1500
PAY003218,M03218,B04,P1,2024-12-23,Renewal,1500
PAY001403,M01403,B02,P1,2024-12-23,Renewal,1500
PAY003177,M03177,B04,P1,2024-12-23,Renewal,1500
PAY002655,M02655,B03,P1,12/23/2024,Renewal,1500
PAY003239,M03239,B04,P2,2024-12-23,Renewal,1100
PAY003356,M03356,B04,P1,2024-12-23,Renewal,1500
PAY003341,M03341,B04,P2,2024-12-23,Renewal,1100
PAY000240,M00240,B01,P1,2024-12-23,Renewal,1500
PAY003174,M03174,B04,P1,2024-12-23,Renewal,1500
PAY000105,M00105,B01,P3,2024-12-23,Renewal,4000
PAY000177,M00177,B01,P1,2024-12-23,Renewal,1500
PAY000303,M00303,B01,P2,2024-12-23,Renewal,1100
PAY001216,M01216,B02,P3,2024-12-23,Renewal,4000
PAY003339,M03339,B04,P1,2024-12-23,Renewal,1500
PAY001257,M01257,B02,P3,2024-12-23,Renewal,4000
PAY003405,M03405,B04,P2,2024-12-23,Renewal,1100
PAY000060,M00060,B01,P1,2024-12-23,Renewal,1500
PAY001545,M01545,B02,P5,2024-12-23,Renewal,13500
PAY002501,M02501,B03,P3,12/24/2024,Renewal,4000
PAY003342,M03342,B04,P1,2024-12-24,Renewal,1500
PAY004371,M04371,B05,P1,2024-12-24,Renewal,1500
PAY001328,M01328,B02,P1,2024-12-24,Renewal,1500
PAY003295,M03295,B04,P1,2024-12-24,Renewal,1500
PAY000349,M00349,B01,P1,2024-12-24,Renewal,1500
PAY003479,M03479,B04,P2,2024-12-24,Renewal,1100
PAY002650,M02650,B03,P1,12/24/2024,Renewal,1500
PAY000294,M00294,B01,P1,2024-12-24,Renewal,1500
PAY003439,M03439,B04,P1,2024-12-24,Renewal,1500
PAY000225,M00225,B01,P1,2024-12-24,Renewal,1500
PAY000058,M00058,B01,P2,2024-12-24,Renewal,1100
PAY004324,M04324,B05,P2,2024-12-24,Renewal,1100
PAY000117,M00117,B01,P1,2024-12-24,Renewal,1500
PAY004077,M04077,B05,P2,2024-12-24,Renewal,1100
PAY004093,M04093,B05,P2,2024-12-24,Renewal,1100
PAY001157,M01157,B02,P1,2024-12-24,Renewal,1500
PAY004079,M04079,B05,P1,2024-12-24,Renewal,1500
PAY003253,M03253,B04,P2,2024-12-24,Renewal,1100
PAY000131,M00131,B01,P2,2024-12-24,Renewal,1100
PAY004352,M04352,B05,P2,2024-12-24,Renewal,1100
PAY001614,M01614,B02,P1,2024-12-24,Renewal,1500
PAY001386,M01386,B02,P1,2024-12-24,Renewal,1500
PAY000300,M00300,B01,P1,2024-12-24,Renewal,1500
PAY003980,M03980,B05,P3,2024-12-24,Renewal,4000
PAY001591,M01591,B02,P3,2024-12-24,Renewal,4000
PAY002592,M02592,B03,P1,12/24/2024,Renewal,1500
PAY004011,M04011,B05,P4,2024-12-24,Renewal,7500
PAY004047,M04047,B05,P1,2024-12-24,Renewal,1500
PAY000030,M00030,B01,P1,2024-12-24,Renewal,1500
PAY002566,M02566,B03,P1,12/24/2024,Renewal,1500
PAY000271,M00271,B01,P1,2024-12-24,Renewal,1500
PAY001544,M01544,B02,P1,2024-12-24,Renewal,1500
PAY000031,M00031,B01,P1,2024-12-24,Renewal,1500
PAY004250,M04250,B05,P3,2024-12-24,Renewal,4000
PAY003231,M03231,B04,P1,2024-12-24,Renewal,1500
PAY003127,M03127,B04,P1,2024-12-24,Renewal,1500
PAY001375,M01375,B02,P1,2024-12-24,Renewal,1500
PAY000353,M00353,B01,P1,2024-12-24,Renewal,1500
PAY003969,M03969,B05,P1,2024-12-24,Renewal,1500
PAY000050,M00050,B01,P1,2024-12-24,Renewal,1500
PAY000076,M00076,B01,P1,2024-12-24,Renewal,1500
PAY001220,M01220,B02,P1,2024-12-24,Renewal,1500
PAY001362,M01362,B02,P1,2024-12-24,Renewal,1500
PAY004271,M04271,B05,P2,2024-12-24,Renewal,1100
PAY000286,M00286,B01,P1,2024-12-25,Renewal,1500
PAY003406,M03406,B04,P1,2024-12-25,Renewal,1500
PAY004171,M04171,B05,P2,2024-12-25,Renewal,1100
PAY001570,M01570,B02,P1,2024-12-25,Renewal,1500
PAY001322,M01322,B02,P1,2024-12-25,Renewal,1500
PAY000103,M00103,B01,P3,2024-12-25,Renewal,4000
PAY004263,M04263,B05,P1,2024-12-25,Renewal,1500
PAY000249,M00249,B01,P1,2024-12-25,Renewal,1500
PAY000221,M00221,B01,P1,2024-12-25,Renewal,1500
PAY004012,M04012,B05,P1,2024-12-25,Renewal,1500
PAY001430,M01430,B02,P4,2024-12-25,Renewal,7500
PAY001320,M01320,B02,P1,2024-12-25,Renewal,1500
PAY002522,M02522,B03,P2,12/25/2024,Renewal,1100
PAY002503,M02503,B03,P2,12/25/2024,Renewal,1100
PAY003132,M03132,B04,P1,2024-12-25,Renewal,1500
PAY003185,M03185,B04,P2,2024-12-25,Renewal,1100
PAY003313,M03313,B04,P1,2024-12-25,Renewal,1500
PAY003162,M03162,B04,P1,2024-12-25,Renewal,1500
PAY004291,M04291,B05,P4,2024-12-25,Renewal,7500
PAY000108,M00108,B01,P1,2024-12-25,Renewal,1500
PAY000056,M00056,B01,P2,2024-12-25,Renewal,1100
PAY004249,M04249,B05,P3,2024-12-25,Renewal,4000
PAY000268,M00268,B01,P1,2024-12-25,Renewal,1500
PAY004204,M04204,B05,P2,2024-12-25,Renewal,1100
PAY000341,M00341,B01,P2,2024-12-25,Renewal,1100
PAY000311,M00311,B01,P1,2024-12-25,Renewal,1500
PAY002533,M02533,B03,P1,12/25/2024,Renewal,1500
PAY001329,M01329,B02,P1,2024-12-25,Renewal,1500
PAY002580,M02580,B03,P3,12/25/2024,Renewal,4000
PAY002643,M02643,B03,P2,12/25/2024,Renewal,1100
PAY004085,M04085,B05,P5,2024-12-25,Renewal,13500
PAY002715,M02715,B03,P2,12/25/2024,Renewal,1100
PAY001235,M01235,B02,P3,2024-12-25,Renewal,4000
PAY000283,M00283,B01,P2,2024-12-25,Renewal,1100
PAY003285,M03285,B04,P2,2024-12-26,Renewal,1100
PAY004035,M04035,B05,P1,2024-12-26,Renewal,1500
PAY000051,M00051,B01,P1,2024-12-26,Renewal,1500
PAY001471,M01471,B02,P3,2024-12-26,Renewal,4000
PAY003397,M03397,B04,P1,2024-12-26,Renewal,1500
PAY000039,M00039,B01,P2,2024-12-26,Renewal,1100
PAY002565,M02565,B03,,12/26/2024,Renewal,1100
PAY003113,M03113,B04,P2,2024-12-26,Renewal,1100
PAY000302,M00302,B01,P1,2024-12-26,Renewal,1500
PAY000034,M00034,B01,P1,2024-12-26,Renewal,1500
PAY003458,M03458,B04,P1,2024-12-26,Renewal,1500
PAY002677,M02677,B03,P2,12/26/2024,Renewal,1100
PAY001281,M01281,B02,P3,2024-12-26,Renewal,4000
PAY001300,M01300,B02,P3,2024-12-26,Renewal,4000
PAY002662,M02662,B03,P3,12/26/2024,Renewal,4000
PAY000308,M00308,B01,P1,2024-12-26,Renewal,1500
PAY002509,M02509,B03,P3,12/26/2024,Renewal,4000
PAY000033,M00033,B01,P1,2024-12-26,Renewal,1500
PAY004071,M04071,B05,P2,2024-12-26,Renewal,1100
PAY000134,M00134,B01,P1,2024-12-26,Renewal,1500
PAY001336,M01336,B02,P2,2024-12-26,Renewal,1100
PAY001650,M01650,B02,P1,2024-12-26,Renewal,1500
PAY000413,M00413,B01,P1,2024-12-26,Renewal,1500
PAY003363,M03363,B04,P1,2024-12-26,Renewal,1500
PAY000044,M00044,B01,P1,2024-12-26,Renewal,1500
PAY001370,M01370,B02,P1,2024-12-26,Renewal,1500
PAY000008,M00008,B01,P2,2024-12-26,Renewal,1100
PAY004363,M04363,B05,P2,2024-12-26,Renewal,1100
PAY000207,M00207,B01,P1,2024-12-26,Renewal,1500
PAY004062,M04062,B05,P1,2024-12-26,Renewal,1500
PAY000073,M00073,B01,P1,2024-12-26,Renewal,1500
PAY001601,M01601,B02,P1,2024-12-26,Renewal,1500
PAY000066,M00066,B01,P1,2024-12-26,Renewal,1500
PAY001291,M01291,B02,P2,2024-12-26,Renewal,1100
PAY002684,M02684,B03,P1,12/26/2024,Renewal,1500
PAY001324,M01324,B02,P4,2024-12-26,Renewal,7500
PAY001607,M01607,B02,P2,2024-12-26,Renewal,1100
PAY004103,M04103,B05,P1,2024-12-26,Renewal,1500
PAY001461,M01461,B02,P1,2024-12-26,Renewal,1500
PAY003445,M03445,B04,P3,2024-12-26,Renewal,4000
PAY004001,M04001,B05,P2,2024-12-26,Renewal,1100
PAY003436,M03436,B04,P3,2024-12-27,Renewal,4000
PAY001264,M01264,B02,P1,2024-12-27,Renewal,1500
PAY004115,M04115,B05,P2,2024-12-27,Renewal,1100
PAY003343,M03343,B04,P1,2024-12-27,Renewal,1500
PAY003413,M03413,B04,P2,2024-12-27,Renewal,1100
PAY003367,M03367,B04,P2,2024-12-27,Renewal,1100
PAY001304,M01304,B02,P1,2024-12-27,Renewal,1500
PAY004216,M04216,B05,P1,2024-12-27,Renewal,1500
PAY001585,M01585,B02,P3,2024-12-27,Renewal,4000
PAY003195,M03195,B04,P2,2024-12-27,Renewal,1100
PAY000368,M00368,B01,P3,2024-12-27,Renewal,4000
PAY004240,M04240,B05,P1,2024-12-27,Renewal,1500
PAY002614,M02614,B03,P1,12/27/2024,Renewal,1500
PAY004054,M04054,B05,P2,2024-12-27,Renewal,1100
PAY004206,M04206,B05,P2,2024-12-27,Renewal,1100
PAY001424,M01424,B02,P1,2024-12-27,Renewal,1500
PAY000427,M00427,B01,P1,2024-12-27,Renewal,1500
PAY004344,M04344,B05,P2,2024-12-27,Renewal,1100
PAY001352,M01352,B02,P2,2024-12-27,Renewal,1100
PAY003290,M03290,B04,P1,2024-12-27,Renewal,1500
PAY004306,M04306,B05,P2,2024-12-27,Renewal,1100
PAY004354,M04354,B05,P2,2024-12-27,Renewal,1100
PAY002602,M02602,B03,P1,12/27/2024,Renewal,1500
PAY001485,M01485,B02,P2,2024-12-27,Renewal,1100
PAY001243,M01243,B02,P2,2024-12-27,Renewal,1100
PAY001481,M01481,B02,P4,2024-12-27,Renewal,7500
PAY004385,M04385,B05,P2,2024-12-27,Renewal,1100
PAY001208,M01208,B02,P1,2024-12-27,Renewal,1500
PAY001581,M01581,B02,P1,2024-12-27,Renewal,1500
PAY000153,M00153,B01,P1,2024-12-27,Renewal,1500
PAY000106,M00106,B01,P1,2024-12-27,Renewal,1500
PAY001469,M01469,B02,P1,2024-12-27,Renewal,1500
PAY003324,M03324,B04,P1,2024-12-27,Renewal,1500
PAY000156,M00156,B01,P3,2024-12-27,Renewal,4000
PAY003236,M03236,B04,P1,2024-12-27,Renewal,1500
PAY001598,M01598,B02,P2,2024-12-27,Renewal,1100
PAY001173,M01173,B02,P2,2024-12-27,Renewal,1100
PAY004078,M04078,B05,P3,2024-12-27,Renewal,4000
PAY001533,M01533,B02,P1,2024-12-27,Renewal,1500
PAY004014,M04014,B05,P1,2024-12-28,Renewal,1500
PAY001212,M01212,B02,P1,2024-12-28,Renewal,1500
PAY004038,M04038,B05,P2,2024-12-28,Renewal,1100
PAY004286,M04286,B05,P2,2024-12-28,Renewal,1100
PAY004261,M04261,B05,P1,2024-12-28,Renewal,1500
PAY001285,M01285,B02,P1,2024-12-28,Renewal,1500
PAY001431,M01431,B02,P1,2024-12-28,Renewal,1500
PAY001474,M01474,B02,P2,2024-12-28,Renewal,1100
PAY002697,M02697,B03,P1,12/28/2024,Renewal,1500
PAY001435,M01435,B02,P2,2024-12-28,Renewal,1100
PAY001437,M01437,B02,P1,2024-12-28,Renewal,1500
PAY001416,M01416,B02,P4,2024-12-28,Renewal,7500
PAY004065,M04065,B05,P1,2024-12-28,Renewal,1500
PAY004116,M04116,B05,P2,2024-12-28,Renewal,1100
PAY000288,M00288,B01,P3,2024-12-28,Renewal,4000
PAY002718,M02718,B03,P1,12/28/2024,Renewal,1500
PAY002622,M02622,B03,P3,12/28/2024,Renewal,4000
PAY004164,M04164,B05,P1,2024-12-28,Renewal,1500
PAY000165,M00165,B01,P2,2024-12-28,Renewal,1100
PAY002515,M02515,B03,P1,12/28/2024,Renewal,1500
PAY003976,M03976,B05,P1,2024-12-28,Renewal,1500
PAY000315,M00315,B01,P1,2024-12-28,Renewal,1500
PAY000390,M00390,B01,P2,2024-12-28,Renewal,1100
PAY003129,M03129,B04,P1,2024-12-28,Renewal,1500
PAY001642,M01642,B02,P1,2024-12-28,Renewal,1500
PAY001635,M01635,B02,P1,2024-12-28,Renewal,1500
PAY004966,M02588,B03,P2,12/28/2024,Renewal,1100
PAY000185,M00185,B01,P2,2024-12-28,Renewal,1100
PAY001655,M01655,B02,P1,2024-12-28,Renewal,1500
PAY001326,M01326,B02,P2,2024-12-28,Renewal,1100
PAY003131,M03131,B04,P1,2024-12-29,Renewal,1500
PAY000157,M00157,B01,P2,2024-12-29,Renewal,1100
PAY003175,M03175,B04,P1,2024-12-29,Renewal,1500
PAY000293,M00293,B01,P3,2024-12-29,Renewal,4000
PAY000224,M00224,B01,P3,2024-12-29,Renewal,4000
PAY003229,M03229,B04,P1,2024-12-29,Renewal,1500
PAY000280,M00280,B01,P1,2024-12-29,Renewal,1500
PAY000277,M00277,B01,P3,2024-12-29,Renewal,4000
PAY003112,M03112,B04,P1,2024-12-29,Renewal,1500
PAY000299,M00299,B01,P1,2024-12-29,Renewal,1500
PAY003248,M03248,B04,P1,2024-12-29,Renewal,1500
PAY000129,M00129,B01,P1,2024-12-29,Renewal,1500
PAY003304,M03304,B04,P2,2024-12-29,Renewal,1100
PAY003333,M03333,B04,P1,2024-12-29,Renewal,1500
PAY003374,M03374,B04,P2,2024-12-29,Renewal,1100
PAY002721,M02721,B03,P1,12/29/2024,Renewal,1500
PAY002541,M02541,B03,P2,12/29/2024,Renewal,1100
PAY001452,M01452,B02,P2,2024-12-29,Renewal,1100
PAY000387,M00387,B01,P2,2024-12-29,Renewal,1100
PAY001473,M01473,B02,P4,2024-12-29,Renewal,7500
PAY000072,M00072,B01,P1,2024-12-29,Renewal,1500
PAY001516,M01516,B02,P1,2024-12-29,Renewal,1500
PAY002568,M02568,B03,P1,12/29/2024,Renewal,1500
PAY001535,M01535,B02,P2,2024-12-29,Renewal,1100
PAY002573,M02573,B03,P1,12/29/2024,Renewal,1500
PAY004144,M04144,B05,P1,2024-12-29,Renewal,1500
PAY002577,M02577,B03,P3,12/29/2024,Renewal,4000
PAY004970,M03121,B04,P3,2024-12-29,Renewal,4000
PAY001567,M01567,B02,P1,2024-12-29,Renewal,1500
PAY003476,M03476,B04,P1,2024-12-29,Renewal,1500
PAY001605,M01605,B02,P1,2024-12-29,Renewal,1500
PAY000065,M00065,B01,P2,2024-12-29,Renewal,1100
PAY005021,M04319,B05,P4,2024-12-29,Renewal,7500
PAY001640,M01640,B02,P1,2024-12-29,Renewal,1500
PAY000365,M00365,B01,P4,2024-12-29,Renewal,7500
PAY000355,M00355,B01,P2,2024-12-29,Renewal,1100
PAY001554,M01554,B02,P3,2024-12-29,Renewal,4000
PAY003426,M03426,B04,P1,2024-12-29,Renewal,1500
PAY004960,M01478,B02,P1,2024-12-29,Renewal,1500
PAY002638,M02638,B03,P4,12/29/2024,Renewal,7500
PAY001314,M01314,B02,P3,2024-12-29,Renewal,4000
PAY000192,M00192,B01,P1,2024-12-29,Renewal,1500
PAY001253,M01253,B02,P3,2024-12-29,Renewal,4000
PAY004294,M04294,B05,P2,2024-12-29,Renewal,1100
PAY004339,M04339,B05,P1,2024-12-29,Renewal,1500
PAY003376,M03376,B04,P1,2024-12-29,Renewal,1500
PAY001409,M01409,B02,P1,2024-12-29,Renewal,1500
PAY003411,M03411,B04,P4,2024-12-29,Renewal,7500
PAY001188,M01188,B02,P1,2024-12-29,Renewal,1500
PAY001408,M01408,B02,P1,2024-12-29,Renewal,1500
PAY003240,M03240,B04,P1,2024-12-30,Renewal,1500
PAY002496,M02496,B03,P1,12/30/2024,Renewal,1500
PAY003994,M03994,B05,P1,2024-12-30,Renewal,1500
PAY002604,M02604,B03,P3,12/30/2024,Renewal,4000
PAY000415,M00415,B01,P1,2024-12-30,Renewal,1500
PAY001283,M01283,B02,P2,2024-12-30,Renewal,1100
PAY000354,M00354,B01,P1,2024-12-30,Renewal,1500
PAY004191,M04191,B05,P2,2024-12-30,Renewal,1100
PAY005000,M02605,B03,P2,12/30/2024,Renewal,1100
PAY002608,M02608,B03,P1,12/30/2024,Renewal,1500
PAY003971,M03971,B05,P2,2024-12-30,Renewal,1100
PAY002719,M02719,B03,P1,12/30/2024,Renewal,1500
PAY003970,M03970,B05,P1,2024-12-30,Renewal,1500
PAY004335,M04335,B05,P1,2024-12-30,Renewal,1500
PAY003254,M03254,B04,P3,2024-12-30,Renewal,4000
PAY000138,M00138,B01,P2,2024-12-30,Renewal,1100
PAY001432,M01432,B02,P1,2024-12-30,Renewal,1500
PAY001422,M01422,B02,P3,2024-12-30,Renewal,4000
PAY002548,M02548,B03,P1,12/30/2024,Renewal,1500
PAY001466,M01466,B02,P2,2024-12-30,Renewal,1100
PAY001391,M01391,B02,P2,2024-12-30,Renewal,1100
PAY003155,M03155,B04,P3,2024-12-30,Renewal,4000
PAY002557,M02557,B03,P1,12/30/2024,Renewal,1500
PAY004995,M01547,B02,P2,2024-12-30,Renewal,1100
PAY001209,M01209,B02,P2,2024-12-30,Renewal,1100
PAY001360,M01360,B02,P2,2024-12-30,Renewal,1100
PAY001223,M01223,B02,P2,2024-12-30,Renewal,1100
PAY004309,M04309,B05,P1,2024-12-30,Renewal,1500
PAY003140,M03140,B04,P3,2024-12-30,Renewal,4000
PAY000035,M00035,B01,P1,2024-12-30,Renewal,1500
PAY004101,M04101,B05,P2,2024-12-30,Renewal,1100
PAY005039,M01397,B02,P1,2024-12-30,Renewal,1500
PAY003230,M03230,B04,P2,2024-12-30,Renewal,1100
PAY005029,M00203,B01,P1,2024-12-30,Renewal,1500
PAY000376,M00376,B01,P1,2024-12-30,Renewal,1500
PAY000420,M00420,B01,P1,2024-12-30,Renewal,1500
PAY004375,M04375,B05,P1,2024-12-30,Renewal,1500
PAY000321,M00321,B01,P3,2024-12-30,Renewal,4000
PAY000086,M00086,B01,P1,2024-12-30,Renewal,1500
PAY003350,M03350,B04,P2,2024-12-30,Renewal,1100
PAY004119,M04119,B05,P1,2024-12-30,Renewal,1500
PAY004972,M03385,B04,P1,2024-12-30,Renewal,1500
PAY000226,M00226,B01,P1,2024-12-30,Renewal,1500
PAY004989,M01276,B02,P1,2024-12-30,Renewal,1500
PAY005017,M04151,B05,P2,2024-12-31,Renewal,1100
PAY001213,M01213,B02,P3,2024-12-31,Renewal,4000
PAY005022,M04332,B05,P2,2024-12-31,Renewal,1100
PAY005079,M04298,B05,P3,2024-12-31,Renewal,4000
PAY003228,M03228,B04,P3,2024-12-31,Renewal,4000
PAY005043,M02559,B03,P1,12/31/2024,Renewal,1500
PAY001575,M01575,B02,P3,2024-12-31,Renewal,4000
PAY002529,M02529,B03,P3,12/31/2024,Renewal,4000
PAY004100,M04100,B05,P3,2024-12-31,Renewal,4000
PAY000120,M00120,B01,P3,2024-12-31,Renewal,4000
PAY001444,M01444,B02,P3,2024-12-31,Renewal,4000
PAY004951,M00357,B01,P3,2024-12-31,Renewal,4000
PAY001453,M01453,B02,P3,2024-12-31,Renewal,4000
PAY001417,M01417,B02,P3,2024-12-31,Renewal,4000
PAY005050,M04139,B05,P3,2024-12-31,Renewal,4000
PAY000284,M00284,B01,P3,2024-12-31,Renewal,4000
PAY001511,M01511,B02,P3,2024-12-31,Renewal,4000
PAY004258,M04258,B05,P3,2024-12-31,Renewal,4000
PAY005071,M03373,B04,P5,2024-12-31,Renewal,13500
PAY005091,M01573,B02,P1,2025-01-01,Renewal,1500
PAY000431,M00431,B01,P1,2025-01-01,New,1500
PAY004387,M04387,B05,P1,2025-01-01,New,1500
PAY005023,M04338,B05,P1,2025-01-01,Renewal,1500
PAY004436,M04436,B05,P1,2025-01-01,New,1500
PAY005044,M02598,B03,P1,01/01/2025,Renewal,1500
PAY005056,M00270,B01,P3,2025-01-01,Renewal,4000
PAY005013,M04052,B05,P3,2025-01-01,Renewal,4000
PAY005055,M00201,B01,P2,2025-01-01,Renewal,1100
PAY000485,M00485,B01,P1,2025-01-01,New,1500
PAY004949,M00151,B01,P1,2025-01-01,Renewal,1500
PAY001676,M01676,B02,P2,2025-01-01,New,1100
PAY005106,M04320,B05,P2,2025-01-01,Renewal,1100
PAY001686,M01686,B02,P4,2025-01-01,New,7500
PAY001694,M01694,B02,P4,2025-01-01,New,7500
PAY003517,M03517,B04,P1,2025-01-01,New,1500
PAY003529,M03529,B04,P4,2025-01-02,New,7500
PAY002756,M02756,B03,P1,01/02/2025,New,1500
PAY004408,M04408,B05,P3,2025-01-02,New,4000
PAY005048,M03474,B04,P4,2025-01-02,Renewal,7500
PAY004980,M00127,B01,P1,2025-01-02,Renewal,1500
PAY005034,M01238,B02,P3,2025-01-02,Renewal,4000
PAY004971,M03280,B04,P3,2025-01-02,Renewal,4000
PAY002738,M02738,B03,P1,01/02/2025,New,1500
PAY005084,M00336,B01,P2,2025-01-02,Renewal,1100
PAY004961,M01503,B02,P1,2025-01-02,Renewal,1500
PAY005124,M03482,B04,P1,2025-01-02,Renewal,1500
PAY000465,M00465,B01,P5,2025-01-02,New,13500
PAY001682,M01682,B02,P2,2025-01-02,New,1100
PAY005088,M01205,B02,P1,2025-01-02,Renewal,1500
PAY003532,M03532,B04,P3,2025-01-02,New,4000
PAY001657,M01657,B02,P1,2025-01-02,New,1500
PAY005068,M03197,B04,P1,2025-01-02,Renewal,1500
PAY005078,M04181,B05,P5,2025-01-02,Renewal,13500
PAY005099,M03204,B04,P1,2025-01-02,Renewal,1500
PAY005001,M02692,B03,P2,01/02/2025,Renewal,1100
PAY004399,M04399,B05,P3,2025-01-02,New,4000
PAY001712,M01712,B02,P1,2025-01-02,New,1500
PAY005086,M00384,B01,P1,2025-01-03,Renewal,1500
PAY005066,M02508,B03,P1,01/03/2025,Renewal,1500
PAY005058,M00338,B01,P1,2025-01-03,Renewal,1500
PAY004964,M02527,B03,P2,01/03/2025,Renewal,1100
PAY005064,M01580,B02,P1,2025-01-03,Renewal,1500
PAY001685,M01685,B02,P1,2025-01-03,New,1500
PAY001668,M01668,B02,P1,2025-01-03,New,1500
PAY005116,M02523,B03,P1,01/03/2025,Renewal,1500
PAY005041,M01509,B02,P2,2025-01-03,Renewal,1100
PAY005002,M03156,B04,P2,2025-01-03,Renewal,1100
PAY003503,M03503,B04,P3,2025-01-03,New,4000
PAY003510,M03510,B04,P1,2025-01-03,New,1500
PAY005133,M00319,B01,P1,2025-01-03,Renewal,1500
PAY005015,M04138,B05,P1,2025-01-03,Renewal,1500
PAY000472,M00472,B01,P3,2025-01-03,New,4000
PAY004952,M00371,B01,P3,2025-01-03,Renewal,4000
PAY005094,M01632,B02,P1,2025-01-03,Renewal,1500
PAY005083,M00285,B01,P4,2025-01-03,Renewal,7500
PAY002748,M02748,B03,P5,01/03/2025,New,13500
PAY005024,M04364,B05,P1,2025-01-03,Renewal,1500
PAY004422,M04422,B05,P3,2025-01-03,New,4000
PAY001697,M01697,B02,P3,2025-01-03,New,4000
PAY001670,M01670,B02,P1,2025-01-03,New,1500
PAY001703,M01703,B02,P5,2025-01-03,New,13500
PAY005085,M00350,B01,P3,2025-01-04,Renewal,4000
PAY000469,M00469,B01,P1,2025-01-04,New,1500
PAY004959,M01443,B02,P3,2025-01-04,Renewal,4000
PAY000453,M00453,B01,P1,2025-01-04,New,1500
PAY005074,M03480,B04,P1,2025-01-04,Renewal,1500
PAY005072,M03389,B04,P3,2025-01-04,Renewal,4000
PAY000459,M00459,B01,P3,2025-01-04,New,4000
PAY005180,M02668,B03,P1,01/04/2025,Renewal,1500
PAY005117,M02653,B03,P4,01/04/2025,Renewal,7500
PAY003516,M03516,B04,P2,2025-01-04,New,1100
PAY005101,M03258,B04,P1,2025-01-04,Renewal,1500
PAY005130,M00290,B01,P1,2025-01-04,Renewal,1500
PAY005098,M03196,B04,P3,2025-01-04,Renewal,4000
PAY005136,M00421,B01,P2,2025-01-04,Renewal,1100
PAY005128,M04095,B05,P1,2025-01-04,Renewal,1500
PAY001662,M01662,B02,P3,2025-01-04,New,4000
PAY005025,M00024,B01,P5,2025-01-04,Renewal,13500
PAY005061,M01211,B02,P3,2025-01-04,Renewal,4000
PAY005036,M01284,B02,P1,2025-01-04,Renewal,1500
PAY004977,M04133,B05,P2,2025-01-04,Renewal,1100
PAY005170,M01317,B02,P1,2025-01-04,Renewal,1500
PAY005177,M02550,B03,,01/04/2025,Renewal,1500
PAY005004,M03217,B04,P4,2025-01-04,Renewal,7500
PAY002729,M02729,B03,P4,01/04/2025,New,7500
PAY001688,M01688,B02,P1,2025-01-04,New,1500
PAY003523,M03523,B04,P2,2025-01-04,New,1100
PAY000447,M00447,B01,P1,2025-01-04,New,1500
PAY005037,M01330,B02,P1,2025-01-04,Renewal,1500
PAY005189,M04081,B05,P1,2025-01-05,Renewal,1500
PAY005113,M01604,B02,P2,2025-01-05,Renewal,1100
PAY005192,M04168,B05,P1,2025-01-05,Renewal,1500
PAY005167,M01248,B02,P4,2025-01-05,Renewal,7500
PAY005139,M01256,B02,P2,2025-01-05,Renewal,1100
PAY004420,M04420,B05,P3,2025-01-05,New,4000
PAY005100,M03246,B04,P2,2025-01-05,Renewal,1100
PAY005195,M00023,B01,P1,2025-01-05,Renewal,1500
PAY001714,M01714,B02,P1,2025-01-05,New,1500
PAY004965,M02546,B03,P1,01/05/2025,Renewal,1500
PAY003491,M03491,B04,P3,2025-01-05,New,4000
PAY005018,M04211,B05,P1,2025-01-05,Renewal,1500
PAY005007,M03317,B04,P1,2025-01-05,Renewal,1500
PAY005005,M03250,B04,P2,2025-01-05,Renewal,1100
PAY004984,M00238,B01,P1,2025-01-05,Renewal,1500
PAY005040,M01420,B02,P2,2025-01-05,Renewal,1100
PAY005080,M04327,B05,P1,2025-01-05,Renewal,1500
PAY005159,M04373,B05,P2,2025-01-05,Renewal,1100
PAY005049,M04125,B05,P1,2025-01-05,Renewal,1500
PAY002750,M02750,B03,P3,01/05/2025,New,4000
PAY005060,M00430,B01,P2,2025-01-05,Renewal,1100
PAY004992,M01340,B02,P2,2025-01-05,Renewal,1100
PAY003527,M03527,B04,P1,2025-01-05,New,1500
PAY004998,M02583,B03,P2,01/05/2025,Renewal,1100
PAY004996,M01619,B02,P1,2025-01-05,Renewal,1500
PAY001672,M01672,B02,P3,2025-01-05,New,4000
PAY005016,M04145,B05,P3,2025-01-05,Renewal,4000
PAY003519,M03519,B04,P1,2025-01-06,New,1500
PAY005118,M02657,B03,P1,01/06/2025,Renewal,1500
PAY005125,M03973,B05,P1,2025-01-06,Renewal,1500
PAY005104,M04208,B05,P1,2025-01-06,Renewal,1500
PAY005173,M01555,B02,P3,2025-01-06,Renewal,4000
PAY001656,M01656,B02,P5,2025-01-06,New,13500
PAY005006,M03264,B04,P1,2025-01-06,Renewal,1500
PAY005009,M03364,B04,P1,2025-01-06,Renewal,1500
PAY005163,M00180,B01,P1,2025-01-06,Renewal,1500
PAY004954,M00381,B01,P1,2025-01-06,Renewal,1500
PAY005206,M01245,B02,P1,2025-01-06,Renewal,1500
PAY005138,M01252,B02,P1,2025-01-06,Renewal,1500
PAY003490,M03490,B04,P3,2025-01-06,New,4000
PAY004987,M01192,B02,P1,2025-01-06,Renewal,1500
PAY004974,M03432,B04,P1,2025-01-06,Renewal,1500
PAY004957,M01396,B02,P3,2025-01-06,Renewal,4000
PAY005042,M02512,B03,P2,01/06/2025,Renewal,1100
PAY005075,M03997,B05,P1,2025-01-06,Renewal,1500
PAY005073,M03418,B04,P2,2025-01-06,Renewal,1100
PAY005070,M03300,B04,P3,2025-01-06,Renewal,4000
PAY004967,M02607,B03,P2,01/06/2025,Renewal,1100
PAY005153,M03465,B04,P1,2025-01-06,Renewal,1500
PAY005237,M01214,B02,P5,2025-01-07,Renewal,13500
PAY005253,M03137,B04,P3,2025-01-07,Renewal,4000
PAY005197,M00047,B01,P2,2025-01-07,Renewal,1100
PAY005212,M01459,B02,P1,2025-01-07,Renewal,1500
PAY005183,M03238,B04,P1,2025-01-07,Renewal,1500
PAY005292,M03308,B04,P1,2025-01-07,Renewal,1500
PAY005245,M01491,B02,P1,2025-01-07,Renewal,1500
PAY005169,M01288,B02,P4,2025-01-07,Renewal,7500
PAY005239,M01236,B02,P2,2025-01-07,Renewal,1100
PAY005302,M04347,B05,P1,2025-01-07,Renewal,1500
PAY005211,M01421,B02,P1,2025-01-07,Renewal,1500
PAY005182,M03133,B04,P2,2025-01-07,Renewal,1100
PAY001716,M01716,B02,P1,2025-01-07,New,1500
PAY004975,M03451,B04,P4,2025-01-07,Renewal,7500
PAY005014,M04105,B05,P2,2025-01-07,Renewal,1100
PAY003536,M03536,B04,P3,2025-01-07,New,4000
PAY005143,M01426,B02,P1,2025-01-07,Renewal,1500
PAY005020,M04307,B05,P2,2025-01-07,Renewal,1100
PAY005157,M04281,B05,P1,2025-01-07,Renewal,1500
PAY005026,M00029,B01,P1,2025-01-07,Renewal,1500
PAY004413,M04413,B05,P1,2025-01-07,New,1500
PAY005092,M01583,B02,P4,2025-01-07,Renewal,7500
PAY005095,M02572,B03,P1,01/07/2025,Renewal,1500
PAY005096,M02586,B03,P1,01/07/2025,Renewal,1500
PAY000454,M00454,B01,P3,2025-01-07,New,4000
PAY005105,M04277,B05,P2,2025-01-07,Renewal,1100
PAY005103,M03487,B04,P1,2025-01-07,Renewal,1500
PAY005126,M04044,B05,P1,2025-01-07,Renewal,1500
PAY004969,M02689,B03,P2,01/07/2025,Renewal,1100
PAY004983,M00223,B01,P2,2025-01-07,Renewal,1100
PAY004396,M04396,B05,P5,2025-01-07,New,13500
PAY004997,M02516,B03,P4,01/07/2025,Renewal,7500
PAY001687,M01687,B02,P5,2025-01-07,New,13500
PAY004958,M01428,B02,P2,2025-01-07,Renewal,1100
PAY005248,M01578,B02,P1,2025-01-08,Renewal,1500
PAY005246,M01505,B02,P1,2025-01-08,Renewal,1500
PAY005011,M04007,B05,P1,2025-01-08,Renewal,1500
PAY004979,M04266,B05,P1,2025-01-08,Renewal,1500
PAY005299,M04217,B05,P1,2025-01-08,Renewal,1500
PAY005207,M01335,B02,P1,2025-01-08,Renewal,1500
PAY000440,M00440,B01,P4,2025-01-08,New,7500
PAY005228,M04229,B05,P1,2025-01-08,Renewal,1500
PAY003492,M03492,B04,P1,2025-01-08,New,1500
PAY004947,M00089,B01,P2,2025-01-08,Renewal,1100
PAY003524,M03524,B04,P1,2025-01-08,New,1500
PAY000452,M00452,B01,P1,2025-01-08,New,1500
PAY004985,M00330,B01,P3,2025-01-08,Renewal,4000
PAY003502,M03502,B04,P1,2025-01-08,New,1500
PAY004976,M03462,B04,P1,2025-01-08,Renewal,1500
PAY005187,M04075,B05,P3,2025-01-08,Renewal,4000
PAY000483,M00483,B01,P3,2025-01-08,New,4000
PAY004404,M04404,B05,P5,2025-01-08,New,13500
PAY005122,M03260,B04,P5,2025-01-08,Renewal,13500
PAY005179,M02647,B03,P3,01/08/2025,Renewal,4000
PAY004415,M04415,B05,P1,2025-01-08,New,1500
PAY004417,M04417,B05,P4,2025-01-08,New,7500
PAY001661,M01661,B02,P3,2025-01-08,New,4000
PAY001700,M01700,B02,P3,2025-01-08,New,4000
PAY005111,M01419,B02,P2,2025-01-08,Renewal,1100
PAY005109,M00243,B01,P1,2025-01-08,Renewal,1500
PAY005184,M03275,B04,P5,2025-01-08,Renewal,13500
PAY001717,M01717,B02,P5,2025-01-08,New,13500
PAY004981,M00143,B01,P1,2025-01-09,Renewal,1500
PAY005220,M03111,B04,P1,2025-01-09,Renewal,1500
PAY005360,M03307,B04,P1,2025-01-09,Renewal,1500
PAY000444,M00444,B01,P1,2025-01-09,New,1500
PAY005219,M02703,B03,P5,01/09/2025,Renewal,13500
PAY001705,M01705,B02,P3,2025-01-09,New,4000
PAY005261,M04016,B05,P3,2025-01-09,Renewal,4000
PAY002728,M02728,B03,P4,01/09/2025,New,7500
PAY005221,M03284,B04,P1,2025-01-09,Renewal,1500
PAY003545,M03545,B04,P5,2025-01-09,New,13500
PAY005285,M01595,B02,P4,2025-01-09,Renewal,7500
PAY005249,M01627,B02,P1,2025-01-09,Renewal,1500
PAY003495,M03495,B04,P5,2025-01-09,New,13500
PAY005233,M00213,B01,P1,2025-01-09,Renewal,1500
PAY005235,M00385,B01,P2,2025-01-09,Renewal,1100
PAY005290,M03243,B04,P1,2025-01-09,Renewal,1500
PAY004990,M01303,B02,P1,2025-01-09,Renewal,1500
PAY005300,M04262,B05,P1,2025-01-09,Renewal,1500
PAY005012,M04045,B05,P1,2025-01-09,Renewal,1500
PAY003534,M03534,B04,P3,2025-01-09,New,4000
PAY003513,M03513,B04,P1,2025-01-09,New,1500
PAY001659,M01659,B02,P4,2025-01-09,New,7500
PAY005297,M03998,B05,P3,2025-01-09,Renewal,4000
PAY003522,M03522,B04,P1,2025-01-09,New,1500
PAY005318,M01588,B02,P1,2025-01-09,Renewal,1500
PAY004999,M02600,B03,P2,01/09/2025,Renewal,1100
PAY004389,M04389,B05,P5,2025-01-09,New,13500
PAY005371,M04274,B05,P2,2025-01-09,Renewal,1100
PAY005338,M00003,B01,P2,2025-01-09,Renewal,1100
PAY005191,M04159,B05,P1,2025-01-09,Renewal,1500
PAY005336,M04259,B05,P3,2025-01-09,Renewal,4000
PAY004438,M04438,B05,P3,2025-01-09,New,4000
PAY005190,M04156,B05,P1,2025-01-09,Renewal,1500
PAY000456,M00456,B01,P3,2025-01-09,New,4000
PAY005194,M04358,B05,P1,2025-01-09,Renewal,1500
PAY005178,M02618,B03,P1,01/09/2025,Renewal,1500
PAY004963,M02513,B03,P4,01/09/2025,Renewal,7500
PAY004956,M01344,B02,P2,2025-01-09,Renewal,1100
PAY005175,M01587,B02,P1,2025-01-09,Renewal,1500
PAY005210,M01404,B02,P3,2025-01-09,Renewal,4000
PAY005131,M00296,B01,P1,2025-01-09,Renewal,1500
PAY005063,M01497,B02,P3,2025-01-09,Renewal,4000
PAY005209,M01385,B02,P1,2025-01-09,Renewal,1500
PAY005348,M01165,B02,P1,2025-01-09,Renewal,1500
PAY005140,M01266,B02,P1,2025-01-10,Renewal,1500
PAY005164,M00190,B01,P1,2025-01-10,Renewal,1500
PAY005369,M04192,B05,P1,2025-01-10,Renewal,1500
PAY005148,M02628,B03,P2,01/10/2025,Renewal,1100
PAY005077,M04169,B05,P1,2025-01-10,Renewal,1500
PAY000475,M00475,B01,P4,2025-01-10,New,7500
PAY005097,M02681,B03,P4,01/10/2025,Renewal,7500
PAY003515,M03515,B04,P1,2025-01-10,New,1500
PAY005247,M01552,B02,P1,2025-01-10,Renewal,1500
PAY004428,M04428,B05,P1,2025-01-10,New,1500
PAY000477,M00477,B01,P1,2025-01-10,New,1500
PAY005081,M00115,B01,P3,2025-01-10,Renewal,4000
PAY005186,M04034,B05,P1,2025-01-10,Renewal,1500
PAY005394,M03453,B04,P1,2025-01-10,Renewal,1500
PAY005142,M01411,B02,P1,2025-01-10,Renewal,1500
PAY005174,M01556,B02,P3,2025-01-10,Renewal,4000
PAY005076,M04025,B05,P1,2025-01-10,Renewal,1500
PAY001691,M01691,B02,P3,2025-01-10,New,4000
PAY000443,M00443,B01,P1,2025-01-10,New,1500
PAY005054,M00183,B01,P1,2025-01-10,Renewal,1500
PAY005218,M02686,B03,P3,01/10/2025,Renewal,4000
PAY005324,M03135,B04,P1,2025-01-10,Renewal,1500
PAY005226,M04109,B05,P2,2025-01-10,Renewal,1100
PAY004962,M01560,B02,P2,2025-01-10,Renewal,1100
PAY005223,M03424,B04,P2,2025-01-10,Renewal,1100
PAY004955,M01259,B02,P1,2025-01-10,Renewal,1500
PAY004948,M00112,B01,P2,2025-01-10,Renewal,1100
PAY005057,M00281,B01,P1,2025-01-10,Renewal,1500
PAY003494,M03494,B04,P3,2025-01-10,New,4000
PAY005313,M01353,B02,P2,2025-01-10,Renewal,1100
PAY005368,M04182,B05,P1,2025-01-10,Renewal,1500
PAY005027,M00049,B01,P1,2025-01-10,Renewal,1500
PAY005067,M02563,B03,P5,01/10/2025,Renewal,13500
PAY005273,M00279,B01,P4,2025-01-11,Renewal,7500
PAY005354,M02576,B03,P3,01/11/2025,Renewal,4000
PAY005123,M03472,B04,P1,2025-01-11,Renewal,1500
PAY005062,M01258,B02,P1,2025-01-11,Renewal,1500
PAY001690,M01690,B02,P1,2025-01-11,New,1500
PAY005108,M00006,B01,P1,2025-01-11,Renewal,1500
PAY005398,M04104,B05,P1,2025-01-11,Renewal,1500
PAY001680,M01680,B02,P1,2025-01-11,New,1500
PAY005271,M00245,B01,P1,2025-01-11,Renewal,1500
PAY005328,M03330,B04,P1,2025-01-11,Renewal,1500
PAY000466,M00466,B01,P3,2025-01-11,New,4000
PAY002743,M02743,B03,P5,01/11/2025,New,13500
PAY000445,M00445,B01,P4,2025-01-11,New,7500
PAY005301,M04345,B05,P1,2025-01-11,Renewal,1500
PAY002746,M02746,B03,P1,01/11/2025,New,1500
PAY005395,M03483,B04,P2,2025-01-11,Renewal,1100
PAY005388,M03153,B04,P1,2025-01-11,Renewal,1500
PAY005344,M00228,B01,P2,2025-01-11,Renewal,1100
PAY005145,M01608,B02,P1,2025-01-11,Renewal,1500
PAY005045,M02664,B03,P2,01/11/2025,Renewal,1100
PAY005307,M00258,B01,P2,2025-01-11,Renewal,1100
PAY005337,M04272,B05,P2,2025-01-11,Renewal,1100
PAY005031,M01196,B02,P1,2025-01-11,Renewal,1500
PAY005150,M03336,B04,P4,2025-01-11,Renewal,7500
PAY001673,M01673,B02,P4,2025-01-11,New,7500
PAY005149,M03274,B04,P2,2025-01-11,Renewal,1100
PAY005361,M03355,B04,P2,2025-01-11,Renewal,1100
PAY003535,M03535,B04,P2,2025-01-11,New,1100
PAY003505,M03505,B04,P1,2025-01-11,New,1500
PAY004946,M00009,B01,P2,2025-01-11,Renewal,1100
PAY005421,M03184,B04,P3,2025-01-11,Renewal,4000
PAY004973,M03428,B04,P1,2025-01-11,Renewal,1500
PAY003496,M03496,B04,P5,2025-01-11,New,13500
PAY003499,M03499,B04,P4,2025-01-11,New,7500
PAY005193,M04328,B05,P2,2025-01-11,Renewal,1100
PAY005403,M04369,B05,P1,2025-01-11,Renewal,1500
PAY004978,M04199,B05,P1,2025-01-11,Renewal,1500
PAY005244,M01490,B02,P1,2025-01-12,Renewal,1500
PAY005069,M03244,B04,P1,2025-01-12,Renewal,1500
PAY004986,M00345,B01,P5,2025-01-12,Renewal,13500
PAY005242,M01458,B02,P1,2025-01-12,Renewal,1500
PAY005019,M04299,B05,P3,2025-01-12,Renewal,4000
PAY000473,M00473,B01,P5,2025-01-12,New,13500
PAY005200,M00152,B01,P3,2025-01-12,Renewal,4000
PAY001693,M01693,B02,P1,2025-01-12,New,1500
PAY005030,M00372,B01,P1,2025-01-12,Renewal,1500
PAY001660,M01660,B02,P3,2025-01-12,New,4000
PAY005033,M01232,B02,P1,2025-01-12,Renewal,1500
PAY005038,M01372,B02,P1,2025-01-12,Renewal,1500
PAY005215,M02520,B03,P3,01/12/2025,Renewal,4000
PAY005366,M04042,B05,P3,2025-01-12,Renewal,4000
PAY005046,M02720,B03,P1,01/12/2025,Renewal,1500
PAY005316,M01541,B02,P3,2025-01-12,Renewal,4000
PAY005229,M04313,B05,P1,2025-01-12,Renewal,1500
PAY005365,M04008,B05,P1,2025-01-12,Renewal,1500
PAY005303,M00141,B01,P1,2025-01-12,Renewal,1500
PAY005236,M01185,B02,P1,2025-01-12,Renewal,1500
PAY005230,M04353,B05,P2,2025-01-12,Renewal,1100
PAY000476,M00476,B01,P1,2025-01-12,New,1500
PAY005399,M04108,B05,P1,2025-01-12,Renewal,1500
PAY005135,M00397,B01,P2,2025-01-12,Renewal,1100
PAY004409,M04409,B05,P3,2025-01-12,New,4000
PAY005420,M02683,B03,,01/12/2025,Renewal,4000
PAY005090,M01488,B02,P1,2025-01-12,Renewal,1500
PAY005286,M01622,B02,P1,2025-01-12,Renewal,1500
PAY000489,M00489,B01,P1,2025-01-12,New,1500
PAY005351,M02488,B03,P4,01/12/2025,Renewal,7500
PAY005353,M02571,B03,P3,01/12/2025,Renewal,4000
PAY005264,M04183,B05,P3,2025-01-12,Renewal,4000
PAY005185,M03282,B04,P2,2025-01-12,Renewal,1100
PAY005472,M02536,B03,P1,01/13/2025,Renewal,1500
PAY004982,M00216,B01,P2,2025-01-13,Renewal,1100
PAY005162,M00178,B01,P1,2025-01-13,Renewal,1500
PAY005225,M04057,B05,P1,2025-01-13,Renewal,1500
PAY005052,M04381,B05,P3,2025-01-13,Renewal,4000
PAY005127,M04073,B05,P1,2025-01-13,Renewal,1500
PAY005102,M03321,B04,P3,2025-01-13,Renewal,4000
PAY000451,M00451,B01,P4,2025-01-13,New,7500
PAY005115,M02518,B03,,01/13/2025,Renewal,1500
PAY004390,M04390,B05,P1,2025-01-13,New,1500
PAY004968,M02635,B03,P1,01/13/2025,Renewal,1500
PAY005419,M02599,B03,P5,01/13/2025,Renewal,13500
PAY005350,M01636,B02,P1,2025-01-13,Renewal,1500
PAY004950,M00291,B01,P3,2025-01-13,Renewal,4000
PAY005449,M03337,B04,P3,2025-01-13,Renewal,4000
PAY005386,M01626,B02,P1,2025-01-13,Renewal,1500
PAY005147,M02615,B03,P2,01/13/2025,Renewal,1100
PAY004433,M04433,B05,P2,2025-01-13,New,1100
PAY005445,M02727,B03,P1,01/13/2025,Renewal,1500
PAY005481,M03309,B04,P3,2025-01-13,Renewal,4000
PAY005065,M01644,B02,P2,2025-01-13,Renewal,1100
PAY000460,M00460,B01,P4,2025-01-13,New,7500
PAY005332,M03488,B04,P2,2025-01-13,Renewal,1100
PAY005465,M01369,B02,P2,2025-01-13,Renewal,1100
PAY005141,M01295,B02,P3,2025-01-13,Renewal,4000
PAY005372,M04351,B05,P3,2025-01-13,Renewal,4000
PAY005396,M03992,B05,P4,2025-01-13,Renewal,7500
PAY005382,M01454,B02,P1,2025-01-13,Renewal,1500
PAY005437,M01594,B02,P1,2025-01-13,Renewal,1500
PAY000462,M00462,B01,P2,2025-01-13,New,1100
PAY004953,M00374,B01,P4,2025-01-13,Renewal,7500
PAY005256,M03387,B04,P1,2025-01-13,Renewal,1500
PAY005154,M04143,B05,P1,2025-01-13,Renewal,1500
PAY005243,M01475,B02,P5,2025-01-13,Renewal,13500
PAY004991,M01337,B02,P1,2025-01-13,Renewal,1500
PAY005295,M03452,B04,P1,2025-01-13,Renewal,1500
PAY005276,M00411,B01,P1,2025-01-13,Renewal,1500
PAY001713,M01713,B02,P1,2025-01-13,New,1500
PAY001719,M01719,B02,P2,2025-01-13,New,1100
PAY002752,M02752,B03,P4,01/13/2025,New,7500
PAY005155,M04201,B05,P2,2025-01-13,Renewal,1100
PAY005305,M00212,B01,P5,2025-01-13,Renewal,13500
PAY005258,M03394,B04,P1,2025-01-13,Renewal,1500
PAY005254,M03183,B04,P2,2025-01-13,Renewal,1100
PAY005289,M03145,B04,P1,2025-01-14,Renewal,1500
PAY005480,M03286,B04,P1,2025-01-14,Renewal,1500
PAY000441,M00441,B01,P3,2025-01-14,New,4000
PAY003541,M03541,B04,P1,2025-01-14,New,1500
PAY005003,M03182,B04,P1,2025-01-14,Renewal,1500
PAY005008,M03357,B04,P3,2025-01-14,Renewal,4000
PAY004993,M01356,B02,P1,2025-01-14,Renewal,1500
PAY004425,M04425,B05,P3,2025-01-14,New,4000
PAY005051,M04226,B05,P1,2025-01-14,Renewal,1500
PAY005409,M00173,B01,P1,2025-01-14,Renewal,1500
PAY005196,M00041,B01,P1,2025-01-14,Renewal,1500
PAY005430,M00101,B01,P1,2025-01-14,Renewal,1500
PAY002740,M02740,B03,P5,01/14/2025,New,13500
PAY005282,M01489,B02,P2,2025-01-14,Renewal,1100
PAY005172,M01526,B02,P2,2025-01-14,Renewal,1100
PAY004994,M01499,B02,P1,2025-01-14,Renewal,1500
PAY005511,M03128,B04,P1,2025-01-14,Renewal,1500
PAY005504,M02579,B03,P2,01/14/2025,Renewal,1100
PAY005416,M01425,B02,P2,2025-01-14,Renewal,1100
PAY005107,M04334,B05,P1,2025-01-14,Renewal,1500
PAY005411,M01161,B02,P1,2025-01-14,Renewal,1500
PAY005356,M03139,B04,P3,2025-01-14,Renewal,4000
PAY005112,M01517,B02,P1,2025-01-14,Renewal,1500
PAY004421,M04421,B05,P3,2025-01-14,New,4000
PAY005463,M00375,B01,P1,2025-01-14,Renewal,1500
PAY005110,M01265,B02,P1,2025-01-14,Renewal,1500
PAY005322,M02613,B03,P3,01/14/2025,Renewal,4000
PAY005032,M01201,B02,P3,2025-01-14,Renewal,4000
PAY005320,M02489,B03,P1,01/14/2025,Renewal,1500
PAY005227,M04163,B05,P1,2025-01-14,Renewal,1500
PAY005217,M02624,B03,P2,01/14/2025,Renewal,1100
PAY005035,M01273,B02,P1,2025-01-14,Renewal,1500
PAY005325,M03151,B04,P1,2025-01-14,Renewal,1500
PAY005010,M03433,B04,P1,2025-01-14,Renewal,1500
PAY005053,M00069,B01,P1,2025-01-14,Renewal,1500
PAY004988,M01221,B02,P1,2025-01-14,Renewal,1500
PAY005047,M03459,B04,P1,2025-01-14,Renewal,1500
PAY005309,M00401,B01,P5,2025-01-14,Renewal,13500
PAY005326,M03163,B04,P3,2025-01-14,Renewal,4000
PAY003500,M03500,B04,P5,2025-01-14,New,13500
PAY005523,M04365,B05,P1,2025-01-15,Renewal,1500
PAY005349,M01423,B02,P1,2025-01-15,Renewal,1500
PAY000434,M00434,B01,P3,2025-01-15,New,4000
PAY005151,M03396,B04,P1,2025-01-15,Renewal,1500
PAY005280,M01429,B02,P1,2025-01-15,Renewal,1500
PAY005441,M02567,B03,P1,01/15/2025,Renewal,1500
PAY005224,M03988,B05,P1,2025-01-15,Renewal,1500
PAY001684,M01684,B02,P1,2025-01-15,New,1500
PAY005500,M01543,B02,P2,2025-01-15,Renewal,1100
PAY005121,M03194,B04,P2,2025-01-15,Renewal,1100
PAY005497,M01168,B02,P1,2025-01-15,Renewal,1500
PAY001702,M01702,B02,P1,2025-01-15,New,1500
PAY005314,M01441,B02,P3,2025-01-15,Renewal,4000
PAY005487,M04264,B05,P1,2025-01-15,Renewal,1500
PAY004407,M04407,B05,P5,2025-01-15,New,13500
PAY005214,M01648,B02,P1,2025-01-15,Renewal,1500
PAY004410,M04410,B05,P1,2025-01-15,New,1500
PAY005444,M02696,B03,P1,01/15/2025,Renewal,1500
PAY005460,M00149,B01,P1,2025-01-15,Renewal,1500
PAY005457,M04253,B05,P3,2025-01-15,Renewal,4000
PAY003525,M03525,B04,P4,2025-01-15,New,7500
PAY005089,M01343,B02,P1,2025-01-15,Renewal,1500
PAY003504,M03504,B04,P5,2025-01-15,New,13500
PAY005362,M03360,B04,P1,2025-01-15,Renewal,1500
PAY005028,M00104,B01,P5,2025-01-15,Renewal,13500
PAY005082,M00263,B01,P3,2025-01-15,Renewal,4000
PAY005306,M00220,B01,P4,2025-01-15,Renewal,7500
PAY003544,M03544,B04,P5,2025-01-15,New,13500
PAY005241,M01279,B02,P1,2025-01-15,Renewal,1500
PAY005146,M02507,B03,P1,01/15/2025,Renewal,1500
PAY005467,M01576,B02,P1,2025-01-15,Renewal,1500
PAY005213,M01634,B02,P2,2025-01-15,Renewal,1100
PAY005568,M02594,B03,P3,01/16/2025,Renewal,4000
PAY005564,M01442,B02,P3,2025-01-16,Renewal,4000
PAY005364,M04006,B05,P1,2025-01-16,Renewal,1500
PAY005266,M04295,B05,P2,2025-01-16,Renewal,1100
PAY005268,M00087,B01,P4,2025-01-16,Renewal,7500
PAY005393,M03302,B04,P3,2025-01-16,Renewal,4000
PAY005567,M01611,B02,P3,2025-01-16,Renewal,4000
PAY005414,M01278,B02,P4,2025-01-16,Renewal,7500
PAY005274,M00366,B01,P4,2025-01-16,Renewal,7500
PAY005380,M01269,B02,P1,2025-01-16,Renewal,1500
PAY005473,M02537,B03,P1,01/16/2025,Renewal,1500
PAY005377,M00209,B01,P1,2025-01-16,Renewal,1500
PAY005308,M00278,B01,P3,2025-01-16,Renewal,4000
PAY005452,M04072,B05,P1,2025-01-16,Renewal,1500
PAY005410,M00423,B01,P1,2025-01-16,Renewal,1500
PAY005232,M00168,B01,P1,2025-01-16,Renewal,1500
PAY005363,M03987,B05,P5,2025-01-16,Renewal,13500
PAY002730,M02730,B03,P2,01/16/2025,New,1100
PAY005093,M01603,B02,P5,2025-01-16,Renewal,13500
PAY001675,M01675,B02,P3,2025-01-16,New,4000
PAY005284,M01571,B02,P1,2025-01-16,Renewal,1500
PAY003543,M03543,B04,P3,2025-01-16,New,4000
PAY005059,M00422,B01,P1,2025-01-16,Renewal,1500
PAY005433,M01305,B02,P2,2025-01-16,Renewal,1100
PAY005428,M04361,B05,P3,2025-01-16,Renewal,4000
PAY005555,M00340,B01,P3,2025-01-16,Renewal,4000
PAY005275,M00389,B01,P1,2025-01-16,Renewal,1500
PAY000435,M00435,B01,P4,2025-01-16,New,7500
PAY004416,M04416,B05,P3,2025-01-16,New,4000
PAY004401,M04401,B05,P3,2025-01-16,New,4000
PAY005539,M03226,B04,P3,2025-01-16,Renewal,4000
PAY005168,M01271,B02,P1,2025-01-16,Renewal,1500
PAY005129,M04329,B05,P1,2025-01-16,Renewal,1500
PAY004430,M04430,B05,P4,2025-01-16,New,7500
PAY005379,M01268,B02,P1,2025-01-17,Renewal,1500
PAY005468,M01633,B02,P3,2025-01-17,Renewal,4000
PAY005418,M01536,B02,P2,2025-01-17,Renewal,1100
PAY005374,M00017,B01,P3,2025-01-17,Renewal,4000
PAY005407,M00097,B01,P1,2025-01-17,Renewal,1500
PAY005257,M03388,B04,P1,2025-01-17,Renewal,1500
PAY005315,M01498,B02,P3,2025-01-17,Renewal,4000
PAY005120,M02706,B03,P2,01/17/2025,Renewal,1100
PAY005119,M02698,B03,P2,01/17/2025,Renewal,1100
PAY005312,M01308,B02,P1,2025-01-17,Renewal,1500
PAY004418,M04418,B05,P3,2025-01-17,New,4000
PAY005087,M00407,B01,P1,2025-01-17,Renewal,1500
PAY005327,M03320,B04,P2,2025-01-17,Renewal,1100
PAY005562,M01368,B02,P3,2025-01-17,Renewal,4000
PAY005310,M01166,B02,P1,2025-01-17,Renewal,1500
PAY005263,M04150,B05,P1,2025-01-17,Renewal,1500
PAY005298,M04018,B05,P1,2025-01-17,Renewal,1500
PAY005556,M01156,B02,P4,2025-01-17,Renewal,7500
PAY005340,M00022,B01,P1,2025-01-17,Renewal,1500
PAY000478,M00478,B01,P1,2025-01-17,New,1500
PAY005203,M01175,B02,P1,2025-01-17,Renewal,1500
PAY005512,M03173,B04,P1,2025-01-17,Renewal,1500
PAY001709,M01709,B02,P1,2025-01-17,New,1500
PAY005588,M00193,B01,P3,2025-01-17,Renewal,4000
PAY005510,M02711,B03,P1,01/17/2025,Renewal,1500
PAY005501,M02498,B03,P1,01/17/2025,Renewal,1500
PAY005181,M02694,B03,P3,01/17/2025,Renewal,4000
PAY003526,M03526,B04,P1,2025-01-17,New,1500
PAY003507,M03507,B04,P3,2025-01-17,New,4000
PAY005505,M02610,B03,P1,01/17/2025,Renewal,1500
PAY003506,M03506,B04,P1,2025-01-17,New,1500
PAY003530,M03530,B04,P2,2025-01-17,New,1100
PAY005508,M02642,B03,P1,01/17/2025,Renewal,1500
PAY005166,M01181,B02,P1,2025-01-17,Renewal,1500
PAY005283,M01537,B02,P2,2025-01-17,Renewal,1100
PAY005598,M02574,B03,P2,01/18/2025,Renewal,1100
PAY005553,M00309,B01,P1,2025-01-18,Renewal,1500
PAY002736,M02736,B03,P2,01/18/2025,New,1100
PAY005459,M00085,B01,P1,2025-01-18,Renewal,1500
PAY005619,M00297,B01,P2,2025-01-18,Renewal,1100
PAY001677,M01677,B02,P4,2025-01-18,New,7500
PAY005569,M02609,B03,P2,01/18/2025,Renewal,1100
PAY005134,M00352,B01,P2,2025-01-18,Renewal,1100
PAY005483,M04020,B05,P1,2025-01-18,Renewal,1500
PAY005222,M03326,B04,P2,2025-01-18,Renewal,1100
PAY005482,M03392,B04,P2,2025-01-18,Renewal,1100
PAY005114,M01646,B02,P1,2025-01-18,Renewal,1500
PAY005400,M04297,B05,P1,2025-01-18,Renewal,1500
PAY002745,M02745,B03,P5,01/18/2025,New,13500
PAY005590,M00380,B01,P5,2025-01-18,Renewal,13500
PAY005585,M04146,B05,P1,2025-01-18,Renewal,1500
PAY005339,M00004,B01,P3,2025-01-18,Renewal,4000
PAY005579,M03323,B04,P2,2025-01-18,Renewal,1100
PAY005161,M00145,B01,P2,2025-01-18,Renewal,1100
PAY005525,M00016,B01,P1,2025-01-18,Renewal,1500
PAY005488,M04287,B05,P1,2025-01-18,Renewal,1500
PAY005493,M00171,B01,P1,2025-01-18,Renewal,1500
PAY005176,M01631,B02,P1,2025-01-18,Renewal,1500
PAY003528,M03528,B04,P3,2025-01-18,New,4000
PAY005287,M01629,B02,P2,2025-01-18,Renewal,1100
PAY005432,M01280,B02,P1,2025-01-18,Renewal,1500
PAY005405,M00040,B01,P5,2025-01-18,Renewal,13500
PAY005188,M04076,B05,P3,2025-01-18,Renewal,4000
PAY005517,M03478,B04,P1,2025-01-18,Renewal,1500
PAY005291,M03262,B04,P1,2025-01-18,Renewal,1500
PAY005521,M04278,B05,P1,2025-01-18,Renewal,1500
PAY005436,M01551,B02,P4,2025-01-18,Renewal,7500
PAY005453,M04148,B05,P2,2025-01-18,Renewal,1100
PAY005238,M01231,B02,P1,2025-01-18,Renewal,1500
PAY005199,M00090,B01,P3,2025-01-18,Renewal,4000
PAY005265,M04185,B05,P1,2025-01-18,Renewal,1500
PAY005485,M04207,B05,P3,2025-01-18,Renewal,4000
PAY005536,M01610,B02,P3,2025-01-18,Renewal,4000
PAY005540,M03340,B04,P1,2025-01-18,Renewal,1500
PAY001710,M01710,B02,P1,2025-01-18,New,1500
PAY004419,M04419,B05,P4,2025-01-18,New,7500
PAY002749,M02749,B03,P3,01/18/2025,New,4000
PAY005260,M03484,B04,P1,2025-01-18,Renewal,1500
PAY005296,M03985,B05,P3,2025-01-19,Renewal,4000
PAY005250,M01647,B02,P1,2025-01-19,Renewal,1500
PAY005664,M03969,B05,P1,2025-01-19,Renewal,1500
PAY005606,M03454,B04,P1,2025-01-19,Renewal,1500
PAY005160,M00063,B01,P1,2025-01-19,Renewal,1500
PAY005622,M01193,B02,P3,2025-01-19,Renewal,4000
PAY000439,M00439,B01,P2,2025-01-19,New,1100
PAY005158,M04312,B05,P1,2025-01-19,Renewal,1500
PAY005156,M04243,B05,P1,2025-01-19,Renewal,1500
PAY005152,M03442,B04,P1,2025-01-19,Renewal,1500
PAY005277,M01199,B02,P4,2025-01-19,Renewal,7500
PAY005270,M00181,B01,P2,2025-01-19,Renewal,1100
PAY005479,M03251,B04,P1,2025-01-19,Renewal,1500
PAY005630,M03154,B04,P3,2025-01-19,Renewal,4000
PAY005384,M01530,B02,P1,2025-01-19,Renewal,1500
PAY005165,M00356,B01,P1,2025-01-19,Renewal,1500
PAY005347,M00360,B01,P1,2025-01-19,Renewal,1500
PAY005198,M00071,B01,P3,2025-01-19,Renewal,4000
PAY005533,M01493,B02,P3,2025-01-19,Renewal,4000
PAY004426,M04426,B05,P2,2025-01-19,New,1100
PAY005343,M00126,B01,P3,2025-01-19,Renewal,4000
PAY005408,M00124,B01,P1,2025-01-19,Renewal,1500
PAY005205,M01222,B02,P1,2025-01-19,Renewal,1500
PAY005144,M01439,B02,P3,2025-01-19,Renewal,4000
PAY005547,M04356,B05,P1,2025-01-19,Renewal,1500
PAY005402,M04367,B05,P1,2025-01-19,Renewal,1500
PAY005552,M00198,B01,P2,2025-01-19,Renewal,1100
PAY005279,M01311,B02,P3,2025-01-19,Renewal,4000
PAY005581,M03345,B04,P1,2025-01-19,Renewal,1500
PAY004437,M04437,B05,P3,2025-01-19,New,4000
PAY001707,M01707,B02,P1,2025-01-19,New,1500
PAY005666,M04047,B05,P4,2025-01-19,Renewal,7500
PAY005132,M00312,B01,P1,2025-01-19,Renewal,1500
PAY005231,M00163,B01,P1,2025-01-19,Renewal,1500
PAY005137,M01184,B02,P3,2025-01-19,Renewal,4000
PAY003540,M03540,B04,P5,2025-01-20,New,13500
PAY005370,M04244,B05,P5,2025-01-20,Renewal,13500
PAY005208,M01361,B02,P4,2025-01-20,Renewal,7500
PAY003538,M03538,B04,P1,2025-01-20,New,1500
PAY000450,M00450,B01,P5,2025-01-20,New,13500
PAY003533,M03533,B04,P2,2025-01-20,New,1100
PAY005171,M01449,B02,P1,2025-01-20,Renewal,1500
PAY003501,M03501,B04,P4,2025-01-20,New,7500
PAY002737,M02737,B03,P4,01/20/2025,New,7500
PAY005367,M04154,B05,P2,2025-01-20,Renewal,1100
PAY005234,M00328,B01,P3,2025-01-20,Renewal,4000
PAY005201,M00158,B01,P1,2025-01-20,Renewal,1500
PAY005358,M03181,B04,P3,2025-01-20,Renewal,4000
PAY000442,M00442,B01,P1,2025-01-20,New,1500
PAY005204,M01203,B02,P4,2025-01-20,Renewal,7500
PAY002732,M02732,B03,P4,01/20/2025,New,7500
PAY005255,M03352,B04,P1,2025-01-20,Renewal,1500
PAY001663,M01663,B02,P4,2025-01-20,New,7500
PAY001683,M01683,B02,P3,2025-01-20,New,4000
PAY001708,M01708,B02,P4,2025-01-20,New,7500
PAY005269,M00159,B01,P1,2025-01-20,Renewal,1500
PAY005240,M01277,B02,P1,2025-01-20,Renewal,1500
PAY005202,M00217,B01,P1,2025-01-20,Renewal,1500
PAY004439,M04439,B05,P3,2025-01-20,New,4000
PAY005610,M04004,B05,P4,2025-01-20,Renewal,7500
PAY005317,M01550,B02,P1,2025-01-20,Renewal,1500
PAY005607,M03467,B04,P3,2025-01-20,Renewal,4000
PAY005477,M03169,B04,P3,2025-01-20,Renewal,4000
PAY005319,M01637,B02,P4,2025-01-20,Renewal,7500
PAY005461,M00191,B01,P2,2025-01-20,Renewal,1100
PAY005451,M04033,B05,P2,2025-01-20,Renewal,1100
PAY005447,M03315,B04,P4,2025-01-20,Renewal,7500
PAY005544,M04260,B05,P2,2025-01-20,Renewal,1100
PAY005543,M04055,B05,P1,2025-01-20,Renewal,1500
PAY004427,M04427,B05,P1,2025-01-20,New,1500
PAY004423,M04423,B05,P1,2025-01-20,New,1500
PAY005509,M02649,B03,P2,01/20/2025,Renewal,1100
PAY005429,M00027,B01,P1,2025-01-20,Renewal,1500
PAY005503,M02543,B03,P1,01/20/2025,Renewal,1500
PAY005426,M04039,B05,P2,2025-01-20,Renewal,1100
PAY005422,M03273,B04,P1,2025-01-20,Renewal,1500
PAY005385,M01568,B02,P3,2025-01-20,Renewal,4000
PAY003497,M03497,B04,P2,2025-01-20,New,1100
PAY003498,M03498,B04,P4,2025-01-20,New,7500
PAY005641,M00050,B01,P1,2025-01-20,Renewal,1500
PAY005646,M00353,B01,P1,2025-01-20,Renewal,1500
PAY000474,M00474,B01,P3,2025-01-20,New,4000
PAY005293,M03348,B04,P4,2025-01-20,Renewal,7500
PAY000467,M00467,B01,P5,2025-01-20,New,13500
PAY005647,M01157,B02,P1,2025-01-20,Renewal,1500
PAY005634,M03341,B04,P2,2025-01-20,Renewal,1100
PAY005373,M04362,B05,P1,2025-01-21,Renewal,1500
PAY005443,M02688,B03,P2,01/21/2025,Renewal,1100
PAY005532,M01387,B02,P1,2025-01-21,Renewal,1500
PAY005442,M02603,B03,P2,01/21/2025,Renewal,1100
PAY005439,M01638,B02,P3,2025-01-21,Renewal,4000
PAY005404,M04384,B05,P1,2025-01-21,Renewal,1500
PAY005519,M04203,B05,P1,2025-01-21,Renewal,1500
PAY001664,M01664,B02,P3,2025-01-21,New,4000
PAY003537,M03537,B04,P2,2025-01-21,New,1100
PAY005545,M04300,B05,P1,2025-01-21,Renewal,1500
PAY005431,M00310,B01,P1,2025-01-21,Renewal,1500
PAY005679,M01570,B02,P1,2025-01-21,Renewal,1500
PAY005427,M04288,B05,P3,2025-01-21,Renewal,4000
PAY005652,M01362,B02,P1,2025-01-21,Renewal,1500
PAY005498,M01381,B02,P2,2025-01-21,Renewal,1100
PAY005496,M01160,B02,P1,2025-01-21,Renewal,1500
PAY005417,M01472,B02,P3,2025-01-21,Renewal,4000
PAY005435,M01406,B02,P2,2025-01-21,Renewal,1100
PAY005294,M03438,B04,P1,2025-01-21,Renewal,1500
PAY005288,M02661,B03,P1,01/21/2025,Renewal,1500
PAY005216,M02531,B03,P1,01/21/2025,Renewal,1500
PAY005252,M02670,B03,P1,01/21/2025,Renewal,1500
PAY001658,M01658,B02,P1,2025-01-21,New,1500
PAY005392,M03278,B04,P3,2025-01-21,Renewal,4000
PAY000461,M00461,B01,P3,2025-01-21,New,4000
PAY005599,M02582,B03,P1,01/21/2025,Renewal,1500
PAY005594,M01348,B02,P1,2025-01-21,Renewal,1500
PAY005462,M00202,B01,P2,2025-01-21,Renewal,1100
PAY005582,M03449,B04,P2,2025-01-21,Renewal,1100
PAY005331,M03473,B04,P1,2025-01-21,Renewal,1500
PAY002731,M02731,B03,P1,01/21/2025,New,1500
PAY005476,M03147,B04,P3,2025-01-21,Renewal,4000
PAY005464,M01249,B02,P4,2025-01-21,Renewal,7500
PAY005566,M01586,B02,P1,2025-01-21,Renewal,1500
PAY001695,M01695,B02,P3,2025-01-21,New,4000
PAY001698,M01698,B02,P1,2025-01-21,New,1500
PAY005281,M01479,B02,P3,2025-01-21,Renewal,4000
PAY005383,M01501,B02,P3,2025-01-22,Renewal,4000
PAY004395,M04395,B05,P2,2025-01-22,New,1100
PAY005376,M00160,B01,P3,2025-01-22,Renewal,4000
PAY000432,M00432,B01,P4,2025-01-22,New,7500
PAY002741,M02741,B03,P3,01/22/2025,New,4000
PAY005387,M02693,B03,P1,01/22/2025,Renewal,1500
PAY005375,M00037,B01,P1,2025-01-22,Renewal,1500
PAY000449,M00449,B01,P3,2025-01-22,New,4000
PAY002754,M02754,B03,P1,01/22/2025,New,1500
PAY001706,M01706,B02,P4,2025-01-22,New,7500
PAY000446,M00446,B01,P2,2025-01-22,New,1100
PAY001689,M01689,B02,P5,2025-01-22,New,13500
PAY003509,M03509,B04,P1,2025-01-22,New,1500
PAY004434,M04434,B05,P1,2025-01-22,New,1500
PAY005357,M03157,B04,P1,2025-01-22,Renewal,1500
PAY005335,M04122,B05,P1,2025-01-22,Renewal,1500
PAY005251,M02519,B03,P1,01/22/2025,Renewal,1500
PAY005703,M00246,B01,P3,2025-01-22,Renewal,4000
PAY005721,M04071,B05,P2,2025-01-22,Renewal,1100
PAY005725,M00106,B01,P1,2025-01-22,Renewal,1500
PAY005259,M03408,B04,P3,2025-01-22,Renewal,4000
PAY005737,M01485,B02,P3,2025-01-22,Renewal,4000
PAY005690,M04152,B05,P2,2025-01-22,Renewal,1100
PAY005262,M04099,B05,P1,2025-01-22,Renewal,1500
PAY005749,M03413,B04,P1,2025-01-22,Renewal,1500
PAY005681,M02533,B03,P1,01/22/2025,Renewal,1500
PAY005548,M04379,B05,P1,2025-01-22,Renewal,1500
PAY005272,M00275,B01,P1,2025-01-22,Renewal,1500
PAY005278,M01200,B02,P2,2025-01-22,Renewal,1100
PAY005342,M00118,B01,P1,2025-01-22,Renewal,1500
PAY005329,M03334,B04,P3,2025-01-22,Renewal,4000
PAY005756,M04172,B05,P5,2025-01-22,Renewal,13500
PAY005603,M03327,B04,P1,2025-01-22,Renewal,1500
PAY005490,M00062,B01,P1,2025-01-22,Renewal,1500
PAY005507,M02630,B03,P1,01/22/2025,Renewal,1500
PAY005534,M01539,B02,P1,2025-01-22,Renewal,1500
PAY005527,M00077,B01,P1,2025-01-22,Renewal,1500
PAY005334,M04040,B05,P2,2025-01-22,Renewal,1100
PAY005529,M00317,B01,P1,2025-01-22,Renewal,1500
PAY005330,M03370,B04,P2,2025-01-23,Renewal,1100
PAY005311,M01262,B02,P1,2025-01-23,Renewal,1500
PAY005390,M03223,B04,P2,2025-01-23,Renewal,1100
PAY005333,M03989,B05,P1,2025-01-23,Renewal,1500
PAY005391,M03233,B04,P3,2025-01-23,Renewal,4000
PAY005584,M04064,B05,P2,2025-01-23,Renewal,1100
PAY005698,M00066,B01,P1,2025-01-23,Renewal,1500
PAY000433,M00433,B01,P1,2025-01-23,New,1500
PAY000436,M00436,B01,P2,2025-01-23,New,1100
PAY002755,M02755,B03,P1,01/23/2025,New,1500
PAY005466,M01371,B02,P2,2025-01-23,Renewal,1100
PAY004394,M04394,B05,P4,2025-01-23,New,7500
PAY005633,M03339,B04,P1,2025-01-23,Renewal,1500
PAY005267,M00007,B01,P1,2025-01-23,Renewal,1500
PAY000487,M00487,B01,P1,2025-01-23,New,1500
PAY004393,M04393,B05,P2,2025-01-23,New,1100
PAY005321,M02589,B03,P1,01/23/2025,Renewal,1500
PAY000455,M00455,B01,P5,2025-01-23,New,13500
PAY005608,M03468,B04,P2,2025-01-23,Renewal,1100
PAY005738,M01533,B02,P1,2025-01-23,Renewal,1500
PAY004392,M04392,B05,P1,2025-01-23,New,1500
PAY001696,M01696,B02,P5,2025-01-23,New,13500
PAY005549,M00026,B01,P2,2025-01-23,Renewal,1100
PAY004391,M04391,B05,P4,2025-01-23,New,7500
PAY005516,M03443,B04,P1,2025-01-23,Renewal,1500
PAY005531,M00410,B01,P1,2025-01-23,Renewal,1500
PAY005355,M02682,B03,P1,01/23/2025,Renewal,1500
PAY005787,M04065,B05,P1,2025-01-23,Renewal,1500
PAY005732,M01264,B02,P1,2025-01-23,Renewal,1500
PAY005513,M03256,B04,P1,2025-01-23,Renewal,1500
PAY005557,M01171,B02,P1,2025-01-23,Renewal,1500
PAY003521,M03521,B04,P2,2025-01-23,New,1100
PAY003520,M03520,B04,P5,2025-01-23,New,13500
PAY005424,M03441,B04,P2,2025-01-23,Renewal,1100
PAY005719,M03398,B04,P5,2025-01-23,Renewal,13500
PAY005538,M03114,B04,P3,2025-01-23,Renewal,4000
PAY005605,M03377,B04,P1,2025-01-23,Renewal,1500
PAY005601,M03297,B04,P1,2025-01-24,Renewal,1500
PAY005560,M01358,B02,P3,2025-01-24,Renewal,4000
PAY004406,M04406,B05,P1,2025-01-24,New,1500
PAY005602,M03322,B04,P1,2025-01-24,Renewal,1500
PAY000490,M00490,B01,P5,2025-01-24,New,13500
PAY005546,M04340,B05,P1,2025-01-24,Renewal,1500
PAY005323,M02687,B03,P5,01/24/2025,Renewal,13500
PAY005345,M00230,B01,P1,2025-01-24,Renewal,1500
PAY004398,M04398,B05,P3,2025-01-24,New,4000
PAY005448,M03319,B04,P3,2025-01-24,Renewal,4000
PAY005341,M00068,B01,P1,2025-01-24,Renewal,1500
PAY005455,M04186,B05,P4,2025-01-24,Renewal,7500
PAY005471,M02530,B03,P1,01/24/2025,Renewal,1500
PAY005458,M04378,B05,P2,2025-01-24,Renewal,1100
PAY005469,M01645,B02,P1,2025-01-24,Renewal,1500
PAY004435,M04435,B05,P3,2025-01-24,New,4000
PAY005576,M03136,B04,P3,2025-01-24,Renewal,4000
PAY005558,M01319,B02,P2,2025-01-24,Renewal,1100
PAY005530,M00351,B01,P1,2025-01-24,Renewal,1500
PAY005304,M00161,B01,P3,2025-01-24,Renewal,4000
PAY005352,M02493,B03,P1,01/24/2025,Renewal,1500
PAY001678,M01678,B02,P2,2025-01-24,New,1100
PAY005359,M03272,B04,P2,2025-01-24,Renewal,1100
PAY000481,M00481,B01,P3,2025-01-24,New,4000
PAY005759,M04306,B05,P2,2025-01-24,Renewal,1100
PAY005767,M01398,B02,P4,2025-01-24,Renewal,7500
PAY005768,M01431,B02,P1,2025-01-24,Renewal,1500
PAY005769,M01435,B02,P2,2025-01-24,Renewal,1100
PAY005772,M01474,B02,P2,2025-01-24,Renewal,1100
PAY002744,M02744,B03,P3,01/24/2025,New,4000
PAY005699,M00073,B01,P1,2025-01-24,Renewal,1500
PAY005775,M01635,B02,P1,2025-01-24,Renewal,1500
PAY000437,M00437,B01,P2,2025-01-24,New,1100
PAY000448,M00448,B01,P5,2025-01-24,New,13500
PAY005755,M04165,B05,P3,2025-01-24,Renewal,4000
PAY005648,M01177,B02,P4,2025-01-24,Renewal,7500
PAY005406,M00094,B01,P2,2025-01-24,Renewal,1100
PAY005502,M02535,B03,P2,01/24/2025,Renewal,1100
PAY003531,M03531,B04,P3,2025-01-24,New,4000
PAY005643,M00076,B01,P1,2025-01-24,Renewal,1500
PAY005820,M04368,B05,P3,2025-01-24,Renewal,4000
PAY005378,M01261,B02,P1,2025-01-24,Renewal,1500
PAY005804,M01567,B02,P1,2025-01-24,Renewal,1500
PAY005805,M01640,B02,P1,2025-01-24,Renewal,1500
PAY005484,M04082,B05,P4,2025-01-24,Renewal,7500
PAY005624,M01467,B02,P2,2025-01-24,Renewal,1100
PAY005450,M03409,B04,P2,2025-01-25,Renewal,1100
PAY004431,M04431,B05,P3,2025-01-25,New,4000
PAY005506,M02627,B03,P5,01/25/2025,Renewal,13500
PAY001704,M01704,B02,P1,2025-01-25,New,1500
PAY005810,M03175,B04,P1,2025-01-25,Renewal,1500
PAY005788,M04164,B05,P1,2025-01-25,Renewal,1500
PAY001715,M01715,B02,P2,2025-01-25,New,1100
PAY005423,M03414,B04,P3,2025-01-25,Renewal,4000
PAY005440,M02532,B03,P3,01/25/2025,Renewal,4000
PAY005515,M03440,B04,P1,2025-01-25,Renewal,1500
PAY005522,M04284,B05,P1,2025-01-25,Renewal,1500
PAY005346,M00272,B01,P1,2025-01-25,Renewal,1500
PAY004432,M04432,B05,P3,2025-01-25,New,4000
PAY000482,M00482,B01,P3,2025-01-25,New,4000
PAY005748,M03367,B04,P2,2025-01-25,Renewal,1100
PAY005827,M00420,B01,P1,2025-01-25,Renewal,1500
PAY005389,M03160,B04,P1,2025-01-25,Renewal,1500
PAY005627,M01540,B02,P2,2025-01-25,Renewal,1100
PAY005638,M04292,B05,P1,2025-01-25,Renewal,1500
PAY005642,M00058,B01,P2,2025-01-25,Renewal,1100
PAY005397,M04066,B05,P1,2025-01-25,Renewal,1500
PAY004397,M04397,B05,P2,2025-01-25,New,1100
PAY005644,M00300,B01,P2,2025-01-25,Renewal,1100
PAY005754,M04117,B05,P3,2025-01-25,Renewal,4000
PAY004402,M04402,B05,P4,2025-01-25,New,7500
PAY005474,M02578,B03,P2,01/25/2025,Renewal,1100
PAY005702,M00207,B01,P1,2025-01-25,Renewal,1500
PAY005709,M01508,B02,P3,2025-01-25,Renewal,4000
PAY005710,M01601,B02,P1,2025-01-25,Renewal,1500
PAY005713,M02565,B03,,01/25/2025,Renewal,1100
PAY005559,M01342,B02,P2,2025-01-25,Renewal,1100
PAY002739,M02739,B03,P5,01/25/2025,New,13500
PAY005729,M01173,B02,P2,2025-01-25,Renewal,1100
PAY005456,M04236,B05,P3,2025-01-25,Renewal,4000
PAY001681,M01681,B02,P4,2025-01-25,New,7500
PAY005697,M00044,B01,P1,2025-01-25,Renewal,1500
PAY005801,M01409,B02,P1,2025-01-25,Renewal,1500
PAY004388,M04388,B05,P2,2025-01-26,New,1100
PAY005415,M01301,B02,P3,2025-01-26,Renewal,4000
PAY005412,M01226,B02,P1,2025-01-26,Renewal,1500
PAY005491,M00135,B01,P1,2025-01-26,Renewal,1500
PAY005821,M00035,B01,P1,2025-01-26,Renewal,1500
PAY004412,M04412,B05,P3,2025-01-26,New,4000
PAY005800,M01251,B02,P3,2025-01-26,Renewal,4000
PAY005799,M01227,B02,P3,2025-01-26,Renewal,4000
PAY005794,M00197,B01,P3,2025-01-26,Renewal,4000
PAY005736,M01469,B02,P4,2025-01-26,Renewal,7500
PAY005674,M00286,B01,P1,2025-01-26,Renewal,1500
PAY000468,M00468,B01,P5,2025-01-26,New,13500
PAY005381,M01357,B02,P2,2025-01-26,Renewal,1100
PAY005632,M03239,B04,P2,2025-01-26,Renewal,1100
PAY005625,M01500,B02,P2,2025-01-26,Renewal,1100
PAY005616,M04305,B05,P2,2025-01-26,Renewal,1100
PAY005591,M01206,B02,P1,2025-01-26,Renewal,1500
PAY005578,M03193,B04,P3,2025-01-26,Renewal,4000
PAY005401,M04326,B05,P1,2025-01-26,Renewal,1500
PAY005551,M00186,B01,P3,2025-01-26,Renewal,4000
PAY004414,M04414,B05,P4,2025-01-26,New,7500
PAY005425,M04013,B05,P2,2025-01-26,Renewal,1100
PAY000486,M00486,B01,P2,2025-01-26,New,1100
PAY005520,M04221,B05,P2,2025-01-27,Renewal,1100
PAY005687,M03313,B04,P1,2025-01-27,Renewal,1500
PAY001666,M01666,B02,P1,2025-01-27,New,1500
PAY005785,M04014,B05,P1,2025-01-27,Renewal,1500
PAY005524,M04383,B05,P4,2025-01-27,Renewal,7500
PAY005792,M00157,B01,P2,2025-01-27,Renewal,1100
PAY005631,M03218,B04,P1,2025-01-27,Renewal,1500
PAY005817,M03376,B04,P3,2025-01-27,Renewal,4000
PAY005831,M01283,B02,P2,2025-01-27,Renewal,1100
PAY005835,M01391,B02,P2,2025-01-27,Renewal,1100
PAY005612,M04043,B05,P1,2025-01-27,Renewal,1500
PAY005604,M03371,B04,P3,2025-01-27,Renewal,4000
PAY005595,M01446,B02,P1,2025-01-27,Renewal,1500
PAY005593,M01267,B02,P2,2025-01-27,Renewal,1100
PAY005587,M00100,B01,P2,2025-01-27,Renewal,1100
PAY005580,M03338,B04,P1,2025-01-27,Renewal,1500
PAY005535,M01596,B02,P4,2025-01-27,Renewal,7500
PAY005528,M00237,B01,P1,2025-01-27,Renewal,1500
PAY005494,M00363,B01,P3,2025-01-27,Renewal,4000
PAY005656,M02592,B03,P4,01/27/2025,Renewal,7500
PAY005766,M01326,B02,P2,2025-01-27,Renewal,1100
PAY005637,M04051,B05,P1,2025-01-27,Renewal,1500
PAY005413,M01255,B02,P1,2025-01-27,Renewal,1500
PAY005706,M01158,B02,P5,2025-01-27,Renewal,13500
PAY000463,M00463,B01,P1,2025-01-27,New,1500
PAY000471,M00471,B01,P4,2025-01-27,New,7500
PAY005446,M03130,B04,P1,2025-01-27,Renewal,1500
PAY005747,M03343,B04,P1,2025-01-27,Renewal,1500
PAY005746,M03324,B04,P1,2025-01-27,Renewal,1500
PAY005478,M03237,B04,P5,2025-01-27,Renewal,13500
PAY005475,M02676,B03,P1,01/27/2025,Renewal,1500
PAY005724,M00057,B01,P3,2025-01-28,Renewal,4000
PAY005723,M04363,B05,P2,2025-01-28,Renewal,1100
PAY005711,M01607,B02,P2,2025-01-28,Renewal,1100
PAY005879,M04320,B05,P1,2025-01-28,Renewal,1500
PAY005857,M04375,B05,P1,2025-01-28,Renewal,1500
PAY005565,M01569,B02,P2,2025-01-28,Renewal,1100
PAY005707,M01336,B02,P2,2025-01-28,Renewal,1100
PAY005526,M00021,B01,P2,2025-01-28,Renewal,1100
PAY005708,M01418,B02,P3,2025-01-28,Renewal,4000
PAY005842,M02557,B03,P1,01/28/2025,Renewal,1500
PAY005837,M01432,B02,P1,2025-01-28,Renewal,1500
PAY005673,M00283,B01,P2,2025-01-28,Renewal,1100
PAY005741,M02602,B03,P1,01/28/2025,Renewal,1500
PAY005669,M00056,B01,P2,2025-01-28,Renewal,1100
PAY005668,M04352,B05,P2,2025-01-28,Renewal,1100
PAY005807,M02568,B03,P1,01/28/2025,Renewal,1500
PAY005803,M01535,B02,P2,2025-01-28,Renewal,1100
PAY005629,M02655,B03,P1,01/28/2025,Renewal,1500
PAY005635,M03983,B05,P1,2025-01-28,Renewal,1500
PAY005645,M00349,B01,P1,2025-01-28,Renewal,1500
PAY005760,M04354,B05,P2,2025-01-28,Renewal,1100
PAY005774,M01628,B02,P5,2025-01-28,Renewal,13500
PAY005841,M02548,B03,P1,01/28/2025,Renewal,1500
PAY005514,M03393,B04,P2,2025-01-28,Renewal,1100
PAY005434,M01349,B02,P2,2025-01-28,Renewal,1100
PAY001699,M01699,B02,P4,2025-01-28,New,7500
PAY000480,M00480,B01,P4,2025-01-28,New,7500
PAY004429,M04429,B05,P2,2025-01-28,New,1100
PAY001692,M01692,B02,P1,2025-01-28,New,1500
PAY000458,M00458,B01,P2,2025-01-28,New,1100
PAY001718,M01718,B02,P1,2025-01-28,New,1500
PAY003542,M03542,B04,P4,2025-01-28,New,7500
PAY002735,M02735,B03,P1,01/28/2025,New,1500
PAY004405,M04405,B05,P5,2025-01-28,New,13500
PAY002733,M02733,B03,P1,01/28/2025,New,1500
PAY002742,M02742,B03,P3,01/28/2025,New,4000
PAY005454,M04170,B05,P1,2025-01-28,Renewal,1500
PAY005489,M04386,B05,P2,2025-01-28,Renewal,1100
PAY005438,M01616,B02,P2,2025-01-28,Renewal,1100
PAY005495,M00428,B01,P1,2025-01-28,Renewal,1500
PAY003493,M03493,B04,P1,2025-01-28,New,1500
PAY000470,M00470,B01,P5,2025-01-28,New,13500
PAY005649,M01220,B02,P3,2025-01-29,Renewal,4000
PAY005640,M00031,B01,P1,2025-01-29,Renewal,1500
PAY005518,M03485,B04,P1,2025-01-29,Renewal,1500
PAY005786,M04038,B05,P2,2025-01-29,Renewal,1100
PAY005499,M01513,B02,P1,2025-01-29,Renewal,1500
PAY005823,M00203,B01,P1,2025-01-29,Renewal,1500
PAY001674,M01674,B02,P4,2025-01-29,New,7500
PAY001667,M01667,B02,P4,2025-01-29,New,7500
PAY005659,M03247,B04,P1,2025-01-29,Renewal,1500
PAY000438,M00438,B01,P2,2025-01-29,New,1100
PAY005773,M01593,B02,P4,2025-01-29,Renewal,7500
PAY003518,M03518,B04,P3,2025-01-29,New,4000
PAY000479,M00479,B01,P4,2025-01-29,New,7500
PAY004424,M04424,B05,P3,2025-01-29,New,4000
PAY005671,M00221,B01,P1,2025-01-29,Renewal,1500
PAY005733,M01304,B02,P1,2025-01-29,Renewal,1500
PAY005730,M01208,B02,P1,2025-01-29,Renewal,1500
PAY004403,M04403,B05,P4,2025-01-29,New,7500
PAY005470,M02499,B03,P2,01/29/2025,Renewal,1100
PAY005693,M04263,B05,P1,2025-01-29,Renewal,1500
PAY005780,M02697,B03,P1,01/29/2025,Renewal,1500
PAY005832,M01321,B02,P4,2025-01-29,Renewal,7500
PAY005571,M02671,B03,P1,01/29/2025,Renewal,1500
PAY005614,M04134,B05,P1,2025-01-29,Renewal,1500
PAY005570,M02658,B03,,01/29/2025,Renewal,13500
PAY005850,M03385,B04,P1,2025-01-29,Renewal,1500
PAY005583,M04050,B05,P1,2025-01-29,Renewal,1500
PAY002734,M02734,B03,P3,01/29/2025,New,4000
PAY005586,M04355,B05,P1,2025-01-29,Renewal,1500
PAY005561,M01367,B02,P1,2025-01-29,Renewal,1500
PAY005592,M01217,B02,P4,2025-01-29,Renewal,7500
PAY005866,M00043,B01,P3,2025-01-29,Renewal,4000
PAY005859,M01270,B02,P3,2025-01-29,Renewal,4000
PAY002753,M02753,B03,P3,01/29/2025,New,4000
PAY005692,M04204,B05,P2,2025-01-29,Renewal,1100
PAY005596,M01557,B02,P2,2025-01-29,Renewal,1100
PAY005903,M01632,B02,P1,2025-01-29,Renewal,1500
PAY005486,M04247,B05,P1,2025-01-29,Renewal,1500
PAY005838,M01466,B02,P2,2025-01-29,Renewal,1100
PAY005492,M00146,B01,P1,2025-01-29,Renewal,1500
PAY003511,M03511,B04,P3,2025-01-29,New,4000
PAY005542,M03996,B05,P1,2025-01-29,Renewal,1500
PAY005717,M03113,B04,P2,2025-01-30,Renewal,1100
PAY004400,M04400,B05,P5,2025-01-30,New,13500
PAY004411,M04411,B05,P1,2025-01-30,New,1500
PAY005882,M04387,B05,P1,2025-01-30,Renewal,1500
PAY005865,M04332,B05,P2,2025-01-30,Renewal,1100
PAY005884,M00379,B01,P3,2025-01-30,Renewal,4000
PAY000488,M00488,B01,P1,2025-01-30,New,1500
PAY005743,M03195,B04,P4,2025-01-30,Renewal,7500
PAY005871,M00382,B01,P5,2025-01-30,Renewal,13500
PAY005851,M03970,B05,P1,2025-01-30,Renewal,1500
PAY005852,M03994,B05,P1,2025-01-30,Renewal,1500
PAY003539,M03539,B04,P3,2025-01-30,New,4000
PAY003508,M03508,B04,P4,2025-01-30,New,7500
PAY005932,M03395,B04,P4,2025-01-30,Renewal,7500
PAY001701,M01701,B02,P1,2025-01-30,New,1500
PAY005920,M01247,B02,P3,2025-01-30,Renewal,4000
PAY001679,M01679,B02,P1,2025-01-30,New,1500
PAY005790,M04286,B05,P2,2025-01-30,Renewal,1100
PAY001669,M01669,B02,P1,2025-01-30,New,1500
PAY005899,M01492,B02,P3,2025-01-30,Renewal,4000
PAY005847,M03230,B04,P2,2025-01-30,Renewal,1100
PAY005886,M01205,B02,P1,2025-01-30,Renewal,1500
PAY005776,M01642,B02,P1,2025-01-30,Renewal,1500
PAY000457,M00457,B01,P2,2025-01-30,New,1100
PAY005833,M01346,B02,P3,2025-01-30,Renewal,4000
PAY005764,M01212,B02,P1,2025-01-30,Renewal,1500
PAY005744,M03236,B04,P1,2025-01-30,Renewal,1500
PAY005809,M02721,B03,P1,01/30/2025,Renewal,1500
PAY000464,M00464,B01,P5,2025-01-30,New,13500
PAY002747,M02747,B03,P1,01/30/2025,New,1500
PAY005680,M02522,B03,P2,01/30/2025,Renewal,1100
PAY005675,M00341,B01,P2,2025-01-30,Renewal,1100
PAY005597,M01572,B02,P1,2025-01-30,Renewal,1500
PAY005661,M03342,B04,P1,2025-01-30,Renewal,1500
PAY005667,M04324,B05,P2,2025-01-30,Renewal,1100
PAY005654,M01614,B02,P1,2025-01-30,Renewal,1500
PAY002751,M02751,B03,P3,01/30/2025,New,4000
PAY005537,M02724,B03,P1,01/30/2025,Renewal,1500
PAY005658,M03231,B04,P1,2025-01-30,Renewal,1500
PAY005686,M03185,B04,P2,2025-01-30,Renewal,1100
PAY005639,M04359,B05,P4,2025-01-30,Renewal,7500
PAY005572,M02701,B03,P3,01/30/2025,Renewal,4000
PAY005577,M03158,B04,P3,2025-01-31,Renewal,4000
PAY005914,M04138,B05,P1,2025-01-31,Renewal,1500
PAY005574,M03110,B04,P1,2025-01-31,Renewal,1500
PAY003514,M03514,B04,P1,2025-01-31,New,1500
PAY005617,M00060,B01,P1,2025-01-31,Renewal,1500
PAY005663,M03479,B04,P2,2025-01-31,Renewal,1100
PAY005924,M01330,B02,P1,2025-01-31,Renewal,1500
PAY005811,M03229,B04,P1,2025-01-31,Renewal,1500
PAY005623,M01403,B02,P1,2025-01-31,Renewal,1500
PAY005626,M01534,B02,P1,2025-01-31,Renewal,1500
PAY000484,M00484,B01,P3,2025-01-31,New,4000
PAY003512,M03512,B04,P1,2025-01-31,New,1500
PAY005609,M03993,B05,P3,2025-01-31,Renewal,4000
PAY005853,M04107,B05,P4,2025-01-31,Renewal,7500
PAY005575,M03123,B04,P3,2025-01-31,Renewal,4000
PAY005779,M02588,B03,P2,01/31/2025,Renewal,1100
PAY001665,M01665,B02,P3,2025-01-31,New,4000
PAY005541,M03423,B04,P2,2025-01-31,Renewal,1100
PAY005700,M00093,B01,P3,2025-01-31,Renewal,4000
PAY005712,M01650,B02,P1,2025-01-31,Renewal,1500
PAY005714,M02631,B03,P3,01/31/2025,Renewal,4000
PAY001711,M01711,B02,P4,2025-01-31,New,7500
PAY005694,M00008,B01,P2,2025-01-31,Renewal,1100
PAY005867,M00151,B01,P1,2025-01-31,Renewal,1500
PAY005685,M03152,B04,P4,2025-01-31,Renewal,7500
PAY005563,M01438,B02,P2,2025-01-31,Renewal,1100
PAY005691,M04171,B05,P2,2025-01-31,Renewal,1100
PAY005858,M01174,B02,P3,2025-01-31,Renewal,4000
PAY005554,M00318,B01,P1,2025-01-31,Renewal,1500
PAY001671,M01671,B02,P3,2025-01-31,New,4000
PAY005796,M00299,B01,P1,2025-02-01,Renewal,1500
PAY000496,M00496,B01,P3,2025-02-01,New,4000
PAY005651,M01328,B02,P1,2025-02-01,Renewal,1500
PAY004460,M04460,B05,P5,2025-02-01,New,13500
PAY005653,M01544,B02,P1,2025-02-01,Renewal,1500
PAY005573,M02723,B03,P2,02/01/2025,Renewal,1100
PAY003568,M03568,B04,P3,2025-02-01,New,4000
PAY005618,M00177,B01,P1,2025-02-01,Renewal,1500
PAY005550,M00169,B01,P5,2025-02-01,Renewal,13500
PAY005611,M04005,B05,P1,2025-02-01,Renewal,1500
PAY005916,M00290,B01,P1,2025-02-01,Renewal,1500
PAY005600,M03266,B04,P3,2025-02-01,Renewal,4000
PAY000521,M00521,B01,P1,2025-02-01,New,1500
PAY005589,M00289,B01,P1,2025-02-01,Renewal,1500
PAY005905,M01685,B02,P1,2025-02-01,Renewal,1500
PAY000504,M00504,B01,P5,2025-02-01,New,13500
PAY001722,M01722,B02,P2,2025-02-01,New,1100
PAY005829,M01223,B02,P2,2025-02-01,Renewal,1100
PAY000495,M00495,B01,P3,2025-02-01,New,4000
PAY005715,M02677,B03,P2,02/01/2025,Renewal,1100
PAY005727,M00153,B01,P1,2025-02-01,Renewal,1500
PAY005705,M00413,B01,P1,2025-02-01,Renewal,1500
PAY005977,M03264,B04,P1,2025-02-01,Renewal,1500
PAY005753,M04115,B05,P2,2025-02-01,Renewal,1100
PAY005696,M00039,B01,P2,2025-02-01,Renewal,1100
PAY005973,M02607,B03,P2,02/01/2025,Renewal,1100
PAY005695,M00034,B01,P1,2025-02-01,Renewal,1500
PAY005751,M04017,B05,P3,2025-02-01,Renewal,4000
PAY005682,M02643,B03,P2,02/01/2025,Renewal,1100
PAY005997,M02689,B03,P2,02/02/2025,Renewal,1100
PAY005742,M02626,B03,P3,02/02/2025,Renewal,4000
PAY005672,M00268,B01,P3,2025-02-02,Renewal,4000
PAY005824,M00226,B01,P1,2025-02-02,Renewal,1500
PAY005615,M04265,B05,P1,2025-02-02,Renewal,1500
PAY005848,M03240,B04,P1,2025-02-02,Renewal,1500
PAY005849,M03350,B04,P2,2025-02-02,Renewal,1100
PAY005688,M04012,B05,P1,2025-02-02,Renewal,1500
PAY005980,M03432,B04,P1,2025-02-02,Renewal,1500
PAY005814,M03304,B04,P2,2025-02-02,Renewal,1100
PAY001741,M01741,B02,P4,2025-02-02,New,7500
PAY005613,M04121,B05,P1,2025-02-02,Renewal,1500
PAY005972,M02512,B03,P2,02/02/2025,Renewal,1100
PAY005889,M02674,B03,P5,02/02/2025,Renewal,13500
PAY005655,M02570,B03,P4,02/02/2025,Renewal,7500
PAY005650,M01307,B02,P3,2025-02-02,Renewal,4000
PAY005722,M04103,B05,P1,2025-02-02,Renewal,1500
PAY001747,M01747,B02,P3,2025-02-02,New,4000
PAY005765,M01285,B02,P1,2025-02-02,Renewal,1500
PAY005701,M00134,B01,P1,2025-02-02,Renewal,1500
PAY005909,M02556,B03,P4,02/02/2025,Renewal,7500
PAY005908,M02527,B03,P2,02/02/2025,Renewal,1100
PAY005958,M04125,B05,P1,2025-02-02,Renewal,1500
PAY005802,M01478,B02,P1,2025-02-02,Renewal,1500
PAY005665,M04041,B05,P3,2025-02-03,Renewal,4000
PAY005718,M03397,B04,P1,2025-02-03,Renewal,1500
PAY005720,M04035,B05,P1,2025-02-03,Renewal,1500
PAY005863,M03481,B04,P1,2025-02-03,Renewal,1500
PAY005861,M02542,B03,P5,02/03/2025,Renewal,13500
PAY005676,M01298,B02,P1,2025-02-03,Renewal,1500
PAY005726,M00147,B01,P3,2025-02-03,Renewal,4000
PAY005740,M01598,B02,P2,2025-02-03,Renewal,1100
PAY005992,M01421,B02,P1,2025-02-03,Renewal,1500
PAY005995,M01716,B02,P1,2025-02-03,Renewal,1500
PAY000514,M00514,B01,P3,2025-02-03,New,4000
PAY005912,M03457,B04,P3,2025-02-03,Renewal,4000
PAY005670,M00108,B01,P1,2025-02-03,Renewal,1500
PAY005662,M03382,B04,P4,2025-02-03,Renewal,7500
PAY005752,M04054,B05,P2,2025-02-03,Renewal,1100
PAY005961,M04211,B05,P1,2025-02-03,Renewal,1500
PAY005771,M01465,B02,P4,2025-02-03,Renewal,7500
PAY005636,M04015,B05,P1,2025-02-03,Renewal,1500
PAY005949,M02583,B03,P4,02/03/2025,Renewal,7500
PAY005956,M04036,B05,P3,2025-02-03,Renewal,4000
PAY002763,M02763,B03,P2,02/03/2025,New,1100
PAY005628,M02540,B03,P1,02/03/2025,Renewal,1500
PAY004452,M04452,B05,P1,2025-02-03,New,1500
PAY006000,M03487,B04,P1,2025-02-03,Renewal,1500
PAY000497,M00497,B01,P3,2025-02-03,New,4000
PAY005657,M02650,B03,P1,02/03/2025,Renewal,1500
PAY004461,M04461,B05,P1,2025-02-03,New,1500
PAY005621,M00394,B01,P4,2025-02-03,Renewal,7500
PAY005818,M03476,B04,P1,2025-02-03,Renewal,1500
PAY001728,M01728,B02,P5,2025-02-03,New,13500
PAY004466,M04466,B05,P1,2025-02-03,New,1500
PAY005620,M00303,B01,P2,2025-02-03,Renewal,1100
PAY005964,M00162,B01,P3,2025-02-03,Renewal,4000
PAY005828,M01209,B02,P2,2025-02-03,Renewal,1100
PAY003551,M03551,B04,P5,2025-02-03,New,13500
PAY005781,M02718,B03,P1,02/03/2025,Renewal,1500
PAY002777,M02777,B03,P4,02/03/2025,New,7500
PAY005783,M03331,B04,P3,2025-02-03,Renewal,4000
PAY002770,M02770,B03,P4,02/04/2025,New,7500
PAY006023,M04092,B05,P4,2025-02-04,Renewal,7500
PAY006034,M00444,B01,P1,2025-02-04,Renewal,1500
PAY005902,M01580,B02,P1,2025-02-04,Renewal,1500
PAY003572,M03572,B04,P1,2025-02-04,New,1500
PAY005953,M03250,B04,P2,2025-02-04,Renewal,1100
PAY005907,M02517,B03,P3,02/04/2025,Renewal,4000
PAY005982,M03519,B04,P1,2025-02-04,Renewal,1500
PAY005917,M00453,B01,P1,2025-02-04,Renewal,1500
PAY001761,M01761,B02,P2,2025-02-04,New,1100
PAY003561,M03561,B04,P3,2025-02-04,New,4000
PAY005969,M01192,B02,P1,2025-02-04,Renewal,1500
PAY005934,M04080,B05,P3,2025-02-04,Renewal,4000
PAY005935,M04095,B05,P2,2025-02-04,Renewal,1100
PAY005962,M04327,B05,P1,2025-02-04,Renewal,1500
PAY001770,M01770,B02,P4,2025-02-04,New,7500
PAY005939,M00238,B01,P1,2025-02-04,Renewal,1500
PAY002760,M02760,B03,P3,02/04/2025,New,4000
PAY001750,M01750,B02,P1,2025-02-04,New,1500
PAY001754,M01754,B02,P5,2025-02-04,New,13500
PAY006039,M01400,B02,P3,2025-02-04,Renewal,4000
PAY005689,M04102,B05,P4,2025-02-04,Renewal,7500
PAY000501,M00501,B01,P4,2025-02-04,New,7500
PAY005678,M01329,B02,P1,2025-02-04,Renewal,1500
PAY005684,M03132,B04,P2,2025-02-04,Renewal,1100
PAY005836,M01397,B02,P4,2025-02-04,Renewal,7500
PAY005789,M04268,B05,P1,2025-02-04,Renewal,1500
PAY005883,M00336,B01,P2,2025-02-04,Renewal,1100
PAY005784,M03976,B05,P1,2025-02-04,Renewal,1500
PAY005683,M02715,B03,P2,02/04/2025,Renewal,1100
PAY005731,M01243,B02,P2,2025-02-04,Renewal,1100
PAY000505,M00505,B01,P2,2025-02-04,New,1100
PAY005777,M01655,B02,P1,2025-02-04,Renewal,1500
PAY005660,M03295,B04,P1,2025-02-04,Renewal,1500
PAY005734,M01424,B02,P1,2025-02-04,Renewal,1500
PAY005878,M04241,B05,P3,2025-02-04,Renewal,4000
PAY005862,M03475,B04,P3,2025-02-04,Renewal,4000
PAY001724,M01724,B02,P1,2025-02-05,New,1500
PAY006041,M01588,B02,P1,2025-02-05,Renewal,1500
PAY005677,M01322,B02,P1,2025-02-05,Renewal,1500
PAY005826,M00415,B01,P1,2025-02-05,Renewal,1500
PAY001721,M01721,B02,P1,2025-02-05,New,1500
PAY005816,M03374,B04,P2,2025-02-05,Renewal,1100
PAY005819,M04294,B05,P2,2025-02-05,Renewal,1100
PAY005880,M04338,B05,P1,2025-02-05,Renewal,1500
PAY005798,M01188,B02,P1,2025-02-05,Renewal,1500
PAY005797,M00355,B01,P2,2025-02-05,Renewal,1100
PAY005793,M00192,B01,P1,2025-02-05,Renewal,1500
PAY006062,M00443,B01,P1,2025-02-05,Renewal,1500
PAY005770,M01437,B02,P1,2025-02-05,Renewal,1500
PAY005735,M01463,B02,P3,2025-02-05,Renewal,4000
PAY005971,M01592,B02,P3,2025-02-05,Renewal,4000
PAY005757,M04216,B05,P1,2025-02-05,Renewal,1500
PAY005965,M00180,B01,P1,2025-02-05,Renewal,1500
PAY005970,M01252,B02,P5,2025-02-05,Renewal,13500
PAY005815,M03333,B04,P1,2025-02-05,Renewal,1500
PAY005942,M01256,B02,P2,2025-02-05,Renewal,1100
PAY001725,M01725,B02,P2,2025-02-05,New,1100
PAY000523,M00523,B01,P1,2025-02-05,New,1500
PAY005870,M00320,B01,P4,2025-02-05,Renewal,7500
PAY005830,M01276,B02,P1,2025-02-05,Renewal,1500
PAY005868,M00201,B01,P2,2025-02-05,Renewal,1100
PAY005873,M00485,B01,P1,2025-02-05,Renewal,1500
PAY006025,M04229,B05,P5,2025-02-05,Renewal,13500
PAY005874,M01573,B02,P1,2025-02-05,Renewal,1500
PAY006002,M04105,B05,P2,2025-02-05,Renewal,1100
PAY003576,M03576,B04,P1,2025-02-05,New,1500
PAY000498,M00498,B01,P1,2025-02-05,New,1500
PAY005855,M04155,B05,P5,2025-02-05,Renewal,13500
PAY005876,M02619,B03,P1,02/05/2025,Renewal,1500
PAY005890,M02692,B03,P2,02/05/2025,Renewal,1100
PAY003563,M03563,B04,P1,2025-02-05,New,1500
PAY000515,M00515,B01,P3,2025-02-05,New,4000
PAY005915,M00196,B01,P3,2025-02-05,Renewal,4000
PAY005892,M02756,B03,P1,02/05/2025,Renewal,1500
PAY003578,M03578,B04,P3,2025-02-05,New,4000
PAY006094,M02664,B03,P2,02/06/2025,Renewal,1100
PAY005739,M01581,B02,P1,2025-02-06,Renewal,1500
PAY005761,M04385,B05,P1,2025-02-06,Renewal,1500
PAY005952,M03246,B04,P2,2025-02-06,Renewal,1100
PAY005704,M00302,B01,P1,2025-02-06,Renewal,1500
PAY003579,M03579,B04,P3,2025-02-06,New,4000
PAY005782,M03129,B04,P1,2025-02-06,Renewal,1500
PAY006007,M00089,B01,P2,2025-02-06,Renewal,1100
PAY005887,M01503,B02,P1,2025-02-06,Renewal,1500
PAY005791,M00065,B01,P2,2025-02-06,Renewal,1100
PAY005943,M01306,B02,P3,2025-02-06,Renewal,4000
PAY005840,M02496,B03,P1,02/06/2025,Renewal,1500
PAY006040,M01528,B02,P3,2025-02-06,Renewal,4000
PAY005750,M03979,B05,P3,2025-02-06,Renewal,4000
PAY005928,M02550,B03,P1,02/06/2025,Renewal,1500
PAY001726,M01726,B02,P5,2025-02-06,New,13500
PAY005716,M02684,B03,P1,02/06/2025,Renewal,1500
PAY005728,M00427,B01,P1,2025-02-06,Renewal,1500
PAY005904,M01668,B02,P1,2025-02-06,Renewal,1500
PAY005940,M00273,B01,P3,2025-02-06,Renewal,4000
PAY001734,M01734,B02,P1,2025-02-06,New,1500
PAY005968,M00381,B01,P1,2025-02-06,Renewal,1500
PAY006022,M04007,B05,P1,2025-02-07,Renewal,1500
PAY006051,M04156,B05,P1,2025-02-07,Renewal,1500
PAY005993,M01426,B02,P2,2025-02-07,Renewal,1100
PAY006045,M03111,B04,P1,2025-02-07,Renewal,1500
PAY006076,M04192,B05,P1,2025-02-07,Renewal,1500
PAY005745,M03290,B04,P3,2025-02-07,Renewal,4000
PAY005988,M00176,B01,P3,2025-02-07,Renewal,4000
PAY006004,M04307,B05,P2,2025-02-07,Renewal,1100
PAY006011,M00452,B01,P1,2025-02-07,Renewal,1500
PAY005966,M00219,B01,P3,2025-02-07,Renewal,4000
PAY006124,M03281,B04,P3,2025-02-07,Renewal,4000
PAY004448,M04448,B05,P4,2025-02-07,New,7500
PAY003559,M03559,B04,P5,2025-02-07,New,13500
PAY005846,M02719,B03,P1,02/07/2025,Renewal,1500
PAY005911,M03156,B04,P2,2025-02-07,Renewal,1100
PAY001756,M01756,B02,P1,2025-02-07,New,1500
PAY005778,M02515,B03,P1,02/07/2025,Renewal,1500
PAY001730,M01730,B02,P1,2025-02-07,New,1500
PAY001768,M01768,B02,P4,2025-02-07,New,7500
PAY005931,M03384,B04,P5,2025-02-07,Renewal,13500
PAY004444,M04444,B05,P3,2025-02-07,New,4000
PAY005872,M00431,B01,P1,2025-02-07,Renewal,1500
PAY005960,M04184,B05,P3,2025-02-07,Renewal,4000
PAY005758,M04240,B05,P1,2025-02-07,Renewal,1500
PAY005888,M01682,B02,P2,2025-02-07,Renewal,1100
PAY005906,M02508,B03,P1,02/07/2025,Renewal,1500
PAY000502,M00502,B01,P5,2025-02-08,New,13500
PAY006020,M03492,B04,P1,2025-02-08,Renewal,1500
PAY006037,M01378,B02,P3,2025-02-08,Renewal,4000
PAY002776,M02776,B03,P3,02/08/2025,New,4000
PAY001723,M01723,B02,P1,2025-02-08,New,1500
PAY004472,M04472,B05,P2,2025-02-08,New,1100
PAY000507,M00507,B01,P3,2025-02-08,New,4000
PAY006047,M03307,B04,P1,2025-02-08,Renewal,1500
PAY006044,M02600,B03,P2,02/08/2025,Renewal,1100
PAY004465,M04465,B05,P1,2025-02-08,New,1500
PAY006049,M03513,B04,P4,2025-02-08,Renewal,7500
PAY001748,M01748,B02,P1,2025-02-08,New,1500
PAY006055,M00045,B01,P3,2025-02-08,Renewal,4000
PAY006057,M00096,B01,P3,2025-02-08,Renewal,4000
PAY001762,M01762,B02,P2,2025-02-08,New,1100
PAY006086,M01196,B02,P1,2025-02-08,Renewal,1500
PAY004446,M04446,B05,P1,2025-02-08,New,1500
PAY006097,M03274,B04,P2,2025-02-08,Renewal,1100
PAY006102,M04104,B05,P1,2025-02-08,Renewal,1500
PAY006119,M01693,B02,P1,2025-02-08,Renewal,1500
PAY006138,M01594,B02,P1,2025-02-08,Renewal,1500
PAY002764,M02764,B03,P1,02/08/2025,New,1500
PAY001752,M01752,B02,P3,2025-02-08,New,4000
PAY000491,M00491,B01,P2,2025-02-08,New,1100
PAY005854,M04129,B05,P3,2025-02-08,Renewal,4000
PAY005795,M00242,B01,P3,2025-02-08,Renewal,4000
PAY005856,M04191,B05,P2,2025-02-08,Renewal,1100
PAY005763,M00390,B01,P2,2025-02-08,Renewal,1100
PAY005762,M00185,B01,P2,2025-02-08,Renewal,1100
PAY005991,M01393,B02,P5,2025-02-08,Renewal,13500
PAY005930,M03258,B04,P4,2025-02-08,Renewal,7500
PAY005822,M00138,B01,P2,2025-02-08,Renewal,1100
PAY005963,M04373,B05,P2,2025-02-08,Renewal,1100
PAY005959,M04140,B05,P3,2025-02-08,Renewal,4000
PAY005806,M02541,B03,P2,02/08/2025,Renewal,1100
PAY005813,M03283,B04,P4,2025-02-08,Renewal,7500
PAY006008,M00130,B01,P3,2025-02-08,Renewal,4000
PAY005825,M00376,B01,P1,2025-02-08,Renewal,1500
PAY005881,M04341,B05,P3,2025-02-08,Renewal,4000
PAY005812,M03276,B04,P3,2025-02-09,Renewal,4000
PAY005844,M02608,B03,P1,02/09/2025,Renewal,1500
PAY005986,M00029,B01,P1,2025-02-09,Renewal,1500
PAY004462,M04462,B05,P1,2025-02-09,New,1500
PAY005950,M03150,B04,P5,2025-02-09,Renewal,13500
PAY005983,M03973,B05,P1,2025-02-09,Renewal,1500
PAY003569,M03569,B04,P5,2025-02-09,New,13500
PAY006173,M02489,B03,P1,02/09/2025,Renewal,1500
PAY002762,M02762,B03,P5,02/09/2025,New,13500
PAY006043,M02497,B03,P3,02/09/2025,Renewal,4000
PAY005843,M02605,B03,P2,02/09/2025,Renewal,1100
PAY004442,M04442,B05,P3,2025-02-09,New,4000
PAY005839,M01547,B02,P3,2025-02-09,Renewal,4000
PAY005860,M01525,B02,P3,2025-02-09,Renewal,4000
PAY005981,M03447,B04,P3,2025-02-09,Renewal,4000
PAY006065,M01266,B02,P1,2025-02-09,Renewal,1500
PAY006169,M01489,B02,P2,2025-02-09,Renewal,1100
PAY005948,M02546,B03,P1,02/09/2025,Renewal,1500
PAY006134,M00411,B01,P3,2025-02-09,Renewal,4000
PAY001749,M01749,B02,P3,2025-02-09,New,4000
PAY006136,M01369,B02,P2,2025-02-09,Renewal,1100
PAY006018,M03346,B04,P3,2025-02-09,Renewal,4000
PAY005923,M01317,B02,P1,2025-02-09,Renewal,1500
PAY000511,M00511,B01,P5,2025-02-09,New,13500
PAY006122,M03172,B04,P3,2025-02-09,Renewal,4000
PAY001720,M01720,B02,P1,2025-02-09,New,1500
PAY006167,M01356,B02,P1,2025-02-09,Renewal,1500
PAY001773,M01773,B02,P3,2025-02-09,New,4000
PAY006165,M01265,B02,P1,2025-02-09,Renewal,1500
PAY005808,M02573,B03,P1,02/09/2025,Renewal,1500
PAY004467,M04467,B05,P3,2025-02-10,New,4000
PAY002761,M02761,B03,P5,02/10/2025,New,13500
PAY006081,M00258,B01,P2,2025-02-10,Renewal,1100
PAY006082,M00292,B01,P4,2025-02-10,Renewal,7500
PAY005979,M03418,B04,P2,2025-02-10,Renewal,1100
PAY006090,M01608,B02,P1,2025-02-10,Renewal,1500
PAY006091,M01680,B02,P1,2025-02-10,Renewal,1500
PAY006071,M02628,B03,P2,02/10/2025,Renewal,1100
PAY005864,M04245,B05,P3,2025-02-10,Renewal,4000
PAY004449,M04449,B05,P3,2025-02-10,New,4000
PAY005834,M01360,B02,P2,2025-02-10,Renewal,1100
PAY006163,M01191,B02,P3,2025-02-10,Renewal,4000
PAY006139,M01636,B02,P1,2025-02-10,Renewal,1500
PAY005895,M00319,B01,P3,2025-02-10,Renewal,4000
PAY005926,M01600,B02,P3,2025-02-10,Renewal,4000
PAY000524,M00524,B01,P1,2025-02-10,New,1500
PAY006191,M01343,B02,P1,2025-02-10,Renewal,1500
PAY006038,M01385,B02,P1,2025-02-10,Renewal,1500
PAY001731,M01731,B02,P2,2025-02-10,New,1100
PAY006158,M00101,B01,P1,2025-02-10,Renewal,1500
PAY006053,M04262,B05,P1,2025-02-10,Renewal,1500
PAY005975,M03164,B04,P3,2025-02-10,Renewal,4000
PAY005985,M04208,B05,P2,2025-02-10,Renewal,1100
PAY006056,M00049,B01,P1,2025-02-10,Renewal,1500
PAY005845,M02707,B03,P4,02/10/2025,Renewal,7500
PAY005896,M00338,B01,P1,2025-02-10,Renewal,1500
PAY001742,M01742,B02,P3,2025-02-10,New,4000
PAY006148,M03394,B04,P3,2025-02-10,Renewal,4000
PAY006106,M00141,B01,P1,2025-02-11,Renewal,1500
PAY006109,M00397,B01,P4,2025-02-11,Renewal,7500
PAY006208,M00168,B01,P1,2025-02-11,Renewal,1500
PAY006162,M01161,B02,P1,2025-02-11,Renewal,1500
PAY005877,M03122,B04,P4,2025-02-11,Renewal,7500
PAY006178,M03145,B04,P1,2025-02-11,Renewal,1500
PAY006111,M01185,B02,P3,2025-02-11,Renewal,4000
PAY006186,M04334,B05,P1,2025-02-11,Renewal,1500
PAY006185,M04226,B05,P1,2025-02-11,Renewal,1500
PAY006116,M01490,B02,P1,2025-02-11,Renewal,1500
PAY006132,M00178,B01,P1,2025-02-11,Renewal,1500
PAY006126,M04008,B05,P1,2025-02-11,Renewal,1500
PAY006189,M01168,B02,P1,2025-02-11,Renewal,1500
PAY006101,M03535,B04,P2,2025-02-11,Renewal,1100
PAY005913,M04083,B05,P1,2025-02-11,Renewal,1500
PAY006205,M03988,B05,P1,2025-02-11,Renewal,1500
PAY006064,M01259,B02,P1,2025-02-11,Renewal,1500
PAY001746,M01746,B02,P1,2025-02-11,New,1500
PAY005936,M04133,B05,P2,2025-02-11,Renewal,1100
PAY001727,M01727,B02,P4,2025-02-11,New,7500
PAY006032,M00213,B01,P1,2025-02-11,Renewal,1500
PAY006029,M00110,B01,P3,2025-02-11,Renewal,4000
PAY005921,M01284,B02,P1,2025-02-11,Renewal,1500
PAY005937,M00023,B01,P1,2025-02-11,Renewal,1500
PAY002775,M02775,B03,P5,02/11/2025,New,13500
PAY002769,M02769,B03,P1,02/11/2025,New,1500
PAY002758,M02758,B03,P4,02/11/2025,New,7500
PAY005978,M03364,B04,P1,2025-02-11,Renewal,1500
PAY005893,M04106,B05,P3,2025-02-11,Renewal,4000
PAY006019,M03462,B04,P1,2025-02-11,Renewal,1500
PAY003571,M03571,B04,P3,2025-02-11,New,4000
PAY006024,M04217,B05,P1,2025-02-12,Renewal,1500
PAY003553,M03553,B04,P5,2025-02-12,New,13500
PAY006036,M01303,B02,P1,2025-02-12,Renewal,1500
PAY000517,M00517,B01,P3,2025-02-12,New,4000
PAY006050,M03522,B04,P3,2025-02-12,Renewal,4000
PAY006220,M04329,B05,P1,2025-02-12,Renewal,1500
PAY006217,M04000,B05,P5,2025-02-12,Renewal,13500
PAY006052,M04159,B05,P1,2025-02-12,Renewal,1500
PAY006006,M04413,B05,P1,2025-02-12,Renewal,1500
PAY006166,M01273,B02,P1,2025-02-12,Renewal,1500
PAY005885,M00405,B01,P3,2025-02-12,Renewal,4000
PAY006068,M01411,B02,P1,2025-02-12,Renewal,1500
PAY000493,M00493,B01,P3,2025-02-12,New,4000
PAY006108,M00372,B01,P1,2025-02-12,Renewal,1500
PAY001755,M01755,B02,P1,2025-02-12,New,1500
PAY004450,M04450,B05,P1,2025-02-12,New,1500
PAY005875,M02598,B03,P1,02/12/2025,Renewal,1500
PAY005869,M00218,B01,P3,2025-02-12,Renewal,4000
PAY006236,M02498,B03,P1,02/12/2025,Renewal,1500
PAY005946,M01604,B02,P1,2025-02-12,Renewal,1500
PAY004463,M04463,B05,P2,2025-02-12,New,1100
PAY002772,M02772,B03,P5,02/12/2025,New,13500
PAY003584,M03584,B04,P5,2025-02-13,New,13500
PAY005918,M00469,B01,P1,2025-02-13,Renewal,1500
PAY003560,M03560,B04,P4,2025-02-13,New,7500
PAY005955,M03527,B04,P1,2025-02-13,Renewal,1500
PAY006160,M00189,B01,P5,2025-02-13,Renewal,13500
PAY001760,M01760,B02,P1,2025-02-13,New,1500
PAY005910,M03124,B04,P3,2025-02-13,Renewal,4000
PAY005891,M02738,B03,P1,02/13/2025,Renewal,1500
PAY000492,M00492,B01,P4,2025-02-13,New,7500
PAY005951,M03208,B04,P3,2025-02-13,Renewal,4000
PAY006188,M01159,B02,P3,2025-02-13,Renewal,4000
PAY005900,M01504,B02,P4,2025-02-13,Renewal,7500
PAY002768,M02768,B03,P2,02/13/2025,New,1100
PAY003548,M03548,B04,P1,2025-02-13,New,1500
PAY006157,M00069,B01,P1,2025-02-13,Renewal,1500
PAY005922,M01296,B02,P4,2025-02-13,Renewal,7500
PAY005947,M01714,B02,P1,2025-02-13,Renewal,1500
PAY005897,M00384,B01,P1,2025-02-13,Renewal,1500
PAY005929,M02668,B03,P1,02/13/2025,Renewal,1500
PAY005957,M04061,B05,P3,2025-02-13,Renewal,4000
PAY005894,M00154,B01,P3,2025-02-13,Renewal,4000
PAY006226,M00407,B01,P1,2025-02-13,Renewal,1500
PAY006232,M01308,B02,P1,2025-02-13,Renewal,1500
PAY006001,M04044,B05,P1,2025-02-13,Renewal,1500
PAY005967,M00364,B01,P4,2025-02-13,Renewal,7500
PAY006033,M00296,B01,P1,2025-02-13,Renewal,1500
PAY006117,M01612,B02,P1,2025-02-13,Renewal,1500
PAY006030,M00137,B01,P3,2025-02-13,Renewal,4000
PAY006141,M01719,B02,P2,2025-02-13,Renewal,1100
PAY006083,M00298,B01,P3,2025-02-13,Renewal,4000
PAY006267,M03340,B04,P1,2025-02-13,Renewal,1500
PAY004459,M04459,B05,P2,2025-02-13,New,1100
PAY005999,M03308,B04,P1,2025-02-13,Renewal,1500
PAY006078,M00009,B01,P2,2025-02-13,Renewal,1100
PAY006069,M01552,B02,P1,2025-02-13,Renewal,1500
PAY006077,M00006,B01,P1,2025-02-13,Renewal,1500
PAY006058,M00112,B01,P2,2025-02-14,Renewal,1100
PAY006298,M04289,B05,P3,2025-02-14,Renewal,4000
PAY006290,M01530,B02,P1,2025-02-14,Renewal,1500
PAY005996,M02586,B03,P1,02/14/2025,Renewal,1500
PAY006259,M02574,B03,P2,02/14/2025,Renewal,1100
PAY001735,M01735,B02,P1,2025-02-14,New,1500
PAY005976,M03176,B04,P3,2025-02-14,Renewal,4000
PAY006260,M02609,B03,P2,02/14/2025,Renewal,1100
PAY006114,M01477,B02,P3,2025-02-14,Renewal,4000
PAY001736,M01736,B02,P3,2025-02-14,New,4000
PAY001738,M01738,B02,P3,2025-02-14,New,4000
PAY006042,M01627,B02,P4,2025-02-14,Renewal,7500
PAY005944,M01340,B02,P2,2025-02-14,Renewal,1100
PAY005938,M00067,B01,P3,2025-02-14,Renewal,4000
PAY005990,M01237,B02,P3,2025-02-14,Renewal,4000
PAY005984,M04130,B05,P3,2025-02-14,Renewal,4000
PAY006066,M01341,B02,P4,2025-02-14,Renewal,7500
PAY006301,M04367,B05,P1,2025-02-14,Renewal,1500
PAY001729,M01729,B02,P4,2025-02-14,New,7500
PAY006021,M03524,B04,P1,2025-02-14,Renewal,1500
PAY006219,M04072,B05,P1,2025-02-14,Renewal,1500
PAY006225,M00347,B01,P5,2025-02-14,Renewal,13500
PAY006147,M03183,B04,P4,2025-02-14,Renewal,7500
PAY006164,M01221,B02,P1,2025-02-14,Renewal,1500
PAY002759,M02759,B03,P2,02/14/2025,New,1100
PAY005901,M01509,B02,P2,2025-02-14,Renewal,1100
PAY006187,M00255,B01,P3,2025-02-14,Renewal,4000
PAY006161,M00375,B01,P1,2025-02-14,Renewal,1500
PAY006003,M04281,B05,P1,2025-02-14,Renewal,1500
PAY003580,M03580,B04,P3,2025-02-14,New,4000
PAY006135,M00462,B01,P2,2025-02-14,Renewal,1100
PAY006026,M04251,B05,P3,2025-02-14,Renewal,4000
PAY003582,M03582,B04,P5,2025-02-14,New,13500
PAY006171,M01517,B02,P1,2025-02-14,Renewal,1500
PAY005925,M01392,B02,P3,2025-02-14,Renewal,4000
PAY006159,M00173,B01,P1,2025-02-14,Renewal,1500
PAY006129,M04255,B05,P3,2025-02-14,Renewal,4000
PAY005898,M01210,B02,P3,2025-02-14,Renewal,4000
PAY002757,M02757,B03,P1,02/14/2025,New,1500
PAY006012,M01335,B02,P1,2025-02-15,Renewal,1500
PAY005927,M01688,B02,P1,2025-02-15,Renewal,1500
PAY005945,M01420,B02,P2,2025-02-15,Renewal,1100
PAY006067,M01353,B02,P2,2025-02-15,Renewal,1100
PAY006017,M03120,B04,P3,2025-02-15,Renewal,4000
PAY005933,M03434,B04,P3,2025-02-15,Renewal,4000
PAY005919,M01194,B02,P3,2025-02-15,Renewal,4000
PAY004468,M04468,B05,P1,2025-02-15,New,1500
PAY006154,M04390,B05,P1,2025-02-15,Renewal,1500
PAY006300,M04356,B05,P1,2025-02-15,Renewal,1500
PAY006196,M01648,B02,P1,2025-02-15,Renewal,1500
PAY006133,M00216,B01,P2,2025-02-15,Renewal,1100
PAY006125,M03282,B04,P2,2025-02-15,Renewal,1100
PAY006155,M00041,B01,P1,2025-02-15,Renewal,1500
PAY006258,M01710,B02,P1,2025-02-15,Renewal,1500
PAY006180,M03375,B04,P3,2025-02-15,Renewal,4000
PAY006182,M03459,B04,P1,2025-02-15,Renewal,1500
PAY001772,M01772,B02,P1,2025-02-15,New,1500
PAY001771,M01771,B02,P1,2025-02-15,New,1500
PAY006009,M00227,B01,P3,2025-02-15,Renewal,4000
PAY006291,M01647,B02,P1,2025-02-15,Renewal,1500
PAY006285,M00360,B01,P1,2025-02-15,Renewal,1500
PAY001764,M01764,B02,P1,2025-02-15,New,1500
PAY006099,M03428,B04,P1,2025-02-15,Renewal,1500
PAY006063,M00477,B01,P1,2025-02-16,Renewal,1500
PAY006170,M01499,B02,P1,2025-02-16,Renewal,1500
PAY006131,M00070,B01,P3,2025-02-16,Renewal,4000
PAY006027,M04266,B05,P1,2025-02-16,Renewal,1500
PAY006234,M01537,B02,P2,2025-02-16,Renewal,1100
PAY006140,M01713,B02,P1,2025-02-16,Renewal,1500
PAY006143,M02611,B03,P5,02/16/2025,Renewal,13500
PAY006005,M04347,B05,P1,2025-02-16,Renewal,1500
PAY006228,M00478,B01,P1,2025-02-16,Renewal,1500
PAY003574,M03574,B04,P4,2025-02-16,New,7500
PAY006146,M02727,B03,P1,02/16/2025,Renewal,1500
PAY006224,M00295,B01,P5,2025-02-16,Renewal,13500
PAY006016,M01578,B02,P1,2025-02-16,Renewal,1500
PAY006194,M01576,B02,P1,2025-02-16,Renewal,1500
PAY006013,M01419,B02,P2,2025-02-16,Renewal,1100
PAY006331,M01362,B02,P1,2025-02-16,Renewal,1500
PAY006010,M00243,B01,P1,2025-02-16,Renewal,1500
PAY006035,M01165,B02,P1,2025-02-16,Renewal,1500
PAY006250,M00316,B01,P4,2025-02-16,Renewal,7500
PAY006104,M04272,B05,P2,2025-02-16,Renewal,1100
PAY006048,M03399,B04,P3,2025-02-16,Renewal,4000
PAY001740,M01740,B02,P3,2025-02-16,New,4000
PAY005941,M00430,B01,P2,2025-02-16,Renewal,1100
PAY006074,M03453,B04,P1,2025-02-16,Renewal,1500
PAY006279,M00063,B01,P1,2025-02-16,Renewal,1500
PAY005974,M02657,B03,P4,02/16/2025,Renewal,7500
PAY002767,M02767,B03,P1,02/16/2025,New,1500
PAY006120,M02632,B03,P4,02/16/2025,Renewal,7500
PAY006177,M03128,B04,P1,2025-02-16,Renewal,1500
PAY005954,M03317,B04,P1,2025-02-16,Renewal,1500
PAY006098,M03355,B04,P2,2025-02-16,Renewal,1100
PAY003581,M03581,B04,P3,2025-02-17,New,4000
PAY006278,M04297,B05,P1,2025-02-17,Renewal,1500
PAY006276,M04278,B05,P1,2025-02-17,Renewal,1500
PAY006274,M04146,B05,P1,2025-02-17,Renewal,1500
PAY006374,M03327,B04,P1,2025-02-17,Renewal,1500
PAY006344,M02688,B03,P2,02/17/2025,Renewal,1100
PAY006271,M04019,B05,P3,2025-02-17,Renewal,4000
PAY003573,M03573,B04,P3,2025-02-17,New,4000
PAY006338,M01658,B02,P1,2025-02-17,Renewal,1500
PAY003565,M03565,B04,P2,2025-02-17,New,1100
PAY006264,M03291,B04,P3,2025-02-17,Renewal,4000
PAY006312,M01176,B02,P3,2025-02-17,Renewal,4000
PAY006235,M01542,B02,P4,2025-02-17,Renewal,7500
PAY006249,M00309,B01,P1,2025-02-17,Renewal,1500
PAY005994,M01459,B02,P1,2025-02-17,Renewal,1500
PAY003546,M03546,B04,P2,2025-02-17,New,1100
PAY003549,M03549,B04,P3,2025-02-17,New,4000
PAY001733,M01733,B02,P1,2025-02-17,New,1500
PAY006089,M01597,B02,P4,2025-02-17,Renewal,7500
PAY005989,M00343,B01,P3,2025-02-17,Renewal,4000
PAY006088,M01355,B02,P3,2025-02-17,Renewal,4000
PAY005998,M03238,B04,P1,2025-02-17,Renewal,1500
PAY005987,M00047,B01,P2,2025-02-17,Renewal,1100
PAY006072,M03135,B04,P1,2025-02-17,Renewal,1500
PAY006031,M00143,B01,P1,2025-02-17,Renewal,1500
PAY006028,M04415,B05,P1,2025-02-17,Renewal,1500
PAY002765,M02765,B03,P2,02/17/2025,New,1100
PAY006323,M04039,B05,P2,2025-02-18,Renewal,1100
PAY006288,M01222,B02,P1,2025-02-18,Renewal,1500
PAY006105,M04345,B05,P1,2025-02-18,Renewal,1500
PAY006314,M01449,B02,P1,2025-02-18,Renewal,1500
PAY006320,M03352,B04,P3,2025-02-18,Renewal,4000
PAY006184,M04163,B05,P1,2025-02-18,Renewal,1500
PAY002774,M02774,B03,P5,02/18/2025,New,13500
PAY004443,M04443,B05,P1,2025-02-18,New,1500
PAY006059,M00190,B01,P1,2025-02-18,Renewal,1500
PAY004455,M04455,B05,P1,2025-02-18,New,1500
PAY006195,M01634,B02,P2,2025-02-18,Renewal,1100
PAY004471,M04471,B05,P1,2025-02-18,New,1500
PAY001765,M01765,B02,P3,2025-02-18,New,4000
PAY001769,M01769,B02,P1,2025-02-18,New,1500
PAY004440,M04440,B05,P4,2025-02-18,New,7500
PAY006340,M02531,B03,P1,02/18/2025,Renewal,1500
PAY000509,M00509,B01,P4,2025-02-18,New,7500
PAY006110,M00489,B01,P1,2025-02-18,Renewal,1500
PAY006202,M03171,B04,P3,2025-02-18,Renewal,4000
PAY006206,M04365,B05,P1,2025-02-18,Renewal,1500
PAY006210,M00389,B01,P1,2025-02-18,Renewal,1500
PAY003556,M03556,B04,P4,2025-02-18,New,7500
PAY006230,M01181,B02,P1,2025-02-18,Renewal,1500
PAY006137,M01454,B02,P1,2025-02-18,Renewal,1500
PAY006080,M00245,B01,P1,2025-02-18,Renewal,1500
PAY006252,M00367,B01,P3,2025-02-18,Renewal,4000
PAY006386,M00433,B01,P1,2025-02-18,Renewal,1500
PAY004464,M04464,B05,P1,2025-02-18,New,1500
PAY006014,M01470,B02,P3,2025-02-18,Renewal,4000
PAY006352,M04314,B05,P5,2025-02-18,Renewal,13500
PAY006255,M01559,B02,P4,2025-02-18,Renewal,7500
PAY006364,M00446,B01,P2,2025-02-18,Renewal,1100
PAY000516,M00516,B01,P4,2025-02-18,New,7500
PAY006268,M03392,B04,P2,2025-02-19,Renewal,1100
PAY006107,M00274,B01,P3,2025-02-19,Renewal,4000
PAY006218,M04006,B05,P1,2025-02-19,Renewal,1500
PAY006151,M04057,B05,P2,2025-02-19,Renewal,1100
PAY006221,M00022,B01,P1,2025-02-19,Renewal,1500
PAY006303,M00027,B01,P1,2025-02-19,Renewal,1500
PAY006149,M03452,B04,P1,2025-02-19,Renewal,1500
PAY006128,M04237,B05,P3,2025-02-19,Renewal,4000
PAY006093,M02528,B03,P4,02/19/2025,Renewal,7500
PAY006243,M03388,B04,P1,2025-02-19,Renewal,1500
PAY006113,M01458,B02,P1,2025-02-19,Renewal,1500
PAY006240,M02711,B03,P1,02/19/2025,Renewal,1500
PAY006330,M01348,B02,P1,2025-02-19,Renewal,1500
PAY006015,M01510,B02,P3,2025-02-19,Renewal,4000
PAY006403,M03989,B05,P1,2025-02-19,Renewal,1500
PAY003554,M03554,B04,P5,2025-02-19,New,13500
PAY006075,M04169,B05,P1,2025-02-19,Renewal,1500
PAY006379,M04152,B05,P2,2025-02-19,Renewal,1100
PAY006423,M01678,B02,P2,2025-02-19,Renewal,1100
PAY006363,M00414,B01,P3,2025-02-19,Renewal,4000
PAY003557,M03557,B04,P2,2025-02-19,New,1100
PAY006346,M03116,B04,P3,2025-02-19,Renewal,4000
PAY003575,M03575,B04,P2,2025-02-19,New,1100
PAY006327,M04427,B05,P1,2025-02-19,Renewal,1500
PAY006409,M00076,B01,P1,2025-02-19,Renewal,1500
PAY006325,M04154,B05,P2,2025-02-19,Renewal,1100
PAY001759,M01759,B02,P1,2025-02-19,New,1500
PAY006054,M04274,B05,P2,2025-02-19,Renewal,1100
PAY006070,M01560,B02,P2,2025-02-19,Renewal,1100
PAY001766,M01766,B02,P1,2025-02-19,New,1500
PAY006427,M03272,B04,P2,2025-02-19,Renewal,1100
PAY006430,M04246,B05,P3,2025-02-20,Renewal,4000
PAY006156,M00048,B01,P3,2025-02-20,Renewal,4000
PAY006452,M03367,B04,P2,2025-02-20,Renewal,1100
PAY006214,M01305,B02,P2,2025-02-20,Renewal,1100
PAY006201,M02699,B03,P3,02/20/2025,Renewal,4000
PAY006418,M01474,B02,P2,2025-02-20,Renewal,1100
PAY006200,M02696,B03,P1,02/20/2025,Renewal,1500
PAY006145,M02635,B03,P4,02/20/2025,Renewal,7500
PAY006413,M00351,B01,P1,2025-02-20,Renewal,1500
PAY006073,M03424,B04,P2,2025-02-20,Renewal,1100
PAY006399,M03377,B04,P1,2025-02-20,Renewal,1500
PAY006127,M04060,B05,P3,2025-02-20,Renewal,4000
PAY006123,M03244,B04,P1,2025-02-20,Renewal,1500
PAY006251,M00352,B01,P2,2025-02-20,Renewal,1100
PAY006365,M01200,B02,P2,2025-02-20,Renewal,1100
PAY006257,M01631,B02,P1,2025-02-20,Renewal,1500
PAY006265,M03323,B04,P2,2025-02-20,Renewal,1100
PAY006361,M00275,B01,P1,2025-02-20,Renewal,1500
PAY006326,M04423,B05,P1,2025-02-20,Renewal,1500
PAY006281,M00181,B01,P2,2025-02-20,Renewal,1100
PAY006286,M00439,B01,P2,2025-02-20,Renewal,1100
PAY006287,M01204,B02,P3,2025-02-20,Renewal,4000
PAY006046,M03243,B04,P1,2025-02-20,Renewal,1500
PAY004447,M04447,B05,P3,2025-02-20,New,4000
PAY006408,M00073,B01,P1,2025-02-20,Renewal,1500
PAY006061,M00402,B01,P3,2025-02-20,Renewal,4000
PAY003562,M03562,B04,P3,2025-02-20,New,4000
PAY000499,M00499,B01,P1,2025-02-20,New,1500
PAY000527,M00527,B01,P2,2025-02-20,New,1100
PAY001774,M01774,B02,P1,2025-02-20,New,1500
PAY006181,M03433,B04,P1,2025-02-20,Renewal,1500
PAY006174,M02579,B03,P2,02/20/2025,Renewal,1100
PAY006322,M04033,B05,P2,2025-02-21,Renewal,1100
PAY006433,M04340,B05,P1,2025-02-21,Renewal,1500
PAY006084,M00307,B01,P3,2025-02-21,Renewal,4000
PAY006085,M00348,B01,P4,2025-02-21,Renewal,7500
PAY006142,M02518,B03,P1,02/21/2025,Renewal,1500
PAY006248,M00171,B01,P2,2025-02-21,Renewal,1100
PAY006229,M01166,B02,P1,2025-02-21,Renewal,1500
PAY006198,M01702,B02,P1,2025-02-21,Renewal,1500
PAY006199,M02567,B03,P1,02/21/2025,Renewal,1500
PAY006366,M01460,B02,P3,2025-02-21,Renewal,4000
PAY006462,M00486,B01,P2,2025-02-21,Renewal,1100
PAY006421,M01640,B02,P1,2025-02-21,Renewal,1500
PAY006204,M03396,B04,P2,2025-02-21,Renewal,1100
PAY006227,M00426,B01,P3,2025-02-21,Renewal,4000
PAY006306,M00158,B01,P1,2025-02-21,Renewal,1500
PAY006096,M03153,B04,P1,2025-02-21,Renewal,1500
PAY000503,M00503,B01,P1,2025-02-21,New,1500
PAY006092,M01690,B02,P1,2025-02-21,Renewal,1500
PAY006152,M04073,B05,P1,2025-02-21,Renewal,1500
PAY006079,M00228,B01,P2,2025-02-21,Renewal,1100
PAY006295,M03454,B04,P5,2025-02-21,Renewal,13500
PAY001767,M01767,B02,P1,2025-02-21,New,1500
PAY006060,M00281,B01,P1,2025-02-21,Renewal,1500
PAY006396,M02755,B03,P3,02/21/2025,Renewal,4000
PAY006118,M01622,B02,P1,2025-02-21,Renewal,1500
PAY006310,M00353,B01,P1,2025-02-21,Renewal,1500
PAY006309,M00217,B01,P1,2025-02-21,Renewal,1500
PAY003567,M03567,B04,P1,2025-02-21,New,1500
PAY006130,M04313,B05,P1,2025-02-21,Renewal,1500
PAY006455,M03440,B04,P1,2025-02-21,Renewal,1500
PAY006324,M04055,B05,P1,2025-02-21,Renewal,1500
PAY004441,M04441,B05,P4,2025-02-21,New,7500
PAY006457,M04164,B05,P1,2025-02-21,Renewal,1500
PAY001757,M01757,B02,P1,2025-02-21,New,1500
PAY006273,M04097,B05,P3,2025-02-21,Renewal,4000
PAY006183,M03541,B04,P1,2025-02-21,Renewal,1500
PAY006372,M03157,B04,P1,2025-02-21,Renewal,1500
PAY006263,M03262,B04,P1,2025-02-21,Renewal,1500
PAY006103,M04209,B05,P5,2025-02-21,Renewal,13500
PAY006244,M04150,B05,P1,2025-02-22,Renewal,1500
PAY000506,M00506,B01,P2,2025-02-22,New,1100
PAY006144,M02615,B03,P2,02/22/2025,Renewal,1100
PAY006100,M03505,B04,P1,2025-02-22,Renewal,1500
PAY000513,M00513,B01,P2,2025-02-22,New,1100
PAY006115,M01488,B02,P1,2025-02-22,Renewal,1500
PAY006359,M00166,B01,P3,2025-02-22,Renewal,4000
PAY006095,M02746,B03,P1,02/22/2025,Renewal,1500
PAY006121,M02720,B03,P1,02/22/2025,Renewal,1500
PAY006241,M03173,B04,P1,2025-02-22,Renewal,1500
PAY006172,M01526,B02,P3,2025-02-22,Renewal,4000
PAY006280,M00163,B01,P1,2025-02-22,Renewal,1500
PAY001739,M01739,B02,P1,2025-02-22,New,1500
PAY003558,M03558,B04,P1,2025-02-22,New,1500
PAY006371,M02693,B03,P1,02/22/2025,Renewal,1500
PAY003570,M03570,B04,P1,2025-02-22,New,1500
PAY006087,M01258,B02,P1,2025-02-22,Renewal,1500
PAY006429,M03383,B04,P4,2025-02-22,Renewal,7500
PAY006411,M00122,B01,P1,2025-02-22,Renewal,1500
PAY006469,M03351,B04,P5,2025-02-22,Renewal,13500
PAY006440,M01173,B02,P2,2025-02-22,Renewal,1100
PAY006254,M01280,B02,P1,2025-02-22,Renewal,1500
PAY006209,M00209,B01,P1,2025-02-22,Renewal,1500
PAY006484,M02680,B03,P3,02/22/2025,Renewal,4000
PAY006472,M04388,B05,P2,2025-02-22,Renewal,1100
PAY006321,M03538,B04,P1,2025-02-22,Renewal,1500
PAY006211,M00422,B01,P1,2025-02-22,Renewal,1500
PAY006153,M04143,B05,P1,2025-02-22,Renewal,1500
PAY006362,M00317,B01,P1,2025-02-22,Renewal,1500
PAY006554,M04038,B05,P3,2025-02-23,Renewal,4000
PAY006299,M04312,B05,P1,2025-02-23,Renewal,1500
PAY003547,M03547,B04,P3,2025-02-23,New,4000
PAY006456,M04123,B05,P5,2025-02-23,Renewal,13500
PAY006318,M03273,B04,P1,2025-02-23,Renewal,1500
PAY006256,M01629,B02,P2,2025-02-23,Renewal,1100
PAY006311,M00442,B01,P1,2025-02-23,Renewal,1500
PAY006316,M02543,B03,P1,02/23/2025,Renewal,1500
PAY006406,M04193,B05,P3,2025-02-23,Renewal,4000
PAY001745,M01745,B02,P3,2025-02-23,New,4000
PAY000510,M00510,B01,P5,2025-02-23,New,13500
PAY006277,M04287,B05,P1,2025-02-23,Renewal,1500
PAY006332,M01381,B02,P2,2025-02-23,Renewal,1100
PAY003577,M03577,B04,P3,2025-02-23,New,4000
PAY006284,M00356,B01,P1,2025-02-23,Renewal,1500
PAY006179,M03182,B04,P1,2025-02-23,Renewal,1500
PAY006289,M01427,B02,P2,2025-02-23,Renewal,1100
PAY006557,M04138,B05,P1,2025-02-23,Renewal,1500
PAY006253,M01231,B02,P1,2025-02-23,Renewal,1500
PAY006112,M01232,B02,P1,2025-02-23,Renewal,1500
PAY006424,M02530,B03,P1,02/23/2025,Renewal,1500
PAY006445,M01413,B02,P4,2025-02-23,Renewal,7500
PAY006223,M00267,B01,P3,2025-02-23,Renewal,4000
PAY006357,M00106,B01,P1,2025-02-23,Renewal,1500
PAY006417,M01431,B02,P1,2025-02-23,Renewal,1500
PAY006190,M01279,B02,P1,2025-02-23,Renewal,1500
PAY006150,M03488,B04,P2,2025-02-23,Renewal,1100
PAY000522,M00522,B01,P1,2025-02-23,New,1500
PAY006536,M02733,B03,P1,02/23/2025,Renewal,1500
PAY000519,M00519,B01,P4,2025-02-23,New,7500
PAY000520,M00520,B01,P3,2025-02-23,New,4000
PAY006497,M00283,B01,P2,2025-02-23,Renewal,1100
PAY006402,M03521,B04,P2,2025-02-24,Renewal,1100
PAY004454,M04454,B05,P3,2025-02-24,New,4000
PAY006222,M00097,B01,P1,2025-02-24,Renewal,1500
PAY000528,M00528,B01,P5,2025-02-24,New,13500
PAY006293,M03251,B04,P1,2025-02-24,Renewal,1500
PAY006476,M00425,B01,P4,2025-02-24,Renewal,7500
PAY006215,M01571,B02,P1,2025-02-24,Renewal,1500
PAY002773,M02773,B03,P4,02/24/2025,New,7500
PAY006398,M03256,B04,P1,2025-02-24,Renewal,1500
PAY006439,M00420,B01,P1,2025-02-24,Renewal,1500
PAY006207,M00114,B01,P3,2025-02-24,Renewal,4000
PAY006192,M01423,B02,P1,2025-02-24,Renewal,1500
PAY000500,M00500,B01,P4,2025-02-24,New,7500
PAY006533,M02721,B03,P1,02/24/2025,Renewal,1500
PAY006197,M01684,B02,P1,2025-02-24,Renewal,1500
PAY006333,M01387,B02,P1,2025-02-24,Renewal,1500
PAY006529,M02588,B03,P2,02/24/2025,Renewal,1100
PAY003552,M03552,B04,P1,2025-02-24,New,1500
PAY000526,M00526,B01,P1,2025-02-24,New,1500
PAY002771,M02771,B03,P3,02/24/2025,New,4000
PAY006315,M01550,B02,P1,2025-02-24,Renewal,1500
PAY006239,M02706,B03,P2,02/24/2025,Renewal,1100
PAY006390,M01264,B02,P1,2025-02-24,Renewal,1500
PAY006543,M03236,B04,P1,2025-02-24,Renewal,1500
PAY006270,M03484,B04,P3,2025-02-24,Renewal,4000
PAY006355,M00037,B01,P1,2025-02-24,Renewal,1500
PAY006272,M04020,B05,P1,2025-02-24,Renewal,1500
PAY001758,M01758,B02,P3,2025-02-24,New,4000
PAY006506,M01304,B02,P3,2025-02-24,Renewal,4000
PAY006231,M01268,B02,P1,2025-02-24,Renewal,1500
PAY006345,M02731,B03,P5,02/24/2025,Renewal,13500
PAY006400,M03441,B04,P2,2025-02-24,Renewal,1100
PAY004456,M04456,B05,P2,2025-02-25,New,1100
PAY006504,M01205,B02,P1,2025-02-25,Renewal,1500
PAY006193,M01543,B02,P2,2025-02-25,Renewal,1100
PAY006168,M01425,B02,P2,2025-02-25,Renewal,1100
PAY006383,M04434,B05,P1,2025-02-25,Renewal,1500
PAY006459,M04292,B05,P1,2025-02-25,Renewal,1500
PAY006535,M02726,B03,P3,02/25/2025,Renewal,4000
PAY006328,M00107,B01,P3,2025-02-25,Renewal,4000
PAY003583,M03583,B04,P2,2025-02-25,New,1100
PAY006477,M00463,B01,P1,2025-02-25,Renewal,1500
PAY006581,M01399,B02,P4,2025-02-25,Renewal,7500
PAY003550,M03550,B04,P1,2025-02-25,New,1500
PAY006434,M04406,B05,P1,2025-02-25,Renewal,1500
PAY000494,M00494,B01,P3,2025-02-25,New,4000
PAY003564,M03564,B04,P4,2025-02-25,New,7500
PAY006568,M04375,B05,P1,2025-02-25,Renewal,1500
PAY003566,M03566,B04,P3,2025-02-25,New,4000
PAY006594,M00229,B01,P3,2025-02-25,Renewal,4000
PAY006586,M02643,B03,P2,02/25/2025,Renewal,1100
PAY006394,M02682,B03,P1,02/25/2025,Renewal,1500
PAY006360,M00256,B01,P5,2025-02-25,Renewal,13500
PAY006216,M02537,B03,P1,02/25/2025,Renewal,1500
PAY006292,M02673,B03,P3,02/25/2025,Renewal,4000
PAY001751,M01751,B02,P5,2025-02-25,New,13500
PAY006269,M03478,B04,P1,2025-02-25,Renewal,1500
PAY006212,M00423,B01,P1,2025-02-25,Renewal,1500
PAY006176,M03126,B04,P1,2025-02-25,Renewal,1500
PAY006304,M00050,B01,P1,2025-02-25,Renewal,1500
PAY006598,M01609,B02,P3,2025-02-25,Renewal,4000
PAY006175,M02624,B03,P2,02/25/2025,Renewal,1100
PAY006307,M00159,B01,P4,2025-02-25,Renewal,7500
PAY006337,M01617,B02,P3,2025-02-25,Renewal,4000
PAY006470,M04013,B05,P2,2025-02-25,Renewal,1100
PAY000512,M00512,B01,P2,2025-02-25,New,1100
PAY002766,M02766,B03,P4,02/25/2025,New,7500
PAY006446,M01601,B02,P1,2025-02-25,Renewal,1500
PAY006319,M03341,B04,P1,2025-02-26,Renewal,1500
PAY006385,M00061,B01,P4,2025-02-26,Renewal,7500
PAY006615,M01598,B02,P2,2025-02-26,Renewal,1100
PAY001763,M01763,B02,P1,2025-02-26,New,1500
PAY006275,M04269,B05,P3,2025-02-26,Renewal,4000
PAY001737,M01737,B02,P3,2025-02-26,New,4000
PAY006625,M03487,B04,P1,2025-02-26,Renewal,1500
PAY006238,M02642,B03,P1,02/26/2025,Renewal,1500
PAY006404,M04064,B05,P3,2025-02-26,Renewal,4000
PAY006342,M02661,B03,P1,02/26/2025,Renewal,1500
PAY006518,M01632,B02,P1,2025-02-26,Renewal,1500
PAY006553,M04010,B05,P3,2025-02-26,Renewal,4000
PAY004453,M04453,B05,P2,2025-02-26,New,1100
PAY000529,M00529,B01,P1,2025-02-26,New,1500
PAY006534,M02724,B03,P5,02/26/2025,Renewal,13500
PAY006203,M03194,B04,P2,2025-02-26,Renewal,1100
PAY006467,M03335,B04,P3,2025-02-26,Renewal,4000
PAY006308,M00204,B01,P3,2025-02-26,Renewal,4000
PAY006464,M01521,B02,P4,2025-02-26,Renewal,7500
PAY006579,M01297,B02,P4,2025-02-26,Renewal,7500
PAY006387,M00436,B01,P2,2025-02-26,Renewal,1100
PAY006341,M02603,B03,P2,02/26/2025,Renewal,1100
PAY006369,M02533,B03,P1,02/26/2025,Renewal,1500
PAY004469,M04469,B05,P4,2025-02-26,New,7500
PAY006349,M04114,B05,P3,2025-02-26,Renewal,4000
PAY006609,M00208,B01,P3,2025-02-26,Renewal,4000
PAY006213,M01269,B02,P1,2025-02-26,Renewal,1500
PAY006610,M00253,B01,P4,2025-02-26,Renewal,7500
PAY006479,M01326,B02,P2,2025-02-26,Renewal,1100
PAY006567,M04363,B05,P2,2025-02-26,Renewal,1100
PAY006397,M03223,B04,P2,2025-02-27,Renewal,1100
PAY006450,M02601,B03,P3,02/27/2025,Renewal,4000
PAY006548,M03479,B04,P2,2025-02-27,Renewal,1100
PAY006348,M03537,B04,P2,2025-02-27,Renewal,1100
PAY001753,M01753,B02,P1,2025-02-27,New,1500
PAY006395,M02695,B03,P4,02/27/2025,Renewal,7500
PAY006353,M04362,B05,P1,2025-02-27,Renewal,1500
PAY006515,M01572,B02,P1,2025-02-27,Renewal,1500
PAY006377,M04099,B05,P1,2025-02-27,Renewal,1500
PAY006339,M01698,B02,P1,2025-02-27,Renewal,1500
PAY006388,M00487,B01,P1,2025-02-27,Renewal,1500
PAY006317,M02629,B03,P3,02/27/2025,Renewal,4000
PAY006261,M02736,B03,P2,02/27/2025,Renewal,1100
PAY006262,M03206,B04,P3,2025-02-27,Renewal,4000
PAY006237,M02610,B03,P1,02/27/2025,Renewal,1500
PAY003555,M03555,B04,P4,2025-02-27,New,7500
PAY006233,M01536,B02,P2,2025-02-27,Renewal,1100
PAY006283,M00312,B01,P5,2025-02-27,Renewal,13500
PAY006474,M00237,B01,P1,2025-02-27,Renewal,1500
PAY006294,M03345,B04,P1,2025-02-27,Renewal,1500
PAY006297,M04188,B05,P3,2025-02-27,Renewal,4000
PAY006509,M01367,B02,P1,2025-02-27,Renewal,1500
PAY006528,M02568,B03,P1,02/27/2025,Renewal,1500
PAY000518,M00518,B01,P3,2025-02-27,New,4000
PAY006463,M01206,B02,P1,2025-02-27,Renewal,1500
PAY006242,M03320,B04,P2,2025-02-27,Renewal,1100
PAY006627,M04054,B05,P2,2025-02-27,Renewal,1100
PAY006499,M00341,B01,P2,2025-02-27,Renewal,1100
PAY006514,M01569,B02,P2,2025-02-27,Renewal,1100
PAY004458,M04458,B05,P5,2025-02-27,New,13500
PAY006524,M01701,B02,P1,2025-02-27,Renewal,1500
PAY004451,M04451,B05,P2,2025-02-27,New,1100
PAY006432,M04311,B05,P3,2025-02-28,Renewal,4000
PAY006638,M01234,B02,P3,2025-02-28,Renewal,4000
PAY006628,M04211,B05,P1,2025-02-28,Renewal,1500
PAY001732,M01732,B02,P3,2025-02-28,New,4000
PAY000525,M00525,B01,P3,2025-02-28,New,4000
PAY006539,M03110,B04,P1,2025-02-28,Renewal,1500
PAY006478,M01283,B02,P2,2025-02-28,Renewal,1100
PAY006595,M01285,B02,P1,2025-02-28,Renewal,1500
PAY001744,M01744,B02,P2,2025-02-28,New,1100
PAY006624,M03481,B04,P1,2025-02-28,Renewal,1500
PAY006425,M02654,B03,P3,02/28/2025,Renewal,4000
PAY006526,M02499,B03,P2,02/28/2025,Renewal,1100
PAY001743,M01743,B02,P5,2025-02-28,New,13500
PAY006246,M00085,B01,P1,2025-02-28,Renewal,1500
PAY004470,M04470,B05,P1,2025-02-28,New,1500
PAY006247,M00145,B01,P2,2025-02-28,Renewal,1100
PAY006350,M04190,B05,P3,2025-02-28,Renewal,4000
PAY006266,M03326,B04,P2,2025-02-28,Renewal,1100
PAY000508,M00508,B01,P4,2025-02-28,New,7500
PAY006343,M02670,B03,P1,02/28/2025,Renewal,1500
PAY006282,M00198,B01,P2,2025-02-28,Renewal,1100
PAY004445,M04445,B05,P1,2025-02-28,New,1500
PAY006416,M01319,B02,P2,2025-02-28,Renewal,1100
PAY006572,M00034,B01,P1,2025-02-28,Renewal,1500
PAY006412,M00269,B01,P3,2025-02-28,Renewal,4000
PAY006547,M03423,B04,P2,2025-02-28,Renewal,1100
PAY004457,M04457,B05,P2,2025-02-28,New,1100
PAY006375,M03413,B04,P1,2025-03-01,Renewal,1500
PAY006376,M04040,B05,P2,2025-03-01,Renewal,1100
PAY002793,M02793,B03,P4,03/01/2025,New,7500
PAY003614,M03614,B04,P1,2025-03-01,New,1500
PAY006313,M01277,B02,P1,2025-03-01,Renewal,1500
PAY006672,M02619,B03,P1,03/01/2025,Renewal,1500
PAY003598,M03598,B04,P2,2025-03-01,New,1100
PAY006521,M01669,B02,P1,2025-03-01,Renewal,1500
PAY006694,M01581,B02,P1,2025-03-01,Renewal,1500
PAY006574,M00153,B01,P1,2025-03-01,Renewal,1500
PAY006525,M01718,B02,P1,2025-03-01,Renewal,1500
PAY006606,M04125,B05,P1,2025-03-01,Renewal,1500
PAY006698,M02664,B03,P2,03/01/2025,Renewal,1100
PAY006401,M03443,B04,P1,2025-03-01,Renewal,1500
PAY006597,M01522,B02,P3,2025-03-01,Renewal,4000
PAY006296,M03969,B05,P1,2025-03-01,Renewal,1500
PAY001783,M01783,B02,P1,2025-03-01,New,1500
PAY006245,M00016,B01,P1,2025-03-01,Renewal,1500
PAY006537,M02735,B03,P1,03/01/2025,Renewal,1500
PAY006522,M01679,B02,P1,2025-03-01,Renewal,1500
PAY006426,M03159,B04,P3,2025-03-02,Renewal,4000
PAY006532,M02671,B03,P3,03/02/2025,Renewal,4000
PAY006389,M01262,B02,P1,2025-03-02,Renewal,1500
PAY006405,M04065,B05,P1,2025-03-02,Renewal,1500
PAY006493,M00151,B01,P1,2025-03-02,Renewal,1500
PAY006441,M01332,B02,P4,2025-03-02,Renewal,7500
PAY004514,M04514,B05,P1,2025-03-02,New,1500
PAY006699,M02684,B03,P1,03/02/2025,Renewal,1500
PAY006305,M00139,B01,P3,2025-03-02,Renewal,4000
PAY001794,M01794,B02,P1,2025-03-02,New,1500
PAY001820,M01820,B02,P4,2025-03-02,New,7500
PAY006602,M03350,B04,P2,2025-03-02,Renewal,1100
PAY006607,M00108,B01,P1,2025-03-02,Renewal,1500
PAY001808,M01808,B02,P5,2025-03-02,New,13500
PAY006382,M04395,B05,P1,2025-03-02,Renewal,1500
PAY006480,M01391,B02,P2,2025-03-02,Renewal,1100
PAY006622,M03397,B04,P1,2025-03-02,Renewal,1500
PAY000557,M00557,B01,P5,2025-03-02,New,13500
PAY006688,M00302,B01,P1,2025-03-02,Renewal,1500
PAY006503,M00488,B01,P1,2025-03-02,Renewal,1500
PAY006502,M00458,B01,P2,2025-03-02,Renewal,1100
PAY006633,M00336,B01,P2,2025-03-02,Renewal,1100
PAY006652,M04132,B05,P1,2025-03-02,Renewal,1500
PAY006655,M00180,B01,P5,2025-03-02,Renewal,13500
PAY006481,M01446,B02,P1,2025-03-02,Renewal,1500
PAY006585,M02607,B03,P2,03/02/2025,Renewal,1100
PAY004513,M04513,B05,P5,2025-03-02,New,13500
PAY006336,M01586,B02,P1,2025-03-02,Renewal,1500
PAY006370,M02630,B03,P1,03/02/2025,Renewal,1500
PAY006356,M00062,B01,P1,2025-03-02,Renewal,1500
PAY006354,M04384,B05,P1,2025-03-02,Renewal,1500
PAY006351,M04300,B05,P1,2025-03-02,Renewal,1500
PAY006447,M01704,B02,P1,2025-03-02,Renewal,1500
PAY006448,M02565,B03,P2,03/02/2025,Renewal,1100
PAY006582,M01544,B02,P1,2025-03-02,Renewal,1500
PAY006335,M01482,B02,P3,2025-03-02,Renewal,4000
PAY006334,M01406,B02,P2,2025-03-02,Renewal,1100
PAY006513,M01534,B02,P1,2025-03-02,Renewal,1500
PAY006555,M04050,B05,P2,2025-03-02,Renewal,1100
PAY003610,M03610,B04,P1,2025-03-02,New,1500
PAY003622,M03622,B04,P1,2025-03-02,New,1500
PAY006523,M01692,B02,P1,2025-03-02,Renewal,1500
PAY006510,M01432,B02,P1,2025-03-02,Renewal,1500
PAY006454,M03429,B04,P3,2025-03-02,Renewal,4000
PAY006520,M01650,B02,P1,2025-03-03,Renewal,1500
PAY006720,M04007,B05,P1,2025-03-03,Renewal,1500
PAY006475,M00383,B01,P4,2025-03-03,Renewal,7500
PAY006458,M04279,B05,P3,2025-03-03,Renewal,4000
PAY006444,M01409,B02,P2,2025-03-03,Renewal,1100
PAY006500,M00349,B01,P1,2025-03-03,Renewal,1500
PAY006719,M03417,B04,P3,2025-03-03,Renewal,4000
PAY006468,M03349,B04,P3,2025-03-03,Renewal,4000
PAY006378,M04122,B05,P1,2025-03-03,Renewal,1500
PAY006527,M02522,B03,P2,03/03/2025,Renewal,1100
PAY006668,M01721,B02,P1,2025-03-03,Renewal,1500
PAY006680,M04179,B05,P3,2025-03-03,Renewal,4000
PAY006687,M00236,B01,P3,2025-03-03,Renewal,4000
PAY006750,M04104,B05,P1,2025-03-03,Renewal,1500
PAY006616,M01716,B02,P1,2025-03-03,Renewal,1500
PAY000571,M00571,B01,P2,2025-03-03,New,1100
PAY000573,M00573,B01,P1,2025-03-03,New,1500
PAY006302,M00020,B01,P3,2025-03-03,Renewal,4000
PAY004509,M04509,B05,P1,2025-03-03,New,1500
PAY006701,M04058,B05,P4,2025-03-03,Renewal,7500
PAY006576,M00290,B01,P1,2025-03-03,Renewal,1500
PAY006707,M01426,B02,P2,2025-03-03,Renewal,1100
PAY006708,M01496,B02,P3,2025-03-03,Renewal,4000
PAY002779,M02779,B03,P5,03/03/2025,New,13500
PAY002788,M02788,B03,P3,03/03/2025,New,4000
PAY006551,M03983,B05,P1,2025-03-03,Renewal,1500
PAY006347,M03449,B04,P2,2025-03-03,Renewal,1100
PAY006368,M02519,B03,P1,03/03/2025,Renewal,1500
PAY006367,M01539,B02,P1,2025-03-03,Renewal,1500
PAY006545,M03385,B04,P1,2025-03-03,Renewal,1500
PAY006546,M03393,B04,P2,2025-03-03,Renewal,1100
PAY006358,M00118,B01,P1,2025-03-03,Renewal,1500
PAY006329,M00310,B01,P1,2025-03-03,Renewal,1500
PAY006531,M02655,B03,P1,03/03/2025,Renewal,1500
PAY006768,M03973,B05,P1,2025-03-04,Renewal,1500
PAY006689,M00381,B01,P1,2025-03-04,Renewal,1500
PAY006483,M01666,B02,P1,2025-03-04,Renewal,1500
PAY006749,M03492,B04,P1,2025-03-04,Renewal,1500
PAY006734,M01693,B02,P1,2025-03-04,Renewal,1500
PAY006614,M01405,B02,P3,2025-03-04,Renewal,4000
PAY006695,M01668,B02,P1,2025-03-04,Renewal,1500
PAY006600,M03198,B04,P3,2025-03-04,Renewal,4000
PAY006530,M02602,B03,P1,03/04/2025,Renewal,1500
PAY006381,M04379,B05,P1,2025-03-04,Renewal,1500
PAY006380,M04348,B05,P3,2025-03-04,Renewal,4000
PAY006508,M01336,B02,P2,2025-03-04,Renewal,1100
PAY006744,M02675,B03,P3,03/04/2025,Renewal,4000
PAY006591,M00081,B01,P5,2025-03-04,Renewal,13500
PAY006556,M04134,B05,P1,2025-03-04,Renewal,1500
PAY006495,M00221,B01,P1,2025-03-04,Renewal,1500
PAY006561,M04263,B05,P1,2025-03-04,Renewal,1500
PAY006562,M04286,B05,P2,2025-03-04,Renewal,1100
PAY002798,M02798,B03,P1,03/04/2025,New,1500
PAY006745,M03274,B04,P2,2025-03-04,Renewal,1100
PAY006431,M04306,B05,P3,2025-03-04,Renewal,4000
PAY006453,M03409,B04,P2,2025-03-04,Renewal,1100
PAY006702,M04059,B05,P3,2025-03-04,Renewal,4000
PAY006632,M00238,B01,P1,2025-03-05,Renewal,1500
PAY006592,M00134,B01,P1,2025-03-05,Renewal,1500
PAY006544,M03247,B04,P5,2025-03-05,Renewal,13500
PAY006588,M04005,B05,P1,2025-03-05,Renewal,1500
PAY006608,M00119,B01,P3,2025-03-05,Renewal,4000
PAY006696,M01734,B02,P1,2025-03-05,Renewal,1500
PAY006564,M04324,B05,P2,2025-03-05,Renewal,1100
PAY006722,M04307,B05,P2,2025-03-05,Renewal,1100
PAY000541,M00541,B01,P5,2025-03-05,New,13500
PAY006492,M00146,B01,P1,2025-03-05,Renewal,1500
PAY006419,M01567,B02,P1,2025-03-05,Renewal,1500
PAY006415,M01219,B02,P4,2025-03-05,Renewal,7500
PAY006410,M00094,B01,P2,2025-03-05,Renewal,1100
PAY006407,M04392,B05,P1,2025-03-05,Renewal,1500
PAY006393,M02589,B03,P1,03/05/2025,Renewal,1500
PAY006392,M01533,B02,P1,2025-03-05,Renewal,1500
PAY006384,M00026,B01,P2,2025-03-05,Renewal,1100
PAY006373,M03165,B04,P5,2025-03-05,Renewal,13500
PAY002799,M02799,B03,P1,03/05/2025,New,1500
PAY002795,M02795,B03,P1,03/05/2025,New,1500
PAY006787,M04262,B05,P1,2025-03-05,Renewal,1500
PAY001811,M01811,B02,P3,2025-03-05,New,4000
PAY000560,M00560,B01,P1,2025-03-05,New,1500
PAY000558,M00558,B01,P1,2025-03-05,New,1500
PAY000555,M00555,B01,P3,2025-03-05,New,4000
PAY006428,M03322,B04,P1,2025-03-05,Renewal,1500
PAY006436,M00058,B01,P2,2025-03-05,Renewal,1100
PAY004480,M04480,B05,P4,2025-03-05,New,7500
PAY006662,M00498,B01,P1,2025-03-05,Renewal,1500
PAY006783,M02628,B03,P2,03/06/2025,Renewal,1100
PAY004494,M04494,B05,P4,2025-03-06,New,7500
PAY006735,M01723,B02,P1,2025-03-06,Renewal,1500
PAY001802,M01802,B02,P5,2025-03-06,New,13500
PAY006501,M00428,B01,P1,2025-03-06,Renewal,1500
PAY006549,M03493,B04,P1,2025-03-06,Renewal,1500
PAY006550,M03970,B05,P1,2025-03-06,Renewal,1500
PAY003603,M03603,B04,P3,2025-03-06,New,4000
PAY006552,M03994,B05,P1,2025-03-06,Renewal,1500
PAY006693,M01564,B02,P3,2025-03-06,Renewal,4000
PAY006603,M03432,B04,P1,2025-03-06,Renewal,1500
PAY006809,M04226,B05,P1,2025-03-06,Renewal,1500
PAY006558,M04170,B05,P1,2025-03-06,Renewal,1500
PAY006559,M04176,B05,P3,2025-03-06,Renewal,4000
PAY006596,M01478,B02,P1,2025-03-06,Renewal,1500
PAY006803,M03203,B04,P3,2025-03-06,Renewal,4000
PAY006593,M00226,B01,P1,2025-03-06,Renewal,1500
PAY001775,M01775,B02,P3,2025-03-06,New,4000
PAY006565,M04332,B05,P2,2025-03-06,Renewal,1100
PAY003618,M03618,B04,P1,2025-03-06,New,1500
PAY006601,M03240,B04,P1,2025-03-06,Renewal,1500
PAY006486,M03343,B04,P1,2025-03-06,Renewal,1500
PAY000566,M00566,B01,P1,2025-03-06,New,1500
PAY006682,M04338,B05,P1,2025-03-06,Renewal,1500
PAY006764,M02605,B03,P2,03/06/2025,Renewal,1100
PAY006760,M01524,B02,P3,2025-03-06,Renewal,4000
PAY006471,M04326,B05,P1,2025-03-06,Renewal,1500
PAY006414,M01162,B02,P3,2025-03-06,Renewal,4000
PAY006679,M04175,B05,P3,2025-03-06,Renewal,4000
PAY006449,M02578,B03,P2,03/06/2025,Renewal,1100
PAY006775,M00361,B01,P4,2025-03-06,Renewal,7500
PAY006496,M00257,B01,P3,2025-03-06,Renewal,4000
PAY006498,M00318,B01,P1,2025-03-06,Renewal,1500
PAY000562,M00562,B01,P1,2025-03-06,New,1500
PAY006772,M00101,B01,P1,2025-03-06,Renewal,1500
PAY006391,M01371,B02,P2,2025-03-06,Renewal,1100
PAY006435,M00044,B01,P1,2025-03-06,Renewal,1500
PAY006732,M01395,B02,P4,2025-03-06,Renewal,7500
PAY006690,M00427,B01,P1,2025-03-06,Renewal,1500
PAY006671,M02494,B03,P3,03/07/2025,Renewal,4000
PAY006618,M02650,B03,,03/07/2025,Renewal,1500
PAY006657,M00201,B01,P2,2025-03-07,Renewal,1100
PAY006461,M00135,B01,P2,2025-03-07,Renewal,1100
PAY004510,M04510,B05,P4,2025-03-07,New,7500
PAY004519,M04519,B05,P1,2025-03-07,New,1500
PAY006488,M04043,B05,P1,2025-03-07,Renewal,1500
PAY000532,M00532,B01,P1,2025-03-07,New,1500
PAY006637,M01192,B02,P1,2025-03-07,Renewal,1500
PAY006635,M00453,B01,P1,2025-03-07,Renewal,1500
PAY006489,M04221,B05,P2,2025-03-07,Renewal,1100
PAY001805,M01805,B02,P3,2025-03-07,New,4000
PAY006612,M01163,B02,P3,2025-03-07,Renewal,4000
PAY000567,M00567,B01,P2,2025-03-07,New,1100
PAY006621,M03202,B04,P3,2025-03-07,Renewal,4000
PAY006766,M02620,B03,P3,03/07/2025,Renewal,4000
PAY004491,M04491,B05,P1,2025-03-07,New,1500
PAY006460,M04397,B05,P2,2025-03-07,Renewal,1100
PAY006422,M01645,B02,P1,2025-03-07,Renewal,1500
PAY006560,M04204,B05,P2,2025-03-07,Renewal,1100
PAY006466,M03239,B04,P2,2025-03-07,Renewal,1100
PAY006473,M00157,B01,P2,2025-03-07,Renewal,1100
PAY006437,M00272,B01,P1,2025-03-07,Renewal,1500
PAY006482,M01624,B02,P3,2025-03-07,Renewal,4000
PAY006505,M01208,B02,P1,2025-03-07,Renewal,1500
PAY006420,M01635,B02,P1,2025-03-07,Renewal,1500
PAY006542,M03231,B04,P1,2025-03-07,Renewal,1500
PAY006485,M03218,B04,P1,2025-03-07,Renewal,1500
PAY003600,M03600,B04,P3,2025-03-07,New,4000
PAY006737,M01762,B02,P4,2025-03-07,Renewal,7500
PAY002794,M02794,B03,P2,03/08/2025,New,1100
PAY006784,M03213,B04,P5,2025-03-08,Renewal,13500
PAY006507,M01330,B02,P1,2025-03-08,Renewal,1500
PAY006538,M02747,B03,P1,03/08/2025,Renewal,1500
PAY000565,M00565,B01,P4,2025-03-08,New,7500
PAY006815,M01303,B02,P1,2025-03-08,Renewal,1500
PAY006487,M04014,B05,P1,2025-03-08,Renewal,1500
PAY006786,M04208,B05,P2,2025-03-08,Renewal,1100
PAY006584,M02587,B03,P3,03/08/2025,Renewal,4000
PAY006540,M03113,B04,P2,2025-03-08,Renewal,1100
PAY006451,M03175,B04,P5,2025-03-08,Renewal,13500
PAY006589,M04115,B05,P2,2025-03-08,Renewal,1100
PAY006443,M01363,B02,P4,2025-03-08,Renewal,7500
PAY004515,M04515,B05,P5,2025-03-08,New,13500
PAY006442,M01342,B02,P4,2025-03-08,Renewal,7500
PAY006438,M00300,B01,P2,2025-03-08,Renewal,1100
PAY004503,M04503,B05,P4,2025-03-08,New,7500
PAY006659,M00415,B01,P1,2025-03-08,Renewal,1500
PAY006771,M00049,B01,P1,2025-03-08,Renewal,1500
PAY006840,M01552,B02,P1,2025-03-09,Renewal,1500
PAY006654,M04327,B05,P1,2025-03-09,Renewal,1500
PAY000545,M00545,B01,P1,2025-03-09,New,1500
PAY006636,M00505,B01,P2,2025-03-09,Renewal,1100
PAY006642,M01424,B02,P1,2025-03-09,Renewal,1500
PAY006753,M04446,B05,P1,2025-03-09,Renewal,1500
PAY006639,M01243,B02,P2,2025-03-09,Renewal,1100
PAY006465,M02704,B03,P3,03/09/2025,Renewal,4000
PAY006630,M04461,B05,P1,2025-03-09,Renewal,1500
PAY006761,M01720,B02,P1,2025-03-09,Renewal,1500
PAY006723,M00082,B01,P5,2025-03-09,Renewal,13500
PAY006646,M02715,B03,P2,03/09/2025,Renewal,1100
PAY006681,M04294,B05,P2,2025-03-09,Renewal,1100
PAY001800,M01800,B02,P3,2025-03-09,New,4000
PAY006571,M04429,B05,P2,2025-03-09,Renewal,1100
PAY000563,M00563,B01,P5,2025-03-09,New,13500
PAY004485,M04485,B05,P3,2025-03-09,New,4000
PAY006566,M04354,B05,P2,2025-03-09,Renewal,1100
PAY006703,M04385,B05,P1,2025-03-09,Renewal,1500
PAY002792,M02792,B03,,03/09/2025,New,13500
PAY000572,M00572,B01,P1,2025-03-09,New,1500
PAY006793,M00178,B01,P1,2025-03-09,Renewal,1500
PAY004501,M04501,B05,P5,2025-03-09,New,13500
PAY006741,M02600,B03,P2,03/09/2025,Renewal,1100
PAY006792,M00168,B01,P1,2025-03-09,Renewal,1500
PAY002787,M02787,B03,P5,03/09/2025,New,13500
PAY006816,M01411,B02,P5,2025-03-09,Renewal,13500
PAY002782,M02782,B03,P5,03/09/2025,New,13500
PAY006697,M02496,B03,P4,03/09/2025,Renewal,7500
PAY006785,M03400,B04,P4,2025-03-09,Renewal,7500
PAY006725,M00133,B01,P3,2025-03-09,Renewal,4000
PAY006573,M00039,B01,P2,2025-03-09,Renewal,1100
PAY006575,M00177,B01,P1,2025-03-09,Renewal,1500
PAY006569,M04387,B05,P2,2025-03-09,Renewal,1100
PAY006718,M03369,B04,P3,2025-03-10,Renewal,4000
PAY006704,M00252,B01,P3,2025-03-10,Renewal,4000
PAY006674,M03333,B04,P1,2025-03-10,Renewal,1500
PAY006677,M03576,B04,P1,2025-03-10,Renewal,1500
PAY006776,M00524,B01,P1,2025-03-10,Renewal,1500
PAY006748,M03401,B04,P3,2025-03-10,Renewal,4000
PAY006700,M03246,B04,P2,2025-03-10,Renewal,1100
PAY006712,M02508,B03,P1,03/10/2025,Renewal,1500
PAY006805,M03535,B04,P2,2025-03-10,Renewal,1100
PAY006808,M04133,B05,P2,2025-03-10,Renewal,1100
PAY006756,M01265,B02,P1,2025-03-10,Renewal,1500
PAY006755,M00029,B01,P1,2025-03-10,Renewal,1500
PAY006791,M00141,B01,P1,2025-03-10,Renewal,1500
PAY006779,M01385,B02,P5,2025-03-10,Renewal,13500
PAY006691,M01402,B02,P3,2025-03-10,Renewal,4000
PAY006826,M04217,B05,P1,2025-03-10,Renewal,1500
PAY006746,M03307,B04,P1,2025-03-10,Renewal,1500
PAY006739,M02541,B03,P2,03/10/2025,Renewal,1100
PAY006878,M01313,B02,P4,2025-03-10,Renewal,7500
PAY006617,M02540,B03,P1,03/10/2025,Renewal,1500
PAY006519,M01642,B02,P1,2025-03-10,Renewal,1500
PAY006490,M00031,B01,P1,2025-03-10,Renewal,1500
PAY006563,M04320,B05,P1,2025-03-10,Renewal,1500
PAY006577,M00521,B01,P1,2025-03-10,Renewal,1500
PAY006580,M01380,B02,P4,2025-03-10,Renewal,7500
PAY004492,M04492,B05,P1,2025-03-10,New,1500
PAY006599,M02512,B03,P2,03/10/2025,Renewal,1100
PAY006605,M04103,B05,P1,2025-03-10,Renewal,1500
PAY006611,M00303,B01,P2,2025-03-10,Renewal,1100
PAY006864,M01621,B02,P3,2025-03-10,Renewal,4000
PAY006517,M01616,B02,P2,2025-03-10,Renewal,1100
PAY000559,M00559,B01,P1,2025-03-10,New,1500
PAY006869,M02757,B03,P1,03/10/2025,Renewal,1500
PAY006623,M03476,B04,P1,2025-03-10,Renewal,1500
PAY006626,M04035,B05,P1,2025-03-10,Renewal,1500
PAY006516,M01614,B02,P1,2025-03-10,Renewal,1500
PAY003608,M03608,B04,P4,2025-03-10,New,7500
PAY000551,M00551,B01,P2,2025-03-10,New,1100
PAY006875,M04367,B05,P1,2025-03-10,Renewal,1500
PAY006889,M03312,B04,P3,2025-03-10,Renewal,4000
PAY003617,M03617,B04,P3,2025-03-10,New,4000
PAY002785,M02785,B03,P1,03/10/2025,New,1500
PAY000540,M00540,B01,P1,2025-03-10,New,1500
PAY003596,M03596,B04,P4,2025-03-10,New,7500
PAY006870,M03210,B04,P4,2025-03-11,Renewal,7500
PAY006511,M01466,B02,P2,2025-03-11,Renewal,1100
PAY006494,M00203,B01,P1,2025-03-11,Renewal,1500
PAY006491,M00060,B01,P1,2025-03-11,Renewal,1500
PAY002789,M02789,B03,P1,03/11/2025,New,1500
PAY002802,M02802,B03,P1,03/11/2025,New,1500
PAY004477,M04477,B05,P4,2025-03-11,New,7500
PAY006900,M01165,B02,P1,2025-03-11,Renewal,1500
PAY004481,M04481,B05,P3,2025-03-11,New,4000
PAY006742,M02612,B03,P5,03/11/2025,Renewal,13500
PAY004496,M04496,B05,P4,2025-03-11,New,7500
PAY006774,M00338,B01,P1,2025-03-11,Renewal,1500
PAY004508,M04508,B05,P3,2025-03-11,New,4000
PAY000548,M00548,B01,P4,2025-03-11,New,7500
PAY006762,M02489,B03,P1,03/11/2025,Renewal,1500
PAY006752,M04373,B05,P2,2025-03-11,Renewal,1100
PAY006759,M01489,B02,P2,2025-03-11,Renewal,1100
PAY006916,M04272,B05,P2,2025-03-11,Renewal,1100
PAY006733,M01594,B02,P1,2025-03-11,Renewal,1500
PAY003611,M03611,B04,P1,2025-03-11,New,1500
PAY006716,M03170,B04,P3,2025-03-11,Renewal,4000
PAY006678,M04105,B05,P2,2025-03-11,Renewal,1100
PAY006512,M01513,B02,P1,2025-03-11,Renewal,1500
PAY006645,M01655,B02,P1,2025-03-11,Renewal,1500
PAY001792,M01792,B02,P1,2025-03-11,New,1500
PAY001788,M01788,B02,P1,2025-03-11,New,1500
PAY001801,M01801,B02,P4,2025-03-11,New,7500
PAY006850,M03340,B04,P1,2025-03-11,Renewal,1500
PAY006590,M00078,B01,P3,2025-03-11,Renewal,4000
PAY006587,M03264,B04,P1,2025-03-11,Renewal,1500
PAY006665,M01322,B02,P1,2025-03-11,Renewal,1500
PAY006578,M01286,B02,P4,2025-03-11,Renewal,7500
PAY006663,M01256,B02,P2,2025-03-11,Renewal,1100
PAY006541,M03185,B04,P4,2025-03-11,Renewal,7500
PAY006570,M04411,B05,P1,2025-03-11,Renewal,1500
PAY006710,M01730,B02,P1,2025-03-11,Renewal,1500
PAY006583,M01722,B02,P2,2025-03-11,Renewal,1100
PAY001798,M01798,B02,P3,2025-03-12,New,4000
PAY006664,M01276,B02,P1,2025-03-12,Renewal,1500
PAY006782,M01731,B02,P2,2025-03-12,Renewal,1100
PAY001799,M01799,B02,P4,2025-03-12,New,7500
PAY006915,M04266,B05,P1,2025-03-12,Renewal,1500
PAY000530,M00530,B01,P2,2025-03-12,New,1100
PAY006926,M01733,B02,P1,2025-03-12,Renewal,1500
PAY006798,M01284,B02,P1,2025-03-12,Renewal,1500
PAY006824,M04070,B05,P3,2025-03-12,Renewal,4000
PAY006935,M04297,B05,P1,2025-03-12,Renewal,1500
PAY006796,M01168,B02,P1,2025-03-12,Renewal,1500
PAY006910,M03299,B04,P3,2025-03-12,Renewal,4000
PAY006859,M01221,B02,P1,2025-03-12,Renewal,1500
PAY000564,M00564,B01,P1,2025-03-12,New,1500
PAY006676,M03563,B04,P5,2025-03-12,Renewal,13500
PAY006882,M01487,B02,P3,2025-03-12,Renewal,4000
PAY006715,M03156,B04,P2,2025-03-12,Renewal,1100
PAY006648,M03250,B04,P2,2025-03-12,Renewal,1100
PAY006711,M01756,B02,P1,2025-03-12,Renewal,1500
PAY000552,M00552,B01,P2,2025-03-12,New,1100
PAY006644,M01527,B02,P3,2025-03-12,Renewal,4000
PAY006874,M04281,B05,P1,2025-03-12,Renewal,1500
PAY006844,M01760,B02,P1,2025-03-12,Renewal,1500
PAY006619,M02718,B03,P1,03/12/2025,Renewal,1500
PAY000544,M00544,B01,P1,2025-03-12,New,1500
PAY001780,M01780,B02,P4,2025-03-12,New,7500
PAY006836,M00469,B01,P1,2025-03-12,Renewal,1500
PAY006848,M02768,B03,P5,03/12/2025,Renewal,13500
PAY004479,M04479,B05,P3,2025-03-12,New,4000
PAY003588,M03588,B04,P1,2025-03-12,New,1500
PAY006819,M01755,B02,P1,2025-03-13,Renewal,1500
PAY006822,M03380,B04,P3,2025-03-13,Renewal,4000
PAY006823,M03450,B04,P3,2025-03-13,Renewal,4000
PAY006857,M00375,B01,P1,2025-03-13,Renewal,1500
PAY006858,M00462,B01,P2,2025-03-13,Renewal,1100
PAY006660,M00443,B01,P1,2025-03-13,Renewal,1500
PAY006934,M04278,B05,P1,2025-03-13,Renewal,1500
PAY006658,M00409,B01,P1,2025-03-13,Renewal,1500
PAY006653,M04268,B05,P1,2025-03-13,Renewal,1500
PAY006651,M03519,B04,P3,2025-03-13,Renewal,4000
PAY006649,M03295,B04,P1,2025-03-13,Renewal,1500
PAY006647,M03132,B04,P2,2025-03-13,Renewal,1100
PAY006643,M01486,B02,P3,2025-03-13,Renewal,4000
PAY006629,M04267,B05,P3,2025-03-13,Renewal,4000
PAY006620,M02763,B03,P2,03/13/2025,Renewal,1100
PAY006692,M01503,B02,P3,2025-03-13,Renewal,4000
PAY006613,M01298,B02,P1,2025-03-13,Renewal,1500
PAY006604,M04012,B05,P1,2025-03-13,Renewal,1500
PAY006706,M01373,B02,P3,2025-03-13,Renewal,4000
PAY006738,M02502,B03,P4,03/13/2025,Renewal,7500
PAY006661,M00485,B01,P1,2025-03-13,Renewal,1500
PAY006754,M04472,B05,P2,2025-03-13,Renewal,1100
PAY006898,M00477,B01,P1,2025-03-13,Renewal,1500
PAY006899,M00478,B01,P1,2025-03-13,Renewal,1500
PAY006781,M01636,B02,P1,2025-03-13,Renewal,1500
PAY006917,M04347,B05,P3,2025-03-13,Renewal,4000
PAY006807,M04008,B05,P1,2025-03-13,Renewal,1500
PAY004517,M04517,B05,P5,2025-03-13,New,13500
PAY006806,M03988,B05,P4,2025-03-13,Renewal,7500
PAY000553,M00553,B01,P3,2025-03-13,New,4000
PAY001796,M01796,B02,P1,2025-03-13,New,1500
PAY002800,M02800,B03,P3,03/13/2025,New,4000
PAY001790,M01790,B02,P2,2025-03-13,New,1100
PAY003599,M03599,B04,P1,2025-03-13,New,1500
PAY006788,M04343,B05,P3,2025-03-14,Renewal,4000
PAY006790,M00018,B01,P4,2025-03-14,Renewal,7500
PAY006985,M04315,B05,P3,2025-03-14,Renewal,4000
PAY001804,M01804,B02,P1,2025-03-14,New,1500
PAY006669,M01724,B02,P1,2025-03-14,Renewal,1500
PAY006956,M00027,B01,P1,2025-03-14,Renewal,1500
PAY006810,M04334,B05,P1,2025-03-14,Renewal,1500
PAY006811,M00359,B01,P4,2025-03-14,Renewal,7500
PAY006948,M04039,B05,P4,2025-03-14,Renewal,7500
PAY002804,M02804,B03,P4,03/14/2025,New,7500
PAY006837,M01215,B02,P4,2025-03-14,Renewal,7500
PAY006838,M01229,B02,P4,2025-03-14,Renewal,7500
PAY006925,M01658,B02,P1,2025-03-14,Renewal,1500
PAY000542,M00542,B01,P3,2025-03-14,New,4000
PAY000546,M00546,B01,P4,2025-03-14,New,7500
PAY006888,M01772,B02,P1,2025-03-14,Renewal,1500
PAY006641,M01415,B02,P3,2025-03-14,Renewal,4000
PAY006685,M00089,B01,P2,2025-03-14,Renewal,1100
PAY000550,M00550,B01,P1,2025-03-14,New,1500
PAY006631,M04466,B05,P3,2025-03-14,Renewal,4000
PAY006729,M00390,B01,P2,2025-03-14,Renewal,1100
PAY006767,M02666,B03,P3,03/14/2025,Renewal,4000
PAY006777,M01343,B02,P1,2025-03-14,Renewal,1500
PAY006634,M00444,B01,P1,2025-03-14,Renewal,1500
PAY002781,M02781,B03,P2,03/14/2025,New,1100
PAY006770,M04462,B05,P2,2025-03-14,Renewal,1100
PAY006717,M03306,B04,P4,2025-03-14,Renewal,7500
PAY006731,M01196,B02,P1,2025-03-14,Renewal,1500
PAY006773,M00258,B01,P2,2025-03-14,Renewal,1100
PAY003589,M03589,B04,P1,2025-03-14,New,1500
PAY001797,M01797,B02,P3,2025-03-14,New,4000
PAY006930,M03279,B04,P4,2025-03-15,Renewal,7500
PAY000531,M00531,B01,P4,2025-03-15,New,7500
PAY006835,M00407,B01,P1,2025-03-15,Renewal,1500
PAY001776,M01776,B02,P2,2025-03-15,New,1100
PAY006758,M01369,B02,P2,2025-03-15,Renewal,1100
PAY006949,M04163,B05,P1,2025-03-15,Renewal,1500
PAY006820,M02491,B03,P4,03/15/2025,Renewal,7500
PAY006747,M03347,B04,P3,2025-03-15,Renewal,4000
PAY006818,M01604,B02,P1,2025-03-15,Renewal,1500
PAY006656,M00192,B01,P1,2025-03-15,Renewal,1500
PAY006839,M01308,B02,P1,2025-03-15,Renewal,1500
PAY004505,M04505,B05,P1,2025-03-15,New,1500
PAY006905,M01713,B02,P1,2025-03-15,Renewal,1500
PAY006650,M03444,B04,P3,2025-03-15,Renewal,4000
PAY006667,M01573,B02,P1,2025-03-15,Renewal,1500
PAY007005,M03424,B04,P2,2025-03-15,Renewal,1100
PAY006705,M00431,B01,P1,2025-03-15,Renewal,1500
PAY006868,M02609,B03,P1,03/15/2025,Renewal,1500
PAY006684,M00065,B01,P2,2025-03-15,Renewal,1100
PAY006640,M01274,B02,P2,2025-03-15,Renewal,1100
PAY006789,M04370,B05,P3,2025-03-15,Renewal,4000
PAY003605,M03605,B04,P1,2025-03-15,New,1500
PAY006675,M03374,B04,P2,2025-03-15,Renewal,1100
PAY006971,M03452,B04,P1,2025-03-15,Renewal,1500
PAY006965,M01759,B02,P1,2025-03-15,Renewal,1500
PAY006958,M00262,B01,P3,2025-03-15,Renewal,4000
PAY006670,M01725,B02,P2,2025-03-15,Renewal,1100
PAY006721,M04192,B05,P1,2025-03-15,Renewal,1500
PAY006973,M03575,B04,P2,2025-03-15,Renewal,1100
PAY006845,M02545,B03,P3,03/15/2025,Renewal,4000
PAY000539,M00539,B01,P2,2025-03-16,New,1100
PAY006884,M01648,B02,P1,2025-03-16,Renewal,1500
PAY006879,M01335,B02,P3,2025-03-16,Renewal,4000
PAY006892,M04468,B05,P1,2025-03-16,Renewal,1500
PAY007009,M04423,B05,P1,2025-03-16,Renewal,1500
PAY006923,M01312,B02,P5,2025-03-16,Renewal,13500
PAY006931,M03466,B04,P5,2025-03-16,Renewal,13500
PAY006932,M03565,B04,P2,2025-03-16,Renewal,1100
PAY006941,M00489,B01,P1,2025-03-16,Renewal,1500
PAY006952,M04365,B05,P1,2025-03-16,Renewal,1500
PAY004497,M04497,B05,P3,2025-03-16,New,4000
PAY003597,M03597,B04,P1,2025-03-16,New,1500
PAY006959,M00369,B01,P4,2025-03-16,Renewal,7500
PAY007037,M04340,B05,P3,2025-03-16,Renewal,4000
PAY006998,M02544,B03,P3,03/16/2025,Renewal,4000
PAY001795,M01795,B02,P4,2025-03-16,New,7500
PAY006957,M00076,B01,P1,2025-03-16,Renewal,1500
PAY006726,M00140,B01,P3,2025-03-16,Renewal,4000
PAY006871,M03261,B04,P3,2025-03-16,Renewal,4000
PAY006736,M01748,B02,P1,2025-03-16,Renewal,1500
PAY006751,M04191,B05,P2,2025-03-16,Renewal,1100
PAY006757,M01356,B02,P1,2025-03-16,Renewal,1500
PAY006724,M00091,B01,P3,2025-03-16,Renewal,4000
PAY006714,M03111,B04,P3,2025-03-16,Renewal,4000
PAY006709,M01553,B02,P3,2025-03-16,Renewal,4000
PAY006686,M00111,B01,P3,2025-03-16,Renewal,4000
PAY006683,M00046,B01,P3,2025-03-16,Renewal,4000
PAY006797,M01259,B02,P2,2025-03-16,Renewal,1100
PAY006673,M03190,B04,P1,2025-03-16,Renewal,1500
PAY006802,M03145,B04,P1,2025-03-16,Renewal,1500
PAY006666,M01437,B02,P1,2025-03-16,Renewal,1500
PAY006827,M04329,B05,P1,2025-03-16,Renewal,1500
PAY001815,M01815,B02,P2,2025-03-16,New,1100
PAY002801,M02801,B03,P3,03/16/2025,New,4000
PAY004518,M04518,B05,P4,2025-03-16,New,7500
PAY001813,M01813,B02,P4,2025-03-16,New,7500
PAY000554,M00554,B01,P3,2025-03-16,New,4000
PAY004478,M04478,B05,P1,2025-03-17,New,1500
PAY006713,M02515,B03,P1,03/17/2025,Renewal,1500
PAY007038,M04382,B05,P3,2025-03-17,Renewal,4000
PAY007007,M04090,B05,P3,2025-03-17,Renewal,4000
PAY006887,M01771,B02,P5,2025-03-17,Renewal,13500
PAY006865,M01735,B02,P1,2025-03-17,Renewal,1500
PAY006984,M04302,B05,P3,2025-03-17,Renewal,4000
PAY006765,M02608,B03,P1,03/17/2025,Renewal,1500
PAY006763,M02546,B03,P1,03/17/2025,Renewal,1500
PAY001786,M01786,B02,P1,2025-03-17,New,1500
PAY006813,M01254,B02,P3,2025-03-17,Renewal,4000
PAY004504,M04504,B05,P1,2025-03-17,New,1500
PAY006795,M01161,B02,P1,2025-03-17,Renewal,1500
PAY007020,M01622,B02,P1,2025-03-17,Renewal,1500
PAY006946,M01769,B02,P1,2025-03-17,Renewal,1500
PAY006847,M02738,B03,P1,03/17/2025,Renewal,1500
PAY000536,M00536,B01,P4,2025-03-17,New,7500
PAY006876,M00360,B01,P1,2025-03-17,Renewal,1500
PAY006828,M04450,B05,P5,2025-03-17,Renewal,13500
PAY006906,M02727,B03,P1,03/17/2025,Renewal,1500
PAY006920,M00309,B01,P1,2025-03-17,Renewal,1500
PAY001803,M01803,B02,P3,2025-03-17,New,4000
PAY006829,M00006,B01,P1,2025-03-17,Renewal,1500
PAY006730,M00491,B01,P2,2025-03-17,Renewal,1100
PAY006833,M00296,B01,P1,2025-03-17,Renewal,1500
PAY006728,M00376,B01,P1,2025-03-18,Renewal,1500
PAY007041,M00317,B01,P4,2025-03-18,Renewal,7500
PAY006743,M02640,B03,P5,03/18/2025,Renewal,13500
PAY006740,M02547,B03,P5,03/18/2025,Renewal,13500
PAY007083,M04287,B05,P1,2025-03-18,Renewal,1500
PAY006880,M01353,B02,P2,2025-03-18,Renewal,1100
PAY003585,M03585,B04,P5,2025-03-18,New,13500
PAY007026,M03153,B04,P1,2025-03-18,Renewal,1500
PAY007047,M01488,B02,P1,2025-03-18,Renewal,1500
PAY006727,M00185,B01,P2,2025-03-18,Renewal,1100
PAY006911,M03317,B04,P3,2025-03-18,Renewal,4000
PAY006800,M02716,B03,P3,03/18/2025,Renewal,4000
PAY006843,M01719,B02,P2,2025-03-18,Renewal,1100
PAY006825,M04159,B05,P4,2025-03-18,Renewal,7500
PAY006817,M01558,B02,P3,2025-03-18,Renewal,4000
PAY006812,M00372,B01,P4,2025-03-18,Renewal,7500
PAY006849,M03308,B04,P1,2025-03-18,Renewal,1500
PAY007025,M02567,B03,P1,03/18/2025,Renewal,1500
PAY006969,M03277,B04,P3,2025-03-18,Renewal,4000
PAY007016,M00353,B01,P1,2025-03-18,Renewal,1500
PAY006872,M03269,B04,P3,2025-03-18,Renewal,4000
PAY006909,M03148,B04,P4,2025-03-18,Renewal,7500
PAY006778,M01360,B02,P2,2025-03-18,Renewal,1100
PAY006854,M04224,B05,P3,2025-03-18,Renewal,4000
PAY007087,M00526,B01,P1,2025-03-19,Renewal,1500
PAY007036,M04313,B05,P1,2025-03-19,Renewal,1500
PAY006907,M02767,B03,P1,03/19/2025,Renewal,1500
PAY006929,M03238,B04,P1,2025-03-19,Renewal,1500
PAY006936,M04415,B05,P1,2025-03-19,Renewal,1500
PAY006821,M02598,B03,P1,03/19/2025,Renewal,1500
PAY001791,M01791,B02,P3,2025-03-19,New,4000
PAY000549,M00549,B01,P3,2025-03-19,New,4000
PAY003587,M03587,B04,P1,2025-03-19,New,1500
PAY006804,M03462,B04,P1,2025-03-19,Renewal,1500
PAY006794,M00282,B01,P3,2025-03-19,Renewal,4000
PAY006853,M04218,B05,P4,2025-03-19,Renewal,7500
PAY007073,M01427,B02,P2,2025-03-19,Renewal,1100
PAY006769,M04196,B05,P3,2025-03-19,Renewal,4000
PAY006883,M01647,B02,P1,2025-03-19,Renewal,1500
PAY006866,M02574,B03,P2,03/19/2025,Renewal,1100
PAY007019,M01294,B02,P3,2025-03-19,Renewal,4000
PAY006994,M01388,B02,P3,2025-03-19,Renewal,4000
PAY004490,M04490,B05,P5,2025-03-19,New,13500
PAY003606,M03606,B04,P1,2025-03-19,New,1500
PAY004487,M04487,B05,P4,2025-03-19,New,7500
PAY001807,M01807,B02,P4,2025-03-20,New,7500
PAY006954,M04464,B05,P1,2025-03-20,Renewal,1500
PAY002778,M02778,B03,P1,03/20/2025,New,1500
PAY006877,M00416,B01,P3,2025-03-20,Renewal,4000
PAY000570,M00570,B01,P1,2025-03-20,New,1500
PAY004476,M04476,B05,P3,2025-03-20,New,4000
PAY006851,M03527,B04,P1,2025-03-20,Renewal,1500
PAY006895,M00144,B01,P2,2025-03-20,Renewal,1100
PAY007004,M03377,B04,P1,2025-03-20,Renewal,1500
PAY007002,M03323,B04,P5,2025-03-20,Renewal,13500
PAY007066,M00442,B01,P1,2025-03-20,Renewal,1500
PAY007028,M03381,B04,P3,2025-03-20,Renewal,4000
PAY006867,M02586,B03,P1,03/20/2025,Renewal,1500
PAY006943,M01244,B02,P4,2025-03-20,Renewal,7500
PAY007098,M02706,B03,P2,03/20/2025,Renewal,1100
PAY006955,M00022,B01,P1,2025-03-20,Renewal,1500
PAY007046,M01280,B02,P1,2025-03-20,Renewal,1500
PAY004511,M04511,B05,P5,2025-03-20,New,13500
PAY006986,M04427,B05,P1,2025-03-20,Renewal,1500
PAY006937,M00190,B01,P1,2025-03-20,Renewal,1500
PAY001819,M01819,B02,P4,2025-03-20,New,7500
PAY006927,M02500,B03,P3,03/20/2025,Renewal,4000
PAY006980,M04232,B05,P4,2025-03-20,Renewal,7500
PAY007089,M01268,B02,P1,2025-03-21,Renewal,1500
PAY006972,M03557,B04,P2,2025-03-21,Renewal,1100
PAY006890,M03459,B04,P1,2025-03-21,Renewal,1500
PAY006922,M01195,B02,P3,2025-03-21,Renewal,4000
PAY006902,M01499,B02,P1,2025-03-21,Renewal,1500
PAY006908,M03128,B04,P1,2025-03-21,Renewal,1500
PAY006999,M02696,B03,P1,03/21/2025,Renewal,1500
PAY006989,M00275,B01,P1,2025-03-21,Renewal,1500
PAY006873,M04072,B05,P4,2025-03-21,Renewal,7500
PAY004473,M04473,B05,P4,2025-03-21,New,7500
PAY006893,M00042,B01,P3,2025-03-21,Renewal,4000
PAY006919,M00143,B01,P3,2025-03-21,Renewal,4000
PAY003592,M03592,B04,P2,2025-03-21,New,1100
PAY006841,M01612,B02,P1,2025-03-21,Renewal,1500
PAY006780,M01608,B02,P1,2025-03-21,Renewal,1500
PAY003619,M03619,B04,P1,2025-03-21,New,1500
PAY003591,M03591,B04,P3,2025-03-21,New,4000
PAY006814,M01273,B02,P1,2025-03-21,Renewal,1500
PAY002805,M02805,B03,P2,03/21/2025,New,1100
PAY001817,M01817,B02,P5,2025-03-21,New,13500
PAY006831,M00069,B01,P1,2025-03-21,Renewal,1500
PAY007030,M03440,B04,P1,2025-03-21,Renewal,1500
PAY001787,M01787,B02,P1,2025-03-21,New,1500
PAY006842,M01714,B02,P1,2025-03-21,Renewal,1500
PAY002797,M02797,B03,P4,03/21/2025,New,7500
PAY007023,M01757,B02,P1,2025-03-21,Renewal,1500
PAY007096,M02501,B03,P3,03/21/2025,Renewal,4000
PAY006856,M00334,B01,P3,2025-03-21,Renewal,4000
PAY007021,M01640,B02,P1,2025-03-21,Renewal,1500
PAY006860,M01340,B02,P2,2025-03-21,Renewal,1100
PAY007057,M03558,B04,P1,2025-03-22,Renewal,1500
PAY007102,M03441,B04,P2,2025-03-22,Renewal,1100
PAY006862,M01517,B02,P1,2025-03-22,Renewal,1500
PAY003623,M03623,B04,P3,2025-03-22,New,4000
PAY006799,M01746,B02,P2,2025-03-22,Renewal,1100
PAY007112,M01235,B02,P3,2025-03-22,Renewal,4000
PAY006801,M02769,B03,P1,03/22/2025,Renewal,1500
PAY006942,M01222,B02,P1,2025-03-22,Renewal,1500
PAY007167,M04362,B05,P1,2025-03-22,Renewal,1500
PAY006982,M04270,B05,P3,2025-03-22,Renewal,4000
PAY006861,M01509,B02,P2,2025-03-22,Renewal,1100
PAY007158,M01753,B02,P1,2025-03-22,Renewal,1500
PAY002780,M02780,B03,P2,03/22/2025,New,1100
PAY007084,M04312,B05,P1,2025-03-22,Renewal,1500
PAY006894,M00063,B01,P1,2025-03-22,Renewal,1500
PAY007165,M04321,B05,P4,2025-03-22,Renewal,7500
PAY007071,M01279,B02,P1,2025-03-22,Renewal,1500
PAY007131,M01187,B02,P5,2025-03-22,Renewal,13500
PAY007022,M01690,B02,P1,2025-03-22,Renewal,1500
PAY006896,M00243,B01,P1,2025-03-22,Renewal,1500
PAY006846,M02668,B03,P1,03/22/2025,Renewal,1500
PAY004482,M04482,B05,P2,2025-03-22,New,1100
PAY004500,M04500,B05,P2,2025-03-22,New,1100
PAY006891,M04390,B05,P1,2025-03-22,Renewal,1500
PAY006913,M03419,B04,P3,2025-03-22,Renewal,4000
PAY006863,M01530,B02,P1,2025-03-22,Renewal,1500
PAY002796,M02796,B03,P3,03/22/2025,New,4000
PAY004483,M04483,B05,P4,2025-03-22,New,7500
PAY006832,M00150,B01,P3,2025-03-22,Renewal,4000
PAY007116,M02624,B03,P2,03/22/2025,Renewal,1100
PAY007000,M03243,B04,P1,2025-03-22,Renewal,1500
PAY003593,M03593,B04,P1,2025-03-22,New,1500
PAY007086,M00420,B01,P1,2025-03-23,Renewal,1500
PAY006961,M01390,B02,P3,2025-03-23,Renewal,4000
PAY007053,M03173,B04,P1,2025-03-23,Renewal,1500
PAY007078,M02733,B03,P1,03/23/2025,Renewal,1500
PAY006991,M00499,B01,P1,2025-03-23,Renewal,1500
PAY007059,M04143,B05,P1,2025-03-23,Renewal,1500
PAY007018,M00503,B01,P1,2025-03-23,Renewal,1500
PAY007056,M03538,B04,P1,2025-03-23,Renewal,1500
PAY006967,M02711,B03,P1,03/23/2025,Renewal,1500
PAY007060,M04219,B05,P3,2025-03-23,Renewal,4000
PAY007043,M00506,B01,P2,2025-03-23,Renewal,1100
PAY006933,M04146,B05,P1,2025-03-23,Renewal,1500
PAY002784,M02784,B03,P2,03/23/2025,New,1100
PAY002783,M02783,B03,P3,03/23/2025,New,4000
PAY000538,M00538,B01,P1,2025-03-23,New,1500
PAY006914,M03453,B04,P1,2025-03-23,Renewal,1500
PAY001779,M01779,B02,P2,2025-03-23,New,1100
PAY006924,M01410,B02,P3,2025-03-23,Renewal,4000
PAY007042,M00422,B01,P1,2025-03-23,Renewal,1500
PAY003602,M03602,B04,P5,2025-03-23,New,13500
PAY006852,M04044,B05,P1,2025-03-23,Renewal,1500
PAY000547,M00547,B01,P1,2025-03-23,New,1500
PAY004502,M04502,B05,P3,2025-03-23,New,4000
PAY006944,M01449,B02,P1,2025-03-23,Renewal,1500
PAY007171,M00145,B01,P2,2025-03-23,Renewal,1100
PAY006834,M00384,B01,P1,2025-03-23,Renewal,1500
PAY006951,M04345,B05,P1,2025-03-23,Renewal,1500
PAY006830,M00009,B01,P3,2025-03-23,Renewal,4000
PAY002803,M02803,B03,P1,03/24/2025,New,1500
PAY006881,M01420,B02,P2,2025-03-24,Renewal,1100
PAY006855,M00112,B01,P2,2025-03-24,Renewal,1100
PAY007034,M04055,B05,P1,2025-03-24,Renewal,1500
PAY000561,M00561,B01,P3,2025-03-24,New,4000
PAY003616,M03616,B04,P3,2025-03-24,New,4000
PAY003604,M03604,B04,P3,2025-03-24,New,4000
PAY003594,M03594,B04,P3,2025-03-24,New,4000
PAY007188,M00293,B01,P3,2025-03-24,Renewal,4000
PAY006886,M01764,B02,P1,2025-03-24,Renewal,1500
PAY003595,M03595,B04,P5,2025-03-24,New,13500
PAY006953,M04455,B05,P1,2025-03-24,Renewal,1500
PAY006964,M01678,B02,P2,2025-03-24,Renewal,1100
PAY006947,M03448,B04,P4,2025-03-24,Renewal,7500
PAY006939,M00433,B01,P1,2025-03-24,Renewal,1500
PAY006938,M00245,B01,P1,2025-03-24,Renewal,1500
PAY007015,M00281,B01,P1,2025-03-24,Renewal,1500
PAY007159,M02568,B03,P1,03/24/2025,Renewal,1500
PAY006988,M00181,B01,P2,2025-03-24,Renewal,1100
PAY006921,M00344,B01,P3,2025-03-24,Renewal,4000
PAY000537,M00537,B01,P4,2025-03-24,New,7500
PAY006960,M01348,B02,P1,2025-03-24,Renewal,1500
PAY006903,M01537,B02,P2,2025-03-24,Renewal,1100
PAY004474,M04474,B05,P1,2025-03-24,New,1500
PAY007175,M01225,B02,P5,2025-03-24,Renewal,13500
PAY000534,M00534,B01,P2,2025-03-24,New,1100
PAY006968,M03272,B04,P2,2025-03-24,Renewal,1100
PAY004498,M04498,B05,P3,2025-03-24,New,4000
PAY004506,M04506,B05,P1,2025-03-24,New,1500
PAY007118,M02679,B03,P4,03/24/2025,Renewal,7500
PAY007065,M00356,B01,P1,2025-03-24,Renewal,1500
PAY004507,M04507,B05,P4,2025-03-24,New,7500
PAY007122,M03550,B04,P3,2025-03-24,Renewal,4000
PAY007127,M04406,B05,P1,2025-03-24,Renewal,1500
PAY004488,M04488,B05,P3,2025-03-24,New,4000
PAY007147,M00156,B01,P3,2025-03-24,Renewal,4000
PAY001789,M01789,B02,P3,2025-03-24,New,4000
PAY007137,M01471,B02,P3,2025-03-24,Renewal,4000
PAY001778,M01778,B02,P1,2025-03-24,New,1500
PAY007077,M02663,B03,P3,03/24/2025,Renewal,4000
PAY007091,M01423,B02,P1,2025-03-24,Renewal,1500
PAY007107,M04308,B05,P4,2025-03-24,Renewal,7500
PAY007097,M02588,B03,P3,03/25/2025,Renewal,4000
PAY006962,M01458,B02,P1,2025-03-25,Renewal,1500
PAY006970,M03388,B04,P1,2025-03-25,Renewal,1500
PAY007161,M03430,B04,P5,2025-03-25,Renewal,13500
PAY006918,M00047,B01,P2,2025-03-25,Renewal,1100
PAY000535,M00535,B01,P5,2025-03-25,New,13500
PAY006901,M01362,B02,P1,2025-03-25,Renewal,1500
PAY007192,M01422,B02,P3,2025-03-25,Renewal,4000
PAY002790,M02790,B03,P1,03/25/2025,New,1500
PAY001781,M01781,B02,P1,2025-03-25,New,1500
PAY000556,M00556,B01,P1,2025-03-25,New,1500
PAY001777,M01777,B02,P1,2025-03-25,New,1500
PAY007113,M01425,B02,P2,2025-03-25,Renewal,1100
PAY007013,M00217,B01,P1,2025-03-25,Renewal,1500
PAY006897,M00430,B01,P2,2025-03-25,Renewal,1100
PAY003609,M03609,B04,P3,2025-03-25,New,4000
PAY003621,M03621,B04,P5,2025-03-25,New,13500
PAY007035,M04164,B05,P1,2025-03-26,Renewal,1500
PAY007044,M01173,B02,P4,2025-03-26,Renewal,7500
PAY000543,M00543,B01,P4,2025-03-26,New,7500
PAY007190,M01554,B02,P3,2025-03-26,Renewal,4000
PAY007185,M04304,B05,P4,2025-03-26,Renewal,7500
PAY006912,M03355,B04,P2,2025-03-26,Renewal,1100
PAY007160,M03345,B04,P1,2025-03-26,Renewal,1500
PAY007027,M03262,B04,P1,2025-03-26,Renewal,1500
PAY007058,M04049,B05,P3,2025-03-26,Renewal,4000
PAY007181,M03423,B04,P2,2025-03-26,Renewal,1100
PAY007177,M01744,B02,P2,2025-03-26,Renewal,1100
PAY003613,M03613,B04,P2,2025-03-26,New,1100
PAY006963,M01560,B02,P2,2025-03-26,Renewal,1100
PAY007145,M03487,B04,P1,2025-03-26,Renewal,1500
PAY007093,M01571,B02,P1,2025-03-26,Renewal,1500
PAY007094,M01591,B02,P3,2025-03-26,Renewal,4000
PAY001784,M01784,B02,P5,2025-03-26,New,13500
PAY006885,M01710,B02,P1,2025-03-26,Renewal,1500
PAY006904,M01576,B02,P1,2025-03-26,Renewal,1500
PAY007152,M01367,B02,P1,2025-03-26,Renewal,1500
PAY002791,M02791,B03,P3,03/26/2025,New,4000
PAY007207,M04139,B05,P3,2025-03-26,Renewal,4000
PAY003615,M03615,B04,P1,2025-03-26,New,1500
PAY001782,M01782,B02,P3,2025-03-26,New,4000
PAY007067,M01216,B02,P3,2025-03-26,Renewal,4000
PAY007008,M04137,B05,P4,2025-03-26,Renewal,7500
PAY001806,M01806,B02,P3,2025-03-26,New,4000
PAY007209,M04298,B05,P3,2025-03-27,Renewal,4000
PAY004475,M04475,B05,P2,2025-03-27,New,1100
PAY006928,M02765,B03,P2,03/27/2025,Renewal,1100
PAY004512,M04512,B05,P2,2025-03-27,New,1100
PAY007174,M00306,B01,P4,2025-03-27,Renewal,7500
PAY007106,M04250,B05,P3,2025-03-27,Renewal,4000
PAY001816,M01816,B02,P3,2025-03-27,New,4000
PAY007050,M02693,B03,P1,03/27/2025,Renewal,1500
PAY006977,M04152,B05,P2,2025-03-27,Renewal,1100
PAY007146,M04453,B05,P2,2025-03-27,Renewal,1100
PAY007189,M01253,B02,P3,2025-03-27,Renewal,4000
PAY006950,M04212,B05,P3,2025-03-27,Renewal,4000
PAY007068,M01231,B02,P1,2025-03-27,Renewal,1500
PAY007139,M01763,B02,P1,2025-03-27,Renewal,1500
PAY007033,M04033,B05,P2,2025-03-27,Renewal,1100
PAY006997,M01774,B02,P3,2025-03-27,Renewal,4000
PAY007074,M01431,B02,P5,2025-03-27,Renewal,13500
PAY007198,M00284,B01,P3,2025-03-27,Renewal,4000
PAY000568,M00568,B01,P4,2025-03-27,New,7500
PAY007049,M02667,B03,P1,03/27/2025,Renewal,1500
PAY000533,M00533,B01,P4,2025-03-27,New,7500
PAY007155,M01585,B02,P3,2025-03-27,Renewal,4000
PAY007104,M03552,B04,P1,2025-03-28,Renewal,1500
PAY007108,M04342,B05,P4,2025-03-28,Renewal,7500
PAY002786,M02786,B03,P3,03/28/2025,New,4000
PAY007196,M00120,B01,P3,2025-03-28,Renewal,4000
PAY007176,M01285,B02,P3,2025-03-28,Renewal,4000
PAY007235,M01432,B02,P1,2025-03-28,Renewal,1500
PAY007204,M01575,B02,P3,2025-03-28,Renewal,4000
PAY001812,M01812,B02,P1,2025-03-28,New,1500
PAY007214,M01783,B02,P1,2025-03-28,Renewal,1500
PAY007149,M00341,B01,P4,2025-03-28,Renewal,7500
PAY007130,M00529,B01,P1,2025-03-28,Renewal,1500
PAY007014,M00228,B01,P2,2025-03-28,Renewal,1100
PAY007103,M03521,B04,P2,2025-03-28,Renewal,1100
PAY007110,M00512,B01,P2,2025-03-28,Renewal,1100
PAY007250,M04300,B05,P1,2025-03-28,Renewal,1500
PAY006983,M04274,B05,P2,2025-03-28,Renewal,1100
PAY007080,M03273,B04,P1,2025-03-28,Renewal,1500
PAY007075,M01629,B02,P2,2025-03-28,Renewal,1100
PAY004489,M04489,B05,P5,2025-03-28,New,13500
PAY006976,M04098,B05,P1,2025-03-28,Renewal,1500
PAY006966,M01766,B02,P1,2025-03-28,Renewal,1500
PAY003620,M03620,B04,P5,2025-03-28,New,13500
PAY001821,M01821,B02,P1,2025-03-28,New,1500
PAY006978,M04154,B05,P2,2025-03-28,Renewal,1100
PAY003612,M03612,B04,P1,2025-03-28,New,1500
PAY004516,M04516,B05,P1,2025-03-29,New,1500
PAY007124,M04249,B05,P3,2025-03-29,Renewal,4000
PAY007224,M00108,B01,P1,2025-03-29,Renewal,1500
PAY007187,M00277,B01,P3,2025-03-29,Renewal,4000
PAY007272,M03385,B04,P1,2025-03-29,Renewal,1500
PAY007128,M04456,B05,P2,2025-03-29,Renewal,1100
PAY000569,M00569,B01,P1,2025-03-29,New,1500
PAY007076,M02645,B03,P3,03/29/2025,Renewal,4000
PAY004486,M04486,B05,P1,2025-03-29,New,1500
PAY007040,M00209,B01,P1,2025-03-29,Renewal,1500
PAY007010,M00059,B01,P4,2025-03-29,Renewal,7500
PAY007220,M03969,B05,P1,2025-03-29,Renewal,1500
PAY006990,M00351,B01,P1,2025-03-29,Renewal,1500
PAY001785,M01785,B02,P2,2025-03-29,New,1100
PAY007217,M02735,B03,,03/29/2025,Renewal,1500
PAY006992,M00527,B01,P2,2025-03-29,Renewal,1100
PAY007062,M00088,B01,P3,2025-03-29,Renewal,4000
PAY006995,M01474,B02,P2,2025-03-29,Renewal,1100
PAY006996,M01631,B02,P1,2025-03-29,Renewal,1500
PAY001809,M01809,B02,P4,2025-03-29,New,7500
PAY007252,M04395,B05,P1,2025-03-29,Renewal,1500
PAY007006,M03433,B04,P1,2025-03-29,Renewal,1500
PAY007253,M04399,B05,P3,2025-03-29,Renewal,4000
PAY007212,M01277,B02,P1,2025-03-29,Renewal,1500
PAY007135,M01326,B02,P2,2025-03-29,Renewal,1100
PAY007101,M03251,B04,P5,2025-03-29,Renewal,13500
PAY007012,M00171,B01,P2,2025-03-29,Renewal,1100
PAY006974,M03989,B05,P1,2025-03-29,Renewal,1500
PAY007173,M00288,B01,P4,2025-03-29,Renewal,7500
PAY006945,M01634,B02,P3,2025-03-29,Renewal,4000
PAY007054,M03255,B04,P5,2025-03-29,Renewal,13500
PAY007241,M01704,B02,P1,2025-03-29,Renewal,1500
PAY006940,M00446,B01,P2,2025-03-29,Renewal,1100
PAY007109,M00103,B01,P3,2025-03-29,Renewal,4000
PAY007141,M02603,B03,P2,03/29/2025,Renewal,1100
PAY007082,M04213,B05,P3,2025-03-29,Renewal,4000
PAY001818,M01818,B02,P3,2025-03-29,New,4000
PAY006975,M04006,B05,P1,2025-03-29,Renewal,1500
PAY007081,M03488,B04,P2,2025-03-29,Renewal,1100
PAY007120,M03126,B04,P1,2025-03-29,Renewal,1500
PAY006987,M00073,B01,P1,2025-03-30,Renewal,1500
PAY006979,M04169,B05,P1,2025-03-30,Renewal,1500
PAY007240,M01692,B02,P5,2025-03-30,Renewal,13500
PAY007258,M00349,B01,P1,2025-03-30,Renewal,1500
PAY007126,M04375,B05,P1,2025-03-30,Renewal,1500
PAY007285,M01211,B02,P3,2025-03-30,Renewal,4000
PAY001810,M01810,B02,P1,2025-03-30,New,1500
PAY007264,M01539,B02,P1,2025-03-30,Renewal,1500
PAY007184,M04211,B05,P1,2025-03-30,Renewal,1500
PAY007243,M02565,B03,P2,03/30/2025,Renewal,1100
PAY007029,M03396,B04,P2,2025-03-30,Renewal,1100
PAY004484,M04484,B05,P1,2025-03-30,New,1500
PAY003590,M03590,B04,P1,2025-03-30,New,1500
PAY007234,M01406,B02,P2,2025-03-30,Renewal,1100
PAY007032,M03567,B04,P1,2025-03-30,Renewal,1500
PAY007117,M02643,B03,P2,03/30/2025,Renewal,1100
PAY003586,M03586,B04,P4,2025-03-30,New,7500
PAY007140,M02509,B03,P3,03/30/2025,Renewal,4000
PAY007222,M04048,B05,P5,2025-03-30,Renewal,13500
PAY007072,M01381,B02,P2,2025-03-30,Renewal,1100
PAY007144,M03194,B04,P2,2025-03-30,Renewal,1100
PAY006981,M04239,B05,P3,2025-03-30,Renewal,4000
PAY007195,M03254,B04,P3,2025-03-30,Renewal,4000
PAY007070,M01257,B02,P3,2025-03-30,Renewal,4000
PAY007051,M02720,B03,P1,03/30/2025,Renewal,1500
PAY001814,M01814,B02,P5,2025-03-30,New,13500
PAY007271,M03328,B04,P4,2025-03-31,Renewal,7500
PAY007237,M01534,B02,P1,2025-03-31,Renewal,1500
PAY007276,M03983,B05,P1,2025-03-31,Renewal,1500
PAY007263,M01409,B02,P2,2025-03-31,Renewal,1100
PAY007143,M02662,B03,P3,03/31/2025,Renewal,4000
PAY003607,M03607,B04,P5,2025-03-31,New,13500
PAY004499,M04499,B05,P1,2025-03-31,New,1500
PAY007244,M02607,B03,P2,03/31/2025,Renewal,1100
PAY001793,M01793,B02,P5,2025-03-31,New,13500
PAY007231,M00488,B01,P3,2025-03-31,Renewal,4000
PAY007265,M01650,B02,P1,2025-03-31,Renewal,1500
PAY007142,M02642,B03,P1,03/31/2025,Renewal,1500
PAY007090,M01387,B02,P5,2025-03-31,Renewal,13500
PAY003601,M03601,B04,P4,2025-03-31,New,7500
PAY007095,M01684,B02,P1,2025-03-31,Renewal,1500
PAY007119,M02682,B03,P1,03/31/2025,Renewal,1500
PAY006993,M01200,B02,P2,2025-03-31,Renewal,1100
PAY007319,M03322,B04,P2,2025-03-31,Renewal,1100
PAY007001,M03244,B04,P1,2025-03-31,Renewal,1500
PAY004493,M04493,B05,P4,2025-03-31,New,7500
PAY007003,M03367,B04,P2,2025-03-31,Renewal,1100
PAY004495,M04495,B05,P5,2025-03-31,New,13500
PAY007064,M00283,B01,P2,2025-03-31,Renewal,1100
PAY007114,M01601,B02,P3,2025-03-31,Renewal,4000
PAY007134,M01300,B02,P3,2025-03-31,Renewal,4000
PAY007318,M03224,B04,P5,2025-03-31,Renewal,13500
PAY007011,M00158,B01,P1,2025-03-31,Renewal,1500
PAY007178,M02499,B03,P2,03/31/2025,Renewal,1100
PAY007200,M01417,B02,P1,2025-03-31,Renewal,1500
PAY007201,M01444,B02,P3,2025-03-31,Renewal,4000
PAY007024,M02518,B03,P1,03/31/2025,Renewal,1500
PAY007153,M01536,B02,P1,2025-03-31,Renewal,1500
PAY007031,M03541,B04,P1,2025-03-31,Renewal,1500
PAY007111,M01205,B02,P1,2025-04-01,Renewal,1500
PAY007039,M00122,B01,P1,2025-04-01,Renewal,1500
PAY007284,M01164,B02,P4,2025-04-01,Renewal,7500
PAY007092,M01550,B02,P1,2025-04-01,Renewal,1500
PAY007280,M00221,B01,P1,2025-04-01,Renewal,1500
PAY007162,M03436,B04,P3,2025-04-01,Renewal,4000
PAY007079,M03268,B04,P4,2025-04-01,Renewal,7500
PAY003662,M03662,B04,P2,2025-04-01,New,1100
PAY007017,M00486,B01,P2,2025-04-01,Renewal,1100
PAY007316,M02750,B03,P3,04/01/2025,Renewal,4000
PAY007266,M01697,B02,P5,2025-04-01,Renewal,13500
PAY007063,M00106,B01,P1,2025-04-01,Renewal,1500
PAY000597,M00597,B01,P2,2025-04-01,New,1100
PAY001823,M01823,B02,P2,2025-04-01,New,1100
PAY007061,M04388,B05,P2,2025-04-01,Renewal,1100
PAY007055,M03505,B04,P1,2025-04-01,Renewal,1500
PAY003656,M03656,B04,P3,2025-04-01,New,4000
PAY007052,M02746,B03,P1,04/01/2025,Renewal,1500
PAY004550,M04550,B05,P3,2025-04-01,New,4000
PAY007182,M03481,B04,P1,2025-04-01,Renewal,1500
PAY004551,M04551,B05,P3,2025-04-01,New,4000
PAY004527,M04527,B05,P2,2025-04-01,New,1100
PAY007133,M01281,B02,P3,2025-04-01,Renewal,4000
PAY007183,M04127,B05,P4,2025-04-01,Renewal,7500
PAY004541,M04541,B05,P1,2025-04-01,New,1500
PAY007115,M02537,B03,P5,04/01/2025,Renewal,13500
PAY007330,M00562,B01,P1,2025-04-01,Renewal,1500
PAY007331,M01371,B02,P2,2025-04-02,Renewal,1100
PAY007233,M01391,B02,P2,2025-04-02,Renewal,1100
PAY007136,M01447,B02,P5,2025-04-02,Renewal,13500
PAY000604,M00604,B01,P1,2025-04-02,New,1500
PAY000605,M00605,B01,P3,2025-04-02,New,4000
PAY004539,M04539,B05,P1,2025-04-02,New,1500
PAY007221,M04040,B05,P2,2025-04-02,Renewal,1100
PAY007355,M01635,B02,P1,2025-04-02,Renewal,1500
PAY003638,M03638,B04,P1,2025-04-02,New,1500
PAY004557,M04557,B05,P1,2025-04-02,New,1500
PAY003645,M03645,B04,P5,2025-04-02,New,13500
PAY004556,M04556,B05,P4,2025-04-02,New,7500
PAY007048,M01739,B02,P1,2025-04-02,Renewal,1500
PAY007205,M03228,B04,P3,2025-04-02,Renewal,4000
PAY007208,M04258,B05,P3,2025-04-02,Renewal,4000
PAY004552,M04552,B05,P3,2025-04-02,New,4000
PAY007202,M01453,B02,P3,2025-04-02,Renewal,4000
PAY007307,M00560,B01,P1,2025-04-02,Renewal,1500
PAY007045,M01258,B02,P1,2025-04-02,Renewal,1500
PAY002825,M02825,B03,P3,04/02/2025,New,4000
PAY000581,M00581,B01,P1,2025-04-02,New,1500
PAY007238,M01544,B02,P1,2025-04-02,Renewal,1500
PAY007100,M03236,B04,P1,2025-04-02,Renewal,1500
PAY000586,M00586,B01,P1,2025-04-02,New,1500
PAY007311,M01641,B02,P4,2025-04-02,Renewal,7500
PAY000590,M00590,B01,P4,2025-04-02,New,7500
PAY002807,M02807,B03,P1,04/02/2025,New,1500
PAY007247,M03610,B04,P1,2025-04-02,Renewal,1500
PAY002812,M02812,B03,,04/02/2025,New,4000
PAY007334,M01555,B02,P3,2025-04-02,Renewal,4000
PAY007069,M01232,B02,P1,2025-04-02,Renewal,1500
PAY002822,M02822,B03,P4,04/02/2025,New,7500
PAY007193,M03140,B04,P3,2025-04-03,Renewal,4000
PAY007105,M03980,B05,P3,2025-04-03,Renewal,4000
PAY001854,M01854,B02,P1,2025-04-03,New,1500
PAY007223,M00062,B01,P1,2025-04-03,Renewal,1500
PAY003649,M03649,B04,P5,2025-04-03,New,13500
PAY007255,M04514,B05,P2,2025-04-03,Renewal,1100
PAY007236,M01446,B02,P1,2025-04-03,Renewal,1500
PAY007099,M02721,B03,P1,04/03/2025,Renewal,1500
PAY007304,M00146,B01,P1,2025-04-03,Renewal,1500
PAY003626,M03626,B04,P4,2025-04-03,New,7500
PAY002826,M02826,B03,P5,04/03/2025,New,13500
PAY000574,M00574,B01,P2,2025-04-03,New,1100
PAY007085,M00037,B01,P1,2025-04-03,Renewal,1500
PAY007249,M04132,B05,P1,2025-04-03,Renewal,1500
PAY004526,M04526,B05,P4,2025-04-03,New,7500
PAY007197,M00184,B01,P5,2025-04-03,Renewal,13500
PAY000600,M00600,B01,P5,2025-04-03,New,13500
PAY007194,M03155,B04,P1,2025-04-03,Renewal,1500
PAY007219,M03598,B04,P2,2025-04-03,Renewal,1100
PAY007163,M03479,B04,P2,2025-04-03,Renewal,1100
PAY007377,M03113,B04,P2,2025-04-04,Renewal,1100
PAY007352,M00454,B01,P3,2025-04-04,Renewal,4000
PAY007371,M01330,B02,P1,2025-04-04,Renewal,1500
PAY003659,M03659,B04,P2,2025-04-04,New,1100
PAY007326,M00226,B01,P1,2025-04-04,Renewal,1500
PAY007349,M00201,B01,P2,2025-04-04,Renewal,1100
PAY007399,M04294,B05,P2,2025-04-04,Renewal,1100
PAY007329,M00428,B01,P1,2025-04-04,Renewal,1500
PAY007385,M00178,B01,P1,2025-04-04,Renewal,1500
PAY007225,M00151,B01,P1,2025-04-04,Renewal,1500
PAY007088,M01264,B02,P1,2025-04-04,Renewal,1500
PAY007269,M02522,B03,P5,04/04/2025,Renewal,13500
PAY007125,M04292,B05,P1,2025-04-04,Renewal,1500
PAY007275,M03503,B04,P3,2025-04-04,Renewal,4000
PAY004532,M04532,B05,P5,2025-04-04,New,13500
PAY001836,M01836,B02,P2,2025-04-04,New,1100
PAY001825,M01825,B02,P2,2025-04-04,New,1100
PAY001824,M01824,B02,P5,2025-04-04,New,13500
PAY001839,M01839,B02,P3,2025-04-04,New,4000
PAY007157,M01701,B02,P1,2025-04-04,Renewal,1500
PAY007121,M03478,B04,P1,2025-04-04,Renewal,1500
PAY007248,M04065,B05,P4,2025-04-04,Renewal,7500
PAY007166,M04325,B05,P1,2025-04-04,Renewal,1500
PAY007191,M02606,B03,,04/04/2025,Renewal,7500
PAY000599,M00599,B01,P2,2025-04-04,New,1100
PAY000591,M00591,B01,P1,2025-04-04,New,1500
PAY007172,M00198,B01,P1,2025-04-04,Renewal,1500
PAY007229,M00408,B01,P4,2025-04-05,Renewal,7500
PAY007230,M00458,B01,P2,2025-04-05,Renewal,1100
PAY007180,M03326,B04,P1,2025-04-05,Renewal,1500
PAY003637,M03637,B04,P2,2025-04-05,New,1100
PAY007344,M04326,B05,P5,2025-04-05,Renewal,13500
PAY003624,M03624,B04,P3,2025-04-05,New,4000
PAY001829,M01829,B02,P3,2025-04-05,New,4000
PAY007169,M00034,B01,P1,2025-04-05,Renewal,1500
PAY007256,M00290,B01,P1,2025-04-05,Renewal,1500
PAY007341,M03994,B05,P1,2025-04-05,Renewal,1500
PAY007317,M02795,B03,P1,04/05/2025,Renewal,1500
PAY007287,M01443,B02,P3,2025-04-05,Renewal,4000
PAY007300,M04379,B05,P1,2025-04-05,Renewal,1500
PAY007365,M00049,B01,P1,2025-04-05,Renewal,1500
PAY007123,M04013,B05,P2,2025-04-05,Renewal,1100
PAY007405,M00029,B01,P1,2025-04-05,Renewal,1500
PAY007279,M04509,B05,P1,2025-04-05,Renewal,1500
PAY000589,M00589,B01,P1,2025-04-05,New,1500
PAY007364,M04519,B05,P1,2025-04-05,Renewal,1500
PAY007397,M03998,B05,P3,2025-04-05,Renewal,4000
PAY007382,M04208,B05,P2,2025-04-05,Renewal,1100
PAY007402,M04387,B05,P4,2025-04-05,Renewal,7500
PAY007388,M00545,B01,P1,2025-04-05,Renewal,1500
PAY007295,M03492,B04,P1,2025-04-05,Renewal,1500
PAY007400,M04354,B05,P2,2025-04-05,Renewal,1100
PAY007281,M00350,B01,P3,2025-04-05,Renewal,4000
PAY002827,M02827,B03,P3,04/05/2025,New,4000
PAY007278,M04422,B05,P3,2025-04-05,Renewal,4000
PAY007251,M04384,B05,P1,2025-04-06,Renewal,1500
PAY007312,M01672,B02,P3,2025-04-06,Renewal,4000
PAY007310,M01567,B02,P1,2025-04-06,Renewal,1500
PAY007138,M01632,B02,P1,2025-04-06,Renewal,1500
PAY007351,M00453,B01,P1,2025-04-06,Renewal,1500
PAY007291,M02602,B03,P1,04/06/2025,Renewal,1500
PAY007132,M01269,B02,P1,2025-04-06,Renewal,1500
PAY007129,M00436,B01,P2,2025-04-06,Renewal,1100
PAY007360,M03536,B04,P3,2025-04-06,Renewal,4000
PAY007299,M04286,B05,P2,2025-04-06,Renewal,1100
PAY007356,M01645,B02,P1,2025-04-06,Renewal,1500
PAY007435,M00060,B01,P1,2025-04-06,Renewal,1500
PAY007179,M02622,B03,P3,04/06/2025,Renewal,4000
PAY007390,M01424,B02,P1,2025-04-07,Renewal,1500
PAY007393,M01705,B02,P3,2025-04-07,Renewal,4000
PAY007359,M03231,B04,P1,2025-04-07,Renewal,1500
PAY007259,M00398,B01,P4,2025-04-07,Renewal,7500
PAY007346,M04338,B05,P1,2025-04-07,Renewal,1500
PAY001843,M01843,B02,P1,2025-04-07,New,1500
PAY001850,M01850,B02,P2,2025-04-07,New,1100
PAY003663,M03663,B04,P3,2025-04-07,New,4000
PAY007467,M01284,B02,P1,2025-04-07,Renewal,1500
PAY007216,M02664,B03,P2,04/07/2025,Renewal,1100
PAY000607,M00607,B01,P3,2025-04-07,New,4000
PAY007472,M01756,B02,P1,2025-04-07,Renewal,1500
PAY007475,M02555,B03,P4,04/07/2025,Renewal,7500
PAY002815,M02815,B03,P3,04/07/2025,New,4000
PAY007290,M01693,B02,P1,2025-04-07,Renewal,1500
PAY002809,M02809,B03,P5,04/07/2025,New,13500
PAY007218,M03443,B04,P1,2025-04-07,Renewal,1500
PAY007417,M01691,B02,P3,2025-04-07,Renewal,4000
PAY004542,M04542,B05,P3,2025-04-07,New,4000
PAY004528,M04528,B05,P1,2025-04-07,New,1500
PAY004525,M04525,B05,P1,2025-04-07,New,1500
PAY007148,M00237,B01,P1,2025-04-07,Renewal,1500
PAY007313,M01734,B02,P1,2025-04-07,Renewal,1500
PAY007428,M04035,B05,P1,2025-04-07,Renewal,1500
PAY007151,M01206,B02,P1,2025-04-07,Renewal,1500
PAY007150,M00368,B01,P3,2025-04-07,Renewal,4000
PAY007168,M04451,B05,P2,2025-04-07,Renewal,1100
PAY007164,M04282,B05,P4,2025-04-07,Renewal,7500
PAY007170,M00085,B01,P1,2025-04-07,Renewal,1500
PAY007325,M00101,B01,P1,2025-04-07,Renewal,1500
PAY007156,M01698,B02,P1,2025-04-07,Renewal,1500
PAY007154,M01569,B02,P2,2025-04-07,Renewal,1100
PAY007186,M04445,B05,P1,2025-04-08,Renewal,1500
PAY007239,M01586,B02,P1,2025-04-08,Renewal,1500
PAY007395,M02600,B03,P2,04/08/2025,Renewal,1100
PAY007242,M02538,B03,P4,04/08/2025,Renewal,7500
PAY007375,M02747,B03,P1,04/08/2025,Renewal,1500
PAY007493,M01636,B02,P1,2025-04-08,Renewal,1500
PAY007288,M01451,B02,P4,2025-04-08,Renewal,7500
PAY002816,M02816,B03,P4,04/08/2025,New,7500
PAY007246,M03142,B04,P4,2025-04-08,Renewal,7500
PAY007321,M04145,B05,P3,2025-04-08,Renewal,4000
PAY001830,M01830,B02,P2,2025-04-08,New,1100
PAY007419,M02512,B03,P2,04/08/2025,Renewal,1100
PAY007297,M04134,B05,P1,2025-04-08,Renewal,1500
PAY007273,M03393,B04,P4,2025-04-08,Renewal,7500
PAY003660,M03660,B04,P5,2025-04-08,New,13500
PAY007431,M04133,B05,P2,2025-04-08,Renewal,1100
PAY007408,M00141,B01,P1,2025-04-08,Renewal,1500
PAY007432,M04320,B05,P1,2025-04-08,Renewal,1500
PAY007292,M02798,B03,P1,04/08/2025,Renewal,1500
PAY001848,M01848,B02,P3,2025-04-08,New,4000
PAY007484,M04281,B05,P1,2025-04-09,Renewal,1500
PAY007474,M02520,B03,P3,04/09/2025,Renewal,4000
PAY007394,M01720,B02,P1,2025-04-09,Renewal,1500
PAY007453,M02789,B03,,04/09/2025,Renewal,1500
PAY007471,M01731,B02,P2,2025-04-09,Renewal,1100
PAY007481,M04112,B05,P4,2025-04-09,Renewal,7500
PAY002810,M02810,B03,P5,04/09/2025,New,13500
PAY007320,M03491,B04,P3,2025-04-09,Renewal,4000
PAY007286,M01336,B02,P2,2025-04-09,Renewal,1100
PAY007254,M04408,B05,P3,2025-04-09,Renewal,4000
PAY007305,M00238,B01,P1,2025-04-09,Renewal,1500
PAY007303,M00134,B01,P1,2025-04-09,Renewal,1500
PAY007270,M02655,B03,P1,04/09/2025,Renewal,1500
PAY007343,M04170,B05,P1,2025-04-09,Renewal,1500
PAY004533,M04533,B05,P1,2025-04-09,New,1500
PAY007373,M01661,B02,P3,2025-04-09,Renewal,4000
PAY000583,M00583,B01,P3,2025-04-09,New,4000
PAY000584,M00584,B01,P3,2025-04-09,New,4000
PAY007376,M02794,B03,P2,04/09/2025,Renewal,1100
PAY007282,M00370,B01,P5,2025-04-09,Renewal,13500
PAY000595,M00595,B01,P3,2025-04-09,New,4000
PAY007378,M04014,B05,P1,2025-04-10,Renewal,1500
PAY007245,M02684,B03,P1,04/10/2025,Renewal,1500
PAY007421,M02541,B03,P2,04/10/2025,Renewal,1100
PAY007226,M00194,B01,P4,2025-04-10,Renewal,7500
PAY007215,M02619,B03,P1,04/10/2025,Renewal,1500
PAY007213,M01718,B02,P1,2025-04-10,Renewal,1500
PAY001857,M01857,B02,P3,2025-04-10,New,4000
PAY007206,M04100,B05,P3,2025-04-10,Renewal,4000
PAY007452,M02576,B03,P3,04/10/2025,Renewal,4000
PAY007203,M01511,B02,P3,2025-04-10,Renewal,4000
PAY007530,M01441,B02,P3,2025-04-10,Renewal,4000
PAY007306,M00498,B01,P1,2025-04-10,Renewal,1500
PAY007512,M01658,B02,P1,2025-04-10,Renewal,1500
PAY007392,M01566,B02,P4,2025-04-10,Renewal,7500
PAY007460,M00469,B01,P1,2025-04-10,Renewal,1500
PAY007294,M03409,B04,P2,2025-04-10,Renewal,1100
PAY007314,M02581,B03,P4,04/10/2025,Renewal,7500
PAY007465,M01168,B02,P3,2025-04-10,Renewal,4000
PAY007409,M00521,B01,P1,2025-04-10,Renewal,1500
PAY007369,M00483,B01,P3,2025-04-10,Renewal,4000
PAY000609,M00609,B01,P1,2025-04-10,New,1500
PAY002818,M02818,B03,P3,04/10/2025,New,4000
PAY007476,M02571,B03,P3,04/10/2025,Renewal,4000
PAY004536,M04536,B05,P4,2025-04-10,New,7500
PAY007380,M04115,B05,P2,2025-04-10,Renewal,1100
PAY007339,M03618,B04,P1,2025-04-10,Renewal,1500
PAY007340,M03970,B05,P1,2025-04-10,Renewal,1500
PAY007497,M03309,B04,P3,2025-04-10,Renewal,4000
PAY007430,M04118,B05,P5,2025-04-11,Renewal,13500
PAY007324,M00044,B01,P1,2025-04-11,Renewal,1500
PAY007552,M03190,B04,P1,2025-04-11,Renewal,1500
PAY007298,M04174,B05,P4,2025-04-11,Renewal,7500
PAY007528,M01197,B02,P5,2025-04-11,Renewal,13500
PAY007210,M00016,B01,P1,2025-04-11,Renewal,1500
PAY007433,M04367,B05,P1,2025-04-11,Renewal,1500
PAY007228,M00336,B01,P2,2025-04-11,Renewal,1100
PAY007227,M00302,B01,P1,2025-04-11,Renewal,1500
PAY007211,M00270,B01,P3,2025-04-11,Renewal,4000
PAY007456,M04105,B05,P2,2025-04-11,Renewal,1100
PAY004531,M04531,B05,P1,2025-04-11,New,1500
PAY007463,M00552,B01,P2,2025-04-11,Renewal,1100
PAY000602,M00602,B01,P4,2025-04-11,New,7500
PAY004555,M04555,B05,P3,2025-04-11,New,4000
PAY007495,M01790,B02,P1,2025-04-11,Renewal,1500
PAY004560,M04560,B05,P2,2025-04-11,New,1100
PAY007293,M03274,B04,P2,2025-04-11,Renewal,1100
PAY007267,M01716,B02,P1,2025-04-11,Renewal,1500
PAY007199,M01213,B02,P4,2025-04-11,Renewal,7500
PAY007383,M00168,B01,P1,2025-04-11,Renewal,1500
PAY007379,M04075,B05,P3,2025-04-11,Renewal,4000
PAY003664,M03664,B04,P3,2025-04-11,New,4000
PAY007358,M03218,B04,P1,2025-04-11,Renewal,1500
PAY001831,M01831,B02,P3,2025-04-11,New,4000
PAY007363,M04290,B05,P5,2025-04-11,Renewal,13500
PAY000582,M00582,B01,P1,2025-04-12,New,1500
PAY007296,M03973,B05,P1,2025-04-12,Renewal,1500
PAY007368,M00330,B01,P3,2025-04-12,Renewal,4000
PAY007398,M04259,B05,P3,2025-04-12,Renewal,4000
PAY007507,M00441,B01,P3,2025-04-12,Renewal,4000
PAY007547,M01442,B02,P3,2025-04-12,Renewal,4000
PAY007412,M00551,B01,P2,2025-04-12,Renewal,1100
PAY007449,M01788,B02,P1,2025-04-12,Renewal,1500
PAY007418,M02508,B03,P1,04/12/2025,Renewal,1500
PAY007361,M04043,B05,P1,2025-04-12,Renewal,1500
PAY007268,M01721,B02,P1,2025-04-12,Renewal,1500
PAY007425,M03307,B04,P1,2025-04-12,Renewal,1500
PAY007232,M01238,B02,P3,2025-04-12,Renewal,4000
PAY003661,M03661,B04,P1,2025-04-12,New,1500
PAY000576,M00576,B01,P4,2025-04-12,New,7500
PAY003639,M03639,B04,P5,2025-04-12,New,13500
PAY007336,M02628,B03,,04/12/2025,Renewal,1100
PAY007401,M04385,B05,P1,2025-04-12,Renewal,1500
PAY003635,M03635,B04,P4,2025-04-12,New,7500
PAY007571,M01368,B02,P3,2025-04-12,Renewal,4000
PAY007443,M01466,B02,P2,2025-04-12,Renewal,1100
PAY001852,M01852,B02,P3,2025-04-12,New,4000
PAY000608,M00608,B01,P2,2025-04-12,New,1100
PAY007353,M00567,B01,P2,2025-04-12,Renewal,1100
PAY007578,M02546,B03,P1,04/12/2025,Renewal,1500
PAY007569,M00360,B01,P1,2025-04-12,Renewal,1500
PAY007518,M03163,B04,P5,2025-04-13,Renewal,13500
PAY007589,M01353,B02,P5,2025-04-13,Renewal,13500
PAY007422,M02665,B03,P4,04/13/2025,Renewal,7500
PAY007261,M00472,B01,P3,2025-04-13,Renewal,4000
PAY007536,M03374,B04,P1,2025-04-13,Renewal,1500
PAY007257,M00310,B01,P1,2025-04-13,Renewal,1500
PAY007457,M04272,B05,P1,2025-04-13,Renewal,1500
PAY007404,M04438,B05,P3,2025-04-13,Renewal,4000
PAY007492,M01298,B02,P1,2025-04-13,Renewal,1500
PAY004558,M04558,B05,P3,2025-04-13,New,4000
PAY002832,M02832,B03,P4,04/13/2025,New,7500
PAY007563,M00006,B01,P1,2025-04-13,Renewal,1500
PAY007322,M04262,B05,P1,2025-04-13,Renewal,1500
PAY007459,M00396,B01,P4,2025-04-13,Renewal,7500
PAY007327,M00318,B01,P1,2025-04-13,Renewal,1500
PAY007570,M01161,B02,P1,2025-04-13,Renewal,1500
PAY007539,M04192,B05,P2,2025-04-13,Renewal,1100
PAY007277,M04007,B05,P1,2025-04-14,Renewal,1500
PAY002821,M02821,B03,P3,04/14/2025,New,4000
PAY007391,M01497,B02,P3,2025-04-14,Renewal,4000
PAY007262,M00573,B01,P1,2025-04-14,Renewal,1500
PAY002817,M02817,B03,P3,04/14/2025,New,4000
PAY007366,M00102,B01,P4,2025-04-14,Renewal,7500
PAY007440,M01230,B02,P4,2025-04-14,Renewal,7500
PAY007372,M01565,B02,P4,2025-04-14,Renewal,7500
PAY007473,M01760,B02,P1,2025-04-14,Renewal,1500
PAY007283,M00381,B01,P1,2025-04-14,Renewal,1500
PAY007447,M01655,B02,P1,2025-04-14,Renewal,1500
PAY007362,M04221,B05,P2,2025-04-14,Renewal,1100
PAY007533,M01725,B02,P2,2025-04-14,Renewal,1100
PAY001845,M01845,B02,P4,2025-04-14,New,7500
PAY003632,M03632,B04,P3,2025-04-14,New,4000
PAY007260,M00418,B01,P5,2025-04-14,Renewal,13500
PAY007350,M00272,B01,P1,2025-04-14,Renewal,1500
PAY007611,M01647,B02,P1,2025-04-14,Renewal,1500
PAY007354,M01208,B02,P1,2025-04-14,Renewal,1500
PAY007338,M03432,B04,P1,2025-04-14,Renewal,1500
PAY007620,M04437,B05,P3,2025-04-14,Renewal,4000
PAY007332,M01396,B02,P3,2025-04-14,Renewal,4000
PAY007564,M00017,B01,P3,2025-04-14,Renewal,4000
PAY007562,M04468,B05,P1,2025-04-14,Renewal,1500
PAY007308,M01445,B02,P4,2025-04-14,Renewal,7500
PAY003642,M03642,B04,P1,2025-04-14,New,1500
PAY003640,M03640,B04,P4,2025-04-14,New,7500
PAY003648,M03648,B04,P3,2025-04-14,New,4000
PAY007520,M04425,B05,P3,2025-04-14,Renewal,4000
PAY007274,M03449,B04,P2,2025-04-14,Renewal,1100
PAY007525,M00407,B01,P1,2025-04-14,Renewal,1500
PAY007370,M01303,B02,P1,2025-04-14,Renewal,1500
PAY007535,M02609,B03,P1,04/14/2025,Renewal,1500
PAY001835,M01835,B02,P3,2025-04-14,New,4000
PAY007483,M04266,B05,P1,2025-04-14,Renewal,1500
PAY007301,M00026,B01,P2,2025-04-14,Renewal,1100
PAY007415,M01616,B02,P2,2025-04-14,Renewal,1100
PAY007503,M04472,B05,P2,2025-04-15,Renewal,1100
PAY002824,M02824,B03,P1,04/15/2025,New,1500
PAY007548,M01611,B02,P3,2025-04-15,Renewal,4000
PAY007403,M04429,B05,P2,2025-04-15,Renewal,1100
PAY007618,M04242,B05,P4,2025-04-15,Renewal,7500
PAY007575,M01769,B02,P1,2025-04-15,Renewal,1500
PAY007554,M03543,B04,P3,2025-04-15,Renewal,4000
PAY007513,M01724,B02,P1,2025-04-15,Renewal,1500
PAY007488,M00462,B01,P2,2025-04-15,Renewal,1100
PAY007585,M00090,B01,P3,2025-04-15,Renewal,4000
PAY007603,M00126,B01,P3,2025-04-15,Renewal,4000
PAY007546,M01437,B02,P1,2025-04-15,Renewal,1500
PAY007621,M00022,B01,P1,2025-04-15,Renewal,1500
PAY000588,M00588,B01,P1,2025-04-15,New,1500
PAY007485,M04299,B05,P3,2025-04-15,Renewal,4000
PAY007333,M01478,B02,P1,2025-04-15,Renewal,1500
PAY007411,M00540,B01,P1,2025-04-15,Renewal,1500
PAY004543,M04543,B05,P1,2025-04-15,New,1500
PAY003629,M03629,B04,P3,2025-04-15,New,4000
PAY007337,M03300,B04,P3,2025-04-15,Renewal,4000
PAY007592,M01488,B02,P1,2025-04-15,Renewal,1500
PAY007289,M01666,B02,P1,2025-04-15,Renewal,1500
PAY007323,M04324,B05,P2,2025-04-15,Renewal,1100
PAY003631,M03631,B04,P3,2025-04-15,New,4000
PAY007309,M01533,B02,P1,2025-04-15,Renewal,1500
PAY007367,M00300,B01,P2,2025-04-15,Renewal,1100
PAY001828,M01828,B02,P2,2025-04-15,New,1100
PAY007410,M00524,B01,P1,2025-04-15,Renewal,1500
PAY007441,M01256,B02,P4,2025-04-16,Renewal,7500
PAY001841,M01841,B02,P3,2025-04-16,New,4000
PAY007345,M04332,B05,P2,2025-04-16,Renewal,1100
PAY007342,M04128,B05,P4,2025-04-16,Renewal,7500
PAY007527,M00434,B01,P3,2025-04-16,Renewal,4000
PAY007479,M03588,B04,P1,2025-04-16,Renewal,1500
PAY007568,M00309,B01,P1,2025-04-16,Renewal,1500
PAY007444,M01489,B02,P2,2025-04-16,Renewal,1100
PAY007416,M01642,B02,P1,2025-04-16,Renewal,1500
PAY007655,M03147,B04,P3,2025-04-16,Renewal,4000
PAY007328,M00427,B01,P1,2025-04-16,Renewal,1500
PAY007302,M00094,B01,P2,2025-04-16,Renewal,1100
PAY003643,M03643,B04,P2,2025-04-16,New,1100
PAY007565,M00193,B01,P3,2025-04-16,Renewal,4000
PAY007315,M02589,B03,P3,04/16/2025,Renewal,4000
PAY007557,M04191,B05,P4,2025-04-16,Renewal,7500
PAY007429,M04103,B05,P1,2025-04-16,Renewal,1500
PAY007510,M01201,B02,P3,2025-04-16,Renewal,4000
PAY007629,M01568,B02,P3,2025-04-16,Renewal,4000
PAY007480,M04042,B05,P3,2025-04-16,Renewal,4000
PAY007454,M03184,B04,P3,2025-04-16,Renewal,4000
PAY007597,M03153,B04,P1,2025-04-16,Renewal,1500
PAY007588,M00376,B01,P1,2025-04-16,Renewal,1500
PAY007374,M02647,B03,P3,04/16/2025,Renewal,4000
PAY007464,M00564,B01,P1,2025-04-16,Renewal,1500
PAY007498,M03337,B04,P3,2025-04-16,Renewal,4000
PAY007500,M04012,B05,P1,2025-04-16,Renewal,1500
PAY002819,M02819,B03,P3,04/17/2025,New,4000
PAY007469,M01541,B02,P3,2025-04-17,Renewal,4000
PAY007671,M01753,B02,P1,2025-04-17,Renewal,1500
PAY007668,M01517,B02,P1,2025-04-17,Renewal,1500
PAY007542,M00076,B01,P1,2025-04-17,Renewal,1500
PAY007544,M01259,B02,P2,2025-04-17,Renewal,1100
PAY004545,M04545,B05,P3,2025-04-17,New,4000
PAY007487,M00412,B01,P4,2025-04-17,Renewal,7500
PAY001833,M01833,B02,P4,2025-04-17,New,7500
PAY007494,M01755,B02,P1,2025-04-17,Renewal,1500
PAY007652,M01787,B02,P1,2025-04-17,Renewal,1500
PAY007486,M00375,B01,P1,2025-04-17,Renewal,1500
PAY007387,M00505,B01,P2,2025-04-17,Renewal,1100
PAY007477,M02683,B03,P3,04/17/2025,Renewal,4000
PAY001832,M01832,B02,P5,2025-04-17,New,13500
PAY007638,M00069,B01,P1,2025-04-17,Renewal,1500
PAY007584,M00004,B01,P3,2025-04-17,Renewal,4000
PAY007466,M01221,B02,P1,2025-04-17,Renewal,1500
PAY007335,M01723,B02,P1,2025-04-17,Renewal,1500
PAY007446,M01594,B02,P1,2025-04-17,Renewal,1500
PAY007448,M01730,B02,P1,2025-04-17,Renewal,1500
PAY007348,M00157,B01,P2,2025-04-17,Renewal,1100
PAY007438,M00466,B01,P3,2025-04-17,Renewal,4000
PAY007381,M04177,B05,P4,2025-04-17,Renewal,7500
PAY007624,M00328,B01,P3,2025-04-17,Renewal,4000
PAY007521,M04462,B05,P2,2025-04-17,Renewal,1100
PAY007522,M00074,B01,P5,2025-04-17,Renewal,13500
PAY007478,M03156,B04,P2,2025-04-17,Renewal,1100
PAY007576,M01786,B02,P1,2025-04-17,Renewal,1500
PAY007616,M03587,B04,P1,2025-04-17,Renewal,1500
PAY007357,M02650,B03,P4,04/17/2025,Renewal,7500
PAY007682,M03593,B04,P1,2025-04-17,Renewal,1500
PAY007532,M01604,B02,P1,2025-04-17,Renewal,1500
PAY007427,M03535,B04,P2,2025-04-17,Renewal,1100
PAY007534,M01776,B02,P1,2025-04-17,Renewal,1500
PAY007582,M04478,B05,P1,2025-04-18,Renewal,1500
PAY007604,M00526,B01,P1,2025-04-18,Renewal,1500
PAY007347,M00135,B01,P2,2025-04-18,Renewal,1100
PAY007579,M02608,B03,P1,04/18/2025,Renewal,1500
PAY007607,M01382,B02,P4,2025-04-18,Renewal,7500
PAY007580,M04189,B05,P4,2025-04-18,Renewal,7500
PAY007420,M02540,B03,P1,04/18/2025,Renewal,1500
PAY007593,M01610,B02,P3,2025-04-18,Renewal,4000
PAY007491,M01295,B02,P3,2025-04-18,Renewal,4000
PAY000577,M00577,B01,P3,2025-04-18,New,4000
PAY007413,M00559,B01,P1,2025-04-18,Renewal,1500
PAY007414,M01265,B02,P1,2025-04-18,Renewal,1500
PAY003657,M03657,B04,P3,2025-04-18,New,4000
PAY007514,M01772,B02,P1,2025-04-18,Renewal,1500
PAY007636,M04427,B05,P1,2025-04-18,Renewal,1500
PAY004549,M04549,B05,P1,2025-04-18,New,1500
PAY007489,M00477,B01,P1,2025-04-18,Renewal,1500
PAY007693,M01449,B02,P1,2025-04-18,Renewal,1500
PAY000603,M00603,B01,P4,2025-04-18,New,7500
PAY007687,M00499,B01,P1,2025-04-18,Renewal,1500
PAY007423,M02686,B03,P3,04/18/2025,Renewal,4000
PAY007676,M02769,B03,P1,04/18/2025,Renewal,1500
PAY007653,M02705,B03,P1,04/18/2025,Renewal,1500
PAY007649,M01664,B02,P3,2025-04-18,Renewal,4000
PAY007647,M01638,B02,P3,2025-04-18,Renewal,4000
PAY007643,M01472,B02,P1,2025-04-18,Renewal,1500
PAY007642,M01340,B02,P2,2025-04-18,Renewal,1100
PAY001858,M01858,B02,P3,2025-04-18,New,4000
PAY007701,M04044,B05,P1,2025-04-19,Renewal,1500
PAY007599,M03528,B04,P4,2025-04-19,Renewal,7500
PAY007596,M02749,B03,P3,04/19/2025,Renewal,4000
PAY007705,M00245,B01,P1,2025-04-19,Renewal,1500
PAY007637,M04439,B05,P3,2025-04-19,Renewal,4000
PAY002829,M02829,B03,P1,04/19/2025,New,1500
PAY007695,M02711,B03,P1,04/19/2025,Renewal,1500
PAY007612,M02574,B03,P2,04/19/2025,Renewal,1100
PAY001837,M01837,B02,P3,2025-04-19,New,4000
PAY007679,M03408,B04,P3,2025-04-19,Renewal,4000
PAY007722,M03319,B04,P3,2025-04-19,Renewal,4000
PAY001844,M01844,B02,P1,2025-04-19,New,1500
PAY007386,M00456,B01,P3,2025-04-19,Renewal,4000
PAY007501,M04268,B05,P1,2025-04-19,Renewal,1500
PAY003655,M03655,B04,P4,2025-04-19,New,7500
PAY007406,M00031,B01,P1,2025-04-19,Renewal,1500
PAY007462,M00544,B01,P1,2025-04-19,Renewal,1500
PAY007455,M03477,B04,P4,2025-04-19,Renewal,7500
PAY007442,M01322,B02,P1,2025-04-19,Renewal,1500
PAY007389,M01243,B02,P2,2025-04-19,Renewal,1100
PAY007583,M04504,B05,P1,2025-04-19,Renewal,1500
PAY007508,M00444,B01,P1,2025-04-19,Renewal,1500
PAY007424,M03246,B04,P2,2025-04-19,Renewal,1100
PAY007555,M03565,B04,P2,2025-04-19,Renewal,1100
PAY007537,M03452,B04,P1,2025-04-19,Renewal,1500
PAY003625,M03625,B04,P3,2025-04-19,New,4000
PAY007509,M00550,B01,P4,2025-04-19,Renewal,7500
PAY007566,M00276,B01,P5,2025-04-19,Renewal,13500
PAY007439,M01165,B02,P1,2025-04-19,Renewal,1500
PAY007407,M00115,B01,P3,2025-04-20,Renewal,4000
PAY007560,M04365,B05,P1,2025-04-20,Renewal,1500
PAY007709,M00481,B01,P3,2025-04-20,Renewal,4000
PAY001855,M01855,B02,P2,2025-04-20,New,1100
PAY002808,M02808,B03,P5,04/20/2025,New,13500
PAY001851,M01851,B02,P4,2025-04-20,New,7500
PAY007396,M03534,B04,P3,2025-04-20,Renewal,4000
PAY007556,M03597,B04,P1,2025-04-20,Renewal,1500
PAY007553,M03226,B04,P3,2025-04-20,Renewal,4000
PAY002823,M02823,B03,P2,04/20/2025,New,1100
PAY007658,M03456,B04,P4,2025-04-20,Renewal,7500
PAY007505,M00089,B01,P3,2025-04-20,Renewal,4000
PAY007434,M04492,B05,P1,2025-04-20,Renewal,1500
PAY007545,M01356,B02,P1,2025-04-20,Renewal,1500
PAY001842,M01842,B02,P1,2025-04-20,New,1500
PAY007591,M01450,B02,P4,2025-04-20,Renewal,7500
PAY007740,M01425,B02,P2,2025-04-20,Renewal,1100
PAY007721,M03272,B04,P2,2025-04-20,Renewal,1100
PAY007384,M00177,B01,P1,2025-04-20,Renewal,1500
PAY003654,M03654,B04,P1,2025-04-20,New,1500
PAY004535,M04535,B05,P2,2025-04-20,New,1100
PAY007581,M04418,B05,P3,2025-04-20,Renewal,4000
PAY004540,M04540,B05,P1,2025-04-20,New,1500
PAY003652,M03652,B04,P1,2025-04-20,New,1500
PAY002828,M02828,B03,P3,04/20/2025,New,4000
PAY001840,M01840,B02,P2,2025-04-21,New,1100
PAY000578,M00578,B01,P3,2025-04-21,New,4000
PAY007660,M04288,B05,P3,2025-04-21,Renewal,4000
PAY007662,M00246,B01,P3,2025-04-21,Renewal,4000
PAY007517,M03139,B04,P3,2025-04-21,Renewal,4000
PAY007684,M00145,B01,P2,2025-04-21,Renewal,1100
PAY003665,M03665,B04,P1,2025-04-21,New,1500
PAY007541,M00052,B01,P5,2025-04-21,Renewal,13500
PAY007540,M04505,B05,P1,2025-04-21,Renewal,1500
PAY003653,M03653,B04,P3,2025-04-21,New,4000
PAY007526,M00431,B01,P1,2025-04-21,Renewal,1500
PAY007690,M00538,B01,P1,2025-04-21,Renewal,1500
PAY000587,M00587,B01,P2,2025-04-21,New,1100
PAY007685,M00384,B01,P1,2025-04-21,Renewal,1500
PAY007663,M00324,B01,P5,2025-04-21,Renewal,13500
PAY007648,M01640,B02,P1,2025-04-21,Renewal,1500
PAY007511,M01343,B02,P1,2025-04-21,Renewal,1500
PAY007458,M04373,B05,P1,2025-04-21,Renewal,1500
PAY007567,M00296,B01,P1,2025-04-21,Renewal,1500
PAY007437,M00338,B01,P1,2025-04-21,Renewal,1500
PAY007436,M00203,B01,P1,2025-04-21,Renewal,1500
PAY004529,M04529,B05,P2,2025-04-21,New,1100
PAY007426,M03494,B04,P3,2025-04-21,Renewal,4000
PAY007732,M04474,B05,P1,2025-04-21,Renewal,1500
PAY007549,M01648,B02,P1,2025-04-21,Renewal,1500
PAY007650,M01695,B02,P3,2025-04-21,Renewal,4000
PAY007468,M01292,B02,P4,2025-04-21,Renewal,7500
PAY004537,M04537,B05,P4,2025-04-22,New,7500
PAY007697,M03173,B04,P1,2025-04-22,Renewal,1500
PAY007602,M00071,B01,P3,2025-04-22,Renewal,4000
PAY007561,M04423,B05,P1,2025-04-22,Renewal,1500
PAY001846,M01846,B02,P3,2025-04-22,New,4000
PAY004523,M04523,B05,P3,2025-04-22,New,4000
PAY007587,M00353,B01,P4,2025-04-22,Renewal,7500
PAY007572,M01498,B02,P3,2025-04-22,Renewal,4000
PAY003644,M03644,B04,P2,2025-04-22,New,1100
PAY007619,M04415,B05,P3,2025-04-22,Renewal,4000
PAY007516,M02613,B03,P3,04/22/2025,Renewal,4000
PAY007451,M02489,B03,P1,04/22/2025,Renewal,1500
PAY002830,M02830,B03,P4,04/22/2025,New,7500
PAY007651,M01714,B02,P1,2025-04-22,Renewal,1500
PAY007450,M01792,B02,P1,2025-04-22,Renewal,1500
PAY002811,M02811,B03,P5,04/22/2025,New,13500
PAY007496,M03295,B04,P3,2025-04-22,Renewal,4000
PAY007499,M04008,B05,P1,2025-04-22,Renewal,1500
PAY007490,M00485,B01,P1,2025-04-22,Renewal,1500
PAY007645,M01499,B02,P1,2025-04-22,Renewal,1500
PAY007759,M02717,B03,P4,04/22/2025,Renewal,7500
PAY007445,M01513,B02,P1,2025-04-22,Renewal,1500
PAY000580,M00580,B01,P3,2025-04-22,New,4000
PAY007762,M03615,B04,P1,2025-04-22,Renewal,1500
PAY007742,M01549,B02,P4,2025-04-22,Renewal,7500
PAY007502,M04381,B05,P3,2025-04-22,Renewal,4000
PAY007673,M02668,B03,P1,04/22/2025,Renewal,1500
PAY007771,M04152,B05,P4,2025-04-22,Renewal,7500
PAY000601,M00601,B01,P5,2025-04-22,New,13500
PAY007558,M04329,B05,P1,2025-04-22,Renewal,1500
PAY000606,M00606,B01,P1,2025-04-23,New,1500
PAY001834,M01834,B02,P3,2025-04-23,New,4000
PAY000579,M00579,B01,P3,2025-04-23,New,4000
PAY007699,M03453,B04,P1,2025-04-23,Renewal,1500
PAY007482,M04183,B05,P5,2025-04-23,Renewal,13500
PAY007733,M04506,B05,P1,2025-04-23,Renewal,1500
PAY003628,M03628,B04,P2,2025-04-23,New,1100
PAY003630,M03630,B04,P1,2025-04-23,New,1500
PAY007470,M01660,B02,P3,2025-04-23,Renewal,4000
PAY007461,M00530,B01,P2,2025-04-23,Renewal,1100
PAY007613,M02598,B03,P1,04/23/2025,Renewal,1500
PAY007770,M04033,B05,P2,2025-04-23,Renewal,1100
PAY007601,M04287,B05,P1,2025-04-23,Renewal,1500
PAY007646,M01612,B02,P1,2025-04-23,Renewal,1500
PAY007610,M01493,B02,P3,2025-04-23,Renewal,4000
PAY007761,M03345,B04,P1,2025-04-23,Renewal,1500
PAY007574,M01735,B02,P1,2025-04-23,Renewal,1500
PAY007529,M01308,B02,P3,2025-04-23,Renewal,4000
PAY007743,M01777,B02,P1,2025-04-23,Renewal,1500
PAY007515,M01804,B02,P1,2025-04-23,Renewal,1500
PAY007551,M02594,B03,P1,04/23/2025,Renewal,1500
PAY007628,M01280,B02,P3,2025-04-23,Renewal,4000
PAY001856,M01856,B02,P4,2025-04-23,New,7500
PAY007641,M01273,B02,P1,2025-04-24,Renewal,1500
PAY007803,M01785,B02,P2,2025-04-24,Renewal,1100
PAY007797,M00569,B01,P1,2025-04-24,Renewal,1500
PAY007615,M03462,B04,P1,2025-04-24,Renewal,1500
PAY007577,M02515,B03,P1,04/24/2025,Renewal,1500
PAY007605,M01184,B02,P3,2025-04-24,Renewal,4000
PAY007586,M00185,B01,P2,2025-04-24,Renewal,1100
PAY007789,M04300,B05,P1,2025-04-24,Renewal,1500
PAY007550,M01675,B02,P3,2025-04-24,Renewal,4000
PAY001849,M01849,B02,P2,2025-04-24,New,1100
PAY007543,M00489,B01,P1,2025-04-24,Renewal,1500
PAY007678,M03334,B04,P3,2025-04-24,Renewal,4000
PAY003633,M03633,B04,P3,2025-04-24,New,4000
PAY007664,M00449,B01,P3,2025-04-24,Renewal,4000
PAY007506,M00258,B01,P2,2025-04-24,Renewal,1100
PAY007519,M03357,B04,P3,2025-04-24,Renewal,4000
PAY007538,M04163,B05,P1,2025-04-24,Renewal,1500
PAY007748,M03414,B04,P1,2025-04-24,Renewal,1500
PAY007657,M03440,B04,P1,2025-04-24,Renewal,1500
PAY007845,M03244,B04,P1,2025-04-25,Renewal,1500
PAY007842,M02751,B03,P3,04/25/2025,Renewal,4000
PAY007654,M02805,B03,P2,04/25/2025,Renewal,1100
PAY007739,M01362,B02,P1,2025-04-25,Renewal,1500
PAY007724,M03469,B04,P5,2025-04-25,Renewal,13500
PAY003646,M03646,B04,P3,2025-04-25,New,4000
PAY007838,M02643,B03,P2,04/25/2025,Renewal,1100
PAY007594,M01719,B02,P2,2025-04-25,Renewal,1100
PAY007590,M01360,B02,P2,2025-04-25,Renewal,1100
PAY004524,M04524,B05,P1,2025-04-25,New,1500
PAY007853,M04211,B05,P1,2025-04-25,Renewal,1500
PAY007725,M03531,B04,P3,2025-04-25,Renewal,4000
PAY004522,M04522,B05,P1,2025-04-25,New,1500
PAY007674,M02725,B03,P5,04/25/2025,Renewal,13500
PAY007757,M01571,B02,P1,2025-04-25,Renewal,1500
PAY007745,M02532,B03,P4,04/25/2025,Renewal,7500
PAY007559,M04361,B05,P3,2025-04-25,Renewal,4000
PAY007504,M00027,B01,P1,2025-04-25,Renewal,1500
PAY007700,M03538,B04,P5,2025-04-25,Renewal,13500
PAY007702,M04146,B05,P1,2025-04-25,Renewal,1500
PAY007634,M03377,B04,P1,2025-04-25,Renewal,1500
PAY007630,M01683,B02,P3,2025-04-25,Renewal,4000
PAY007775,M00228,B01,P2,2025-04-25,Renewal,1100
PAY007782,M02742,B03,P1,04/25/2025,Renewal,1500
PAY007703,M00112,B01,P2,2025-04-25,Renewal,1100
PAY002820,M02820,B03,P3,04/25/2025,New,4000
PAY001847,M01847,B02,P4,2025-04-26,New,7500
PAY007769,M03143,B04,P4,2025-04-26,Renewal,7500
PAY007768,M02765,B03,P2,04/26/2025,Renewal,1100
PAY007850,M03983,B05,P1,2025-04-26,Renewal,1500
PAY001838,M01838,B02,P3,2025-04-26,New,4000
PAY003647,M03647,B04,P4,2025-04-26,New,7500
PAY007788,M04274,B05,P1,2025-04-26,Renewal,1500
PAY007868,M03146,B04,P4,2025-04-26,Renewal,7500
PAY001822,M01822,B02,P1,2025-04-26,New,1500
PAY007819,M00283,B01,P2,2025-04-26,Renewal,1100
PAY007595,M02567,B03,P1,04/26/2025,Renewal,1500
PAY007523,M00192,B01,P1,2025-04-26,Renewal,1500
PAY002814,M02814,B03,P1,04/26/2025,New,1500
PAY007524,M00263,B01,P3,2025-04-26,Renewal,4000
PAY007691,M00547,B01,P1,2025-04-26,Renewal,1500
PAY007531,M01573,B02,P1,2025-04-26,Renewal,1500
PAY007665,M01485,B02,P3,2025-04-26,Renewal,4000
PAY007727,M04368,B05,P5,2025-04-26,Renewal,13500
PAY007639,M00461,B01,P3,2025-04-26,Renewal,4000
PAY004553,M04553,B05,P2,2025-04-26,New,1100
PAY007623,M00144,B01,P2,2025-04-26,Renewal,1100
PAY001826,M01826,B02,P5,2025-04-27,New,13500
PAY001827,M01827,B02,P1,2025-04-27,New,1500
PAY003636,M03636,B04,P3,2025-04-27,New,4000
PAY007806,M02735,B03,P1,04/27/2025,Renewal,1500
PAY007847,M03367,B04,P2,2025-04-27,Renewal,1100
PAY007810,M03488,B04,P2,2025-04-27,Renewal,1100
PAY007617,M03985,B05,P3,2025-04-27,Renewal,4000
PAY007692,M01366,B02,P4,2025-04-27,Renewal,7500
PAY007622,M00080,B01,P4,2025-04-27,Renewal,7500
PAY007816,M04486,B05,P1,2025-04-27,Renewal,1500
PAY007609,M01439,B02,P3,2025-04-27,Renewal,4000
PAY007677,M02780,B03,P2,04/27/2025,Renewal,1100
PAY007626,M00474,B01,P3,2025-04-27,Renewal,4000
PAY004559,M04559,B05,P1,2025-04-27,New,1500
PAY007822,M01174,B02,P3,2025-04-27,Renewal,4000
PAY007756,M01560,B02,P2,2025-04-27,Renewal,1100
PAY007573,M01633,B02,P3,2025-04-27,Renewal,4000
PAY007760,M03242,B04,P5,2025-04-27,Renewal,13500
PAY007632,M02778,B03,P1,04/27/2025,Renewal,1500
PAY007818,M00158,B01,P1,2025-04-27,Renewal,1500
PAY007827,M01409,B02,P2,2025-04-27,Renewal,1100
PAY007811,M03511,B04,P3,2025-04-27,Renewal,4000
PAY007598,M03308,B04,P1,2025-04-27,Renewal,1500
PAY000598,M00598,B01,P3,2025-04-27,New,4000
PAY007860,M00496,B01,P3,2025-04-27,Renewal,4000
PAY007729,M04406,B05,P5,2025-04-27,Renewal,13500
PAY004554,M04554,B05,P4,2025-04-28,New,7500
PAY001853,M01853,B02,P1,2025-04-28,New,1500
PAY004521,M04521,B05,P3,2025-04-28,New,4000
PAY007614,M02621,B03,P4,04/28/2025,Renewal,7500
PAY007854,M04375,B05,P1,2025-04-28,Renewal,1500
PAY007741,M01458,B02,P1,2025-04-28,Renewal,1500
PAY007744,M01781,B02,P1,2025-04-28,Renewal,1500
PAY007661,M00160,B01,P3,2025-04-28,Renewal,4000
PAY007659,M03459,B04,P1,2025-04-28,Renewal,1500
PAY007754,M01251,B02,P3,2025-04-28,Renewal,4000
PAY004530,M04530,B05,P3,2025-04-28,New,4000
PAY007683,M04312,B05,P1,2025-04-28,Renewal,1500
PAY004534,M04534,B05,P2,2025-04-28,New,1100
PAY007635,M03527,B04,P1,2025-04-28,Renewal,1500
PAY007731,M04455,B05,P1,2025-04-28,Renewal,1500
PAY007627,M00570,B01,P1,2025-04-28,Renewal,1500
PAY007776,M00512,B01,P2,2025-04-28,Renewal,1100
PAY007736,M00254,B01,P4,2025-04-28,Renewal,7500
PAY007815,M04456,B05,P2,2025-04-28,Renewal,1100
PAY004544,M04544,B05,P1,2025-04-28,New,1500
PAY007656,M03278,B04,P3,2025-04-28,Renewal,4000
PAY007608,M01427,B02,P2,2025-04-28,Renewal,1100
PAY007890,M03236,B04,P1,2025-04-28,Renewal,1500
PAY007689,M00506,B01,P2,2025-04-28,Renewal,1100
PAY007600,M04076,B05,P3,2025-04-28,Renewal,4000
PAY003627,M03627,B04,P1,2025-04-28,New,1500
PAY003658,M03658,B04,P2,2025-04-28,New,1100
PAY002813,M02813,B03,P1,04/28/2025,New,1500
PAY000593,M00593,B01,P3,2025-04-28,New,4000
PAY003651,M03651,B04,P4,2025-04-28,New,7500
PAY000594,M00594,B01,P3,2025-04-28,New,4000
PAY007706,M00281,B01,P1,2025-04-28,Renewal,1500
PAY007851,M03993,B05,P4,2025-04-28,Renewal,7500
PAY000610,M00610,B01,P1,2025-04-28,New,1500
PAY007669,M01690,B02,P1,2025-04-29,Renewal,1500
PAY007774,M00057,B01,P3,2025-04-29,Renewal,4000
PAY002806,M02806,B03,P5,04/29/2025,New,13500
PAY000575,M00575,B01,P4,2025-04-29,New,7500
PAY007781,M01821,B02,P5,2025-04-29,Renewal,13500
PAY004538,M04538,B05,P4,2025-04-29,New,7500
PAY007625,M00442,B01,P1,2025-04-29,Renewal,1500
PAY007857,M00122,B01,P1,2025-04-29,Renewal,1500
PAY007792,M00171,B01,P1,2025-04-29,Renewal,1500
PAY007877,M00560,B01,P1,2025-04-29,Renewal,1500
PAY007794,M00351,B01,P1,2025-04-29,Renewal,1500
PAY007737,M00430,B01,P1,2025-04-29,Renewal,1500
PAY007805,M02734,B03,P3,04/29/2025,Renewal,4000
PAY007809,M03433,B04,P1,2025-04-29,Renewal,1500
PAY007631,M02586,B03,P1,04/29/2025,Renewal,1500
PAY007666,M01501,B02,P3,2025-04-29,Renewal,4000
PAY007852,M04169,B05,P1,2025-04-29,Renewal,1500
PAY007698,M03233,B04,P3,2025-04-29,Renewal,4000
PAY007707,M00356,B01,P1,2025-04-29,Renewal,1500
PAY007696,M02733,B03,P1,04/29/2025,Renewal,1500
PAY000592,M00592,B01,P5,2025-04-29,New,13500
PAY007874,M04541,B05,P1,2025-04-29,Renewal,1500
PAY007720,M02803,B03,P3,04/29/2025,Renewal,4000
PAY007640,M01268,B02,P1,2025-04-29,Renewal,1500
PAY007878,M00586,B01,P1,2025-04-29,Renewal,1500
PAY003641,M03641,B04,P3,2025-04-29,New,4000
PAY007767,M02693,B03,P1,04/29/2025,Renewal,1500
PAY007726,M04055,B05,P4,2025-04-29,Renewal,7500
PAY007865,M01823,B02,P2,2025-04-30,Renewal,1100
PAY007917,M01701,B02,P1,2025-04-30,Renewal,1500
PAY007606,M01193,B02,P1,2025-04-30,Renewal,1500
PAY007899,M00497,B01,P3,2025-04-30,Renewal,4000
PAY007945,M04509,B05,P1,2025-04-30,Renewal,1500
PAY007896,M00125,B01,P5,2025-04-30,Renewal,13500
PAY007911,M00428,B01,P1,2025-04-30,Renewal,1500
PAY004546,M04546,B05,P5,2025-04-30,New,13500
PAY004547,M04547,B05,P1,2025-04-30,New,1500
PAY007712,M01358,B02,P3,2025-04-30,Renewal,4000
PAY007711,M01348,B02,P1,2025-04-30,Renewal,1500
PAY007708,M00433,B01,P1,2025-04-30,Renewal,1500
PAY007717,M01764,B02,P1,2025-04-30,Renewal,1500
PAY004548,M04548,B05,P3,2025-04-30,New,4000
PAY000596,M00596,B01,P3,2025-04-30,New,4000
PAY003634,M03634,B04,P4,2025-04-30,New,7500
PAY004520,M04520,B05,P2,2025-04-30,New,1100
PAY003650,M03650,B04,P5,2025-04-30,New,13500
PAY000585,M00585,B01,P3,2025-04-30,New,4000
PAY007719,M02568,B03,P1,04/30/2025,Renewal,1500
PAY007675,M02741,B03,P3,04/30/2025,Renewal,4000
PAY007738,M00556,B01,P1,2025-04-30,Renewal,1500
PAY007747,M03388,B04,P1,2025-04-30,Renewal,1500
PAY007764,M01231,B02,P1,2025-04-30,Renewal,1500
PAY007633,M03181,B04,P3,2025-04-30,Renewal,4000
PAY002831,M02831,B03,P5,04/30/2025,New,13500
PAY007715,M01537,B02,P2,2025-04-30,Renewal,1100
PAY007730,M04435,B05,P3,2025-05-01,Renewal,4000
PAY007718,M01778,B02,P1,2025-05-01,Renewal,1500
PAY007898,M00162,B01,P3,2025-05-01,Renewal,4000
PAY007948,M00453,B01,P1,2025-05-01,Renewal,1500
PAY007793,M00209,B01,P1,2025-05-01,Renewal,1500
PAY007704,M00161,B01,P3,2025-05-01,Renewal,4000
PAY007812,M03518,B04,P3,2025-05-01,Renewal,4000
PAY007949,M01269,B02,P1,2025-05-01,Renewal,1500
PAY007686,M00420,B01,P1,2025-05-01,Renewal,1500
PAY007680,M03441,B04,P2,2025-05-01,Renewal,1100
PAY001881,M01881,B02,P1,2025-05-01,New,1500
PAY007644,M01479,B02,P3,2025-05-01,Renewal,4000
PAY007895,M00062,B01,P1,2025-05-01,Renewal,1500
PAY001875,M01875,B02,P5,2025-05-01,New,13500
PAY007952,M01567,B02,P1,2025-05-01,Renewal,1500
PAY004585,M04585,B05,P1,2025-05-01,New,1500
PAY002833,M02833,B03,P5,05/01/2025,New,13500
PAY003681,M03681,B04,P1,2025-05-01,New,1500
PAY002834,M02834,B03,P4,05/01/2025,New,7500
PAY007802,M01704,B02,P1,2025-05-02,Renewal,1500
PAY007904,M03479,B04,P2,2025-05-02,Renewal,1100
PAY007749,M04117,B05,P3,2025-05-02,Renewal,4000
PAY007947,M00273,B01,P3,2025-05-02,Renewal,4000
PAY000642,M00642,B01,P3,2025-05-02,New,4000
PAY000643,M00643,B01,P1,2025-05-02,New,1500
PAY007763,M04164,B05,P1,2025-05-02,Renewal,1500
PAY007957,M04286,B05,P2,2025-05-02,Renewal,1100
PAY007808,M03385,B04,P1,2025-05-02,Renewal,1500
PAY007772,M04475,B05,P2,2025-05-02,Renewal,1100
PAY007907,M04514,B05,P2,2025-05-02,Renewal,1100
PAY007817,M00073,B01,P1,2025-05-02,Renewal,1500
PAY007777,M00529,B01,P1,2025-05-02,Renewal,1500
PAY007783,M03273,B04,P1,2025-05-02,Renewal,1500
PAY007863,M01289,B02,P4,2025-05-02,Renewal,7500
PAY007790,M00043,B01,P3,2025-05-02,Renewal,4000
PAY007915,M01330,B02,P1,2025-05-02,Renewal,1500
PAY007880,M01232,B02,P1,2025-05-02,Renewal,1500
PAY007681,M03558,B04,P1,2025-05-02,Renewal,1500
PAY007888,M02510,B03,P4,05/02/2025,Renewal,7500
PAY007821,M00379,B01,P3,2025-05-02,Renewal,4000
PAY007710,M00534,B01,P2,2025-05-02,Renewal,1100
PAY007688,M00503,B01,P1,2025-05-02,Renewal,1500
PAY007914,M01264,B02,P4,2025-05-02,Renewal,7500
PAY007924,M04080,B05,P3,2025-05-02,Renewal,4000
PAY007735,M00217,B01,P1,2025-05-02,Renewal,1500
PAY001870,M01870,B02,P1,2025-05-03,New,1500
PAY007766,M02667,B03,P1,05/03/2025,Renewal,1500
PAY007912,M00591,B01,P1,2025-05-03,Renewal,1500
PAY007694,M01779,B02,P2,2025-05-03,Renewal,1100
PAY007870,M03568,B04,P3,2025-05-03,Renewal,4000
PAY007967,M01734,B02,P1,2025-05-03,Renewal,1500
PAY007969,M01843,B02,P1,2025-05-03,Renewal,1500
PAY007713,M01420,B02,P3,2025-05-03,Renewal,4000
PAY007831,M01539,B02,P1,2025-05-03,Renewal,1500
PAY007859,M00486,B01,P2,2025-05-03,Renewal,1100
PAY007758,M01710,B02,P1,2025-05-03,Renewal,1500
PAY007714,M01423,B02,P1,2025-05-03,Renewal,1500
PAY007795,M00446,B01,P2,2025-05-03,Renewal,1100
PAY007848,M03396,B04,P2,2025-05-03,Renewal,1100
PAY007986,M01586,B02,P1,2025-05-03,Renewal,1500
PAY007813,M04006,B05,P1,2025-05-03,Renewal,1500
PAY007922,M03478,B04,P1,2025-05-03,Renewal,1500
PAY007994,M04140,B05,P1,2025-05-03,Renewal,1500
PAY007728,M04398,B05,P3,2025-05-03,Renewal,4000
PAY007786,M03612,B04,P1,2025-05-03,Renewal,1500
PAY002847,M02847,B03,P4,05/03/2025,New,7500
PAY001861,M01861,B02,P2,2025-05-03,New,1100
PAY000628,M00628,B01,P5,2025-05-03,New,13500
PAY004590,M04590,B05,P2,2025-05-03,New,1100
PAY007910,M00226,B01,P1,2025-05-03,Renewal,1500
PAY007746,M02790,B03,P1,05/03/2025,Renewal,1500
PAY007667,M01509,B02,P2,2025-05-03,Renewal,1100
PAY007937,M01463,B02,P3,2025-05-03,Renewal,4000
PAY007926,M04241,B05,P3,2025-05-03,Renewal,4000
PAY007750,M04236,B05,P3,2025-05-03,Renewal,4000
PAY007670,M01746,B02,P2,2025-05-03,Renewal,1100
PAY007893,M04539,B05,P1,2025-05-03,Renewal,1500
PAY007930,M00034,B01,P1,2025-05-03,Renewal,1500
PAY007925,M04234,B05,P5,2025-05-03,Renewal,13500
PAY007672,M02624,B03,P2,05/03/2025,Renewal,1100
PAY007755,M01301,B02,P1,2025-05-03,Renewal,1500
PAY001895,M01895,B02,P4,2025-05-04,New,7500
PAY008013,M03310,B04,P4,2025-05-04,Renewal,7500
PAY007723,M03425,B04,P5,2025-05-04,Renewal,13500
PAY007834,M02499,B03,P2,05/04/2025,Renewal,1100
PAY007921,M03475,B04,P3,2025-05-04,Renewal,4000
PAY008005,M01731,B02,P2,2025-05-04,Renewal,1100
PAY000629,M00629,B01,P4,2025-05-04,New,7500
PAY003679,M03679,B04,P3,2025-05-04,New,4000
PAY007905,M04036,B05,P3,2025-05-04,Renewal,4000
PAY003684,M03684,B04,P3,2025-05-04,New,4000
PAY004574,M04574,B05,P1,2025-05-04,New,1500
PAY002838,M02838,B03,P2,05/04/2025,New,1100
PAY007954,M02602,B03,P1,05/04/2025,Renewal,1500
PAY007881,M01258,B02,P1,2025-05-04,Renewal,1500
PAY002837,M02837,B03,P1,05/04/2025,New,1500
PAY007923,M03659,B04,P2,2025-05-04,Renewal,1100
PAY004577,M04577,B05,P3,2025-05-04,New,4000
PAY007964,M01620,B02,P3,2025-05-04,Renewal,4000
PAY007977,M04338,B05,P1,2025-05-04,Renewal,1500
PAY007784,M03521,B04,P2,2025-05-04,Renewal,1100
PAY000640,M00640,B01,P1,2025-05-04,New,1500
PAY007835,M02518,B03,P1,05/05/2025,Renewal,1500
PAY007837,M02631,B03,P3,05/05/2025,Renewal,4000
PAY007894,M00037,B01,P1,2025-05-05,Renewal,1500
PAY007840,M02701,B03,,05/05/2025,Renewal,4000
PAY007825,M01381,B02,P2,2025-05-05,Renewal,1100
PAY007867,M02746,B03,P1,05/05/2025,Renewal,1500
PAY007901,M01854,B02,P1,2025-05-05,Renewal,1500
PAY007824,M01346,B02,P4,2025-05-05,Renewal,7500
PAY007953,M01632,B02,P1,2025-05-05,Renewal,1500
PAY007886,M01635,B02,P3,2025-05-05,Renewal,4000
PAY007871,M03662,B04,P4,2025-05-05,Renewal,7500
PAY007916,M01400,B02,P3,2025-05-05,Renewal,4000
PAY003670,M03670,B04,P1,2025-05-05,New,1500
PAY007779,M01432,B02,P1,2025-05-05,Renewal,1500
PAY007716,M01678,B02,P2,2025-05-05,Renewal,1100
PAY007780,M01629,B02,P2,2025-05-05,Renewal,1100
PAY007791,M00108,B01,P1,2025-05-05,Renewal,1500
PAY008035,M04014,B05,P1,2025-05-05,Renewal,1500
PAY007753,M00197,B01,P3,2025-05-05,Renewal,4000
PAY000631,M00631,B01,P5,2025-05-05,New,13500
PAY000630,M00630,B01,P2,2025-05-05,New,1100
PAY007751,M04431,B05,P3,2025-05-06,Renewal,4000
PAY007752,M00148,B01,P4,2025-05-06,Renewal,7500
PAY008031,M03394,B04,P3,2025-05-06,Renewal,4000
PAY007773,M04512,B05,P3,2025-05-06,Renewal,4000
PAY007973,M03290,B04,P3,2025-05-06,Renewal,4000
PAY008026,M01742,B02,P4,2025-05-06,Renewal,7500
PAY007972,M03281,B04,P3,2025-05-06,Renewal,4000
PAY007971,M03231,B04,P1,2025-05-06,Renewal,1500
PAY007970,M02664,B03,P2,05/06/2025,Renewal,1100
PAY008036,M04245,B05,P3,2025-05-06,Renewal,4000
PAY003675,M03675,B04,P1,2025-05-06,New,1500
PAY007785,M03552,B04,P1,2025-05-06,Renewal,1500
PAY007846,M03322,B04,P2,2025-05-06,Renewal,1100
PAY008011,M02794,B03,P2,05/06/2025,Renewal,1100
PAY008041,M00110,B01,P3,2025-05-06,Renewal,4000
PAY007734,M00047,B01,P2,2025-05-06,Renewal,1100
PAY007843,M03123,B04,P3,2025-05-06,Renewal,4000
PAY001873,M01873,B02,P5,2025-05-06,New,13500
PAY007939,M02795,B03,P1,05/06/2025,Renewal,1500
PAY008001,M01336,B02,P2,2025-05-06,Renewal,1100
PAY000632,M00632,B01,P2,2025-05-06,New,1100
PAY007800,M01474,B02,P2,2025-05-06,Renewal,1100
PAY007804,M02603,B03,P3,05/06/2025,Renewal,4000
PAY001877,M01877,B02,P1,2025-05-06,New,1500
PAY003668,M03668,B04,P1,2025-05-07,New,1500
PAY007928,M04294,B05,P2,2025-05-07,Renewal,1100
PAY007897,M00147,B01,P3,2025-05-07,Renewal,4000
PAY000623,M00623,B01,P2,2025-05-07,New,1100
PAY008008,M02497,B03,,05/07/2025,Renewal,4000
PAY004562,M04562,B05,P3,2025-05-07,New,4000
PAY007942,M03994,B05,P1,2025-05-07,Renewal,1500
PAY007943,M04013,B05,P2,2025-05-07,Renewal,1100
PAY001891,M01891,B02,P5,2025-05-07,New,13500
PAY004598,M04598,B05,P4,2025-05-07,New,7500
PAY007876,M00268,B01,P3,2025-05-07,Renewal,4000
PAY008023,M01191,B02,P3,2025-05-07,Renewal,4000
PAY007796,M00527,B01,P1,2025-05-07,Renewal,1500
PAY008022,M00609,B01,P1,2025-05-07,Renewal,1500
PAY007844,M03194,B04,P2,2025-05-07,Renewal,1100
PAY007798,M01220,B02,P3,2025-05-07,Renewal,4000
PAY007828,M01492,B02,P2,2025-05-07,Renewal,1100
PAY007826,M01406,B02,P2,2025-05-07,Renewal,1100
PAY007872,M04017,B05,P3,2025-05-07,Renewal,4000
PAY008015,M04170,B05,P1,2025-05-07,Renewal,1500
PAY007814,M04395,B05,P1,2025-05-07,Renewal,1500
PAY002840,M02840,B03,P2,05/08/2025,New,1100
PAY007807,M03126,B04,P1,2025-05-08,Renewal,1500
PAY007909,M00201,B01,P2,2025-05-08,Renewal,1100
PAY007908,M00178,B01,P1,2025-05-08,Renewal,1500
PAY007832,M01650,B02,P1,2025-05-08,Renewal,1500
PAY007833,M01684,B02,P1,2025-05-08,Renewal,1500
PAY007823,M01200,B02,P2,2025-05-08,Renewal,1100
PAY007920,M03113,B04,P2,2025-05-08,Renewal,1100
PAY007919,M02760,B03,P3,05/08/2025,Renewal,4000
PAY001874,M01874,B02,P1,2025-05-08,New,1500
PAY007830,M01536,B02,P1,2025-05-08,Renewal,1500
PAY007820,M00349,B01,P1,2025-05-08,Renewal,1500
PAY008064,M04113,B05,P4,2025-05-08,Renewal,7500
PAY007960,M00101,B01,P1,2025-05-08,Renewal,1500
PAY007787,M04154,B05,P3,2025-05-08,Renewal,4000
PAY000644,M00644,B01,P3,2025-05-08,New,4000
PAY007885,M01544,B02,P1,2025-05-08,Renewal,1500
PAY008048,M03368,B04,P1,2025-05-08,Renewal,1500
PAY007765,M01763,B02,P5,2025-05-08,Renewal,13500
PAY007902,M03155,B04,P1,2025-05-08,Renewal,1500
PAY007951,M01528,B02,P3,2025-05-08,Renewal,4000
PAY008051,M04560,B05,P2,2025-05-08,Renewal,1100
PAY003671,M03671,B04,P2,2025-05-08,New,1100
PAY007849,M03541,B04,P1,2025-05-08,Renewal,1500
PAY007985,M01378,B02,P3,2025-05-08,Renewal,4000
PAY007829,M01534,B02,P3,2025-05-09,Renewal,4000
PAY007892,M03638,B04,P1,2025-05-09,Renewal,1500
PAY007856,M00106,B01,P1,2025-05-09,Renewal,1500
PAY007801,M01631,B02,P1,2025-05-09,Renewal,1500
PAY000616,M00616,B01,P4,2025-05-09,New,7500
PAY007862,M00597,B01,P2,2025-05-09,Renewal,1100
PAY007869,M03266,B04,P3,2025-05-09,Renewal,4000
PAY007903,M03390,B04,P4,2025-05-09,Renewal,7500
PAY003677,M03677,B04,P3,2025-05-09,New,4000
PAY007778,M01418,B02,P3,2025-05-09,Renewal,4000
PAY007855,M04484,B05,P1,2025-05-09,Renewal,1500
PAY008029,M02684,B03,P1,05/09/2025,Renewal,1500
PAY007961,M00176,B01,P3,2025-05-09,Renewal,4000
PAY007975,M04035,B05,P1,2025-05-09,Renewal,1500
PAY007968,M01756,B02,P1,2025-05-09,Renewal,1500
PAY007990,M02747,B03,P1,05/09/2025,Renewal,1500
PAY008032,M03409,B04,P2,2025-05-09,Renewal,1100
PAY007935,M00545,B01,P1,2025-05-09,Renewal,1500
PAY008052,M00493,B01,P3,2025-05-10,Renewal,4000
PAY007889,M02626,B03,P3,05/10/2025,Renewal,4000
PAY007955,M03579,B04,P3,2025-05-10,Renewal,4000
PAY000624,M00624,B01,P1,2025-05-10,New,1500
PAY008102,M04130,B05,P3,2025-05-10,Renewal,4000
PAY008096,M01738,B02,P1,2025-05-10,Renewal,1500
PAY000634,M00634,B01,P3,2025-05-10,New,4000
PAY007875,M00248,B01,P4,2025-05-10,Renewal,7500
PAY004572,M04572,B05,P1,2025-05-10,New,1500
PAY007882,M01307,B02,P3,2025-05-10,Renewal,4000
PAY007866,M02552,B03,P4,05/10/2025,Renewal,7500
PAY007962,M01206,B02,P1,2025-05-10,Renewal,1500
PAY002839,M02839,B03,P4,05/10/2025,New,7500
PAY007799,M01326,B02,P2,2025-05-10,Renewal,1100
PAY007941,M03578,B04,P3,2025-05-10,Renewal,4000
PAY008081,M00026,B01,P2,2025-05-10,Renewal,1100
PAY007836,M02607,B03,P2,05/10/2025,Renewal,1100
PAY002843,M02843,B03,P1,05/10/2025,New,1500
PAY007984,M00507,B01,P3,2025-05-11,Renewal,4000
PAY008007,M01773,B02,P3,2025-05-11,Renewal,4000
PAY008010,M02655,B03,P1,05/11/2025,Renewal,1500
PAY008020,M00498,B01,P1,2025-05-11,Renewal,1500
PAY008061,M03522,B04,P3,2025-05-11,Renewal,4000
PAY007991,M02798,B03,P1,05/11/2025,Renewal,1500
PAY007839,M02682,B03,P1,05/11/2025,Renewal,1500
PAY008021,M00521,B01,P1,2025-05-11,Renewal,1500
PAY008130,M01642,B02,P1,2025-05-11,Renewal,1500
PAY007841,M02720,B03,P1,05/11/2025,Renewal,1500
PAY007864,M01550,B02,P1,2025-05-11,Renewal,1500
PAY007974,M03443,B04,P1,2025-05-11,Renewal,1500
PAY007861,M00562,B01,P1,2025-05-11,Renewal,1500
PAY008053,M00517,B01,P3,2025-05-11,Renewal,4000
PAY007979,M00045,B01,P5,2025-05-11,Renewal,13500
PAY008006,M01749,B02,P4,2025-05-11,Renewal,7500
PAY008034,M03970,B05,P1,2025-05-11,Renewal,1500
PAY008054,M00551,B01,P2,2025-05-11,Renewal,1100
PAY007918,M02517,B03,P3,05/11/2025,Renewal,4000
PAY008067,M04275,B05,P4,2025-05-11,Renewal,7500
PAY008083,M00255,B01,P3,2025-05-11,Renewal,4000
PAY001863,M01863,B02,P4,2025-05-11,New,7500
PAY008097,M01760,B02,P1,2025-05-11,Renewal,1500
PAY004589,M04589,B05,P5,2025-05-11,New,13500
PAY007883,M01371,B02,P2,2025-05-11,Renewal,1100
PAY001887,M01887,B02,P4,2025-05-11,New,7500
PAY007938,M01592,B02,P3,2025-05-11,Renewal,4000
PAY000611,M00611,B01,P1,2025-05-11,New,1500
PAY008075,M01298,B02,P1,2025-05-11,Renewal,1500
PAY007936,M00589,B01,P1,2025-05-11,Renewal,1500
PAY007931,M00049,B01,P1,2025-05-11,Renewal,1500
PAY007932,M00196,B01,P3,2025-05-11,Renewal,4000
PAY008109,M00300,B01,P2,2025-05-11,Renewal,1100
PAY001888,M01888,B02,P2,2025-05-12,New,1100
PAY008115,M01666,B02,P1,2025-05-12,Renewal,1500
PAY001859,M01859,B02,P5,2025-05-12,New,13500
PAY002835,M02835,B03,P1,05/12/2025,New,1500
PAY008143,M01604,B02,P1,2025-05-12,Renewal,1500
PAY007995,M04320,B05,P1,2025-05-12,Renewal,1500
PAY007996,M04341,B05,P3,2025-05-12,Renewal,4000
PAY007989,M02600,B03,,05/12/2025,Renewal,1100
PAY008033,M03618,B04,P1,2025-05-12,Renewal,1500
PAY008002,M01525,B02,P3,2025-05-12,Renewal,4000
PAY007978,M04451,B05,P2,2025-05-12,Renewal,1100
PAY008118,M02824,B03,P1,05/12/2025,Renewal,1500
PAY008042,M00168,B01,P1,2025-05-12,Renewal,1500
PAY008043,M00336,B01,P2,2025-05-12,Renewal,1100
PAY004561,M04561,B05,P1,2025-05-12,New,1500
PAY008046,M03218,B04,P1,2025-05-12,Renewal,1500
PAY007879,M00604,B01,P1,2025-05-12,Renewal,1500
PAY008094,M01725,B02,P2,2025-05-12,Renewal,1100
PAY007873,M04527,B05,P2,2025-05-12,Renewal,1100
PAY007858,M00221,B01,P1,2025-05-12,Renewal,1500
PAY008107,M00022,B01,P1,2025-05-12,Renewal,1500
PAY007891,M03610,B04,P1,2025-05-12,Renewal,1500
PAY007887,M01739,B02,P1,2025-05-12,Renewal,1500
PAY001869,M01869,B02,P5,2025-05-13,New,13500
PAY004596,M04596,B05,P3,2025-05-13,New,4000
PAY008093,M01647,B02,P1,2025-05-13,Renewal,1500
PAY008160,M01265,B02,P1,2025-05-13,Renewal,1500
PAY000645,M00645,B01,P2,2025-05-13,New,1100
PAY001894,M01894,B02,P4,2025-05-13,New,7500
PAY002844,M02844,B03,P5,05/13/2025,New,13500
PAY004581,M04581,B05,P3,2025-05-13,New,4000
PAY008030,M03164,B04,P3,2025-05-13,Renewal,4000
PAY007983,M00242,B01,P3,2025-05-13,Renewal,4000
PAY007900,M01446,B02,P1,2025-05-13,Renewal,1500
PAY007940,M03326,B04,P1,2025-05-13,Renewal,1500
PAY008131,M01740,B02,P4,2025-05-13,Renewal,7500
PAY007956,M03979,B05,P1,2025-05-13,Renewal,1500
PAY007933,M00290,B01,P1,2025-05-13,Renewal,1500
PAY007884,M01391,B02,P2,2025-05-13,Renewal,1100
PAY008116,M01769,B02,P1,2025-05-13,Renewal,1500
PAY007982,M00141,B01,P1,2025-05-14,Renewal,1500
PAY007950,M01306,B02,P5,2025-05-14,Renewal,13500
PAY007987,M01636,B02,P1,2025-05-14,Renewal,1500
PAY001900,M01900,B02,P3,2025-05-14,New,4000
PAY008119,M03120,B04,P3,2025-05-14,Renewal,4000
PAY008114,M01488,B02,P3,2025-05-14,Renewal,4000
PAY008068,M00137,B01,P3,2025-05-14,Renewal,4000
PAY008177,M02574,B03,P2,05/14/2025,Renewal,1100
PAY000625,M00625,B01,P2,2025-05-14,New,1100
PAY000612,M00612,B01,P3,2025-05-14,New,4000
PAY007906,M04132,B05,P1,2025-05-14,Renewal,1500
PAY007927,M04292,B05,P1,2025-05-14,Renewal,1500
PAY001885,M01885,B02,P1,2025-05-14,New,1500
PAY008137,M00343,B01,P3,2025-05-14,Renewal,4000
PAY008016,M04281,B05,P1,2025-05-14,Renewal,1500
PAY002842,M02842,B03,P3,05/14/2025,New,4000
PAY008082,M00067,B01,P3,2025-05-14,Renewal,4000
PAY007959,M00085,B01,P1,2025-05-15,Renewal,1500
PAY007958,M04337,B05,P4,2025-05-15,Renewal,7500
PAY000638,M00638,B01,P3,2025-05-15,New,4000
PAY008154,M04019,B05,P3,2025-05-15,Renewal,4000
PAY008069,M00154,B01,P3,2025-05-15,Renewal,4000
PAY008056,M00582,B01,P1,2025-05-15,Renewal,1500
PAY008169,M04427,B05,P1,2025-05-15,Renewal,1500
PAY008157,M00477,B01,P1,2025-05-15,Renewal,1500
PAY008167,M02769,B03,P2,05/15/2025,Renewal,1100
PAY008098,M03176,B04,P3,2025-05-15,Renewal,4000
PAY008128,M00564,B01,P1,2025-05-15,Renewal,1500
PAY008125,M00309,B01,P1,2025-05-15,Renewal,1500
PAY008161,M01340,B02,P2,2025-05-15,Renewal,1100
PAY008004,M01720,B02,P1,2025-05-15,Renewal,1500
PAY007913,M00599,B01,P2,2025-05-15,Renewal,1100
PAY007929,M00029,B01,P1,2025-05-15,Renewal,1500
PAY007934,M00458,B01,P2,2025-05-15,Renewal,1100
PAY008145,M01755,B02,P1,2025-05-15,Renewal,1500
PAY008092,M01616,B02,P3,2025-05-15,Renewal,4000
PAY001898,M01898,B02,P1,2025-05-15,New,1500
PAY008024,M01600,B02,P3,2025-05-15,Renewal,4000
PAY000614,M00614,B01,P1,2025-05-15,New,1500
PAY007946,M00188,B01,P4,2025-05-15,Renewal,7500
PAY007944,M04379,B05,P1,2025-05-16,Renewal,1500
PAY007963,M01284,B02,P1,2025-05-16,Renewal,1500
PAY001879,M01879,B02,P2,2025-05-16,New,1100
PAY003666,M03666,B04,P2,2025-05-16,New,1100
PAY008087,M01208,B02,P1,2025-05-16,Renewal,1500
PAY008055,M00567,B01,P2,2025-05-16,Renewal,1100
PAY008168,M03352,B04,P3,2025-05-16,Renewal,4000
PAY003667,M03667,B04,P1,2025-05-16,New,1500
PAY004586,M04586,B05,P3,2025-05-16,New,4000
PAY008166,M02702,B03,P4,05/16/2025,Renewal,7500
PAY008110,M00524,B01,P1,2025-05-16,Renewal,1500
PAY008100,M03580,B04,P3,2025-05-16,Renewal,4000
PAY002836,M02836,B03,P4,05/16/2025,New,7500
PAY008045,M01250,B02,P4,2025-05-16,Renewal,7500
PAY008028,M02623,B03,P2,05/16/2025,Renewal,1100
PAY008039,M00016,B01,P1,2025-05-16,Renewal,1500
PAY008027,M02619,B03,P1,05/16/2025,Renewal,1500
PAY008018,M00319,B01,P3,2025-05-16,Renewal,4000
PAY007993,M04134,B05,P3,2025-05-16,Renewal,4000
PAY008211,M03665,B04,P4,2025-05-16,Renewal,7500
PAY008158,M00499,B01,P1,2025-05-16,Renewal,1500
PAY008019,M00469,B01,P1,2025-05-16,Renewal,1500
PAY008215,M04505,B05,P1,2025-05-16,Renewal,1500
PAY008122,M04472,B05,P2,2025-05-17,Renewal,1100
PAY007981,M00130,B01,P2,2025-05-17,Renewal,1100
PAY008037,M04252,B05,P4,2025-05-17,Renewal,7500
PAY008187,M01356,B02,P1,2025-05-17,Renewal,1500
PAY008153,M03593,B04,P1,2025-05-17,Renewal,1500
PAY007980,M00096,B01,P1,2025-05-17,Renewal,1500
PAY008183,M00048,B01,P3,2025-05-17,Renewal,4000
PAY004575,M04575,B05,P2,2025-05-17,New,1100
PAY004597,M04597,B05,P1,2025-05-17,New,1500
PAY004571,M04571,B05,P2,2025-05-17,New,1100
PAY007966,M01698,B02,P1,2025-05-17,Renewal,1500
PAY008074,M01161,B02,P1,2025-05-17,Renewal,1500
PAY008147,M01786,B02,P1,2025-05-17,Renewal,1500
PAY008126,M00376,B01,P1,2025-05-17,Renewal,1500
PAY008146,M01776,B02,P1,2025-05-17,Renewal,1500
PAY004568,M04568,B05,P1,2025-05-17,New,1500
PAY008142,M01259,B02,P2,2025-05-17,Renewal,1100
PAY008165,M02608,B03,P1,05/17/2025,Renewal,1500
PAY008140,M01176,B02,P1,2025-05-17,Renewal,1500
PAY008057,M01466,B02,P2,2025-05-17,Renewal,1100
PAY001865,M01865,B02,P3,2025-05-17,New,4000
PAY007976,M04124,B05,P4,2025-05-17,Renewal,7500
PAY008112,M01437,B02,P1,2025-05-18,Renewal,1500
PAY008017,M04533,B05,P1,2025-05-18,Renewal,1500
PAY008073,M01159,B02,P3,2025-05-18,Renewal,4000
PAY001862,M01862,B02,P3,2025-05-18,New,4000
PAY008113,M01478,B02,P1,2025-05-18,Renewal,1500
PAY007988,M01830,B02,P2,2025-05-18,Renewal,1100
PAY007998,M00134,B01,P1,2025-05-18,Renewal,1500
PAY004593,M04593,B05,P1,2025-05-18,New,1500
PAY007997,M04445,B05,P1,2025-05-18,Renewal,1500
PAY008235,M01612,B02,P4,2025-05-18,Renewal,7500
PAY008174,M01165,B02,P1,2025-05-18,Renewal,1500
PAY000648,M00648,B01,P1,2025-05-18,New,1500
PAY008012,M03276,B04,P3,2025-05-18,Renewal,4000
PAY008071,M00310,B01,P1,2025-05-18,Renewal,1500
PAY007992,M04133,B05,P2,2025-05-18,Renewal,1100
PAY008150,M03573,B04,P3,2025-05-18,Renewal,4000
PAY008164,M01765,B02,P3,2025-05-18,Renewal,4000
PAY008062,M03661,B04,P1,2025-05-18,Renewal,1500
PAY007965,M01693,B02,P4,2025-05-18,Renewal,7500
PAY008049,M03571,B04,P3,2025-05-18,Renewal,4000
PAY008000,M00411,B01,P3,2025-05-18,Renewal,4000
PAY008044,M00552,B01,P2,2025-05-18,Renewal,1100
PAY008066,M04256,B05,P5,2025-05-18,Renewal,13500
PAY008156,M00367,B01,P3,2025-05-18,Renewal,4000
PAY008170,M00245,B01,P1,2025-05-18,Renewal,1500
PAY008127,M00427,B01,P1,2025-05-18,Renewal,1500
PAY008152,M03587,B04,P1,2025-05-18,Renewal,1500
PAY008189,M01855,B02,P2,2025-05-18,Renewal,1100
PAY008076,M01532,B02,P4,2025-05-19,Renewal,7500
PAY008120,M03434,B04,P3,2025-05-19,Renewal,4000
PAY008058,M01788,B02,P1,2025-05-19,Renewal,1500
PAY001899,M01899,B02,P3,2025-05-19,New,4000
PAY008136,M00132,B01,P4,2025-05-19,Renewal,7500
PAY008014,M03346,B04,P3,2025-05-19,Renewal,4000
PAY008230,M04329,B05,P4,2025-05-19,Renewal,7500
PAY008025,M01658,B02,P1,2025-05-19,Renewal,1500
PAY001872,M01872,B02,P2,2025-05-19,New,1100
PAY008003,M01547,B02,P3,2025-05-19,Renewal,4000
PAY004579,M04579,B05,P5,2025-05-19,New,13500
PAY008207,M01640,B02,P1,2025-05-19,Renewal,1500
PAY008040,M00044,B01,P1,2025-05-19,Renewal,1500
PAY008210,M03378,B04,P5,2025-05-19,Renewal,13500
PAY008226,M03173,B04,P1,2025-05-19,Renewal,1500
PAY008106,M04468,B05,P1,2025-05-19,Renewal,1500
PAY008050,M04105,B05,P2,2025-05-19,Renewal,1100
PAY000622,M00622,B01,P3,2025-05-19,New,4000
PAY008103,M04221,B05,P2,2025-05-19,Renewal,1100
PAY008111,M00588,B01,P1,2025-05-20,Renewal,1500
PAY008085,M00381,B01,P1,2025-05-20,Renewal,1500
PAY007999,M00238,B01,P1,2025-05-20,Renewal,1500
PAY004564,M04564,B05,P1,2025-05-20,New,1500
PAY008229,M04316,B05,P4,2025-05-20,Renewal,7500
PAY008009,M02585,B03,P4,05/20/2025,Renewal,7500
PAY008188,M01425,B02,P2,2025-05-20,Renewal,1100
PAY008198,M00145,B01,P2,2025-05-20,Renewal,1100
PAY008249,M00114,B01,P3,2025-05-20,Renewal,4000
PAY004591,M04591,B05,P1,2025-05-20,New,1500
PAY008065,M04200,B05,P4,2025-05-20,Renewal,7500
PAY000635,M00635,B01,P1,2025-05-20,New,1500
PAY001886,M01886,B02,P3,2025-05-20,New,4000
PAY008077,M03124,B04,P3,2025-05-20,Renewal,4000
PAY008179,M03246,B04,P2,2025-05-20,Renewal,1100
PAY008129,M01489,B02,P2,2025-05-20,Renewal,1100
PAY002851,M02851,B03,,05/20/2025,New,13500
PAY008254,M01785,B02,P2,2025-05-20,Renewal,1100
PAY008080,M04272,B05,P1,2025-05-20,Renewal,1500
PAY008059,M02508,B03,P1,05/20/2025,Renewal,1500
PAY008144,M01723,B02,P1,2025-05-20,Renewal,1500
PAY008204,M00426,B01,P3,2025-05-21,Renewal,4000
PAY008268,M01362,B02,P1,2025-05-21,Renewal,1500
PAY008195,M04492,B05,P1,2025-05-21,Renewal,1500
PAY008182,M04504,B05,P1,2025-05-21,Renewal,1500
PAY008193,M04246,B05,P3,2025-05-21,Renewal,4000
PAY008176,M01510,B02,P3,2025-05-21,Renewal,4000
PAY008223,M02489,B03,P1,05/21/2025,Renewal,1500
PAY008088,M01210,B02,P3,2025-05-21,Renewal,4000
PAY000637,M00637,B01,P1,2025-05-21,New,1500
PAY008060,M02628,B03,P2,05/21/2025,Renewal,1100
PAY000633,M00633,B01,P5,2025-05-21,New,13500
PAY008047,M03274,B04,P2,2025-05-21,Renewal,1100
PAY004583,M04583,B05,P1,2025-05-21,New,1500
PAY004584,M04584,B05,P2,2025-05-21,New,1100
PAY008038,M04467,B05,P1,2025-05-21,Renewal,1500
PAY004566,M04566,B05,P3,2025-05-21,New,4000
PAY008090,M01392,B02,P3,2025-05-21,Renewal,4000
PAY003669,M03669,B04,P1,2025-05-21,New,1500
PAY008135,M00076,B01,P1,2025-05-21,Renewal,1500
PAY002848,M02848,B03,P4,05/21/2025,New,7500
PAY008133,M03643,B04,P2,2025-05-21,Renewal,1100
PAY001876,M01876,B02,P1,2025-05-21,New,1500
PAY008242,M03577,B04,P3,2025-05-22,Renewal,4000
PAY008246,M04038,B05,P3,2025-05-22,Renewal,4000
PAY008298,M04064,B05,P3,2025-05-22,Renewal,4000
PAY008295,M03335,B04,P3,2025-05-22,Renewal,4000
PAY008251,M00569,B01,P1,2025-05-22,Renewal,1500
PAY008231,M04423,B05,P1,2025-05-22,Renewal,1500
PAY008293,M02814,B03,P1,05/22/2025,Renewal,1500
PAY008121,M04324,B05,P2,2025-05-22,Renewal,1100
PAY008227,M03644,B04,P2,2025-05-22,Renewal,1100
PAY008236,M01735,B02,P1,2025-05-22,Renewal,1500
PAY000646,M00646,B01,P4,2025-05-22,New,7500
PAY008099,M03449,B04,P2,2025-05-22,Renewal,1100
PAY008184,M00177,B01,P1,2025-05-22,Renewal,1500
PAY000639,M00639,B01,P3,2025-05-22,New,4000
PAY008091,M01477,B02,P1,2025-05-22,Renewal,1500
PAY004573,M04573,B05,P4,2025-05-22,New,7500
PAY004582,M04582,B05,P1,2025-05-22,New,1500
PAY008086,M00573,B01,P1,2025-05-22,Renewal,1500
PAY008070,M00298,B01,P3,2025-05-22,Renewal,4000
PAY008079,M04262,B05,P1,2025-05-22,Renewal,1500
PAY008277,M03377,B04,P2,2025-05-22,Renewal,1100
PAY008072,M00318,B01,P1,2025-05-22,Renewal,1500
PAY008286,M00547,B01,P1,2025-05-22,Renewal,1500
PAY004595,M04595,B05,P3,2025-05-22,New,4000
PAY002855,M02855,B03,P5,05/22/2025,New,13500
PAY002845,M02845,B03,P1,05/23/2025,New,1500
PAY008234,M00606,B01,P1,2025-05-23,Renewal,1500
PAY002853,M02853,B03,P5,05/23/2025,New,13500
PAY008263,M00112,B01,P2,2025-05-23,Renewal,1100
PAY000626,M00626,B01,P5,2025-05-23,New,13500
PAY008248,M04506,B05,P1,2025-05-23,Renewal,1500
PAY000627,M00627,B01,P1,2025-05-23,New,1500
PAY008275,M02742,B03,P1,05/23/2025,Renewal,1500
PAY008292,M02765,B03,P2,05/23/2025,Renewal,1100
PAY008105,M04289,B05,P3,2025-05-23,Renewal,4000
PAY008332,M04375,B05,P1,2025-05-23,Renewal,1500
PAY008290,M01737,B02,P3,2025-05-23,Renewal,4000
PAY008104,M04255,B05,P3,2025-05-23,Renewal,4000
PAY008149,M03291,B04,P3,2025-05-23,Renewal,4000
PAY001892,M01892,B02,P3,2025-05-23,New,4000
PAY008124,M00175,B01,P4,2025-05-23,Renewal,7500
PAY001896,M01896,B02,P3,2025-05-23,New,4000
PAY008123,M00070,B01,P3,2025-05-23,Renewal,4000
PAY008199,M00203,B01,P1,2025-05-23,Renewal,1500
PAY004580,M04580,B05,P1,2025-05-23,New,1500
PAY008185,M00402,B01,P3,2025-05-23,Renewal,4000
PAY008196,M04535,B05,P2,2025-05-23,Renewal,1100
PAY008200,M00296,B01,P3,2025-05-23,Renewal,4000
PAY008095,M01736,B02,P4,2025-05-23,Renewal,7500
PAY001864,M01864,B02,P2,2025-05-23,New,1100
PAY008063,M04043,B05,P1,2025-05-23,Renewal,1500
PAY008194,M04447,B05,P3,2025-05-24,Renewal,4000
PAY008201,M00307,B01,P3,2025-05-24,Renewal,4000
PAY008197,M04540,B05,P1,2025-05-24,Renewal,1500
PAY000618,M00618,B01,P1,2025-05-24,New,1500
PAY008313,M00281,B01,P2,2025-05-24,Renewal,1100
PAY008267,M01360,B02,P2,2025-05-24,Renewal,1100
PAY008319,M01613,B02,P4,2025-05-24,Renewal,7500
PAY008320,M01732,B02,P3,2025-05-24,Renewal,4000
PAY008327,M03627,B04,P1,2025-05-24,Renewal,1500
PAY000621,M00621,B01,P1,2025-05-24,New,1500
PAY008280,M04524,B05,P1,2025-05-24,Renewal,1500
PAY008181,M04268,B05,P1,2025-05-24,Renewal,1500
PAY008134,M04103,B05,P4,2025-05-24,Renewal,7500
PAY008132,M03399,B04,P3,2025-05-24,Renewal,4000
PAY008241,M03453,B04,P1,2025-05-24,Renewal,1500
PAY008239,M02594,B03,P1,05/24/2025,Renewal,1500
PAY008237,M01777,B02,P1,2025-05-24,Renewal,1500
PAY003676,M03676,B04,P1,2025-05-24,New,1500
PAY008101,M03642,B04,P1,2025-05-24,Renewal,1500
PAY001871,M01871,B02,P1,2025-05-24,New,1500
PAY008180,M04237,B05,P3,2025-05-24,Renewal,4000
PAY003674,M03674,B04,P2,2025-05-24,New,1100
PAY008108,M00227,B01,P3,2025-05-24,Renewal,4000
PAY008078,M03208,B04,P3,2025-05-24,Renewal,4000
PAY001882,M01882,B02,P1,2025-05-25,New,1500
PAY001860,M01860,B02,P2,2025-05-25,New,1100
PAY004588,M04588,B05,P3,2025-05-25,New,4000
PAY001889,M01889,B02,P2,2025-05-25,New,1100
PAY008191,M03597,B04,P1,2025-05-25,Renewal,1500
PAY008269,M01571,B02,P1,2025-05-25,Renewal,1500
PAY004576,M04576,B05,P3,2025-05-25,New,4000
PAY001868,M01868,B02,P1,2025-05-25,New,1500
PAY000636,M00636,B01,P1,2025-05-25,New,1500
PAY008221,M01714,B02,P4,2025-05-25,Renewal,7500
PAY008089,M01303,B02,P1,2025-05-25,Renewal,1500
PAY008084,M00272,B01,P1,2025-05-25,Renewal,1500
PAY008117,M01828,B02,P2,2025-05-25,Renewal,1100
PAY008245,M04033,B05,P2,2025-05-25,Renewal,1100
PAY004570,M04570,B05,P5,2025-05-25,New,13500
PAY008253,M01758,B02,P3,2025-05-25,Renewal,4000
PAY008308,M03117,B04,P4,2025-05-25,Renewal,7500
PAY008316,M00610,B01,P1,2025-05-25,Renewal,1500
PAY008148,M01787,B02,P1,2025-05-25,Renewal,1500
PAY004567,M04567,B05,P1,2025-05-25,New,1500
PAY008159,M00526,B01,P4,2025-05-25,Renewal,7500
PAY008259,M03484,B04,P3,2025-05-25,Renewal,4000
PAY001866,M01866,B02,P5,2025-05-25,New,13500
PAY008306,M02778,B03,P1,05/25/2025,Renewal,1500
PAY004563,M04563,B05,P5,2025-05-26,New,13500
PAY008362,M01347,B02,P4,2025-05-26,Renewal,7500
PAY001880,M01880,B02,P3,2025-05-26,New,4000
PAY008352,M01193,B02,P1,2025-05-26,Renewal,1500
PAY008138,M00375,B01,P2,2025-05-26,Renewal,1100
PAY001890,M01890,B02,P1,2025-05-26,New,1500
PAY002849,M02849,B03,P1,05/26/2025,New,1500
PAY008301,M04553,B05,P3,2025-05-26,Renewal,4000
PAY000647,M00647,B01,P5,2025-05-26,New,13500
PAY000617,M00617,B01,P4,2025-05-26,New,7500
PAY008349,M00428,B01,P1,2025-05-26,Renewal,1500
PAY008225,M02680,B03,P3,05/26/2025,Renewal,4000
PAY008155,M00135,B01,P2,2025-05-26,Renewal,1100
PAY008260,M04300,B05,P5,2025-05-26,Renewal,13500
PAY008228,M04008,B05,P1,2025-05-26,Renewal,1500
PAY008213,M04373,B05,P1,2025-05-26,Renewal,1500
PAY008256,M02515,B03,P1,05/26/2025,Renewal,1500
PAY008250,M00489,B01,P3,2025-05-26,Renewal,4000
PAY008141,M01221,B02,P1,2025-05-27,Renewal,1500
PAY008350,M00433,B01,P1,2025-05-27,Renewal,1500
PAY000620,M00620,B01,P2,2025-05-27,New,1100
PAY008163,M01472,B02,P1,2025-05-27,Renewal,1500
PAY008255,M01849,B02,P2,2025-05-27,Renewal,1100
PAY003672,M03672,B04,P1,2025-05-27,New,1500
PAY003673,M03673,B04,P1,2025-05-27,New,1500
PAY008305,M02601,B03,P3,05/27/2025,Renewal,4000
PAY008192,M04060,B05,P3,2025-05-27,Renewal,4000
PAY003682,M03682,B04,P2,2025-05-27,New,1100
PAY008173,M00544,B01,P1,2025-05-27,Renewal,1500
PAY008357,M01701,B02,P1,2025-05-27,Renewal,1500
PAY008162,M01470,B02,P3,2025-05-27,Renewal,4000
PAY004594,M04594,B05,P3,2025-05-27,New,4000
PAY008348,M04169,B05,P1,2025-05-27,Renewal,1500
PAY008244,M03630,B04,P1,2025-05-27,Renewal,1500
PAY008321,M01781,B02,P1,2025-05-27,Renewal,1500
PAY008175,M01322,B02,P1,2025-05-27,Renewal,1500
PAY008139,M00505,B01,P3,2025-05-27,Renewal,4000
PAY002852,M02852,B03,P1,05/27/2025,New,1500
PAY008334,M04534,B05,P2,2025-05-27,Renewal,1100
PAY001883,M01883,B02,P3,2025-05-27,New,4000
PAY008331,M04312,B05,P1,2025-05-27,Renewal,1500
PAY008346,M02693,B03,P1,05/27/2025,Renewal,1500
PAY002841,M02841,B03,P3,05/28/2025,New,4000
PAY008171,M00274,B01,P3,2025-05-28,Renewal,4000
PAY001878,M01878,B02,P5,2025-05-28,New,13500
PAY008151,M03581,B04,P1,2025-05-28,Renewal,1500
PAY008296,M03983,B05,P1,2025-05-28,Renewal,1500
PAY004578,M04578,B05,P4,2025-05-28,New,7500
PAY001884,M01884,B02,P2,2025-05-28,New,1100
PAY008214,M04474,B05,P1,2025-05-28,Renewal,1500
PAY008178,M03116,B04,P3,2025-05-28,Renewal,4000
PAY008304,M01560,B02,P2,2025-05-28,Renewal,1100
PAY000615,M00615,B01,P1,2025-05-28,New,1500
PAY008344,M01690,B02,P1,2025-05-28,Renewal,1500
PAY001893,M01893,B02,P4,2025-05-28,New,7500
PAY004587,M04587,B05,P1,2025-05-28,New,1500
PAY008384,M02671,B03,P3,05/28/2025,Renewal,4000
PAY008309,M03488,B04,P2,2025-05-28,Renewal,1100
PAY008212,M04097,B05,P3,2025-05-29,Renewal,4000
PAY008314,M00506,B01,P2,2025-05-29,Renewal,1100
PAY008203,M00384,B01,P1,2025-05-29,Renewal,1500
PAY008224,M02668,B03,P4,05/29/2025,Renewal,7500
PAY008311,M04486,B05,P1,2025-05-29,Renewal,1500
PAY008258,M03414,B04,P1,2025-05-29,Renewal,1500
PAY008323,M02654,B03,P3,05/29/2025,Renewal,4000
PAY008300,M04274,B05,P1,2025-05-29,Renewal,1500
PAY008257,M02771,B03,P3,05/29/2025,Renewal,4000
PAY008328,M03658,B04,P2,2025-05-29,Renewal,1100
PAY001867,M01867,B02,P1,2025-05-29,New,1500
PAY008339,M00351,B01,P1,2025-05-29,Renewal,1500
PAY008303,M01409,B02,P2,2025-05-29,Renewal,1100
PAY000641,M00641,B01,P2,2025-05-29,New,1100
PAY008338,M00326,B01,P1,2025-05-29,Renewal,1500
PAY000613,M00613,B01,P3,2025-05-29,New,4000
PAY001897,M01897,B02,P1,2025-05-29,New,1500
PAY008407,M01779,B02,P1,2025-05-29,Renewal,1500
PAY008232,M00267,B01,P5,2025-05-29,Renewal,13500
PAY008270,M01609,B02,P3,2025-05-29,Renewal,4000
PAY003678,M03678,B04,P3,2025-05-29,New,4000
PAY008284,M00208,B01,P3,2025-05-29,Renewal,4000
PAY008363,M02525,B03,P4,05/29/2025,Renewal,7500
PAY004569,M04569,B05,P4,2025-05-29,New,7500
PAY008335,M04544,B05,P1,2025-05-29,Renewal,1500
PAY004565,M04565,B05,P1,2025-05-29,New,1500
PAY008208,M01648,B02,P1,2025-05-30,Renewal,1500
PAY008341,M00442,B01,P1,2025-05-30,Renewal,1500
PAY008219,M01513,B02,P1,2025-05-30,Renewal,1500
PAY008329,M04190,B05,P3,2025-05-30,Renewal,4000
PAY008186,M01204,B02,P3,2025-05-30,Renewal,4000
PAY008345,M02586,B03,P1,05/30/2025,Renewal,1500
PAY008209,M02755,B03,P3,05/30/2025,Renewal,4000
PAY008402,M01509,B02,P2,2025-05-30,Renewal,1100
PAY008282,M00144,B01,P2,2025-05-30,Renewal,1100
PAY008247,M04193,B05,P3,2025-05-30,Renewal,4000
PAY008276,M02805,B03,P2,05/30/2025,Renewal,1100
PAY002850,M02850,B03,P3,05/30/2025,New,4000
PAY008354,M01231,B02,P1,2025-05-30,Renewal,1500
PAY003680,M03680,B04,P2,2025-05-30,New,1100
PAY008271,M01617,B02,P3,2025-05-30,Renewal,4000
PAY008386,M03429,B04,P3,2025-05-30,Renewal,4000
PAY008385,M03385,B04,P5,2025-05-30,Renewal,13500
PAY008307,M02780,B03,P2,05/30/2025,Renewal,1100
PAY004592,M04592,B05,P3,2025-05-30,New,4000
PAY008172,M00444,B01,P1,2025-05-30,Renewal,1500
PAY008370,M01881,B02,P1,2025-05-30,Renewal,1500
PAY008299,M04114,B05,P3,2025-05-30,Renewal,4000
PAY008360,M04547,B05,P1,2025-05-31,Renewal,1500
PAY008439,M00037,B01,P1,2025-05-31,Renewal,1500
PAY008243,M03628,B04,P2,2025-05-31,Renewal,1100
PAY008417,M04140,B05,P1,2025-05-31,Renewal,1500
PAY008356,M01537,B02,P2,2025-05-31,Renewal,1100
PAY008394,M00034,B01,P1,2025-05-31,Renewal,1500
PAY008218,M00485,B01,P3,2025-05-31,Renewal,4000
PAY008451,M02746,B03,P1,05/31/2025,Renewal,1500
PAY008355,M01348,B02,P1,2025-05-31,Renewal,1500
PAY008400,M01423,B02,P1,2025-05-31,Renewal,1500
PAY008396,M00236,B01,P3,2025-05-31,Renewal,4000
PAY003683,M03683,B04,P2,2025-05-31,New,1100
PAY008364,M00209,B01,P1,2025-05-31,Renewal,1500
PAY008431,M03232,B04,P4,2025-05-31,Renewal,7500
PAY008337,M00171,B01,P1,2025-05-31,Renewal,1500
PAY000619,M00619,B01,P2,2025-05-31,New,1100
PAY002846,M02846,B03,P4,05/31/2025,New,7500
PAY008190,M02699,B03,P3,05/31/2025,Renewal,4000
PAY008262,M00107,B01,P3,2025-05-31,Renewal,4000
PAY002854,M02854,B03,P1,05/31/2025,New,1500
PAY008317,M01427,B02,P2,2025-05-31,Renewal,1100
PAY008222,M01792,B02,P1,2025-06-01,Renewal,1500
PAY008274,M02726,B03,P3,06/01/2025,Renewal,4000
PAY008289,M01573,B02,P3,2025-06-01,Renewal,4000
PAY008272,M02643,B03,P2,06/01/2025,Renewal,1100
PAY008264,M00228,B01,P2,2025-06-01,Renewal,1100
PAY008368,M01567,B02,P1,2025-06-01,Renewal,1500
PAY008389,M04164,B05,P1,2025-06-01,Renewal,1500
PAY002860,M02860,B03,P1,06/01/2025,New,1500
PAY008266,M00494,B01,P3,2025-06-01,Renewal,4000
PAY001907,M01907,B02,P1,2025-06-01,New,1500
PAY008216,M04529,B05,P2,2025-06-01,Renewal,1100
PAY008377,M00217,B01,P1,2025-06-01,Renewal,1500
PAY008220,M01526,B02,P3,2025-06-01,Renewal,4000
PAY008403,M01539,B02,P1,2025-06-01,Renewal,1500
PAY008281,M00136,B01,P5,2025-06-01,Renewal,13500
PAY008415,M03201,B04,P4,2025-06-01,Renewal,7500
PAY008202,M00338,B01,P1,2025-06-01,Renewal,1500
PAY008205,M00587,B01,P2,2025-06-01,Renewal,1100
PAY008353,M01224,B02,P4,2025-06-01,Renewal,7500
PAY008340,M00356,B01,P1,2025-06-01,Renewal,1500
PAY008453,M04032,B05,P5,2025-06-01,Renewal,13500
PAY008252,M01273,B02,P1,2025-06-01,Renewal,1500
PAY008318,M01458,B02,P1,2025-06-01,Renewal,1500
PAY008326,M03459,B04,P1,2025-06-01,Renewal,1500
PAY008206,M01343,B02,P1,2025-06-01,Renewal,1500
PAY008342,M00560,B01,P1,2025-06-01,Renewal,1500
PAY008445,M01432,B02,P1,2025-06-02,Renewal,1500
PAY002864,M02864,B03,,06/02/2025,New,1500
PAY008468,M03322,B04,P1,2025-06-02,Renewal,1500
PAY008449,M01854,B02,P1,2025-06-02,Renewal,1500
PAY008233,M00530,B01,P2,2025-06-02,Renewal,1100
PAY008456,M00257,B01,P3,2025-06-02,Renewal,4000
PAY008273,M02673,B03,P3,06/02/2025,Renewal,4000
PAY004602,M04602,B05,P2,2025-06-02,New,1100
PAY008381,M01232,B02,P4,2025-06-02,Renewal,7500
PAY008424,M01359,B02,P4,2025-06-02,Renewal,7500
PAY003699,M03699,B04,P3,2025-06-02,New,4000
PAY008217,M00264,B01,P4,2025-06-02,Renewal,7500
PAY008283,M00192,B01,P1,2025-06-02,Renewal,1500
PAY000678,M00678,B01,P4,2025-06-02,New,7500
PAY003696,M03696,B04,P3,2025-06-02,New,4000
PAY008240,M02598,B03,P1,06/02/2025,Renewal,1500
PAY000650,M00650,B01,P2,2025-06-02,New,1100
PAY008324,M03236,B04,P1,2025-06-02,Renewal,1500
PAY008265,M00229,B01,P3,2025-06-02,Renewal,4000
PAY008294,M03219,B04,P4,2025-06-02,Renewal,7500
PAY008315,M00525,B01,P3,2025-06-02,Renewal,4000
PAY008406,M01746,B02,P2,2025-06-03,Renewal,1100
PAY008408,M01843,B02,P1,2025-06-03,Renewal,1500
PAY001919,M01919,B02,P2,2025-06-03,New,1100
PAY008454,M04068,B05,P4,2025-06-03,Renewal,7500
PAY008359,M03388,B04,P1,2025-06-03,Renewal,1500
PAY008448,M01811,B02,P3,2025-06-03,Renewal,4000
PAY008455,M00047,B01,P2,2025-06-03,Renewal,1100
PAY002867,M02867,B03,P1,06/03/2025,New,1500
PAY001912,M01912,B02,P1,2025-06-03,New,1500
PAY008479,M01624,B02,P3,2025-06-03,Renewal,4000
PAY008238,M01804,B02,P1,2025-06-03,Renewal,1500
PAY008497,M02840,B03,P5,06/03/2025,Renewal,13500
PAY001939,M01939,B02,P1,2025-06-03,New,1500
PAY008391,M04475,B05,P2,2025-06-03,Renewal,1100
PAY008475,M01163,B02,P3,2025-06-04,Renewal,4000
PAY008441,M00119,B01,P3,2025-06-04,Renewal,4000
PAY008421,M00200,B01,P4,2025-06-04,Renewal,7500
PAY008432,M03521,B04,P2,2025-06-04,Renewal,1100
PAY008434,M04059,B05,P3,2025-06-04,Renewal,4000
PAY008285,M00283,B01,P2,2025-06-04,Renewal,1100
PAY002859,M02859,B03,P1,06/04/2025,New,1500
PAY003704,M03704,B04,P2,2025-06-04,New,1100
PAY008287,M01318,B02,P5,2025-06-04,Renewal,13500
PAY008297,M04010,B05,P3,2025-06-04,Renewal,4000
PAY008409,M01861,B02,P2,2025-06-04,Renewal,1100
PAY001904,M01904,B02,P2,2025-06-04,New,1100
PAY008437,M04348,B05,P3,2025-06-04,Renewal,4000
PAY008288,M01377,B02,P4,2025-06-04,Renewal,7500
PAY008482,M03202,B04,P3,2025-06-04,Renewal,4000
PAY008425,M01405,B02,P3,2025-06-04,Renewal,4000
PAY008398,M00486,B01,P2,2025-06-04,Renewal,1100
PAY003690,M03690,B04,P2,2025-06-04,New,1100
PAY008261,M04454,B05,P3,2025-06-04,Renewal,4000
PAY008525,M04572,B05,P1,2025-06-05,Renewal,1500
PAY008494,M01650,B02,P1,2025-06-05,Renewal,1500
PAY008511,M02704,B03,P3,06/05/2025,Renewal,4000
PAY008474,M00623,B01,P2,2025-06-05,Renewal,1100
PAY000665,M00665,B01,P1,2025-06-05,New,1500
PAY008469,M03603,B04,P3,2025-06-05,Renewal,4000
PAY008366,M00453,B01,P1,2025-06-05,Renewal,1500
PAY001905,M01905,B02,P3,2025-06-05,New,4000
PAY001930,M01930,B02,P5,2025-06-05,New,13500
PAY008418,M04173,B05,P4,2025-06-05,Renewal,7500
PAY008419,M04179,B05,P1,2025-06-05,Renewal,1500
PAY008278,M04146,B05,P1,2025-06-05,Renewal,1500
PAY008401,M01496,B02,P3,2025-06-05,Renewal,4000
PAY008430,M02838,B03,P2,06/05/2025,Renewal,1100
PAY008279,M04522,B05,P1,2025-06-05,Renewal,1500
PAY008302,M00158,B01,P1,2025-06-05,Renewal,1500
PAY008330,M04311,B05,P3,2025-06-05,Renewal,4000
PAY008387,M03558,B04,P1,2025-06-05,Renewal,1500
PAY008380,M00534,B01,P2,2025-06-05,Renewal,1100
PAY008428,M02646,B03,P5,06/05/2025,Renewal,13500
PAY008291,M01822,B02,P3,2025-06-05,Renewal,4000
PAY002863,M02863,B03,P2,06/06/2025,New,1100
PAY008531,M01298,B02,P2,2025-06-06,Renewal,1100
PAY003689,M03689,B04,P3,2025-06-06,New,4000
PAY008512,M02747,B03,P1,06/06/2025,Renewal,1500
PAY008522,M02607,B03,P2,06/06/2025,Renewal,1100
PAY001935,M01935,B02,P2,2025-06-06,New,1100
PAY008371,M03270,B04,P4,2025-06-06,Renewal,7500
PAY000656,M00656,B01,P5,2025-06-06,New,13500
PAY008414,M02790,B03,P1,06/06/2025,Renewal,1500
PAY008374,M04360,B05,P4,2025-06-07,Renewal,7500
PAY008478,M01492,B02,P2,2025-06-07,Renewal,1100
PAY008495,M01684,B02,P1,2025-06-07,Renewal,1500
PAY008325,M03305,B04,P4,2025-06-07,Renewal,7500
PAY008347,M03433,B04,P1,2025-06-07,Renewal,1500
PAY008310,M04188,B05,P3,2025-06-07,Renewal,4000
PAY008502,M03671,B04,P2,2025-06-07,Renewal,1100
PAY002870,M02870,B03,P3,06/07/2025,New,4000
PAY000657,M00657,B01,P3,2025-06-07,New,4000
PAY008467,M03314,B04,P3,2025-06-07,Renewal,4000
PAY008343,M00586,B01,P1,2025-06-07,Renewal,1500
PAY008372,M03441,B04,P2,2025-06-07,Renewal,1100
PAY008333,M04455,B05,P5,2025-06-07,Renewal,13500
PAY008543,M00322,B01,P4,2025-06-07,Renewal,7500
PAY008450,M02518,B03,P1,06/07/2025,Renewal,1500
PAY008459,M01474,B02,P2,2025-06-07,Renewal,1100
PAY008336,M00122,B01,P1,2025-06-07,Renewal,1500
PAY008416,M03478,B04,P1,2025-06-07,Renewal,1500
PAY008436,M04338,B05,P1,2025-06-07,Renewal,1500
PAY008463,M02795,B03,P1,06/07/2025,Renewal,1500
PAY008426,M02499,B03,P2,06/08/2025,Renewal,1100
PAY004610,M04610,B05,P1,2025-06-08,New,1500
PAY008556,M03218,B04,P1,2025-06-08,Renewal,1500
PAY002865,M02865,B03,P3,06/08/2025,New,4000
PAY008572,M01647,B02,P1,2025-06-08,Renewal,1500
PAY008544,M00604,B01,P1,2025-06-08,Renewal,1500
PAY008541,M00168,B01,P1,2025-06-08,Renewal,1500
PAY004600,M04600,B05,P1,2025-06-08,New,1500
PAY008312,M00269,B01,P1,2025-06-08,Renewal,1500
PAY008369,M01778,B02,P1,2025-06-08,Renewal,1500
PAY008491,M00201,B01,P2,2025-06-08,Renewal,1100
PAY002872,M02872,B03,P3,06/08/2025,New,4000
PAY008351,M00556,B01,P1,2025-06-08,Renewal,1500
PAY000672,M00672,B01,P2,2025-06-08,New,1100
PAY008322,M01853,B02,P3,2025-06-08,Renewal,4000
PAY008486,M04013,B05,P2,2025-06-08,Renewal,1100
PAY008532,M01550,B02,P1,2025-06-08,Renewal,1500
PAY008484,M03668,B04,P1,2025-06-08,Renewal,1500
PAY008483,M03600,B04,P4,2025-06-08,Renewal,7500
PAY008509,M01800,B02,P3,2025-06-08,Renewal,4000
PAY008533,M01642,B02,P1,2025-06-08,Renewal,1500
PAY008571,M01503,B02,P3,2025-06-09,Renewal,4000
PAY008519,M01402,B02,P3,2025-06-09,Renewal,4000
PAY003686,M03686,B04,P4,2025-06-09,New,7500
PAY008361,M00362,B01,P3,2025-06-09,Renewal,4000
PAY008471,M04176,B05,P3,2025-06-09,Renewal,4000
PAY008527,M00300,B01,P2,2025-06-09,Renewal,1100
PAY008529,M00551,B01,P2,2025-06-09,Renewal,1100
PAY000682,M00682,B01,P3,2025-06-09,New,4000
PAY000663,M00663,B01,P5,2025-06-09,New,13500
PAY008422,M00640,B01,P4,2025-06-09,Renewal,7500
PAY008411,M02624,B03,P2,06/09/2025,Renewal,1100
PAY008397,M00446,B01,P2,2025-06-09,Renewal,1100
PAY008493,M01536,B02,P1,2025-06-09,Renewal,1500
PAY008547,M01527,B02,P3,2025-06-09,Renewal,4000
PAY000661,M00661,B01,P3,2025-06-10,New,4000
PAY008358,M01823,B02,P2,2025-06-10,Renewal,1100
PAY008594,M00155,B01,P5,2025-06-10,Renewal,13500
PAY001910,M01910,B02,P2,2025-06-10,New,1100
PAY008591,M04466,B05,P3,2025-06-10,Renewal,4000
PAY001920,M01920,B02,P1,2025-06-10,New,1500
PAY000668,M00668,B01,P3,2025-06-10,New,4000
PAY008581,M00378,B01,P1,2025-06-10,Renewal,1500
PAY008595,M00262,B01,P3,2025-06-10,Renewal,4000
PAY008429,M02675,B03,P3,06/10/2025,Renewal,4000
PAY008438,M04574,B05,P1,2025-06-10,Renewal,1500
PAY008412,M02667,B03,P1,06/10/2025,Renewal,1500
PAY008488,M04170,B05,P1,2025-06-10,Renewal,1500
PAY008490,M00178,B01,P1,2025-06-10,Renewal,1500
PAY008382,M01482,B02,P3,2025-06-10,Renewal,4000
PAY008435,M04306,B05,P3,2025-06-10,Renewal,4000
PAY008501,M03541,B04,P1,2025-06-10,Renewal,1500
PAY008461,M01564,B02,P3,2025-06-10,Renewal,4000
PAY008492,M00235,B01,P4,2025-06-11,Renewal,7500
PAY008440,M00108,B01,P1,2025-06-11,Renewal,1500
PAY008393,M00020,B01,P3,2025-06-11,Renewal,4000
PAY008528,M00498,B01,P1,2025-06-11,Renewal,1500
PAY008373,M03681,B04,P1,2025-06-11,Renewal,1500
PAY008423,M01258,B02,P1,2025-06-11,Renewal,1500
PAY008577,M03979,B05,P1,2025-06-11,Renewal,1500
PAY008392,M04514,B05,P1,2025-06-11,Renewal,1500
PAY004603,M04603,B05,P5,2025-06-11,New,13500
PAY008551,M01739,B02,P1,2025-06-11,Renewal,1500
PAY000679,M00679,B01,P3,2025-06-11,New,4000
PAY008605,M03347,B04,P3,2025-06-11,Renewal,4000
PAY008388,M03984,B05,P5,2025-06-11,Renewal,13500
PAY008553,M01888,B02,P2,2025-06-11,Renewal,1100
PAY008379,M00529,B01,P1,2025-06-11,Renewal,1500
PAY008378,M00503,B01,P1,2025-06-11,Renewal,1500
PAY008433,M03659,B04,P2,2025-06-11,Renewal,1100
PAY008470,M03675,B04,P1,2025-06-11,Renewal,1500
PAY008367,M01269,B02,P1,2025-06-11,Renewal,1500
PAY008588,M04132,B05,P1,2025-06-11,Renewal,1500
PAY008413,M02788,B03,,06/11/2025,Renewal,4000
PAY008583,M00542,B01,P3,2025-06-11,Renewal,4000
PAY008520,M01621,B02,P3,2025-06-12,Renewal,4000
PAY008518,M01326,B02,P2,2025-06-12,Renewal,1100
PAY008458,M01336,B02,P2,2025-06-12,Renewal,1100
PAY008546,M01487,B02,P3,2025-06-12,Renewal,4000
PAY008580,M00141,B01,P1,2025-06-12,Renewal,1500
PAY001911,M01911,B02,P2,2025-06-12,New,1100
PAY008578,M04267,B05,P3,2025-06-12,Renewal,4000
PAY008549,M01666,B02,P1,2025-06-12,Renewal,1500
PAY008552,M01798,B02,P3,2025-06-12,Renewal,4000
PAY008555,M02835,B03,P1,06/12/2025,Renewal,1500
PAY008427,M02602,B03,P1,06/12/2025,Renewal,1500
PAY001922,M01922,B02,P4,2025-06-12,New,7500
PAY008561,M04451,B05,P2,2025-06-12,Renewal,1100
PAY008446,M01629,B02,P2,2025-06-12,Renewal,1100
PAY008466,M03231,B04,P1,2025-06-12,Renewal,1500
PAY008375,M04585,B05,P5,2025-06-12,Renewal,13500
PAY008505,M00545,B01,P1,2025-06-12,Renewal,1500
PAY000669,M00669,B01,P2,2025-06-12,New,1100
PAY008405,M01734,B02,P1,2025-06-12,Renewal,1500
PAY008613,M00524,B01,P1,2025-06-12,Renewal,1500
PAY008489,M04395,B05,P1,2025-06-12,Renewal,1500
PAY008410,M01870,B02,P1,2025-06-12,Renewal,1500
PAY008629,M01176,B02,P1,2025-06-12,Renewal,1500
PAY008365,M00420,B01,P1,2025-06-12,Renewal,1500
PAY008390,M04286,B05,P2,2025-06-12,Renewal,1100
PAY008609,M04427,B05,P1,2025-06-12,Renewal,1500
PAY008498,M03113,B04,P2,2025-06-12,Renewal,1100
PAY003691,M03691,B04,P4,2025-06-12,New,7500
PAY008640,M04382,B05,P3,2025-06-12,Renewal,4000
PAY008513,M03409,B04,P5,2025-06-13,Renewal,13500
PAY004627,M04627,B05,P1,2025-06-13,New,1500
PAY008443,M00630,B01,P2,2025-06-13,Renewal,1100
PAY008395,M00226,B01,P1,2025-06-13,Renewal,1500
PAY008604,M03212,B04,P1,2025-06-13,Renewal,1500
PAY003695,M03695,B04,P3,2025-06-13,New,4000
PAY008383,M01704,B02,P3,2025-06-13,Renewal,4000
PAY008610,M00111,B01,P3,2025-06-13,Renewal,4000
PAY008562,M04479,B05,P3,2025-06-13,Renewal,4000
PAY008568,M01391,B02,P2,2025-06-13,Renewal,1100
PAY008560,M04086,B05,P4,2025-06-13,Renewal,7500
PAY008376,M00139,B01,P3,2025-06-13,Renewal,4000
PAY001938,M01938,B02,P1,2025-06-13,New,1500
PAY008420,M04279,B05,P3,2025-06-13,Renewal,4000
PAY001903,M01903,B02,P3,2025-06-13,New,4000
PAY008526,M00049,B01,P1,2025-06-13,Renewal,1500
PAY001925,M01925,B02,P4,2025-06-13,New,7500
PAY008656,M03317,B04,P1,2025-06-13,Renewal,1500
PAY008523,M02843,B03,P1,06/13/2025,Renewal,1500
PAY008539,M04248,B05,P4,2025-06-13,Renewal,7500
PAY008460,M01524,B02,P3,2025-06-13,Renewal,4000
PAY008476,M01207,B02,P5,2025-06-13,Renewal,13500
PAY008563,M04527,B05,P2,2025-06-13,Renewal,1100
PAY008399,M01301,B02,P4,2025-06-13,Renewal,7500
PAY004626,M04626,B05,P2,2025-06-13,New,1100
PAY008481,M02494,B03,P3,06/13/2025,Renewal,4000
PAY004611,M04611,B05,P1,2025-06-14,New,1500
PAY008667,M01294,B02,P3,2025-06-14,Renewal,4000
PAY008635,M01562,B02,P4,2025-06-14,Renewal,7500
PAY000680,M00680,B01,P1,2025-06-14,New,1500
PAY008675,M04221,B05,P2,2025-06-14,Renewal,1100
PAY004620,M04620,B05,P1,2025-06-14,New,1500
PAY008653,M02716,B03,P3,06/14/2025,Renewal,4000
PAY000666,M00666,B01,P1,2025-06-14,New,1500
PAY008659,M04133,B05,P2,2025-06-14,Renewal,1100
PAY008655,M03277,B04,P3,2025-06-14,Renewal,4000
PAY004604,M04604,B05,P1,2025-06-14,New,1500
PAY004599,M04599,B05,P3,2025-06-14,New,4000
PAY008593,M00085,B01,P1,2025-06-14,Renewal,1500
PAY003688,M03688,B04,P3,2025-06-14,New,4000
PAY008536,M03170,B04,P3,2025-06-14,Renewal,4000
PAY008534,M02655,B03,P1,06/14/2025,Renewal,1500
PAY008548,M01604,B02,P1,2025-06-14,Renewal,1500
PAY008457,M00632,B01,P2,2025-06-14,Renewal,1100
PAY008496,M02587,B03,P3,06/14/2025,Renewal,4000
PAY008404,M01586,B02,P1,2025-06-14,Renewal,1500
PAY008447,M01632,B02,P1,2025-06-14,Renewal,1500
PAY008504,M00106,B01,P1,2025-06-14,Renewal,1500
PAY004617,M04617,B05,P1,2025-06-15,New,1500
PAY004601,M04601,B05,P3,2025-06-15,New,4000
PAY004614,M04614,B05,P4,2025-06-15,New,7500
PAY008680,M01489,B02,P2,2025-06-15,Renewal,1100
PAY008676,M00145,B01,P5,2025-06-15,Renewal,13500
PAY008452,M03670,B04,P1,2025-06-15,Renewal,1500
PAY003694,M03694,B04,P3,2025-06-15,New,4000
PAY008500,M03155,B04,P1,2025-06-15,Renewal,1500
PAY004609,M04609,B05,P3,2025-06-15,New,4000
PAY008649,M01165,B02,P1,2025-06-15,Renewal,1500
PAY008644,M04597,B05,P1,2025-06-15,Renewal,1500
PAY008537,M03443,B04,P1,2025-06-15,Renewal,1500
PAY008639,M03593,B04,P5,2025-06-15,Renewal,13500
PAY008507,M01631,B02,P1,2025-06-15,Renewal,1500
PAY008596,M00458,B01,P2,2025-06-15,Renewal,1100
PAY003700,M03700,B04,P3,2025-06-15,New,4000
PAY008598,M00564,B01,P1,2025-06-15,Renewal,1500
PAY008592,M00029,B01,P1,2025-06-15,Renewal,1500
PAY008666,M00549,B01,P3,2025-06-15,Renewal,4000
PAY008472,M00527,B01,P1,2025-06-15,Renewal,1500
PAY008566,M00645,B01,P2,2025-06-15,Renewal,1100
PAY008444,M01381,B02,P2,2025-06-15,Renewal,1100
PAY008442,M00555,B01,P3,2025-06-15,Renewal,4000
PAY001913,M01913,B02,P3,2025-06-15,New,4000
PAY008614,M00554,B01,P3,2025-06-16,Renewal,4000
PAY008514,M04035,B05,P1,2025-06-16,Renewal,1500
PAY008515,M04210,B05,P4,2025-06-16,Renewal,7500
PAY008590,M04343,B05,P3,2025-06-16,Renewal,4000
PAY008608,M04370,B05,P3,2025-06-16,Renewal,4000
PAY008612,M00499,B01,P1,2025-06-16,Renewal,1500
PAY008665,M00282,B01,P3,2025-06-16,Renewal,4000
PAY008597,M00477,B01,P1,2025-06-16,Renewal,1500
PAY008586,M01797,B02,P1,2025-06-16,Renewal,1500
PAY008485,M03994,B05,P1,2025-06-16,Renewal,1500
PAY008524,M03401,B04,P3,2025-06-16,Renewal,4000
PAY008628,M01161,B02,P1,2025-06-16,Renewal,1500
PAY008686,M00042,B01,P3,2025-06-16,Renewal,4000
PAY008636,M01698,B02,P1,2025-06-16,Renewal,1500
PAY008477,M01406,B02,P3,2025-06-16,Renewal,4000
PAY008473,M00609,B01,P1,2025-06-16,Renewal,1500
PAY008643,M04571,B05,P2,2025-06-17,Renewal,1100
PAY008510,M02684,B03,P1,06/17/2025,Renewal,1500
PAY008623,M03261,B04,P3,2025-06-17,Renewal,4000
PAY000659,M00659,B01,P1,2025-06-17,New,1500
PAY008538,M03970,B05,P1,2025-06-17,Renewal,1500
PAY008550,M01725,B02,P2,2025-06-17,Renewal,1100
PAY003703,M03703,B04,P1,2025-06-17,New,1500
PAY001923,M01923,B02,P3,2025-06-17,New,4000
PAY008462,M02664,B03,P2,06/17/2025,Renewal,1100
PAY008615,M00567,B01,P2,2025-06-17,Renewal,1100
PAY004619,M04619,B05,P2,2025-06-17,New,1100
PAY001901,M01901,B02,P1,2025-06-17,New,1500
PAY008499,M03126,B04,P1,2025-06-17,Renewal,1500
PAY000684,M00684,B01,P2,2025-06-17,New,1100
PAY001914,M01914,B02,P5,2025-06-17,New,13500
PAY008465,M03220,B04,P4,2025-06-17,Renewal,7500
PAY008480,M01805,B02,P3,2025-06-17,Renewal,4000
PAY000677,M00677,B01,P1,2025-06-17,New,1500
PAY008664,M00265,B01,P4,2025-06-17,Renewal,7500
PAY008569,M01446,B02,P3,2025-06-17,Renewal,4000
PAY008464,M03203,B04,P3,2025-06-17,Renewal,4000
PAY008602,M02495,B03,P4,06/18/2025,Renewal,7500
PAY008717,M00606,B01,P1,2025-06-18,Renewal,1500
PAY008506,M00597,B01,P2,2025-06-18,Renewal,1100
PAY008487,M04111,B05,P4,2025-06-18,Renewal,7500
PAY008616,M01335,B02,P3,2025-06-18,Renewal,4000
PAY008600,M01340,B02,P2,2025-06-18,Renewal,1100
PAY008621,M02801,B03,P3,06/18/2025,Renewal,4000
PAY008718,M01410,B02,P3,2025-06-18,Renewal,4000
PAY008565,M00553,B01,P3,2025-06-18,Renewal,4000
PAY008508,M01756,B02,P1,2025-06-18,Renewal,1500
PAY008535,M02720,B03,P1,06/18/2025,Renewal,1500
PAY008542,M00221,B01,P1,2025-06-18,Renewal,1500
PAY008684,M04272,B05,P3,2025-06-18,Renewal,4000
PAY008678,M00635,B01,P1,2025-06-18,Renewal,1500
PAY008521,M01738,B02,P1,2025-06-18,Renewal,1500
PAY008695,M04504,B05,P1,2025-06-18,Renewal,1500
PAY008564,M04561,B05,P1,2025-06-18,Renewal,1500
PAY003692,M03692,B04,P3,2025-06-18,New,4000
PAY008703,M01235,B02,P3,2025-06-18,Renewal,4000
PAY008708,M03419,B04,P3,2025-06-18,Renewal,4000
PAY008570,M01486,B02,P3,2025-06-18,Renewal,4000
PAY008712,M04270,B05,P3,2025-06-18,Renewal,4000
PAY004616,M04616,B05,P4,2025-06-18,New,7500
PAY001928,M01928,B02,P1,2025-06-18,New,1500
PAY002868,M02868,B03,P1,06/19/2025,New,1500
PAY008559,M04056,B05,P4,2025-06-19,Renewal,7500
PAY001940,M01940,B02,P1,2025-06-19,New,1500
PAY008737,M01471,B02,P3,2025-06-19,Renewal,4000
PAY008606,M03444,B04,P3,2025-06-19,Renewal,4000
PAY008503,M04560,B05,P2,2025-06-19,Renewal,1100
PAY008579,M00036,B01,P5,2025-06-19,Renewal,13500
PAY008599,M00582,B01,P1,2025-06-19,Renewal,1500
PAY008619,M02619,B03,P1,06/19/2025,Renewal,1500
PAY008631,M01259,B02,P2,2025-06-19,Renewal,1100
PAY000662,M00662,B01,P1,2025-06-19,New,1500
PAY008711,M04262,B05,P1,2025-06-19,Renewal,1500
PAY008652,M01855,B02,P2,2025-06-19,Renewal,1100
PAY008663,M04593,B05,P1,2025-06-19,Renewal,1500
PAY000676,M00676,B01,P4,2025-06-19,New,7500
PAY008673,M04105,B05,P5,2025-06-19,Renewal,13500
PAY008540,M04481,B05,P3,2025-06-19,Renewal,4000
PAY008726,M04219,B05,P3,2025-06-20,Renewal,4000
PAY008651,M01558,B02,P3,2025-06-20,Renewal,4000
PAY008751,M04540,B05,P1,2025-06-20,Renewal,1500
PAY008707,M03377,B04,P3,2025-06-20,Renewal,4000
PAY008735,M00618,B01,P1,2025-06-20,Renewal,1500
PAY008638,M03318,B04,P4,2025-06-20,Renewal,7500
PAY008630,M01254,B02,P3,2025-06-20,Renewal,4000
PAY008516,M00252,B01,P3,2025-06-20,Renewal,4000
PAY008554,M02600,B03,P2,06/20/2025,Renewal,1100
PAY001929,M01929,B02,P1,2025-06-20,New,1500
PAY001926,M01926,B02,P2,2025-06-20,New,1100
PAY004613,M04613,B05,P1,2025-06-20,New,1500
PAY003693,M03693,B04,P3,2025-06-20,New,4000
PAY008558,M03618,B04,P1,2025-06-20,Renewal,1500
PAY001916,M01916,B02,P3,2025-06-20,New,4000
PAY008740,M02594,B03,P1,06/21/2025,Renewal,1500
PAY008584,M00625,B01,P2,2025-06-21,Renewal,1100
PAY008620,M02623,B03,P2,06/21/2025,Renewal,1100
PAY008720,M01577,B02,P4,2025-06-21,Renewal,7500
PAY008517,M01206,B02,P3,2025-06-21,Renewal,4000
PAY008625,M04340,B05,P4,2025-06-21,Renewal,7500
PAY008657,M03587,B04,P1,2025-06-21,Renewal,1500
PAY008567,M01373,B02,P3,2025-06-21,Renewal,4000
PAY008632,M01356,B02,P1,2025-06-21,Renewal,1500
PAY008743,M03550,B04,P1,2025-06-21,Renewal,1500
PAY004606,M04606,B05,P3,2025-06-21,New,4000
PAY008545,M01309,B02,P4,2025-06-21,Renewal,7500
PAY002861,M02861,B03,P1,06/21/2025,New,1500
PAY008573,M02800,B03,P5,06/21/2025,Renewal,13500
PAY008715,M00112,B01,P2,2025-06-21,Renewal,1100
PAY008607,M04027,B05,P4,2025-06-21,Renewal,7500
PAY001918,M01918,B02,P1,2025-06-21,New,1500
PAY008603,M02545,B03,P3,06/21/2025,Renewal,4000
PAY008575,M03380,B04,P3,2025-06-21,Renewal,4000
PAY008637,M02608,B03,P1,06/21/2025,Renewal,1500
PAY004612,M04612,B05,P5,2025-06-21,New,13500
PAY008699,M00318,B01,P1,2025-06-21,Renewal,1500
PAY008530,M00611,B01,P2,2025-06-22,Renewal,1100
PAY001917,M01917,B02,P5,2025-06-22,New,13500
PAY008697,M00150,B01,P3,2025-06-22,Renewal,4000
PAY008700,M00547,B01,P1,2025-06-22,Renewal,1500
PAY008748,M04011,B05,P4,2025-06-22,Renewal,7500
PAY004624,M04624,B05,P3,2025-06-22,New,4000
PAY008714,M04582,B05,P1,2025-06-22,Renewal,1500
PAY008648,M00648,B01,P1,2025-06-22,Renewal,1500
PAY008723,M02765,B03,P2,06/22/2025,Renewal,1100
PAY008557,M03610,B04,P1,2025-06-22,Renewal,1500
PAY008576,M03450,B04,P3,2025-06-22,Renewal,4000
PAY000658,M00658,B01,P1,2025-06-22,New,1500
PAY001909,M01909,B02,P4,2025-06-22,New,7500
PAY008622,M03111,B04,P3,2025-06-22,Renewal,4000
PAY003697,M03697,B04,P1,2025-06-22,New,1500
PAY004607,M04607,B05,P2,2025-06-22,New,1100
PAY008617,M01553,B02,P3,2025-06-22,Renewal,4000
PAY008692,M03274,B04,P2,2025-06-23,Renewal,1100
PAY008749,M04488,B05,P3,2025-06-23,Renewal,4000
PAY008626,M00096,B01,P1,2025-06-23,Renewal,1500
PAY008687,M00076,B01,P2,2025-06-23,Renewal,1100
PAY008745,M03627,B04,P1,2025-06-23,Renewal,1500
PAY000675,M00675,B01,P4,2025-06-23,New,7500
PAY008582,M00403,B01,P4,2025-06-23,Renewal,7500
PAY008741,M02663,B03,P3,06/23/2025,Renewal,4000
PAY004622,M04622,B05,P3,2025-06-23,New,4000
PAY008669,M01640,B02,P1,2025-06-23,Renewal,1500
PAY008670,M01788,B02,P1,2025-06-23,Renewal,1500
PAY008742,M03453,B04,P1,2025-06-23,Renewal,1500
PAY008585,M01636,B02,P1,2025-06-23,Renewal,1500
PAY001902,M01902,B02,P2,2025-06-23,New,1100
PAY004608,M04608,B05,P1,2025-06-23,New,1500
PAY003698,M03698,B04,P1,2025-06-23,New,1500
PAY008727,M04375,B05,P1,2025-06-23,Renewal,1500
PAY008634,M01529,B02,P5,2025-06-23,Renewal,13500
PAY001921,M01921,B02,P5,2025-06-23,New,13500
PAY008777,M04373,B05,P1,2025-06-23,Renewal,1500
PAY008709,M03449,B04,P2,2025-06-23,Renewal,1100
PAY008767,M01193,B02,P1,2025-06-23,Renewal,1500
PAY000652,M00652,B01,P4,2025-06-23,New,7500
PAY000660,M00660,B01,P2,2025-06-23,New,1100
PAY003685,M03685,B04,P2,2025-06-23,New,1100
PAY008832,M04565,B05,P3,2025-06-24,Renewal,4000
PAY000681,M00681,B01,P4,2025-06-24,New,7500
PAY008778,M00284,B01,P3,2025-06-24,Renewal,4000
PAY008618,M01879,B02,P2,2025-06-24,Renewal,1100
PAY008611,M00469,B01,P3,2025-06-24,Renewal,4000
PAY008574,M03301,B04,P5,2025-06-24,Renewal,13500
PAY008704,M01735,B02,P1,2025-06-24,Renewal,1500
PAY002871,M02871,B03,P3,06/24/2025,New,4000
PAY008780,M00620,B01,P3,2025-06-24,Renewal,4000
PAY008810,M00088,B01,P3,2025-06-24,Renewal,4000
PAY000683,M00683,B01,P5,2025-06-24,New,13500
PAY008784,M01481,B02,P4,2025-06-24,Renewal,7500
PAY008641,M04472,B05,P2,2025-06-24,Renewal,1100
PAY008817,M01473,B02,P3,2025-06-24,Renewal,4000
PAY008756,M01860,B02,P2,2025-06-24,Renewal,1100
PAY008803,M01690,B02,P1,2025-06-24,Renewal,1500
PAY008769,M01554,B02,P3,2025-06-24,Renewal,4000
PAY000667,M00667,B01,P3,2025-06-24,New,4000
PAY008650,M01437,B02,P1,2025-06-24,Renewal,1500
PAY001927,M01927,B02,P1,2025-06-24,New,1500
PAY008672,M03311,B04,P4,2025-06-24,Renewal,7500
PAY008627,M00130,B01,P2,2025-06-24,Renewal,1100
PAY000670,M00670,B01,P5,2025-06-24,New,13500
PAY001934,M01934,B02,P1,2025-06-24,New,1500
PAY008816,M01409,B02,P2,2025-06-25,Renewal,1100
PAY008677,M00416,B01,P3,2025-06-25,Renewal,4000
PAY004615,M04615,B05,P1,2025-06-25,New,1500
PAY002866,M02866,B03,P1,06/25/2025,New,1500
PAY002862,M02862,B03,P1,06/25/2025,New,1500
PAY008671,M01791,B02,P3,2025-06-25,Renewal,4000
PAY008851,M01881,B02,P1,2025-06-25,Renewal,1500
PAY008645,M00310,B01,P1,2025-06-25,Renewal,1500
PAY002856,M02856,B03,P1,06/25/2025,New,1500
PAY008705,M02814,B03,P1,06/25/2025,Renewal,1500
PAY000673,M00673,B01,P1,2025-06-25,New,1500
PAY008798,M00120,B01,P3,2025-06-25,Renewal,4000
PAY008682,M02500,B03,P3,06/25/2025,Renewal,4000
PAY000671,M00671,B01,P1,2025-06-25,New,1500
PAY008587,M02574,B03,P2,06/25/2025,Renewal,1100
PAY008589,M04292,B05,P1,2025-06-25,Renewal,1500
PAY008690,M01195,B02,P3,2025-06-25,Renewal,4000
PAY008691,M01876,B02,P1,2025-06-25,Renewal,1500
PAY000651,M00651,B01,P4,2025-06-25,New,7500
PAY008696,M04583,B05,P1,2025-06-25,Renewal,1500
PAY008772,M02515,B03,P1,06/25/2025,Renewal,1500
PAY008752,M00636,B01,P1,2025-06-25,Renewal,1500
PAY008770,M01591,B02,P1,2025-06-25,Renewal,1500
PAY008733,M00344,B01,P3,2025-06-26,Renewal,4000
PAY008837,M00444,B01,P1,2025-06-26,Renewal,1500
PAY008734,M00561,B01,P3,2025-06-26,Renewal,4000
PAY008805,M02786,B03,P3,06/26/2025,Renewal,4000
PAY008722,M02742,B03,P2,06/26/2025,Renewal,1100
PAY008821,M02645,B03,P3,06/26/2025,Renewal,4000
PAY008775,M04008,B05,P1,2025-06-26,Renewal,1500
PAY008820,M02638,B03,P4,06/26/2025,Renewal,7500
PAY008773,M02791,B03,P4,06/26/2025,Renewal,7500
PAY004618,M04618,B05,P1,2025-06-26,New,1500
PAY001915,M01915,B02,P4,2025-06-26,New,7500
PAY002869,M02869,B03,P1,06/26/2025,New,1500
PAY008865,M00587,B01,P2,2025-06-26,Renewal,1100
PAY008646,M00427,B01,P1,2025-06-26,Renewal,1500
PAY008601,M01898,B02,P1,2025-06-26,Renewal,1500
PAY004623,M04623,B05,P3,2025-06-26,New,4000
PAY008624,M03667,B04,P1,2025-06-26,Renewal,1500
PAY004605,M04605,B05,P1,2025-06-26,New,1500
PAY000654,M00654,B01,P4,2025-06-26,New,7500
PAY008654,M03269,B04,P3,2025-06-26,Renewal,4000
PAY008633,M01466,B02,P2,2025-06-26,Renewal,1100
PAY000655,M00655,B01,P3,2025-06-26,New,4000
PAY001906,M01906,B02,P5,2025-06-26,New,13500
PAY008819,M01897,B02,P1,2025-06-27,Renewal,1500
PAY008763,M04567,B05,P1,2025-06-27,Renewal,1500
PAY008719,M01506,B02,P4,2025-06-27,Renewal,7500
PAY000649,M00649,B01,P1,2025-06-27,New,1500
PAY001936,M01936,B02,P3,2025-06-27,New,4000
PAY008774,M02849,B03,P2,06/27/2025,Renewal,1100
PAY002857,M02857,B03,P2,06/27/2025,New,1100
PAY002858,M02858,B03,P2,06/27/2025,New,1100
PAY008808,M04474,B05,P1,2025-06-27,Renewal,1500
PAY008658,M03661,B04,P1,2025-06-27,Renewal,1500
PAY008647,M00552,B01,P2,2025-06-27,Renewal,1100
PAY008828,M04249,B05,P3,2025-06-27,Renewal,4000
PAY008847,M01509,B02,P2,2025-06-27,Renewal,1100
PAY008890,M03228,B04,P3,2025-06-27,Renewal,4000
PAY008738,M01777,B02,P3,2025-06-27,Renewal,4000
PAY008870,M02591,B03,P5,06/27/2025,Renewal,13500
PAY008739,M01871,B02,P1,2025-06-27,Renewal,1500
PAY008878,M04551,B05,P3,2025-06-27,Renewal,4000
PAY008827,M04213,B05,P3,2025-06-27,Renewal,4000
PAY008674,M04196,B05,P3,2025-06-27,Renewal,4000
PAY008679,M01425,B02,P2,2025-06-28,Renewal,1100
PAY008852,M02509,B03,P3,06/28/2025,Renewal,4000
PAY008747,M03676,B04,P1,2025-06-28,Renewal,1500
PAY008771,M01890,B02,P1,2025-06-28,Renewal,1500
PAY008660,M04224,B05,P3,2025-06-28,Renewal,4000
PAY008903,M01939,B02,P3,2025-06-28,Renewal,4000
PAY008797,M04534,B05,P2,2025-06-28,Renewal,1100
PAY008694,M04492,B05,P1,2025-06-28,Renewal,1500
PAY004625,M04625,B05,P1,2025-06-28,New,1500
PAY008662,M04533,B05,P1,2025-06-28,Renewal,1500
PAY008809,M04587,B05,P1,2025-06-28,Renewal,1500
PAY001937,M01937,B02,P1,2025-06-28,New,1500
PAY008642,M04568,B05,P1,2025-06-28,Renewal,1500
PAY001924,M01924,B02,P5,2025-06-28,New,13500
PAY008757,M01868,B02,P1,2025-06-28,Renewal,1500
PAY008681,M01785,B02,P2,2025-06-28,Renewal,1100
PAY008754,M01571,B02,P1,2025-06-28,Renewal,1500
PAY008824,M03658,B04,P2,2025-06-28,Renewal,1100
PAY008795,M04298,B05,P3,2025-06-29,Renewal,4000
PAY008794,M04250,B05,P3,2025-06-29,Renewal,4000
PAY008871,M02643,B03,P2,06/29/2025,Renewal,1100
PAY008796,M04312,B05,P1,2025-06-29,Renewal,1500
PAY008826,M04094,B05,P5,2025-06-29,Renewal,13500
PAY008850,M01601,B02,P3,2025-06-29,Renewal,4000
PAY008829,M04274,B05,P3,2025-06-29,Renewal,4000
PAY001933,M01933,B02,P1,2025-06-29,New,1500
PAY008815,M00641,B01,P2,2025-06-29,Renewal,1100
PAY001932,M01932,B02,P1,2025-06-29,New,1500
PAY001931,M01931,B02,P4,2025-06-29,New,7500
PAY008881,M00650,B01,P2,2025-06-29,Renewal,1100
PAY008791,M03682,B04,P2,2025-06-29,Renewal,1100
PAY008713,M04324,B05,P2,2025-06-29,Renewal,1100
PAY008721,M01864,B02,P2,2025-06-29,Renewal,1100
PAY008685,M04591,B05,P1,2025-06-29,Renewal,1500
PAY008746,M03642,B04,P1,2025-06-29,Renewal,1500
PAY008755,M01787,B02,P1,2025-06-29,Renewal,1500
PAY008729,M04535,B05,P2,2025-06-29,Renewal,1100
PAY008668,M01388,B02,P3,2025-06-29,Renewal,4000
PAY008661,M04445,B05,P1,2025-06-29,Renewal,1500
PAY003701,M03701,B04,P4,2025-06-29,New,7500
PAY008716,M00203,B01,P1,2025-06-29,Renewal,1500
PAY008776,M04139,B05,P3,2025-06-29,Renewal,4000
PAY008688,M00143,B01,P3,2025-06-29,Renewal,4000
PAY000664,M00664,B01,P3,2025-06-29,New,4000
PAY000674,M00674,B01,P1,2025-06-29,New,1500
PAY008848,M01513,B02,P1,2025-06-30,Renewal,1500
PAY008689,M00334,B01,P3,2025-06-30,Renewal,4000
PAY008693,M03643,B04,P2,2025-06-30,Renewal,1100
PAY008839,M00619,B01,P2,2025-06-30,Renewal,1100
PAY008823,M03414,B04,P1,2025-06-30,Renewal,1500
PAY008818,M01779,B02,P1,2025-06-30,Renewal,1500
PAY008760,M02588,B03,P3,06/30/2025,Renewal,4000
PAY008725,M04043,B05,P1,2025-06-30,Renewal,1500
PAY008813,M00351,B01,P1,2025-06-30,Renewal,1500
PAY008724,M02845,B03,,06/30/2025,Renewal,1500
PAY004621,M04621,B05,P5,2025-06-30,New,13500
PAY003702,M03702,B04,P1,2025-06-30,New,1500
PAY008793,M04212,B05,P3,2025-06-30,Renewal,4000
PAY008859,M00217,B01,P1,2025-06-30,Renewal,1500
PAY008860,M00228,B01,P2,2025-06-30,Renewal,1100
PAY008922,M00453,B01,P3,2025-06-30,Renewal,4000
PAY008701,M00569,B01,P1,2025-06-30,Renewal,1500
PAY001908,M01908,B02,P3,2025-06-30,New,4000
PAY003687,M03687,B04,P1,2025-06-30,New,1500
PAY000653,M00653,B01,P3,2025-06-30,New,4000
PAY008900,M01843,B02,P1,2025-06-30,Renewal,1500
PAY008731,M00281,B01,P2,2025-06-30,Renewal,1100
PAY008902,M01919,B02,P2,2025-06-30,Renewal,1100
PAY008782,M01253,B02,P3,2025-06-30,Renewal,4000
PAY003716,M03716,B04,P1,2025-07-01,New,1500
PAY008932,M04161,B05,P1,2025-07-01,Renewal,1500
PAY003710,M03710,B04,P1,2025-07-01,New,1500
PAY008844,M01423,B02,P1,2025-07-01,Renewal,1500
PAY008846,M01444,B02,P3,2025-07-01,Renewal,4000
PAY008889,M02864,B03,P1,07/01/2025,Renewal,1500
PAY008883,M01453,B02,P3,2025-07-01,Renewal,4000
PAY008937,M02622,B03,P3,07/01/2025,Renewal,4000
PAY008908,M03980,B05,P1,2025-07-01,Renewal,1500
PAY008706,M03257,B04,P4,2025-07-01,Renewal,7500
PAY008730,M00156,B01,P3,2025-07-01,Renewal,4000
PAY008887,M02812,B03,P3,07/01/2025,Renewal,4000
PAY008766,M00428,B01,P1,2025-07-01,Renewal,1500
PAY008790,M03672,B04,P1,2025-07-01,Renewal,1500
PAY008683,M02508,B03,P1,07/01/2025,Renewal,1500
PAY000686,M00686,B01,P2,2025-07-01,New,1100
PAY008779,M00544,B01,P1,2025-07-01,Renewal,1500
PAY008863,M00406,B01,P2,2025-07-02,Renewal,1100
PAY008874,M03656,B04,P3,2025-07-02,Renewal,4000
PAY008786,M01774,B02,P3,2025-07-02,Renewal,4000
PAY008765,M00375,B01,P2,2025-07-02,Renewal,1100
PAY008948,M01583,B02,P4,2025-07-02,Renewal,7500
PAY008698,M00177,B01,P1,2025-07-02,Renewal,1500
PAY008905,M03140,B04,P3,2025-07-02,Renewal,4000
PAY008762,M04291,B05,P4,2025-07-02,Renewal,7500
PAY004638,M04638,B05,P5,2025-07-02,New,13500
PAY000689,M00689,B01,P4,2025-07-02,New,7500
PAY008814,M00365,B01,P4,2025-07-02,Renewal,7500
PAY008761,M03597,B04,P1,2025-07-02,Renewal,1500
PAY008750,M04524,B05,P1,2025-07-02,Renewal,1500
PAY008702,M00573,B01,P3,2025-07-02,Renewal,4000
PAY008825,M03978,B05,P1,2025-07-02,Renewal,1500
PAY008783,M01322,B02,P1,2025-07-02,Renewal,1500
PAY008840,M01211,B02,P3,2025-07-02,Renewal,4000
PAY008792,M04169,B05,P1,2025-07-02,Renewal,1500
PAY003713,M03713,B04,P4,2025-07-02,New,7500
PAY008942,M00122,B01,P3,2025-07-02,Renewal,4000
PAY008879,M00530,B01,P2,2025-07-03,Renewal,1100
PAY008891,M03322,B04,P1,2025-07-03,Renewal,1500
PAY008940,M02863,B03,P2,07/03/2025,Renewal,1100
PAY008913,M01904,B02,P2,2025-07-03,Renewal,1100
PAY008789,M02693,B03,P1,07/03/2025,Renewal,1500
PAY008710,M03644,B04,P2,2025-07-03,Renewal,1100
PAY000700,M00700,B01,P3,2025-07-03,New,4000
PAY008830,M04399,B05,P3,2025-07-03,Renewal,4000
PAY004646,M04646,B05,P1,2025-07-03,New,1500
PAY008732,M00293,B01,P3,2025-07-03,Renewal,4000
PAY008931,M03998,B05,P1,2025-07-03,Renewal,1500
PAY008736,M00621,B01,P1,2025-07-03,Renewal,1500
PAY008841,M01231,B02,P1,2025-07-03,Renewal,1500
PAY008843,M01348,B02,P1,2025-07-03,Renewal,1500
PAY008753,M01303,B02,P1,2025-07-03,Renewal,1500
PAY008758,M01882,B02,P1,2025-07-03,Renewal,1500
PAY008768,M01216,B02,P3,2025-07-03,Renewal,4000
PAY004635,M04635,B05,P3,2025-07-03,New,4000
PAY008812,M00326,B01,P1,2025-07-03,Renewal,1500
PAY008904,M02867,B03,P1,07/03/2025,Renewal,1500
PAY008831,M04486,B05,P1,2025-07-03,Renewal,1500
PAY000706,M00706,B01,P1,2025-07-03,New,1500
PAY008866,M01343,B02,P1,2025-07-03,Renewal,1500
PAY008728,M04502,B05,P3,2025-07-03,Renewal,4000
PAY008861,M00338,B01,P1,2025-07-03,Renewal,1500
PAY000699,M00699,B01,P2,2025-07-04,New,1100
PAY000703,M00703,B01,P5,2025-07-04,New,13500
PAY008787,M01816,B02,P3,2025-07-04,Renewal,4000
PAY002893,M02893,B03,P3,07/04/2025,New,4000
PAY008853,M02586,B03,,07/04/2025,Renewal,1500
PAY008943,M00368,B01,P3,2025-07-04,Renewal,4000
PAY008950,M01691,B02,P3,2025-07-04,Renewal,4000
PAY008872,M02860,B03,P1,07/04/2025,Renewal,1500
PAY008989,M04408,B05,P4,2025-07-04,Renewal,7500
PAY008744,M03604,B04,P3,2025-07-04,Renewal,4000
PAY008979,M00595,B01,P3,2025-07-04,Renewal,4000
PAY008806,M03488,B04,P2,2025-07-04,Renewal,1100
PAY008804,M01884,B02,P3,2025-07-04,Renewal,4000
PAY008788,M01849,B02,P2,2025-07-04,Renewal,1100
PAY008856,M03628,B04,P1,2025-07-04,Renewal,1500
PAY008993,M00483,B01,P3,2025-07-05,Renewal,4000
PAY008855,M02805,B03,P2,07/05/2025,Renewal,1100
PAY008971,M04417,B05,P4,2025-07-05,Renewal,7500
PAY008764,M00135,B01,P2,2025-07-05,Renewal,1100
PAY008838,M00488,B01,P3,2025-07-05,Renewal,4000
PAY003707,M03707,B04,P3,2025-07-05,New,4000
PAY004637,M04637,B05,P3,2025-07-05,New,4000
PAY008991,M00378,B01,P1,2025-07-05,Renewal,1500
PAY008956,M03271,B04,P5,2025-07-05,Renewal,13500
PAY008892,M03529,B04,P4,2025-07-05,Renewal,7500
PAY008867,M01539,B02,P1,2025-07-05,Renewal,1500
PAY008868,M01686,B02,P1,2025-07-05,Renewal,1500
PAY008919,M03690,B04,P2,2025-07-05,Renewal,1100
PAY008873,M03436,B04,P3,2025-07-05,Renewal,4000
PAY001971,M01971,B02,P4,2025-07-05,New,7500
PAY001955,M01955,B02,P1,2025-07-05,New,1500
PAY001947,M01947,B02,P1,2025-07-05,New,1500
PAY008854,M02746,B03,P1,07/06/2025,Renewal,1500
PAY008801,M01416,B02,P4,2025-07-06,Renewal,7500
PAY008759,M01889,B02,P2,2025-07-06,Renewal,1100
PAY004642,M04642,B05,P3,2025-07-06,New,4000
PAY002882,M02882,B03,P5,07/06/2025,New,13500
PAY001942,M01942,B02,P1,2025-07-06,New,1500
PAY008929,M03245,B04,P5,2025-07-06,Renewal,13500
PAY008936,M01935,B02,P1,2025-07-06,Renewal,1500
PAY008949,M01684,B02,P1,2025-07-06,Renewal,1500
PAY008880,M00605,B01,P3,2025-07-06,Renewal,4000
PAY008802,M01575,B02,P3,2025-07-06,Renewal,4000
PAY009011,M00279,B01,P4,2025-07-07,Renewal,7500
PAY009023,M03681,B04,P1,2025-07-07,Renewal,1500
PAY009026,M04514,B05,P1,2025-07-07,Renewal,1500
PAY009037,M01629,B02,P2,2025-07-07,Renewal,1100
PAY000695,M00695,B01,P5,2025-07-07,New,13500
PAY008915,M02729,B03,,07/07/2025,Renewal,7500
PAY008939,M02790,B03,P4,07/07/2025,Renewal,7500
PAY000709,M00709,B01,P4,2025-07-07,New,7500
PAY003718,M03718,B04,P4,2025-07-07,New,7500
PAY008964,M00604,B01,P1,2025-07-07,Renewal,1500
PAY008960,M04542,B05,P3,2025-07-07,Renewal,4000
PAY003709,M03709,B04,P2,2025-07-07,New,1100
PAY008947,M01492,B02,P2,2025-07-07,Renewal,1100
PAY008999,M01857,B02,P3,2025-07-07,Renewal,4000
PAY008933,M04422,B05,P3,2025-07-07,Renewal,4000
PAY008926,M01650,B02,P1,2025-07-07,Renewal,1500
PAY008800,M01285,B02,P3,2025-07-07,Renewal,4000
PAY008849,M01537,B02,P2,2025-07-07,Renewal,1100
PAY008833,M00037,B01,P1,2025-07-07,Renewal,1500
PAY004636,M04636,B05,P3,2025-07-07,New,4000
PAY008894,M04602,B05,P2,2025-07-07,Renewal,1100
PAY008781,M01221,B02,P1,2025-07-07,Renewal,1500
PAY008836,M00209,B01,P1,2025-07-07,Renewal,1500
PAY008811,M00277,B01,P3,2025-07-08,Renewal,4000
PAY003722,M03722,B04,P4,2025-07-08,New,7500
PAY003721,M03721,B04,P3,2025-07-08,New,4000
PAY009044,M04286,B05,P2,2025-07-08,Renewal,1100
PAY009040,M01911,B02,P2,2025-07-08,Renewal,1100
PAY009029,M00524,B01,P1,2025-07-08,Renewal,1500
PAY008930,M03624,B04,P3,2025-07-08,Renewal,4000
PAY008785,M01585,B02,P3,2025-07-08,Renewal,4000
PAY008857,M03680,B04,P2,2025-07-08,Renewal,1100
PAY008954,M02795,B03,P2,07/08/2025,Renewal,1100
PAY008845,M01427,B02,P2,2025-07-08,Renewal,1100
PAY003724,M03724,B04,P1,2025-07-08,New,1500
PAY009054,M01391,B02,P2,2025-07-08,Renewal,1100
PAY008923,M00534,B01,P2,2025-07-08,Renewal,1100
PAY008921,M00158,B01,P1,2025-07-08,Renewal,1500
PAY000691,M00691,B01,P1,2025-07-08,New,1500
PAY008967,M01848,B02,P3,2025-07-08,Renewal,4000
PAY008959,M04366,B05,P1,2025-07-08,Renewal,1500
PAY008834,M00144,B01,P2,2025-07-08,Renewal,1100
PAY000694,M00694,B01,P5,2025-07-08,New,13500
PAY009059,M04627,B05,P1,2025-07-08,Renewal,1500
PAY008918,M03521,B04,P2,2025-07-08,Renewal,1100
PAY008858,M03683,B04,P2,2025-07-08,Renewal,1100
PAY001973,M01973,B02,P1,2025-07-09,New,1500
PAY009007,M03265,B04,P5,2025-07-09,Renewal,13500
PAY008864,M00560,B01,P1,2025-07-09,Renewal,1500
PAY001972,M01972,B02,P1,2025-07-09,New,1500
PAY008807,M03983,B05,P1,2025-07-09,Renewal,1500
PAY008916,M03217,B04,P3,2025-07-09,Renewal,4000
PAY008877,M04529,B05,P2,2025-07-09,Renewal,1100
PAY001957,M01957,B02,P5,2025-07-09,New,13500
PAY009002,M02571,B03,P4,07/09/2025,Renewal,7500
PAY008799,M00615,B01,P2,2025-07-09,Renewal,1100
PAY004645,M04645,B05,P2,2025-07-09,New,1100
PAY002886,M02886,B03,P5,07/09/2025,New,13500
PAY008974,M00300,B01,P2,2025-07-09,Renewal,1100
PAY008975,M00446,B01,P2,2025-07-09,Renewal,1100
PAY002883,M02883,B03,P4,07/09/2025,New,7500
PAY008899,M01746,B02,P2,2025-07-09,Renewal,1100
PAY009064,M00632,B01,P2,2025-07-09,Renewal,1100
PAY009067,M01396,B02,P3,2025-07-09,Renewal,4000
PAY003720,M03720,B04,P4,2025-07-09,New,7500
PAY008909,M00454,B01,P3,2025-07-09,Renewal,4000
PAY009038,M01666,B02,P1,2025-07-09,Renewal,1500
PAY003706,M03706,B04,P3,2025-07-09,New,4000
PAY008842,M01300,B02,P3,2025-07-09,Renewal,4000
PAY008888,M02825,B03,P3,07/09/2025,Renewal,4000
PAY008990,M00178,B01,P1,2025-07-10,Renewal,1500
PAY008822,M03411,B04,P4,2025-07-10,Renewal,7500
PAY008938,M02747,B03,P1,07/10/2025,Renewal,1500
PAY008968,M03668,B04,P1,2025-07-10,Renewal,1500
PAY008935,M01298,B02,P2,2025-07-10,Renewal,1100
PAY000707,M00707,B01,P5,2025-07-10,New,13500
PAY009031,M00669,B01,P2,2025-07-10,Renewal,1100
PAY008907,M03388,B04,P1,2025-07-10,Renewal,1500
PAY008910,M01618,B02,P3,2025-07-10,Renewal,4000
PAY008911,M01839,B02,P3,2025-07-10,Renewal,4000
PAY008914,M02653,B03,P4,07/10/2025,Renewal,7500
PAY008912,M01861,B02,P2,2025-07-10,Renewal,1100
PAY009024,M04075,B05,P3,2025-07-10,Renewal,4000
PAY008901,M01912,B02,P1,2025-07-10,Renewal,1500
PAY008928,M02827,B03,P3,07/10/2025,Renewal,4000
PAY008893,M04552,B05,P3,2025-07-10,Renewal,4000
PAY008924,M00623,B01,P2,2025-07-10,Renewal,1100
PAY009084,M00458,B01,P2,2025-07-10,Renewal,1100
PAY008835,M00171,B01,P1,2025-07-10,Renewal,1500
PAY009082,M00126,B01,P3,2025-07-11,Renewal,4000
PAY008965,M01642,B02,P1,2025-07-11,Renewal,1500
PAY009045,M04395,B05,P5,2025-07-11,Renewal,13500
PAY009089,M01489,B02,P2,2025-07-11,Renewal,1100
PAY009115,M03184,B04,P3,2025-07-11,Renewal,4000
PAY000704,M00704,B01,P3,2025-07-11,New,4000
PAY009014,M01258,B02,P1,2025-07-11,Renewal,1500
PAY008898,M01434,B02,P5,2025-07-11,Renewal,13500
PAY008886,M02598,B03,P1,07/11/2025,Renewal,1500
PAY009009,M04100,B05,P1,2025-07-11,Renewal,1500
PAY008875,M04164,B05,P1,2025-07-11,Renewal,1500
PAY009021,M03664,B04,P3,2025-07-11,Renewal,4000
PAY008996,M01441,B02,P3,2025-07-11,Renewal,4000
PAY008869,M01792,B02,P1,2025-07-11,Renewal,1500
PAY008973,M00250,B01,P5,2025-07-11,Renewal,13500
PAY009048,M00113,B01,P5,2025-07-12,Renewal,13500
PAY009027,M00330,B01,P3,2025-07-12,Renewal,4000
PAY009055,M01938,B02,P1,2025-07-12,Renewal,1500
PAY008994,M01168,B02,P3,2025-07-12,Renewal,4000
PAY009008,M03309,B04,P3,2025-07-12,Renewal,4000
PAY008997,M01511,B02,P3,2025-07-12,Renewal,4000
PAY009019,M03499,B04,P4,2025-07-12,Renewal,7500
PAY009100,M04597,B05,P4,2025-07-12,Renewal,7500
PAY009107,M00499,B01,P3,2025-07-12,Renewal,4000
PAY002887,M02887,B03,P3,07/12/2025,New,4000
PAY008862,M00356,B01,P1,2025-07-12,Renewal,1500
PAY008885,M01854,B02,P1,2025-07-12,Renewal,1500
PAY008884,M01555,B02,P3,2025-07-12,Renewal,4000
PAY008882,M01432,B02,P1,2025-07-12,Renewal,1500
PAY008876,M04215,B05,P5,2025-07-12,Renewal,13500
PAY008906,M03325,B04,P5,2025-07-12,Renewal,13500
PAY008945,M00607,B01,P3,2025-07-12,Renewal,4000
PAY003719,M03719,B04,P3,2025-07-12,New,4000
PAY008897,M00285,B01,P4,2025-07-12,Renewal,7500
PAY002876,M02876,B03,P2,07/12/2025,New,1100
PAY008895,M00047,B01,P1,2025-07-12,Renewal,1500
PAY008955,M02815,B03,P3,07/12/2025,Renewal,4000
PAY002880,M02880,B03,P3,07/12/2025,New,4000
PAY002885,M02885,B03,P4,07/12/2025,New,7500
PAY004644,M04644,B05,P3,2025-07-13,New,4000
PAY009033,M01326,B02,P2,2025-07-13,Renewal,1100
PAY009034,M01336,B02,P2,2025-07-13,Renewal,1100
PAY009036,M01442,B02,P3,2025-07-13,Renewal,4000
PAY009133,M04619,B05,P2,2025-07-13,Renewal,1100
PAY000690,M00690,B01,P2,2025-07-13,New,1100
PAY009097,M03631,B04,P3,2025-07-13,Renewal,4000
PAY000692,M00692,B01,P3,2025-07-13,New,4000
PAY003712,M03712,B04,P1,2025-07-13,New,1500
PAY000698,M00698,B01,P1,2025-07-13,New,1500
PAY009068,M01497,B02,P3,2025-07-13,Renewal,4000
PAY002874,M02874,B03,P4,07/13/2025,New,7500
PAY009049,M00226,B01,P1,2025-07-13,Renewal,1500
PAY002875,M02875,B03,P2,07/13/2025,New,1100
PAY009057,M03992,B05,P4,2025-07-13,Renewal,7500
PAY008970,M04145,B05,P3,2025-07-13,Renewal,4000
PAY008972,M04610,B05,P3,2025-07-13,Renewal,4000
PAY008992,M00475,B01,P4,2025-07-13,Renewal,7500
PAY008985,M02520,B03,P3,07/13/2025,Renewal,4000
PAY008941,M03536,B04,P4,2025-07-13,Renewal,7500
PAY008983,M01661,B02,P3,2025-07-13,Renewal,4000
PAY009094,M03525,B04,P4,2025-07-14,Renewal,7500
PAY008962,M00440,B01,P4,2025-07-14,Renewal,7500
PAY008987,M02728,B03,P4,07/14/2025,Renewal,7500
PAY009101,M04617,B05,P1,2025-07-14,Renewal,1500
PAY002884,M02884,B03,P1,07/14/2025,New,1500
PAY009071,M01835,B02,P3,2025-07-14,Renewal,4000
PAY008946,M01474,B02,P2,2025-07-14,Renewal,1100
PAY002889,M02889,B03,P5,07/14/2025,New,13500
PAY008998,M01823,B02,P2,2025-07-14,Renewal,1100
PAY008920,M03704,B04,P1,2025-07-14,Renewal,1500
PAY009042,M03113,B04,P2,2025-07-14,Renewal,1100
PAY004639,M04639,B05,P3,2025-07-14,New,4000
PAY008969,M04013,B05,P2,2025-07-14,Renewal,1100
PAY009080,M04620,B05,P1,2025-07-14,Renewal,1500
PAY009136,M00606,B01,P1,2025-07-14,Renewal,1500
PAY008986,M02624,B03,P3,07/14/2025,Renewal,4000
PAY009154,M01199,B02,P4,2025-07-14,Renewal,7500
PAY002881,M02881,B03,P4,07/14/2025,New,7500
PAY008896,M00083,B01,P5,2025-07-14,Renewal,13500
PAY009088,M01381,B02,P2,2025-07-14,Renewal,1100
PAY009020,M03659,B04,P2,2025-07-14,Renewal,1100
PAY009121,M00328,B01,P3,2025-07-14,Renewal,4000
PAY009066,M00680,B01,P3,2025-07-14,Renewal,4000
PAY009096,M03629,B04,P4,2025-07-15,Renewal,7500
PAY008917,M03503,B04,P3,2025-07-15,Renewal,4000
PAY008966,M01778,B02,P1,2025-07-15,Renewal,1500
PAY009104,M00434,B01,P3,2025-07-15,Renewal,4000
PAY009111,M01841,B02,P3,2025-07-15,Renewal,4000
PAY008978,M00584,B01,P3,2025-07-15,Renewal,4000
PAY009135,M00597,B01,P2,2025-07-15,Renewal,1100
PAY009148,M02720,B03,P1,07/15/2025,Renewal,1500
PAY009170,M01361,B02,P4,2025-07-15,Renewal,7500
PAY009187,M04613,B05,P1,2025-07-15,Renewal,1500
PAY009099,M04299,B05,P3,2025-07-15,Renewal,4000
PAY009109,M01161,B02,P1,2025-07-15,Renewal,1500
PAY009074,M03632,B04,P3,2025-07-15,Renewal,4000
PAY003723,M03723,B04,P1,2025-07-15,New,1500
PAY002878,M02878,B03,P3,07/15/2025,New,4000
PAY009025,M04132,B05,P1,2025-07-15,Renewal,1500
PAY000701,M00701,B01,P4,2025-07-15,New,7500
PAY001945,M01945,B02,P3,2025-07-15,New,4000
PAY009050,M00451,B01,P4,2025-07-15,Renewal,7500
PAY008951,M01705,B02,P3,2025-07-15,Renewal,4000
PAY009004,M02667,B03,P1,07/15/2025,Renewal,1500
PAY009016,M01673,B02,P4,2025-07-15,Renewal,7500
PAY009012,M00498,B01,P1,2025-07-15,Renewal,1500
PAY008925,M00665,B01,P1,2025-07-16,Renewal,1500
PAY009017,M01739,B02,P1,2025-07-16,Renewal,1500
PAY009147,M01928,B02,P1,2025-07-16,Renewal,1500
PAY009144,M01738,B02,P1,2025-07-16,Renewal,1500
PAY008927,M01829,B02,P3,2025-07-16,Renewal,4000
PAY009070,M01632,B02,P1,2025-07-16,Renewal,1500
PAY009092,M03300,B04,P3,2025-07-16,Renewal,4000
PAY009116,M03968,B05,P5,2025-07-16,Renewal,13500
PAY009043,M03231,B04,P1,2025-07-16,Renewal,1500
PAY008952,M02516,B03,P4,07/16/2025,Renewal,7500
PAY008953,M02518,B03,P1,07/16/2025,Renewal,1500
PAY009058,M04558,B05,P3,2025-07-16,Renewal,4000
PAY009061,M00085,B01,P1,2025-07-16,Renewal,1500
PAY009132,M04545,B05,P3,2025-07-16,Renewal,4000
PAY009122,M00567,B01,P2,2025-07-16,Renewal,1100
PAY008977,M00583,B01,P3,2025-07-16,Renewal,4000
PAY000687,M00687,B01,P2,2025-07-16,New,1100
PAY002891,M02891,B03,P4,07/16/2025,New,7500
PAY000693,M00693,B01,P4,2025-07-16,New,7500
PAY001966,M01966,B02,P3,2025-07-16,New,4000
PAY004641,M04641,B05,P5,2025-07-16,New,13500
PAY001958,M01958,B02,P1,2025-07-16,New,1500
PAY008961,M00168,B01,P1,2025-07-17,Renewal,1500
PAY009209,M02765,B03,P2,07/17/2025,Renewal,1100
PAY003714,M03714,B04,P4,2025-07-17,New,7500
PAY009210,M03697,B04,P1,2025-07-17,Renewal,1500
PAY009173,M01663,B02,P4,2025-07-17,Renewal,7500
PAY004647,M04647,B05,P3,2025-07-17,New,4000
PAY009103,M00193,B01,P3,2025-07-17,Renewal,4000
PAY001956,M01956,B02,P3,2025-07-17,New,4000
PAY009075,M03648,B04,P5,2025-07-17,Renewal,13500
PAY008963,M00556,B01,P1,2025-07-17,Renewal,1500
PAY008958,M04338,B05,P1,2025-07-17,Renewal,1500
PAY008980,M01241,B02,P5,2025-07-17,Renewal,13500
PAY008934,M00019,B01,P5,2025-07-17,Renewal,13500
PAY008944,M00586,B01,P1,2025-07-17,Renewal,1500
PAY008984,M02513,B03,P4,07/17/2025,Renewal,7500
PAY009063,M00106,B01,P1,2025-07-17,Renewal,1500
PAY009079,M04611,B05,P3,2025-07-18,Renewal,4000
PAY008957,M03451,B04,P4,2025-07-18,Renewal,7500
PAY009130,M02684,B03,P1,07/18/2025,Renewal,1500
PAY008981,M01536,B02,P1,2025-07-18,Renewal,1500
PAY009006,M02818,B03,P3,07/18/2025,Renewal,4000
PAY009212,M04415,B05,P3,2025-07-18,Renewal,4000
PAY009114,M03147,B04,P3,2025-07-18,Renewal,4000
PAY009102,M00087,B01,P4,2025-07-18,Renewal,7500
PAY009046,M04427,B05,P1,2025-07-18,Renewal,1500
PAY009052,M00472,B01,P3,2025-07-18,Renewal,4000
PAY009056,M02752,B03,P4,07/18/2025,Renewal,7500
PAY009153,M00662,B01,P1,2025-07-18,Renewal,1500
PAY009118,M04430,B05,P4,2025-07-18,Renewal,7500
PAY002873,M02873,B03,P5,07/18/2025,New,13500
PAY001943,M01943,B02,P4,2025-07-18,New,7500
PAY009223,M01493,B02,P3,2025-07-18,Renewal,4000
PAY000697,M00697,B01,P1,2025-07-18,New,1500
PAY001946,M01946,B02,P3,2025-07-18,New,4000
PAY009190,M00578,B01,P3,2025-07-18,Renewal,4000
PAY001967,M01967,B02,P5,2025-07-18,New,13500
PAY009195,M02623,B03,P2,07/18/2025,Renewal,1100
PAY009160,M03319,B04,P3,2025-07-18,Renewal,4000
PAY000708,M00708,B01,P4,2025-07-18,New,7500
PAY001951,M01951,B02,P3,2025-07-19,New,4000
PAY009235,M04375,B05,P1,2025-07-19,Renewal,1500
PAY009125,M00684,B01,P2,2025-07-19,Renewal,1100
PAY009069,M01604,B02,P1,2025-07-19,Renewal,1500
PAY009120,M00239,B01,P5,2025-07-19,Renewal,13500
PAY009117,M03994,B05,P1,2025-07-19,Renewal,1500
PAY009177,M02732,B03,P4,07/19/2025,Renewal,7500
PAY004630,M04630,B05,P4,2025-07-19,New,7500
PAY009090,M01611,B02,P3,2025-07-19,Renewal,4000
PAY003725,M03725,B04,P1,2025-07-19,New,1500
PAY009039,M01870,B02,P1,2025-07-19,Renewal,1500
PAY009105,M00435,B01,P4,2025-07-19,Renewal,7500
PAY009253,M04186,B05,P4,2025-07-19,Renewal,7500
PAY008976,M00551,B01,P5,2025-07-19,Renewal,13500
PAY009202,M00432,B01,P4,2025-07-19,Renewal,7500
PAY009152,M00582,B01,P1,2025-07-19,Renewal,1500
PAY009000,M01910,B02,P2,2025-07-19,Renewal,1100
PAY009003,M02576,B03,P3,07/19/2025,Renewal,4000
PAY009013,M00503,B01,P1,2025-07-19,Renewal,1500
PAY009005,M02681,B03,P4,07/19/2025,Renewal,7500
PAY009035,M01368,B02,P3,2025-07-19,Renewal,4000
PAY009022,M03675,B04,P1,2025-07-19,Renewal,1500
PAY009018,M03336,B04,P4,2025-07-20,Renewal,7500
PAY009188,M00246,B01,P3,2025-07-20,Renewal,4000
PAY009093,M03443,B04,P1,2025-07-20,Renewal,1500
PAY009217,M00096,B01,P3,2025-07-20,Renewal,4000
PAY009083,M00220,B01,P4,2025-07-20,Renewal,7500
PAY009051,M00460,B01,P1,2025-07-20,Renewal,1500
PAY008982,M01659,B02,P4,2025-07-20,Renewal,7500
PAY009254,M04472,B05,P2,2025-07-20,Renewal,1100
PAY009239,M01177,B02,P3,2025-07-20,Renewal,4000
PAY009252,M04082,B05,P4,2025-07-20,Renewal,7500
PAY009062,M00098,B01,P3,2025-07-20,Renewal,4000
PAY009231,M03453,B04,P1,2025-07-20,Renewal,1500
PAY009015,M01269,B02,P2,2025-07-20,Renewal,1100
PAY008988,M03216,B04,P5,2025-07-20,Renewal,13500
PAY009047,M00049,B01,P1,2025-07-20,Renewal,1500
PAY009073,M02655,B03,P1,07/20/2025,Renewal,1500
PAY009179,M02828,B03,P3,07/20/2025,Renewal,4000
PAY009165,M04593,B05,P1,2025-07-20,Renewal,1500
PAY002890,M02890,B03,P1,07/20/2025,New,1500
PAY009128,M01901,B02,P1,2025-07-20,Renewal,1500
PAY009078,M04437,B05,P3,2025-07-21,Renewal,4000
PAY009076,M04133,B05,P4,2025-07-21,Renewal,7500
PAY009287,M03667,B04,P1,2025-07-21,Renewal,1500
PAY001953,M01953,B02,P3,2025-07-21,New,4000
PAY008995,M01354,B02,P5,2025-07-21,Renewal,13500
PAY009106,M00477,B01,P1,2025-07-21,Renewal,1500
PAY009277,M00461,B01,P4,2025-07-21,Renewal,7500
PAY001969,M01969,B02,P1,2025-07-21,New,1500
PAY009001,M01920,B02,P1,2025-07-21,Renewal,1500
PAY009203,M00580,B01,P3,2025-07-21,Renewal,4000
PAY009247,M01927,B02,P1,2025-07-21,Renewal,1500
PAY009041,M02602,B03,P1,07/21/2025,Renewal,1500
PAY009204,M00611,B01,P3,2025-07-21,Renewal,4000
PAY009032,M01176,B02,P1,2025-07-21,Renewal,1500
PAY001954,M01954,B02,P1,2025-07-21,New,1500
PAY009228,M01834,B02,P3,2025-07-21,Renewal,4000
PAY009123,M00659,B01,P1,2025-07-21,Renewal,1500
PAY009141,M01638,B02,P3,2025-07-21,Renewal,4000
PAY009289,M04605,B05,P1,2025-07-21,Renewal,1500
PAY009086,M00645,B01,P2,2025-07-21,Renewal,1100
PAY004640,M04640,B05,P2,2025-07-21,New,1100
PAY004632,M04632,B05,P5,2025-07-21,New,13500
PAY000705,M00705,B01,P1,2025-07-21,New,1500
PAY009197,M03139,B04,P3,2025-07-21,Renewal,4000
PAY009296,M01509,B02,P5,2025-07-22,Renewal,13500
PAY009298,M01633,B02,P2,2025-07-22,Renewal,1100
PAY009098,M03670,B04,P1,2025-07-22,Renewal,1500
PAY009010,M00108,B01,P1,2025-07-22,Renewal,1500
PAY000710,M00710,B01,P5,2025-07-22,New,13500
PAY009166,M00089,B01,P3,2025-07-22,Renewal,4000
PAY009143,M01677,B02,P4,2025-07-22,Renewal,7500
PAY009108,M00609,B01,P1,2025-07-22,Renewal,1500
PAY009299,M01897,B02,P1,2025-07-22,Renewal,1500
PAY009281,M01469,B02,P4,2025-07-22,Renewal,7500
PAY009081,M00029,B01,P1,2025-07-22,Renewal,1500
PAY009191,M01249,B02,P4,2025-07-22,Renewal,7500
PAY001965,M01965,B02,P1,2025-07-22,New,1500
PAY002877,M02877,B03,P1,07/22/2025,New,1500
PAY009127,M01725,B02,P2,2025-07-22,Renewal,1100
PAY001968,M01968,B02,P1,2025-07-22,New,1500
PAY009091,M03155,B04,P1,2025-07-22,Renewal,1500
PAY009065,M00666,B01,P1,2025-07-22,Renewal,1500
PAY009236,M04394,B05,P4,2025-07-22,Renewal,7500
PAY009126,M01156,B02,P4,2025-07-22,Renewal,7500
PAY009283,M01838,B02,P3,2025-07-23,Renewal,4000
PAY000696,M00696,B01,P4,2025-07-23,New,7500
PAY009304,M03661,B04,P1,2025-07-23,Renewal,1500
PAY009146,M01858,B02,P3,2025-07-23,Renewal,4000
PAY009271,M04292,B05,P1,2025-07-23,Renewal,1500
PAY009156,M01855,B02,P2,2025-07-23,Renewal,1100
PAY009314,M01699,B02,P4,2025-07-23,Renewal,7500
PAY009295,M01439,B02,P3,2025-07-23,Renewal,4000
PAY009288,M04414,B05,P4,2025-07-23,Renewal,7500
PAY009151,M00456,B01,P3,2025-07-23,Renewal,4000
PAY009312,M01425,B02,P3,2025-07-23,Renewal,4000
PAY009159,M02868,B03,P1,07/23/2025,Renewal,1500
PAY009178,M02737,B03,P4,07/23/2025,Renewal,7500
PAY003711,M03711,B04,P2,2025-07-23,New,1100
PAY009085,M00564,B01,P4,2025-07-23,Renewal,7500
PAY009224,M01636,B02,P1,2025-07-23,Renewal,1500
PAY009167,M00115,B01,P3,2025-07-23,Renewal,4000
PAY009072,M02625,B03,P4,07/23/2025,Renewal,7500
PAY004633,M04633,B05,P4,2025-07-23,New,7500
PAY001962,M01962,B02,P5,2025-07-23,New,13500
PAY009181,M03348,B04,P4,2025-07-23,Renewal,7500
PAY009138,M01295,B02,P3,2025-07-23,Renewal,4000
PAY009028,M00441,B01,P3,2025-07-23,Renewal,4000
PAY009139,M01551,B02,P4,2025-07-23,Renewal,7500
PAY003726,M03726,B04,P4,2025-07-23,New,7500
PAY009215,M04607,B05,P2,2025-07-23,Renewal,1100
PAY009320,M03542,B04,P4,2025-07-23,Renewal,7500
PAY009030,M00545,B01,P1,2025-07-23,Renewal,1500
PAY009053,M00630,B01,P2,2025-07-23,Renewal,1100
PAY009226,M01660,B02,P3,2025-07-24,Renewal,4000
PAY009261,M01876,B02,P1,2025-07-24,Renewal,1500
PAY009164,M04560,B05,P5,2025-07-24,Renewal,13500
PAY009180,M03226,B04,P3,2025-07-24,Renewal,4000
PAY009303,M03636,B04,P3,2025-07-24,Renewal,4000
PAY009112,M02589,B03,P3,07/24/2025,Renewal,4000
PAY009214,M04582,B05,P1,2025-07-24,Renewal,1500
PAY009336,M01864,B02,P2,2025-07-24,Renewal,1100
PAY004643,M04643,B05,P4,2025-07-24,New,7500
PAY009344,M03682,B04,P2,2025-07-24,Renewal,1100
PAY009313,M01571,B02,P3,2025-07-24,Renewal,4000
PAY001944,M01944,B02,P1,2025-07-24,New,1500
PAY009242,M01675,B02,P3,2025-07-24,Renewal,4000
PAY009131,M02819,B03,P3,07/24/2025,Renewal,4000
PAY003708,M03708,B04,P1,2025-07-24,New,1500
PAY009077,M04221,B05,P2,2025-07-24,Renewal,1100
PAY009145,M01756,B02,P3,2025-07-24,Renewal,4000
PAY009206,M01706,B02,P4,2025-07-24,Renewal,7500
PAY001948,M01948,B02,P5,2025-07-25,New,13500
PAY009317,M01890,B02,P1,2025-07-25,Renewal,1500
PAY003715,M03715,B04,P1,2025-07-25,New,1500
PAY009316,M01868,B02,P1,2025-07-25,Renewal,1500
PAY002879,M02879,B03,P3,07/25/2025,New,4000
PAY009311,M01251,B02,P3,2025-07-25,Renewal,4000
PAY009330,M00650,B01,P2,2025-07-25,Renewal,1100
PAY000685,M00685,B01,P3,2025-07-25,New,4000
PAY009301,M02858,B03,P2,07/25/2025,Renewal,1100
PAY000702,M00702,B01,P1,2025-07-25,New,1500
PAY009196,M02861,B03,P1,07/25/2025,Renewal,1500
PAY009194,M01918,B02,P1,2025-07-25,Renewal,1500
PAY009185,M04418,B05,P3,2025-07-25,Renewal,4000
PAY009169,M01203,B02,P4,2025-07-25,Renewal,7500
PAY009168,M00481,B01,P3,2025-07-25,Renewal,4000
PAY009157,M02619,B03,P1,07/25/2025,Renewal,1500
PAY009150,M04504,B05,P1,2025-07-25,Renewal,1500
PAY009134,M00002,B01,P5,2025-07-25,Renewal,13500
PAY009113,M02647,B03,P5,07/25/2025,Renewal,13500
PAY009110,M01201,B02,P3,2025-07-25,Renewal,4000
PAY009221,M01308,B02,P3,2025-07-25,Renewal,4000
PAY009087,M01165,B02,P1,2025-07-25,Renewal,1500
PAY009227,M01788,B02,P1,2025-07-25,Renewal,1500
PAY009124,M00677,B01,P1,2025-07-25,Renewal,1500
PAY009060,M00017,B01,P3,2025-07-25,Renewal,4000
PAY009300,M02849,B03,P2,07/25/2025,Renewal,1100
PAY009232,M03685,B04,P2,2025-07-25,Renewal,1100
PAY009282,M01485,B02,P3,2025-07-25,Renewal,4000
PAY009183,M03534,B04,P3,2025-07-26,Renewal,4000
PAY002888,M02888,B03,P1,07/26/2025,New,1500
PAY001959,M01959,B02,P4,2025-07-26,New,7500
PAY009140,M01610,B02,P3,2025-07-26,Renewal,4000
PAY009184,M03618,B04,P1,2025-07-26,Renewal,1500
PAY009280,M01466,B02,P2,2025-07-26,Renewal,1100
PAY009189,M00318,B01,P1,2025-07-26,Renewal,1500
PAY009302,M03511,B04,P3,2025-07-26,Renewal,4000
PAY009119,M00004,B01,P3,2025-07-26,Renewal,4000
PAY009255,M00310,B01,P1,2025-07-26,Renewal,1500
PAY009364,M03702,B04,P1,2025-07-26,Renewal,1500
PAY009360,M03195,B04,P4,2025-07-26,Renewal,7500
PAY001950,M01950,B02,P4,2025-07-26,New,7500
PAY009219,M01193,B02,P1,2025-07-26,Renewal,1500
PAY009095,M03543,B04,P3,2025-07-26,Renewal,4000
PAY009174,M01708,B02,P4,2025-07-27,Renewal,7500
PAY001961,M01961,B02,P3,2025-07-27,New,4000
PAY009285,M02742,B03,P2,07/27/2025,Renewal,1100
PAY009176,M02660,B03,,07/27/2025,Renewal,13500
PAY009193,M01695,B02,P3,2025-07-27,Renewal,4000
PAY009171,M01637,B02,P4,2025-07-27,Renewal,7500
PAY009234,M04373,B05,P1,2025-07-27,Renewal,1500
PAY009270,M03646,B04,P3,2025-07-27,Renewal,4000
PAY001970,M01970,B02,P4,2025-07-27,New,7500
PAY009269,M03420,B04,P5,2025-07-27,Renewal,13500
PAY009149,M04419,B05,P4,2025-07-27,Renewal,7500
PAY009142,M01664,B02,P3,2025-07-27,Renewal,4000
PAY002894,M02894,B03,P1,07/27/2025,New,1500
PAY009328,M00203,B01,P1,2025-07-27,Renewal,1500
PAY009129,M02683,B03,P3,07/27/2025,Renewal,4000
PAY009211,M04381,B05,P1,2025-07-27,Renewal,1500
PAY009251,M03633,B04,P3,2025-07-27,Renewal,4000
PAY009216,M00076,B01,P2,2025-07-27,Renewal,1100
PAY009333,M01501,B02,P3,2025-07-27,Renewal,4000
PAY009334,M01674,B02,P4,2025-07-27,Renewal,7500
PAY009272,M04361,B05,P3,2025-07-27,Renewal,4000
PAY009256,M00636,B01,P1,2025-07-27,Renewal,1500
PAY009199,M03550,B04,P1,2025-07-27,Renewal,1500
PAY009267,M02820,B03,P1,07/28/2025,Renewal,1500
PAY009383,M04161,B05,P1,2025-07-28,Renewal,1500
PAY002892,M02892,B03,P3,07/28/2025,New,4000
PAY009237,M00304,B01,P5,2025-07-28,Renewal,13500
PAY009345,M04324,B05,P1,2025-07-28,Renewal,1500
PAY009347,M04445,B05,P1,2025-07-28,Renewal,1500
PAY009162,M04262,B05,P1,2025-07-28,Renewal,1500
PAY004629,M04629,B05,P3,2025-07-28,New,4000
PAY009259,M01681,B02,P4,2025-07-28,Renewal,7500
PAY009155,M01259,B02,P2,2025-07-28,Renewal,1100
PAY009172,M01654,B02,P5,2025-07-28,Renewal,13500
PAY009241,M01437,B02,P1,2025-07-28,Renewal,1500
PAY009279,M01394,B02,P5,2025-07-28,Renewal,13500
PAY009192,M01356,B02,P1,2025-07-28,Renewal,1500
PAY009367,M02634,B03,P5,07/28/2025,Renewal,13500
PAY009361,M03395,B04,P1,2025-07-28,Renewal,1500
PAY009268,M02866,B03,P1,07/28/2025,Renewal,1500
PAY009286,M02869,B03,P1,07/29/2025,Renewal,1500
PAY009294,M01174,B02,P3,2025-07-29,Renewal,4000
PAY009161,M04047,B05,P4,2025-07-29,Renewal,7500
PAY009163,M04439,B05,P3,2025-07-29,Renewal,4000
PAY009273,M04402,B05,P4,2025-07-29,Renewal,7500
PAY009137,M00635,B01,P1,2025-07-29,Renewal,1500
PAY009321,M03658,B04,P2,2025-07-29,Renewal,1100
PAY009388,M00379,B01,P3,2025-07-29,Renewal,4000
PAY001949,M01949,B02,P1,2025-07-29,New,1500
PAY009324,M04534,B05,P2,2025-07-29,Renewal,1100
PAY009175,M02600,B03,P2,07/29/2025,Renewal,1100
PAY000688,M00688,B01,P3,2025-07-29,New,4000
PAY009395,M04080,B05,P3,2025-07-29,Renewal,4000
PAY009373,M00428,B01,P1,2025-07-29,Renewal,1500
PAY009225,M01640,B02,P1,2025-07-29,Renewal,1500
PAY009213,M04523,B05,P3,2025-07-29,Renewal,4000
PAY009369,M04107,B05,P4,2025-07-29,Renewal,7500
PAY009207,M01846,B02,P3,2025-07-30,Renewal,4000
PAY001963,M01963,B02,P5,2025-07-30,New,13500
PAY001964,M01964,B02,P4,2025-07-30,New,7500
PAY009350,M00351,B01,P1,2025-07-30,Renewal,1500
PAY003717,M03717,B04,P2,2025-07-30,New,1100
PAY009356,M01919,B02,P2,2025-07-30,Renewal,1100
PAY001941,M01941,B02,P2,2025-07-30,New,1100
PAY009233,M03698,B04,P1,2025-07-30,Renewal,1500
PAY009265,M02751,B03,P4,07/30/2025,Renewal,7500
PAY009200,M03587,B04,P4,2025-07-30,Renewal,7500
PAY009292,M00552,B01,P2,2025-07-30,Renewal,1100
PAY009158,M02749,B03,P3,07/30/2025,Renewal,4000
PAY009186,M04540,B05,P1,2025-07-30,Renewal,1500
PAY009349,M00281,B01,P2,2025-07-30,Renewal,1100
PAY009182,M03501,B04,P2,2025-07-30,Renewal,1100
PAY009246,M01879,B02,P2,2025-07-30,Renewal,1100
PAY001952,M01952,B02,P1,2025-07-30,New,1500
PAY009332,M01321,B02,P4,2025-07-30,Renewal,7500
PAY009315,M01785,B02,P2,2025-07-30,Renewal,1100
PAY009201,M04288,B05,P3,2025-07-30,Renewal,4000
PAY009238,M00449,B01,P3,2025-07-30,Renewal,4000
PAY009244,M01735,B02,P1,2025-07-31,Renewal,1500
PAY009435,M02631,B03,P3,07/31/2025,Renewal,4000
PAY009293,M00649,B01,P1,2025-07-31,Renewal,1500
PAY009385,M00043,B01,P3,2025-07-31,Renewal,4000
PAY009325,M04568,B05,P1,2025-07-31,Renewal,1500
PAY009327,M00057,B01,P3,2025-07-31,Renewal,4000
PAY009335,M01787,B02,P1,2025-07-31,Renewal,1500
PAY009339,M02643,B03,P2,07/31/2025,Renewal,1100
PAY004628,M04628,B05,P3,2025-07-31,New,4000
PAY004631,M04631,B05,P2,2025-07-31,New,1100
PAY004634,M04634,B05,P5,2025-07-31,New,13500
PAY009368,M03152,B04,P4,2025-07-31,Renewal,7500
PAY009284,M01898,B02,P1,2025-07-31,Renewal,1500
PAY009306,M04383,B05,P4,2025-07-31,Renewal,7500
PAY009250,M03357,B04,P3,2025-07-31,Renewal,4000
PAY009403,M01343,B02,P1,2025-07-31,Renewal,1500
PAY009198,M03494,B04,P3,2025-07-31,Renewal,4000
PAY001960,M01960,B02,P1,2025-07-31,New,1500
PAY009433,M01686,B02,P1,2025-07-31,Renewal,1500
PAY009240,M01184,B02,P4,2025-07-31,Renewal,7500
PAY003705,M03705,B04,P1,2025-07-31,New,1500
PAY009389,M00406,B01,P2,2025-08-01,Renewal,1100
PAY009408,M02583,B03,,08/01/2025,Renewal,7500
PAY002008,M02008,B02,P5,2025-08-01,New,13500
PAY009297,M01596,B02,P4,2025-08-01,Renewal,7500
PAY009387,M00375,B01,P2,2025-08-01,Renewal,1100
PAY009230,M03449,B04,P2,2025-08-01,Renewal,1100
PAY009331,M00674,B01,P1,2025-08-01,Renewal,1500
PAY009370,M00025,B01,P5,2025-08-01,Renewal,13500
PAY003739,M03739,B04,P4,2025-08-01,New,7500
PAY009363,M03508,B04,P4,2025-08-01,Renewal,7500
PAY003745,M03745,B04,P1,2025-08-01,New,1500
PAY009307,M04474,B05,P1,2025-08-01,Renewal,1500
PAY009318,M01937,B02,P1,2025-08-01,Renewal,1500
PAY004663,M04663,B05,P2,2025-08-01,New,1100
PAY009208,M02613,B03,P3,08/01/2025,Renewal,4000
PAY009266,M02814,B03,P1,08/01/2025,Renewal,1500
PAY009243,M01690,B02,P1,2025-08-01,Renewal,1500
PAY009248,M01934,B02,P1,2025-08-01,Renewal,1500
PAY009393,M03597,B04,P1,2025-08-01,Renewal,1500
PAY009376,M01423,B02,P1,2025-08-02,Renewal,1500
PAY009441,M01942,B02,P1,2025-08-02,Renewal,1500
PAY009326,M04587,B05,P1,2025-08-02,Renewal,1500
PAY009375,M00686,B01,P1,2025-08-02,Renewal,1500
PAY009220,M01280,B02,P2,2025-08-02,Renewal,1100
PAY009382,M03980,B05,P1,2025-08-02,Renewal,1500
PAY009426,M03684,B04,P3,2025-08-02,Renewal,4000
PAY009346,M04403,B05,P4,2025-08-02,Renewal,7500
PAY009377,M01479,B02,P2,2025-08-02,Renewal,1100
PAY009218,M00660,B01,P2,2025-08-02,Renewal,1100
PAY000717,M00717,B01,P2,2025-08-02,New,1100
PAY009278,M00587,B01,P2,2025-08-02,Renewal,1100
PAY009264,M02574,B03,P2,08/02/2025,Renewal,1100
PAY009205,M00658,B01,P1,2025-08-02,Renewal,1500
PAY009476,M03680,B04,P2,2025-08-03,Renewal,1100
PAY000723,M00723,B01,P1,2025-08-03,New,1500
PAY009222,M01480,B02,P5,2025-08-03,Renewal,13500
PAY009366,M04359,B05,P4,2025-08-03,Renewal,7500
PAY009460,M03709,B04,P2,2025-08-03,Renewal,1100
PAY009374,M00544,B01,P1,2025-08-03,Renewal,1500
PAY009341,M03233,B04,P3,2025-08-03,Renewal,4000
PAY009245,M01860,B02,P2,2025-08-03,Renewal,1100
PAY009229,M01902,B02,P2,2025-08-03,Renewal,1100
PAY009455,M01492,B02,P2,2025-08-03,Renewal,1100
PAY009355,M01843,B02,P1,2025-08-03,Renewal,1500
PAY009452,M00209,B01,P1,2025-08-03,Renewal,1500
PAY009451,M00147,B01,P3,2025-08-03,Renewal,4000
PAY009428,M04577,B05,P3,2025-08-03,Renewal,4000
PAY009249,M03334,B04,P3,2025-08-03,Renewal,4000
PAY009275,M00263,B01,P3,2025-08-03,Renewal,4000
PAY009406,M01465,B02,P4,2025-08-03,Renewal,7500
PAY002005,M02005,B02,P1,2025-08-03,New,1500
PAY009384,M04435,B05,P3,2025-08-03,Renewal,4000
PAY009258,M01409,B02,P2,2025-08-03,Renewal,1100
PAY009260,M01683,B02,P3,2025-08-03,Renewal,4000
PAY009329,M00479,B01,P4,2025-08-03,Renewal,7500
PAY009429,M00197,B01,P3,2025-08-03,Renewal,4000
PAY009323,M04533,B05,P2,2025-08-04,Renewal,1100
PAY009484,M01666,B02,P1,2025-08-04,Renewal,1500
PAY009358,M02845,B03,P1,08/04/2025,Renewal,1500
PAY009480,M00176,B01,P3,2025-08-04,Renewal,4000
PAY009471,M01911,B02,P2,2025-08-04,Renewal,1100
PAY009291,M00474,B01,P3,2025-08-04,Renewal,4000
PAY002009,M02009,B02,P3,2025-08-04,New,4000
PAY000722,M00722,B01,P4,2025-08-04,New,7500
PAY009348,M00217,B01,P1,2025-08-04,Renewal,1500
PAY009463,M04514,B05,P1,2025-08-04,Renewal,1500
PAY009439,M01684,B02,P1,2025-08-05,Renewal,1500
PAY009502,M02626,B03,P3,08/05/2025,Renewal,4000
PAY009422,M03475,B04,P1,2025-08-05,Renewal,1500
PAY002908,M02908,B03,P1,08/05/2025,New,1500
PAY009357,M02741,B03,P3,08/05/2025,Renewal,4000
PAY002898,M02898,B03,P3,08/05/2025,New,4000
PAY009401,M00706,B01,P1,2025-08-05,Renewal,1500
PAY001985,M01985,B02,P3,2025-08-05,New,4000
PAY009378,M02864,B03,,08/05/2025,Renewal,1500
PAY001999,M01999,B02,P1,2025-08-05,New,1500
PAY009431,M00378,B01,P1,2025-08-05,Renewal,1500
PAY009407,M01882,B02,P1,2025-08-05,Renewal,1500
PAY009440,M01935,B02,P1,2025-08-05,Renewal,1500
PAY009381,M03716,B04,P1,2025-08-05,Renewal,1500
PAY009337,M01932,B02,P1,2025-08-05,Renewal,1500
PAY009319,M03278,B04,P3,2025-08-05,Renewal,4000
PAY009305,M03985,B05,P3,2025-08-05,Renewal,4000
PAY009274,M04583,B05,P4,2025-08-05,Renewal,7500
PAY009263,M02515,B03,P1,08/05/2025,Renewal,1500
PAY009262,M01881,B02,P1,2025-08-05,Renewal,1500
PAY009257,M00673,B01,P1,2025-08-05,Renewal,1500
PAY003728,M03728,B04,P3,2025-08-05,New,4000
PAY003727,M03727,B04,P3,2025-08-05,New,4000
PAY009322,M04521,B05,P3,2025-08-05,Renewal,4000
PAY009309,M00593,B01,P3,2025-08-06,Renewal,4000
PAY009290,M04618,B05,P3,2025-08-06,Renewal,4000
PAY009276,M00427,B01,P1,2025-08-06,Renewal,1500
PAY009398,M00338,B01,P1,2025-08-06,Renewal,1500
PAY009411,M03644,B04,P2,2025-08-06,Renewal,1100
PAY009414,M04486,B05,P1,2025-08-06,Renewal,1500
PAY009492,M00178,B01,P1,2025-08-06,Renewal,1500
PAY009427,M04036,B05,P3,2025-08-06,Renewal,4000
PAY009438,M00110,B01,P3,2025-08-06,Renewal,4000
PAY009483,M01534,B02,P3,2025-08-06,Renewal,4000
PAY009449,M04512,B05,P3,2025-08-06,Renewal,4000
PAY009454,M01191,B02,P3,2025-08-06,Renewal,4000
PAY000718,M00718,B01,P4,2025-08-06,New,7500
PAY009465,M00644,B01,P3,2025-08-06,Renewal,4000
PAY009467,M01378,B02,P3,2025-08-06,Renewal,4000
PAY009472,M02760,B03,P3,08/06/2025,Renewal,4000
PAY001980,M01980,B02,P1,2025-08-06,New,1500
PAY009509,M01773,B02,P5,2025-08-06,Renewal,13500
PAY000715,M00715,B01,P2,2025-08-06,New,1100
PAY009520,M01432,B02,P1,2025-08-07,Renewal,1500
PAY009409,M02777,B03,P4,08/07/2025,Renewal,7500
PAY009404,M01348,B02,P1,2025-08-07,Renewal,1500
PAY009464,M04602,B05,P2,2025-08-07,Renewal,1100
PAY009461,M04017,B05,P3,2025-08-07,Renewal,4000
PAY004664,M04664,B05,P1,2025-08-07,New,1500
PAY009340,M02803,B03,P3,08/07/2025,Renewal,4000
PAY009342,M03641,B04,P3,2025-08-07,Renewal,4000
PAY009343,M03642,B04,P1,2025-08-07,Renewal,1500
PAY001986,M01986,B02,P5,2025-08-07,New,13500
PAY002911,M02911,B03,P3,08/07/2025,New,4000
PAY001992,M01992,B02,P2,2025-08-07,New,1100
PAY009419,M01620,B02,P3,2025-08-07,Renewal,4000
PAY009504,M03578,B04,P3,2025-08-07,Renewal,4000
PAY002003,M02003,B02,P1,2025-08-07,New,1500
PAY009473,M02795,B03,P2,08/08/2025,Renewal,1100
PAY009477,M03724,B04,P1,2025-08-08,Renewal,1500
PAY001982,M01982,B02,P5,2025-08-08,New,13500
PAY000721,M00721,B01,P1,2025-08-08,New,1500
PAY009534,M03560,B04,P4,2025-08-08,Renewal,7500
PAY001975,M01975,B02,P5,2025-08-08,New,13500
PAY002004,M02004,B02,P4,2025-08-08,New,7500
PAY009402,M01231,B02,P1,2025-08-08,Renewal,1500
PAY009397,M00326,B01,P1,2025-08-08,Renewal,1500
PAY009445,M03281,B04,P3,2025-08-08,Renewal,4000
PAY009351,M00569,B01,P1,2025-08-08,Renewal,1500
PAY001976,M01976,B02,P3,2025-08-08,New,4000
PAY009513,M02758,B03,P4,08/08/2025,Renewal,7500
PAY009365,M04043,B05,P1,2025-08-08,Renewal,1500
PAY009420,M01849,B02,P2,2025-08-08,Renewal,1100
PAY009516,M04100,B05,P1,2025-08-08,Renewal,1500
PAY009354,M01513,B02,P1,2025-08-08,Renewal,1500
PAY009353,M01358,B02,P3,2025-08-08,Renewal,4000
PAY002897,M02897,B03,P3,08/08/2025,New,4000
PAY009415,M04646,B05,P2,2025-08-08,Renewal,1100
PAY009308,M00160,B01,P3,2025-08-08,Renewal,4000
PAY009386,M00273,B01,P3,2025-08-08,Renewal,4000
PAY009310,M00594,B01,P3,2025-08-08,Renewal,4000
PAY009359,M03181,B04,P3,2025-08-08,Renewal,4000
PAY009362,M03414,B04,P1,2025-08-09,Renewal,1500
PAY009390,M00642,B01,P3,2025-08-09,Renewal,4000
PAY001984,M01984,B02,P1,2025-08-09,New,1500
PAY009338,M01933,B02,P1,2025-08-09,Renewal,1500
PAY009372,M00162,B01,P3,2025-08-09,Renewal,4000
PAY009548,M03120,B04,P3,2025-08-09,Renewal,4000
PAY009371,M00161,B01,P3,2025-08-09,Renewal,4000
PAY004648,M04648,B05,P3,2025-08-09,New,4000
PAY009379,M03518,B04,P3,2025-08-09,Renewal,4000
PAY009444,M03123,B04,P4,2025-08-09,Renewal,7500
PAY009443,M02746,B03,P1,08/09/2025,Renewal,1500
PAY009396,M04117,B05,P3,2025-08-09,Renewal,4000
PAY009432,M01635,B02,P3,2025-08-09,Renewal,4000
PAY009400,M00621,B01,P1,2025-08-09,Renewal,1500
PAY009501,M01912,B02,P1,2025-08-09,Renewal,1500
PAY009434,M01947,B02,P4,2025-08-09,Renewal,7500
PAY009470,M01528,B02,P3,2025-08-09,Renewal,4000
PAY009510,M01792,B02,P1,2025-08-09,Renewal,1500
PAY009391,M01322,B02,P1,2025-08-10,Renewal,1500
PAY004666,M04666,B05,P1,2025-08-10,New,1500
PAY009527,M00364,B01,P4,2025-08-10,Renewal,7500
PAY009352,M00596,B01,P3,2025-08-10,Renewal,4000
PAY009536,M04596,B05,P3,2025-08-10,Renewal,4000
PAY009453,M00268,B01,P3,2025-08-10,Renewal,4000
PAY009486,M01972,B02,P1,2025-08-10,Renewal,1500
PAY004667,M04667,B05,P3,2025-08-10,New,4000
PAY003734,M03734,B04,P3,2025-08-10,New,4000
PAY009507,M01258,B02,P1,2025-08-10,Renewal,1500
PAY004668,M04668,B05,P5,2025-08-10,New,13500
PAY000724,M00724,B01,P1,2025-08-10,New,1500
PAY009533,M03164,B04,P3,2025-08-10,Renewal,4000
PAY009538,M00137,B01,P3,2025-08-11,Renewal,4000
PAY009478,M04286,B05,P2,2025-08-11,Renewal,1100
PAY009413,M04398,B05,P3,2025-08-11,Renewal,4000
PAY009497,M00634,B01,P1,2025-08-11,Renewal,1500
PAY009556,M01282,B02,P4,2025-08-11,Renewal,7500
PAY009561,M04132,B05,P1,2025-08-11,Renewal,1500
PAY009562,M04613,B05,P1,2025-08-11,Renewal,1500
PAY000733,M00733,B01,P2,2025-08-11,New,1100
PAY009418,M01397,B02,P4,2025-08-11,Renewal,7500
PAY009399,M00530,B01,P2,2025-08-11,Renewal,1100
PAY009437,M02805,B03,P2,08/11/2025,Renewal,1100
PAY009490,M04645,B05,P2,2025-08-11,Renewal,1100
PAY009425,M03679,B04,P3,2025-08-11,Renewal,4000
PAY009380,M03672,B04,P1,2025-08-11,Renewal,1500
PAY009488,M03266,B04,P3,2025-08-11,Renewal,4000
PAY009416,M00501,B01,P4,2025-08-11,Renewal,7500
PAY009392,M01741,B02,P4,2025-08-11,Renewal,7500
PAY009394,M03978,B05,P1,2025-08-11,Renewal,1500
PAY009447,M03394,B04,P3,2025-08-12,Renewal,4000
PAY004649,M04649,B05,P3,2025-08-12,New,4000
PAY009469,M01427,B02,P2,2025-08-12,Renewal,1100
PAY009493,M00292,B01,P2,2025-08-12,Renewal,1100
PAY004661,M04661,B05,P1,2025-08-12,New,1500
PAY009552,M00154,B01,P1,2025-08-12,Renewal,1500
PAY009458,M01768,B02,P4,2025-08-12,Renewal,7500
PAY009466,M00691,B01,P1,2025-08-12,Renewal,1500
PAY009450,M00037,B01,P1,2025-08-12,Renewal,1500
PAY000730,M00730,B01,P1,2025-08-12,New,1500
PAY009571,M03580,B04,P4,2025-08-12,Renewal,7500
PAY009459,M02497,B03,P3,08/12/2025,Renewal,4000
PAY001996,M01996,B02,P3,2025-08-12,New,4000
PAY009456,M01629,B02,P2,2025-08-12,Renewal,1100
PAY009421,M02770,B03,P4,08/13/2025,Renewal,7500
PAY009543,M01627,B02,P4,2025-08-13,Renewal,7500
PAY009442,M02603,B03,P3,08/13/2025,Renewal,4000
PAY002909,M02909,B03,P3,08/13/2025,New,4000
PAY009424,M03628,B04,P1,2025-08-13,Renewal,1500
PAY003740,M03740,B04,P4,2025-08-13,New,7500
PAY001991,M01991,B02,P1,2025-08-13,New,1500
PAY009494,M00458,B01,P2,2025-08-13,Renewal,1100
PAY009448,M04431,B05,P3,2025-08-13,Renewal,4000
PAY004650,M04650,B05,P4,2025-08-13,New,7500
PAY000716,M00716,B01,P2,2025-08-13,New,1100
PAY009499,M01298,B02,P2,2025-08-13,Renewal,1100
PAY000711,M00711,B01,P3,2025-08-13,New,4000
PAY001990,M01990,B02,P1,2025-08-13,New,1500
PAY009511,M02517,B03,P3,08/13/2025,Renewal,4000
PAY001987,M01987,B02,P4,2025-08-13,New,7500
PAY009518,M00327,B01,P5,2025-08-13,Renewal,13500
PAY009575,M00106,B01,P1,2025-08-13,Renewal,1500
PAY009479,M04627,B05,P1,2025-08-14,Renewal,1500
PAY000712,M00712,B01,P1,2025-08-14,New,1500
PAY009515,M03522,B04,P3,2025-08-14,Renewal,4000
PAY000728,M00728,B01,P1,2025-08-14,New,1500
PAY009405,M01463,B02,P3,2025-08-14,Renewal,4000
PAY001978,M01978,B02,P4,2025-08-14,New,7500
PAY009589,M00697,B01,P3,2025-08-14,Renewal,4000
PAY009446,M03290,B04,P3,2025-08-14,Renewal,4000
PAY001988,M01988,B02,P3,2025-08-14,New,4000
PAY009558,M02720,B03,P1,08/14/2025,Renewal,1500
PAY009423,M03488,B04,P2,2025-08-14,Renewal,1100
PAY009410,M03322,B04,P1,2025-08-14,Renewal,1500
PAY009412,M03998,B05,P1,2025-08-14,Renewal,1500
PAY009519,M00356,B01,P3,2025-08-14,Renewal,4000
PAY009481,M00560,B01,P1,2025-08-14,Renewal,1500
PAY009462,M04448,B05,P4,2025-08-15,Renewal,7500
PAY009522,M01854,B02,P1,2025-08-15,Renewal,1500
PAY000737,M00737,B01,P1,2025-08-15,New,1500
PAY009565,M01632,B02,P1,2025-08-15,Renewal,1500
PAY009607,M03346,B04,P3,2025-08-15,Renewal,4000
PAY003729,M03729,B04,P1,2025-08-15,New,1500
PAY003733,M03733,B04,P1,2025-08-15,New,1500
PAY002902,M02902,B03,P3,08/15/2025,New,4000
PAY000736,M00736,B01,P1,2025-08-15,New,1500
PAY009584,M00367,B01,P3,2025-08-15,Renewal,4000
PAY009569,M03352,B04,P4,2025-08-15,Renewal,7500
PAY009417,M00699,B01,P2,2025-08-15,Renewal,1100
PAY009523,M01938,B02,P1,2025-08-15,Renewal,1500
PAY009430,M00320,B01,P4,2025-08-15,Renewal,7500
PAY004652,M04652,B05,P1,2025-08-15,New,1500
PAY002896,M02896,B03,P1,08/15/2025,New,1500
PAY009517,M04164,B05,P1,2025-08-16,Renewal,1500
PAY001981,M01981,B02,P3,2025-08-16,New,4000
PAY003750,M03750,B04,P4,2025-08-16,New,7500
PAY009574,M00048,B01,P3,2025-08-16,Renewal,4000
PAY009579,M01542,B02,P4,2025-08-16,Renewal,7500
PAY009468,M01391,B02,P2,2025-08-16,Renewal,1100
PAY009436,M02701,B03,P3,08/16/2025,Renewal,4000
PAY009457,M01650,B02,P1,2025-08-16,Renewal,1500
PAY001998,M01998,B02,P4,2025-08-16,New,7500
PAY009611,M00114,B01,P3,2025-08-16,Renewal,4000
PAY009588,M00662,B01,P4,2025-08-16,Renewal,7500
PAY002006,M02006,B02,P4,2025-08-16,New,7500
PAY009555,M00638,B01,P3,2025-08-16,Renewal,4000
PAY002901,M02901,B03,P3,08/16/2025,New,4000
PAY002895,M02895,B03,P4,08/16/2025,New,7500
PAY001989,M01989,B02,P4,2025-08-16,New,7500
PAY001993,M01993,B02,P1,2025-08-16,New,1500
PAY009521,M01525,B02,P1,2025-08-17,Renewal,1500
PAY009489,M03677,B04,P3,2025-08-17,Renewal,4000
PAY009539,M00343,B01,P3,2025-08-17,Renewal,4000
PAY009525,M00226,B01,P1,2025-08-17,Renewal,1500
PAY009474,M03258,B04,P1,2025-08-17,Renewal,1500
PAY001995,M01995,B02,P3,2025-08-17,New,4000
PAY009610,M00049,B01,P1,2025-08-17,Renewal,1500
PAY009475,M03283,B04,P2,2025-08-17,Renewal,1100
PAY003736,M03736,B04,P5,2025-08-17,New,13500
PAY009551,M04013,B05,P2,2025-08-17,Renewal,1100
PAY009619,M00426,B01,P3,2025-08-17,Renewal,4000
PAY000734,M00734,B01,P5,2025-08-17,New,13500
PAY003744,M03744,B04,P3,2025-08-17,New,4000
PAY001979,M01979,B02,P1,2025-08-17,New,1500
PAY009638,M00298,B01,P3,2025-08-18,Renewal,4000
PAY009608,M03434,B04,P3,2025-08-18,Renewal,4000
PAY009651,M04595,B05,P3,2025-08-18,Renewal,4000
PAY009585,M00411,B01,P3,2025-08-18,Renewal,4000
PAY009563,M00085,B01,P1,2025-08-18,Renewal,1500
PAY002013,M02013,B02,P2,2025-08-18,New,1100
PAY009600,M04440,B05,P4,2025-08-18,Renewal,7500
PAY009482,M01418,B02,P3,2025-08-18,Renewal,4000
PAY009577,M00556,B01,P1,2025-08-18,Renewal,1500
PAY009547,M03113,B04,P2,2025-08-18,Renewal,1100
PAY009545,M02842,B03,P3,08/18/2025,Renewal,4000
PAY003741,M03741,B04,P3,2025-08-18,New,4000
PAY009526,M00242,B01,P3,2025-08-18,Renewal,4000
PAY003742,M03742,B04,P5,2025-08-18,New,13500
PAY009549,M03183,B04,P4,2025-08-18,Renewal,7500
PAY009491,M00171,B01,P1,2025-08-18,Renewal,1500
PAY002903,M02903,B03,P3,08/19/2025,New,4000
PAY009606,M01910,B02,P2,2025-08-19,Renewal,1100
PAY009597,M03571,B04,P3,2025-08-19,Renewal,4000
PAY009586,M00509,B01,P4,2025-08-19,Renewal,7500
PAY003735,M03735,B04,P1,2025-08-19,New,1500
PAY009605,M01899,B02,P3,2025-08-19,Renewal,4000
PAY009500,M01307,B02,P3,2025-08-19,Renewal,4000
PAY009531,M01336,B02,P2,2025-08-19,Renewal,1100
PAY009568,M03231,B04,P1,2025-08-19,Renewal,1500
PAY009503,M03388,B04,P1,2025-08-19,Renewal,1500
PAY009557,M01616,B02,P3,2025-08-19,Renewal,4000
PAY009628,M01920,B02,P4,2025-08-19,Renewal,7500
PAY009637,M00029,B01,P1,2025-08-19,Renewal,1500
PAY009487,M01973,B02,P1,2025-08-19,Renewal,1500
PAY009541,M01341,B02,P4,2025-08-19,Renewal,7500
PAY009644,M01965,B02,P1,2025-08-19,Renewal,1500
PAY009540,M00606,B01,P1,2025-08-20,Renewal,1500
PAY009641,M00666,B01,P1,2025-08-20,Renewal,1500
PAY009683,M00159,B01,P4,2025-08-20,Renewal,7500
PAY009648,M03383,B04,P1,2025-08-20,Renewal,1500
PAY009654,M00402,B01,P3,2025-08-20,Renewal,4000
PAY009530,M01326,B02,P2,2025-08-20,Renewal,1100
PAY009595,M03276,B04,P3,2025-08-20,Renewal,4000
PAY009524,M04341,B05,P3,2025-08-20,Renewal,4000
PAY009698,M03484,B04,P3,2025-08-20,Renewal,4000
PAY002900,M02900,B03,P4,08/20/2025,New,7500
PAY000719,M00719,B01,P1,2025-08-20,New,1500
PAY004656,M04656,B05,P1,2025-08-20,New,1500
PAY001983,M01983,B02,P2,2025-08-20,New,1100
PAY009485,M01746,B02,P1,2025-08-20,Renewal,1500
PAY009495,M00493,B01,P3,2025-08-20,Renewal,4000
PAY009496,M00623,B01,P2,2025-08-20,Renewal,1100
PAY002001,M02001,B02,P1,2025-08-20,New,1500
PAY009506,M00397,B01,P4,2025-08-20,Renewal,7500
PAY009498,M00669,B01,P2,2025-08-20,Renewal,1100
PAY009535,M03712,B04,P1,2025-08-21,Renewal,1500
PAY009564,M00665,B01,P1,2025-08-21,Renewal,1500
PAY009623,M00705,B01,P1,2025-08-21,Renewal,1500
PAY000732,M00732,B01,P1,2025-08-21,New,1500
PAY002010,M02010,B02,P3,2025-08-21,New,4000
PAY003746,M03746,B04,P3,2025-08-21,New,4000
PAY009632,M02602,B03,P1,08/21/2025,Renewal,1500
PAY009554,M00597,B01,P2,2025-08-21,Renewal,1100
PAY000727,M00727,B01,P1,2025-08-21,New,1500
PAY009696,M02858,B03,P2,08/21/2025,Renewal,1100
PAY009642,M01561,B02,P5,2025-08-21,Renewal,13500
PAY004659,M04659,B05,P3,2025-08-21,New,4000
PAY009661,M01855,B02,P2,2025-08-21,Renewal,1100
PAY009656,M00545,B01,P1,2025-08-21,Renewal,1500
PAY009546,M02884,B03,P1,08/21/2025,Renewal,1500
PAY009567,M02632,B03,,08/21/2025,Renewal,7500
PAY009692,M01890,B02,P1,2025-08-21,Renewal,1500
PAY009664,M02868,B03,P1,08/21/2025,Renewal,1500
PAY004665,M04665,B05,P3,2025-08-21,New,4000
PAY009678,M03399,B04,P3,2025-08-21,Renewal,4000
PAY009508,M01642,B02,P1,2025-08-21,Renewal,1500
PAY009592,M01765,B02,P3,2025-08-21,Renewal,4000
PAY009537,M00067,B01,P3,2025-08-21,Renewal,4000
PAY009650,M03670,B04,P1,2025-08-21,Renewal,1500
PAY009593,M02623,B03,P2,08/22/2025,Renewal,1100
PAY009587,M00516,B01,P5,2025-08-22,Renewal,13500
PAY009647,M03335,B04,P3,2025-08-22,Renewal,4000
PAY003732,M03732,B04,P4,2025-08-22,New,7500
PAY009629,M01927,B02,P1,2025-08-22,Renewal,1500
PAY009576,M00168,B01,P1,2025-08-22,Renewal,1500
PAY009660,M01737,B02,P3,2025-08-22,Renewal,4000
PAY009669,M04292,B05,P5,2025-08-22,Renewal,13500
PAY009727,M03555,B04,P4,2025-08-22,Renewal,7500
PAY009685,M00677,B01,P1,2025-08-22,Renewal,1500
PAY009691,M01868,B02,P1,2025-08-22,Renewal,1500
PAY009703,M04576,B05,P3,2025-08-22,Renewal,4000
PAY004654,M04654,B05,P1,2025-08-22,New,1500
PAY002904,M02904,B03,P5,08/22/2025,New,13500
PAY009514,M03122,B04,P2,2025-08-22,Renewal,1100
PAY001994,M01994,B02,P1,2025-08-22,New,1500
PAY009512,M02598,B03,P1,08/22/2025,Renewal,1500
PAY009528,M00690,B01,P2,2025-08-22,Renewal,1100
PAY009550,M03704,B04,P1,2025-08-22,Renewal,1500
PAY009505,M00196,B01,P3,2025-08-22,Renewal,4000
PAY009612,M00460,B01,P1,2025-08-23,Renewal,1500
PAY009672,M00307,B01,P3,2025-08-23,Renewal,4000
PAY009657,M00630,B01,P2,2025-08-23,Renewal,1100
PAY009700,M03685,B04,P2,2025-08-23,Renewal,1100
PAY001977,M01977,B02,P3,2025-08-23,New,4000
PAY009670,M04607,B05,P2,2025-08-23,Renewal,1100
PAY009532,M02875,B03,P2,08/23/2025,Renewal,1100
PAY009529,M00698,B01,P1,2025-08-23,Renewal,1500
PAY009710,M01193,B02,P1,2025-08-23,Renewal,1500
PAY009636,M04605,B05,P1,2025-08-23,Renewal,1500
PAY009695,M02849,B03,P1,08/23/2025,Renewal,1500
PAY009560,M04019,B05,P3,2025-08-23,Renewal,4000
PAY009572,M04134,B05,P5,2025-08-23,Renewal,13500
PAY009542,M01381,B02,P2,2025-08-23,Renewal,1100
PAY009645,M01968,B02,P1,2025-08-24,Renewal,1500
PAY009553,M00498,B01,P1,2025-08-24,Renewal,1500
PAY009566,M01958,B02,P1,2025-08-24,Renewal,1500
PAY009737,M02866,B03,P1,08/24/2025,Renewal,1500
PAY009662,M01892,B02,P3,2025-08-24,Renewal,4000
PAY009633,M04246,B05,P3,2025-08-24,Renewal,4000
PAY001974,M01974,B02,P4,2025-08-24,New,7500
PAY003738,M03738,B04,P3,2025-08-24,New,4000
PAY009559,M03176,B04,P3,2025-08-24,Renewal,4000
PAY009609,M03994,B05,P2,2025-08-24,Renewal,1100
PAY009723,M02601,B03,P3,08/24/2025,Renewal,4000
PAY009722,M01883,B02,P3,2025-08-24,Renewal,4000
PAY004651,M04651,B05,P2,2025-08-24,New,1100
PAY009581,M02765,B03,P2,08/24/2025,Renewal,1100
PAY002906,M02906,B03,P3,08/24/2025,New,4000
PAY009601,M00582,B01,P1,2025-08-24,Renewal,1500
PAY002002,M02002,B02,P1,2025-08-25,New,1500
PAY009615,M02655,B03,P3,08/25/2025,Renewal,4000
PAY009616,M03124,B04,P5,2025-08-25,Renewal,13500
PAY009760,M01941,B02,P2,2025-08-25,Renewal,1100
PAY009573,M04586,B05,P4,2025-08-25,Renewal,7500
PAY009544,M01900,B02,P3,2025-08-25,Renewal,4000
PAY009639,M00609,B01,P5,2025-08-25,Renewal,13500
PAY009649,M03577,B04,P3,2025-08-25,Renewal,4000
PAY009671,M00227,B01,P3,2025-08-25,Renewal,4000
PAY009731,M04594,B05,P3,2025-08-25,Renewal,4000
PAY009679,M03708,B04,P1,2025-08-25,Renewal,1500
PAY009706,M00253,B01,P4,2025-08-25,Renewal,7500
PAY002905,M02905,B03,P1,08/25/2025,New,1500
PAY009627,M01510,B02,P3,2025-08-25,Renewal,4000
PAY003730,M03730,B04,P2,2025-08-25,New,1100
PAY009631,M01969,B02,P1,2025-08-26,Renewal,1500
PAY009614,M01886,B02,P3,2025-08-26,Renewal,4000
PAY009754,M00281,B01,P2,2025-08-26,Renewal,1100
PAY009702,M04504,B05,P3,2025-08-26,Renewal,4000
PAY009758,M01617,B02,P3,2025-08-26,Renewal,4000
PAY009602,M00622,B01,P3,2025-08-26,Renewal,4000
PAY002011,M02011,B02,P5,2025-08-26,New,13500
PAY004660,M04660,B05,P5,2025-08-26,New,13500
PAY009570,M03574,B04,P4,2025-08-26,Renewal,7500
PAY009777,M02699,B03,P3,08/26/2025,Renewal,4000
PAY009596,M03556,B04,P4,2025-08-26,Renewal,7500
PAY004655,M04655,B05,P2,2025-08-26,New,1100
PAY009745,M00428,B01,P1,2025-08-26,Renewal,1500
PAY009749,M02771,B03,P3,08/26/2025,Renewal,4000
PAY002000,M02000,B02,P1,2025-08-26,New,1500
PAY009747,M01609,B02,P3,2025-08-27,Renewal,4000
PAY009735,M02671,B03,P3,08/27/2025,Renewal,4000
PAY002910,M02910,B03,P1,08/27/2025,New,1500
PAY004657,M04657,B05,P3,2025-08-27,New,4000
PAY009729,M04373,B05,P1,2025-08-27,Renewal,1500
PAY009625,M01210,B02,P3,2025-08-27,Renewal,4000
PAY000731,M00731,B01,P2,2025-08-27,New,1100
PAY009746,M00635,B01,P1,2025-08-27,Renewal,1500
PAY002012,M02012,B02,P4,2025-08-27,New,7500
PAY000729,M00729,B01,P2,2025-08-27,New,1100
PAY009744,M00208,B01,P3,2025-08-27,Renewal,4000
PAY009598,M03573,B04,P3,2025-08-27,Renewal,4000
PAY009771,M01343,B02,P1,2025-08-27,Renewal,1500
PAY009603,M00684,B01,P1,2025-08-27,Renewal,1500
PAY009764,M04114,B05,P3,2025-08-27,Renewal,4000
PAY009759,M01919,B02,P2,2025-08-27,Renewal,1100
PAY009617,M03443,B04,P1,2025-08-27,Renewal,1500
PAY009761,M02755,B03,P3,08/27/2025,Renewal,4000
PAY009590,M01159,B02,P3,2025-08-27,Renewal,4000
PAY009582,M03697,B04,P1,2025-08-27,Renewal,1500
PAY009583,M04338,B05,P1,2025-08-27,Renewal,1500
PAY004653,M04653,B05,P3,2025-08-27,New,4000
PAY009634,M04441,B05,P4,2025-08-27,Renewal,7500
PAY009740,M04161,B05,P1,2025-08-28,Renewal,1500
PAY009802,M03699,B04,P3,2025-08-28,Renewal,4000
PAY009801,M01942,B02,P1,2025-08-28,Renewal,1500
PAY009687,M01165,B02,P1,2025-08-28,Renewal,1500
PAY000713,M00713,B01,P5,2025-08-28,New,13500
PAY009591,M01559,B02,P4,2025-08-28,Renewal,7500
PAY002899,M02899,B03,P3,08/28/2025,New,4000
PAY009800,M01820,B02,P4,2025-08-28,Renewal,7500
PAY003748,M03748,B04,P2,2025-08-28,New,1100
PAY009753,M04534,B05,P2,2025-08-28,Renewal,1100
PAY009697,M02861,B03,P1,08/28/2025,Renewal,1500
PAY009578,M00586,B01,P1,2025-08-28,Renewal,1500
PAY009580,M01597,B02,P4,2025-08-28,Renewal,7500
PAY009658,M01413,B02,P4,2025-08-28,Renewal,7500
PAY009618,M00259,B01,P5,2025-08-28,Renewal,13500
PAY009599,M04427,B05,P3,2025-08-28,Renewal,4000
PAY009711,M01297,B02,P4,2025-08-28,Renewal,7500
PAY000714,M00714,B01,P5,2025-08-28,New,13500
PAY009693,M02691,B03,P5,08/28/2025,Renewal,13500
PAY002007,M02007,B02,P1,2025-08-28,New,1500
PAY001997,M01997,B02,P2,2025-08-28,New,1100
PAY009630,M01954,B02,P1,2025-08-28,Renewal,1500
PAY000735,M00735,B01,P1,2025-08-28,New,1500
PAY009655,M00519,B01,P4,2025-08-29,Renewal,7500
PAY009666,M03711,B04,P2,2025-08-29,Renewal,1100
PAY009594,M02684,B03,P1,08/29/2025,Renewal,1500
PAY009813,M02005,B02,P1,2025-08-29,Renewal,1500
PAY009668,M04289,B05,P3,2025-08-29,Renewal,4000
PAY009646,M02877,B03,P1,08/29/2025,Renewal,1500
PAY000726,M00726,B01,P3,2025-08-29,New,4000
PAY009756,M00552,B01,P2,2025-08-29,Renewal,1100
PAY003737,M03737,B04,P3,2025-08-29,New,4000
PAY009635,M04566,B05,P3,2025-08-29,Renewal,4000
PAY009613,M01269,B02,P2,2025-08-29,Renewal,1100
PAY009712,M01521,B02,P4,2025-08-29,Renewal,7500
PAY009781,M01573,B02,P3,2025-08-29,Renewal,4000
PAY009624,M01176,B02,P1,2025-08-29,Renewal,1500
PAY003743,M03743,B04,P2,2025-08-29,New,1100
PAY009677,M03208,B04,P3,2025-08-30,Renewal,4000
PAY009674,M01864,B02,P2,2025-08-30,Renewal,1100
PAY009808,M01548,B02,P5,2025-08-30,Renewal,13500
PAY009716,M02888,B03,P1,08/30/2025,Renewal,1500
PAY009689,M01758,B02,P3,2025-08-30,Renewal,4000
PAY009817,M01405,B02,P3,2025-08-30,Renewal,4000
PAY002907,M02907,B03,P3,08/30/2025,New,4000
PAY009752,M04097,B05,P1,2025-08-30,Renewal,1500
PAY009653,M00296,B01,P3,2025-08-30,Renewal,4000
PAY009665,M03661,B04,P3,2025-08-30,Renewal,4000
PAY003731,M03731,B04,P1,2025-08-30,New,1500
PAY009769,M00649,B01,P1,2025-08-30,Renewal,1500
PAY009622,M00659,B01,P1,2025-08-30,Renewal,1500
PAY004658,M04658,B05,P3,2025-08-30,New,4000
PAY009783,M01937,B02,P3,2025-08-30,Renewal,4000
PAY000725,M00725,B01,P3,2025-08-30,New,4000
PAY009742,M04324,B05,P1,2025-08-30,Renewal,1500
PAY009640,M00639,B01,P3,2025-08-30,Renewal,4000
PAY009604,M01870,B02,P1,2025-08-30,Renewal,1500
PAY009775,M01960,B02,P1,2025-08-30,Renewal,1500
PAY009806,M00383,B01,P1,2025-08-30,Renewal,1500
PAY009659,M01636,B02,P1,2025-08-30,Renewal,1500
PAY009795,M00686,B01,P5,2025-08-31,Renewal,13500
PAY003747,M03747,B04,P5,2025-08-31,New,13500
PAY003749,M03749,B04,P4,2025-08-31,New,7500
PAY009620,M00477,B01,P1,2025-08-31,Renewal,1500
PAY009766,M04540,B05,P5,2025-08-31,Renewal,13500
PAY004662,M04662,B05,P3,2025-08-31,New,4000
PAY009774,M01898,B02,P1,2025-08-31,Renewal,1500
PAY009667,M04028,B05,P5,2025-08-31,Renewal,13500
PAY009785,M02793,B03,P4,08/31/2025,Renewal,7500
PAY009643,M01897,B02,P1,2025-08-31,Renewal,1500
PAY009776,M02643,B03,P2,08/31/2025,Renewal,1100
PAY000720,M00720,B01,P1,2025-08-31,New,1500
PAY009773,M01735,B02,P1,2025-08-31,Renewal,1500
PAY009663,M01896,B02,P3,2025-08-31,Renewal,4000
PAY009621,M00645,B01,P2,2025-08-31,Renewal,1100
PAY009701,M03715,B04,P1,2025-09-01,Renewal,1500
PAY009707,M00310,B01,P1,2025-09-01,Renewal,1500
PAY002925,M02925,B03,P1,09/01/2025,New,1500
PAY002919,M02919,B03,,09/01/2025,New,13500
PAY009730,M04381,B05,P1,2025-09-01,Renewal,1500
PAY009719,M00076,B01,P2,2025-09-01,Renewal,1100
PAY009787,M03597,B04,P1,2025-09-01,Renewal,1500
PAY009720,M00203,B01,P1,2025-09-01,Renewal,1500
PAY009849,M04494,B05,P4,2025-09-01,Renewal,7500
PAY009782,M01690,B02,P1,2025-09-01,Renewal,1500
PAY009736,M02841,B03,P3,09/01/2025,Renewal,4000
PAY009750,M02869,B03,P1,09/01/2025,Renewal,1500
PAY009715,M02690,B03,P5,09/01/2025,Renewal,13500
PAY009797,M01280,B02,P3,2025-09-01,Renewal,4000
PAY009763,M03501,B04,P2,2025-09-01,Renewal,1100
PAY002017,M02017,B02,P1,2025-09-01,New,1500
PAY009681,M04447,B05,P3,2025-09-01,Renewal,4000
PAY009675,M01876,B02,P1,2025-09-01,Renewal,1500
PAY009684,M00650,B01,P2,2025-09-01,Renewal,1100
PAY009673,M01732,B02,P3,2025-09-01,Renewal,4000
PAY009626,M01392,B02,P3,2025-09-01,Renewal,4000
PAY002027,M02027,B02,P3,2025-09-01,New,4000
PAY009688,M01399,B02,P4,2025-09-01,Renewal,7500
PAY002023,M02023,B02,P1,2025-09-01,New,1500
PAY003769,M03769,B04,P1,2025-09-01,New,1500
PAY002039,M02039,B02,P5,2025-09-01,New,13500
PAY004685,M04685,B05,P3,2025-09-01,New,4000
PAY009743,M04445,B05,P1,2025-09-02,Renewal,1500
PAY009699,M03564,B04,P4,2025-09-02,Renewal,7500
PAY003755,M03755,B04,P4,2025-09-02,New,7500
PAY002041,M02041,B02,P1,2025-09-02,New,1500
PAY003765,M03765,B04,P5,2025-09-02,New,13500
PAY009832,M01999,B02,P1,2025-09-02,Renewal,1500
PAY009767,M00236,B01,P3,2025-09-02,Renewal,4000
PAY000741,M00741,B01,P1,2025-09-02,New,1500
PAY009694,M02766,B03,P4,09/03/2025,Renewal,7500
PAY009838,M03475,B04,P1,2025-09-03,Renewal,1500
PAY009682,M04582,B05,P1,2025-09-03,Renewal,1500
PAY009840,M03716,B04,P1,2025-09-03,Renewal,1500
PAY000748,M00748,B01,P3,2025-09-03,New,4000
PAY009652,M00070,B01,P3,2025-09-03,Renewal,4000
PAY004694,M04694,B05,P1,2025-09-03,New,1500
PAY009852,M01348,B02,P1,2025-09-03,Renewal,1500
PAY009780,M01526,B02,P3,2025-09-03,Renewal,4000
PAY009690,M01788,B02,P1,2025-09-03,Renewal,1500
PAY003762,M03762,B04,P3,2025-09-03,New,4000
PAY009856,M02870,B03,P3,09/03/2025,Renewal,4000
PAY009708,M00318,B01,P1,2025-09-03,Renewal,1500
PAY004688,M04688,B05,P1,2025-09-03,New,1500
PAY009739,M03395,B04,P4,2025-09-03,Renewal,7500
PAY009718,M04553,B05,P3,2025-09-03,Renewal,4000
PAY000764,M00764,B01,P4,2025-09-03,New,7500
PAY003766,M03766,B04,P5,2025-09-03,New,13500
PAY009834,M02704,B03,P3,09/03/2025,Renewal,4000
PAY009717,M03618,B04,P1,2025-09-03,Renewal,1500
PAY002927,M02927,B03,P2,09/03/2025,New,1100
PAY009796,M00717,B01,P1,2025-09-04,Renewal,1500
PAY009799,M01479,B02,P2,2025-09-04,Renewal,1100
PAY000754,M00754,B01,P2,2025-09-04,New,1100
PAY000745,M00745,B01,P3,2025-09-04,New,4000
PAY009751,M03678,B04,P3,2025-09-04,Renewal,4000
PAY009732,M00274,B01,P3,2025-09-04,Renewal,4000
PAY004672,M04672,B05,P4,2025-09-04,New,7500
PAY009676,M02773,B03,P4,09/04/2025,Renewal,7500
PAY009680,M04221,B05,P2,2025-09-04,Renewal,1100
PAY004693,M04693,B05,P4,2025-09-04,New,7500
PAY009757,M01204,B02,P3,2025-09-04,Renewal,4000
PAY002917,M02917,B03,P1,09/04/2025,New,1500
PAY009741,M04262,B05,P1,2025-09-04,Renewal,1500
PAY009846,M03644,B04,P2,2025-09-04,Renewal,1100
PAY009860,M04602,B05,P2,2025-09-04,Renewal,1100
PAY009713,M01880,B02,P3,2025-09-04,Renewal,4000
PAY009714,M02680,B03,P3,09/04/2025,Renewal,4000
PAY009841,M04311,B05,P3,2025-09-04,Renewal,4000
PAY009814,M03709,B04,P2,2025-09-05,Renewal,1100
PAY009734,M01356,B02,P1,2025-09-05,Renewal,1500
PAY003759,M03759,B04,P1,2025-09-05,New,1500
PAY009853,M01762,B02,P4,2025-09-05,Renewal,7500
PAY009686,M00702,B01,P1,2025-09-05,Renewal,1500
PAY009792,M00525,B01,P3,2025-09-05,Renewal,4000
PAY009705,M00061,B01,P4,2025-09-05,Renewal,7500
PAY003751,M03751,B04,P5,2025-09-05,New,13500
PAY009721,M00505,B01,P3,2025-09-05,Renewal,4000
PAY002024,M02024,B02,P2,2025-09-05,New,1100
PAY004698,M04698,B05,P3,2025-09-05,New,4000
PAY009891,M01258,B02,P3,2025-09-05,Renewal,4000
PAY009893,M01380,B02,P4,2025-09-05,Renewal,7500
PAY002914,M02914,B03,P5,09/05/2025,New,13500
PAY009805,M00209,B01,P1,2025-09-05,Renewal,1500
PAY009704,M04588,B05,P3,2025-09-05,Renewal,4000
PAY009895,M01564,B02,P3,2025-09-06,Renewal,4000
PAY002928,M02928,B03,P1,09/06/2025,New,1500
PAY009878,M01503,B02,P3,2025-09-06,Renewal,4000
PAY009831,M01905,B02,P3,2025-09-06,Renewal,4000
PAY002922,M02922,B03,P1,09/06/2025,New,1500
PAY009726,M03211,B04,P5,2025-09-06,Renewal,13500
PAY009903,M00020,B01,P1,2025-09-06,Renewal,1500
PAY002019,M02019,B02,P2,2025-09-06,New,1100
PAY009898,M03596,B04,P4,2025-09-06,Renewal,7500
PAY004697,M04697,B05,P2,2025-09-06,New,1100
PAY009709,M00489,B01,P3,2025-09-06,Renewal,4000
PAY009872,M04043,B05,P4,2025-09-06,Renewal,7500
PAY000757,M00757,B01,P4,2025-09-06,New,7500
PAY009848,M04162,B05,P2,2025-09-06,Renewal,1100
PAY002916,M02916,B03,P3,09/06/2025,New,4000
PAY009894,M01482,B02,P3,2025-09-06,Renewal,4000
PAY009812,M01902,B02,P2,2025-09-06,Renewal,1100
PAY009811,M01860,B02,P2,2025-09-06,Renewal,1100
PAY009883,M01984,B02,P1,2025-09-06,Renewal,1500
PAY009845,M01980,B02,P1,2025-09-06,Renewal,1500
PAY000742,M00742,B01,P1,2025-09-06,New,1500
PAY009733,M01259,B02,P2,2025-09-06,Renewal,1100
PAY009725,M02894,B03,,09/06/2025,Renewal,1500
PAY004702,M04702,B05,P4,2025-09-07,New,7500
PAY004696,M04696,B05,P4,2025-09-07,New,7500
PAY002026,M02026,B02,P3,2025-09-07,New,4000
PAY002034,M02034,B02,P1,2025-09-07,New,1500
PAY009724,M02695,B03,P4,09/07/2025,Renewal,7500
PAY009896,M01972,B02,P1,2025-09-07,Renewal,1500
PAY002038,M02038,B02,P5,2025-09-07,New,13500
PAY004683,M04683,B05,P3,2025-09-07,New,4000
PAY009902,M04666,B05,P1,2025-09-07,Renewal,1500
PAY009748,M02654,B03,P3,09/07/2025,Renewal,4000
PAY004700,M04700,B05,P2,2025-09-07,New,1100
PAY009728,M04060,B05,P3,2025-09-07,Renewal,4000
PAY009920,M01621,B02,P3,2025-09-07,Renewal,4000
PAY009815,M04058,B05,P4,2025-09-07,Renewal,7500
PAY009794,M00660,B01,P2,2025-09-07,Renewal,1100
PAY009784,M02726,B03,P3,09/07/2025,Renewal,4000
PAY009786,M02814,B03,P1,09/08/2025,Renewal,1500
PAY009830,M01882,B02,P1,2025-09-08,Renewal,1500
PAY009819,M01666,B02,P1,2025-09-08,Renewal,1500
PAY009738,M03116,B04,P3,2025-09-08,Renewal,4000
PAY009798,M01423,B02,P1,2025-09-08,Renewal,1500
PAY004687,M04687,B05,P3,2025-09-08,New,4000
PAY009897,M02675,B03,P3,09/08/2025,Renewal,4000
PAY009790,M00229,B01,P3,2025-09-08,Renewal,4000
PAY002028,M02028,B02,P1,2025-09-08,New,1500
PAY009768,M00485,B01,P3,2025-09-08,Renewal,4000
PAY009828,M01822,B02,P3,2025-09-08,Renewal,4000
PAY009823,M04514,B05,P3,2025-09-08,Renewal,4000
PAY009875,M00621,B01,P1,2025-09-09,Renewal,1500
PAY000751,M00751,B01,P1,2025-09-09,New,1500
PAY009829,M01881,B02,P1,2025-09-09,Renewal,1500
PAY009803,M03980,B05,P1,2025-09-09,Renewal,1500
PAY002923,M02923,B03,P4,09/09/2025,New,7500
PAY009944,M00712,B01,P1,2025-09-09,Renewal,1500
PAY009859,M04510,B05,P4,2025-09-09,Renewal,7500
PAY009936,M03161,B04,P5,2025-09-09,Renewal,13500
PAY009925,M04382,B05,P3,2025-09-09,Renewal,4000
PAY009850,M00174,B01,P5,2025-09-09,Renewal,13500
PAY009779,M04631,B05,P2,2025-09-09,Renewal,1100
PAY002050,M02050,B02,P2,2025-09-09,New,1100
PAY009762,M03429,B04,P3,2025-09-09,Renewal,4000
PAY009888,M00661,B01,P3,2025-09-09,Renewal,4000
PAY009879,M01527,B02,P3,2025-09-10,Renewal,4000
PAY009765,M04190,B05,P3,2025-09-10,Renewal,4000
PAY002920,M02920,B03,P1,09/10/2025,New,1500
PAY009755,M00351,B01,P1,2025-09-10,Renewal,1500
PAY002918,M02918,B03,P3,09/10/2025,New,4000
PAY009861,M00326,B01,P1,2025-09-10,Renewal,1500
PAY002014,M02014,B02,P4,2025-09-10,New,7500
PAY009836,M02908,B03,P1,09/10/2025,Renewal,1500
PAY009921,M01629,B02,P2,2025-09-10,Renewal,1100
PAY009842,M00338,B01,P1,2025-09-10,Renewal,1500
PAY009968,M03700,B04,P3,2025-09-10,Renewal,4000
PAY009886,M03414,B04,P1,2025-09-10,Renewal,1500
PAY004690,M04690,B05,P2,2025-09-10,New,1100
PAY009791,M00257,B01,P3,2025-09-10,Renewal,4000
PAY009789,M04474,B05,P1,2025-09-10,Renewal,1500
PAY009788,M03745,B04,P1,2025-09-10,Renewal,1500
PAY009847,M03689,B04,P3,2025-09-10,Renewal,4000
PAY009970,M04609,B05,P3,2025-09-10,Renewal,4000
PAY003764,M03764,B04,P1,2025-09-10,New,1500
PAY009866,M01513,B02,P1,2025-09-10,Renewal,1500
PAY003756,M03756,B04,P1,2025-09-10,New,1500
PAY009827,M01496,B02,P3,2025-09-11,Renewal,4000
PAY000738,M00738,B01,P2,2025-09-11,New,1100
PAY009822,M04454,B05,P3,2025-09-11,Renewal,4000
PAY009772,M01686,B02,P3,2025-09-11,Renewal,4000
PAY009964,M01632,B02,P1,2025-09-11,Renewal,1500
PAY009965,M01938,B02,P1,2025-09-11,Renewal,1500
PAY009778,M03705,B04,P1,2025-09-11,Renewal,1500
PAY002053,M02053,B02,P3,2025-09-11,New,4000
PAY009857,M03314,B04,P3,2025-09-11,Renewal,4000
PAY000749,M00749,B01,P5,2025-09-11,New,13500
PAY000773,M00773,B01,P3,2025-09-11,New,4000
PAY009793,M00587,B01,P2,2025-09-11,Renewal,1100
PAY009770,M01316,B02,P5,2025-09-11,Renewal,13500
PAY000774,M00774,B01,P3,2025-09-12,New,4000
PAY000752,M00752,B01,P3,2025-09-12,New,4000
PAY000746,M00746,B01,P4,2025-09-12,New,7500
PAY009809,M01624,B02,P3,2025-09-12,Renewal,4000
PAY002924,M02924,B03,P5,09/12/2025,New,13500
PAY009816,M01163,B02,P3,2025-09-12,Renewal,4000
PAY009959,M00531,B01,P4,2025-09-12,Renewal,7500
PAY009818,M01440,B02,P4,2025-09-12,Renewal,7500
PAY009824,M04533,B05,P2,2025-09-12,Renewal,1100
PAY009955,M03688,B04,P3,2025-09-12,Renewal,4000
PAY009843,M00361,B01,P4,2025-09-12,Renewal,7500
PAY009941,M00018,B01,P4,2025-09-12,Renewal,7500
PAY009938,M03988,B05,P1,2025-09-12,Renewal,1500
PAY009807,M01492,B02,P1,2025-09-12,Renewal,1500
PAY009927,M00106,B01,P4,2025-09-12,Renewal,7500
PAY009887,M00262,B01,P3,2025-09-12,Renewal,4000
PAY009922,M01799,B02,P4,2025-09-12,Renewal,7500
PAY009899,M03608,B04,P4,2025-09-12,Renewal,7500
PAY009904,M00530,B01,P2,2025-09-12,Renewal,1100
PAY009916,M00037,B01,P1,2025-09-12,Renewal,1500
PAY009870,M02872,B03,P3,09/13/2025,Renewal,4000
PAY009810,M01811,B02,P1,2025-09-13,Renewal,1500
PAY009948,M02587,B03,P3,09/13/2025,Renewal,4000
PAY009851,M00657,B01,P3,2025-09-13,Renewal,4000
PAY009918,M00691,B01,P1,2025-09-13,Renewal,1500
PAY009825,M00706,B01,P1,2025-09-13,Renewal,1500
PAY009821,M04348,B05,P3,2025-09-13,Renewal,4000
PAY009981,M04164,B05,P1,2025-09-13,Renewal,1500
PAY009874,M00362,B01,P3,2025-09-13,Renewal,4000
PAY009837,M03435,B04,P5,2025-09-13,Renewal,13500
PAY000765,M00765,B01,P1,2025-09-13,New,1500
PAY002033,M02033,B02,P1,2025-09-13,New,1500
PAY000762,M00762,B01,P2,2025-09-13,New,1100
PAY009961,M00555,B01,P2,2025-09-13,Renewal,1100
PAY002926,M02926,B03,P4,09/13/2025,New,7500
PAY009804,M04587,B05,P1,2025-09-13,Renewal,1500
PAY000739,M00739,B01,P1,2025-09-14,New,1500
PAY009979,M01993,B02,P1,2025-09-14,Renewal,1500
PAY004695,M04695,B05,P4,2025-09-14,New,7500
PAY009988,M01525,B02,P1,2025-09-14,Renewal,1500
PAY002043,M02043,B02,P4,2025-09-14,New,7500
PAY009929,M00429,B01,P5,2025-09-14,Renewal,13500
PAY009930,M00458,B01,P2,2025-09-14,Renewal,1100
PAY009876,M00682,B01,P3,2025-09-14,Renewal,4000
PAY009989,M01805,B02,P3,2025-09-14,Renewal,4000
PAY009993,M03261,B04,P3,2025-09-14,Renewal,4000
PAY002047,M02047,B02,P1,2025-09-14,New,1500
PAY000755,M00755,B01,P4,2025-09-14,New,7500
PAY009854,M01992,B02,P2,2025-09-14,Renewal,1100
PAY002029,M02029,B02,P2,2025-09-14,New,1100
PAY009960,M00549,B01,P3,2025-09-14,Renewal,4000
PAY009820,M04059,B05,P3,2025-09-14,Renewal,4000
PAY009994,M03366,B04,P4,2025-09-14,Renewal,7500
PAY009855,M02003,B02,P1,2025-09-14,Renewal,1500
PAY009952,M03277,B04,P3,2025-09-14,Renewal,4000
PAY002048,M02048,B02,P5,2025-09-14,New,13500
PAY002021,M02021,B02,P2,2025-09-15,New,1100
PAY002049,M02049,B02,P1,2025-09-15,New,1500
PAY000760,M00760,B01,P5,2025-09-15,New,13500
PAY009978,M01795,B02,P4,2025-09-15,Renewal,7500
PAY010025,M01254,B02,P3,2025-09-15,Renewal,4000
PAY009839,M03603,B04,P3,2025-09-15,Renewal,4000
PAY009862,M00565,B01,P4,2025-09-15,Renewal,7500
PAY010011,M00029,B01,P1,2025-09-15,Renewal,1500
PAY009942,M00359,B01,P4,2025-09-15,Renewal,7500
PAY009844,M01395,B02,P4,2025-09-15,Renewal,7500
PAY009913,M04286,B05,P2,2025-09-15,Renewal,1100
PAY002046,M02046,B02,P3,2025-09-15,New,4000
PAY010029,M01819,B02,P1,2025-09-15,Renewal,1500
PAY002912,M02912,B03,P1,09/15/2025,New,1500
PAY010017,M03735,B04,P1,2025-09-15,Renewal,1500
PAY002022,M02022,B02,P3,2025-09-15,New,4000
PAY009923,M04147,B05,P5,2025-09-16,Renewal,13500
PAY009974,M00554,B01,P2,2025-09-16,Renewal,1100
PAY009917,M00292,B01,P2,2025-09-16,Renewal,1100
PAY009945,M01215,B02,P4,2025-09-16,Renewal,7500
PAY009914,M04477,B05,P4,2025-09-16,Renewal,7500
PAY009963,M00737,B01,P1,2025-09-16,Renewal,1500
PAY009919,M01487,B02,P1,2025-09-16,Renewal,1500
PAY009901,M04466,B05,P3,2025-09-16,Renewal,4000
PAY009835,M02864,B03,P1,09/16/2025,Renewal,1500
PAY000769,M00769,B01,P5,2025-09-16,New,13500
PAY009880,M01792,B02,P1,2025-09-16,Renewal,1500
PAY009873,M04100,B05,P1,2025-09-16,Renewal,1500
PAY003753,M03753,B04,P3,2025-09-16,New,4000
PAY009909,M02788,B03,P3,09/16/2025,Renewal,4000
PAY009905,M00548,B01,P4,2025-09-16,Renewal,7500
PAY002036,M02036,B02,P3,2025-09-16,New,4000
PAY010044,M01373,B02,P3,2025-09-16,Renewal,4000
PAY009833,M02515,B03,P1,09/16/2025,Renewal,1500
PAY009889,M00668,B01,P3,2025-09-16,Renewal,4000
PAY009826,M01219,B02,P4,2025-09-16,Renewal,7500
PAY004681,M04681,B05,P1,2025-09-16,New,1500
PAY009865,M01363,B02,P4,2025-09-17,Renewal,7500
PAY009956,M04039,B05,P4,2025-09-17,Renewal,7500
PAY009954,M03488,B04,P2,2025-09-17,Renewal,1100
PAY009863,M00569,B01,P1,2025-09-17,Renewal,1500
PAY010003,M01519,B02,P5,2025-09-17,Renewal,13500
PAY010002,M01486,B02,P3,2025-09-17,Renewal,4000
PAY010018,M04218,B05,P4,2025-09-17,Renewal,7500
PAY009908,M00733,B01,P2,2025-09-17,Renewal,1100
PAY010023,M00719,B01,P1,2025-09-17,Renewal,1500
PAY009881,M01912,B02,P1,2025-09-17,Renewal,1500
PAY009998,M00372,B01,P1,2025-09-17,Renewal,1500
PAY009884,M02496,B03,P4,09/17/2025,Renewal,7500
PAY000767,M00767,B01,P2,2025-09-17,New,1100
PAY009885,M02521,B03,P5,09/17/2025,Renewal,13500
PAY000766,M00766,B01,P2,2025-09-17,New,1100
PAY004686,M04686,B05,P1,2025-09-17,New,1500
PAY009984,M00049,B01,P1,2025-09-17,Renewal,1500
PAY002045,M02045,B02,P1,2025-09-17,New,1500
PAY009931,M01298,B02,P2,2025-09-17,Renewal,1100
PAY002054,M02054,B02,P3,2025-09-18,New,4000
PAY002052,M02052,B02,P3,2025-09-18,New,4000
PAY004679,M04679,B05,P1,2025-09-18,New,1500
PAY009971,M00042,B01,P3,2025-09-18,Renewal,4000
PAY010077,M04488,B05,P3,2025-09-18,Renewal,4000
PAY010037,M04656,B05,P1,2025-09-18,Renewal,1500
PAY010005,M02801,B03,P3,09/18/2025,Renewal,4000
PAY009912,M04132,B05,P1,2025-09-18,Renewal,1500
PAY009924,M04267,B05,P3,2025-09-18,Renewal,4000
PAY009858,M03372,B04,P5,2025-09-18,Renewal,13500
PAY003767,M03767,B04,P4,2025-09-18,New,7500
PAY009877,M01402,B02,P5,2025-09-18,Renewal,13500
PAY004674,M04674,B05,P2,2025-09-18,New,1100
PAY009915,M04645,B05,P2,2025-09-18,Renewal,1100
PAY009871,M03724,B04,P1,2025-09-18,Renewal,1500
PAY009869,M02865,B03,P3,09/18/2025,Renewal,4000
PAY003768,M03768,B04,P2,2025-09-18,New,1100
PAY009867,M01800,B02,P3,2025-09-18,Renewal,4000
PAY009943,M00560,B01,P1,2025-09-18,Renewal,1500
PAY010009,M04270,B05,P3,2025-09-18,Renewal,4000
PAY010062,M02598,B03,P1,09/19/2025,Renewal,1500
PAY009986,M00536,B01,P4,2025-09-19,Renewal,7500
PAY004675,M04675,B05,P1,2025-09-19,New,1500
PAY010080,M00284,B01,P3,2025-09-19,Renewal,4000
PAY009996,M00171,B01,P1,2025-09-19,Renewal,1500
PAY010034,M03383,B04,P3,2025-09-19,Renewal,4000
PAY010035,M03693,B04,P3,2025-09-19,Renewal,4000
PAY010020,M00252,B01,P1,2025-09-19,Renewal,1500
PAY010038,M00001,B01,P5,2025-09-19,Renewal,13500
PAY010019,M04487,B05,P2,2025-09-19,Renewal,1100
PAY010060,M01927,B02,P1,2025-09-19,Renewal,1500
PAY009983,M04518,B05,P4,2025-09-19,Renewal,7500
PAY010076,M03685,B04,P2,2025-09-19,Renewal,1100
PAY009980,M03401,B04,P3,2025-09-19,Renewal,4000
PAY009864,M01342,B02,P4,2025-09-19,Renewal,7500
PAY002913,M02913,B03,P2,09/19/2025,New,1100
PAY009868,M01849,B02,P2,2025-09-19,Renewal,1100
PAY009882,M01933,B02,P1,2025-09-19,Renewal,1500
PAY009950,M02720,B03,P4,09/19/2025,Renewal,7500
PAY009934,M02494,B03,P3,09/19/2025,Renewal,4000
PAY009973,M00369,B01,P4,2025-09-19,Renewal,7500
PAY009910,M02805,B03,P2,09/19/2025,Renewal,1100
PAY009911,M03672,B04,P1,2025-09-19,Renewal,1500
PAY002051,M02051,B02,P2,2025-09-20,New,1100
PAY009892,M01313,B02,P1,2025-09-20,Renewal,1500
PAY009890,M00724,B01,P1,2025-09-20,Renewal,1500
PAY004678,M04678,B05,P3,2025-09-20,New,4000
PAY009906,M00634,B01,P1,2025-09-20,Renewal,1500
PAY009928,M00139,B01,P3,2025-09-20,Renewal,4000
PAY002040,M02040,B02,P1,2025-09-20,New,1500
PAY009900,M04306,B05,P3,2025-09-20,Renewal,4000
PAY004670,M04670,B05,P5,2025-09-20,New,13500
PAY009990,M01923,B02,P3,2025-09-20,Renewal,4000
PAY010072,M01381,B02,P2,2025-09-20,Renewal,1100
PAY002930,M02930,B03,P1,09/20/2025,New,1500
PAY010058,M00690,B01,P2,2025-09-20,Renewal,1100
PAY010016,M03388,B04,P1,2025-09-20,Renewal,1500
PAY010086,M00667,B01,P4,2025-09-20,Renewal,7500
PAY010054,M04473,B05,P4,2025-09-20,Renewal,7500
PAY010082,M00498,B01,P1,2025-09-21,Renewal,1500
PAY010091,M02765,B03,P3,09/21/2025,Renewal,4000
PAY010110,M00428,B01,P1,2025-09-21,Renewal,1500
PAY010063,M02623,B03,P2,09/21/2025,Renewal,1100
PAY009907,M00679,B01,P3,2025-09-21,Renewal,4000
PAY010041,M00727,B01,P1,2025-09-21,Renewal,1500
PAY010073,M02663,B03,P3,09/21/2025,Renewal,4000
PAY010078,M04607,B05,P2,2025-09-21,Renewal,1100
PAY010024,M01244,B02,P4,2025-09-21,Renewal,7500
PAY000750,M00750,B01,P5,2025-09-21,New,13500
PAY009975,M01391,B02,P2,2025-09-21,Renewal,1100
PAY009966,M02491,B03,P4,09/21/2025,Renewal,7500
PAY009957,M04599,B05,P3,2025-09-21,Renewal,4000
PAY009991,M01979,B02,P1,2025-09-21,Renewal,1500
PAY009951,M02804,B03,P4,09/21/2025,Renewal,7500
PAY004676,M04676,B05,P3,2025-09-21,New,4000
PAY010008,M04159,B05,P4,2025-09-21,Renewal,7500
PAY009949,M02716,B03,P3,09/21/2025,Renewal,4000
PAY009987,M01446,B02,P2,2025-09-22,Renewal,1100
PAY004684,M04684,B05,P3,2025-09-22,New,4000
PAY002035,M02035,B02,P2,2025-09-22,New,1100
PAY009953,M03306,B04,P4,2025-09-22,Renewal,7500
PAY010089,M01958,B02,P1,2025-09-22,Renewal,1500
PAY010004,M02013,B02,P2,2025-09-22,Renewal,1100
PAY009995,M00085,B01,P1,2025-09-22,Renewal,1500
PAY010051,M03403,B04,P5,2025-09-22,Renewal,13500
PAY000747,M00747,B01,P1,2025-09-22,New,1500
PAY010052,M03670,B04,P1,2025-09-22,Renewal,1500
PAY009947,M01294,B02,P3,2025-09-22,Renewal,4000
PAY009926,M04661,B05,P1,2025-09-22,Renewal,1500
PAY010010,M04272,B05,P3,2025-09-22,Renewal,4000
PAY009937,M03628,B04,P1,2025-09-22,Renewal,1500
PAY010132,M03228,B04,P3,2025-09-23,Renewal,4000
PAY002020,M02020,B02,P1,2025-09-23,New,1500
PAY009939,M04279,B05,P3,2025-09-23,Renewal,4000
PAY010014,M01965,B02,P1,2025-09-23,Renewal,1500
PAY010106,M02905,B03,P1,09/23/2025,Renewal,1500
PAY010099,M00120,B01,P3,2025-09-23,Renewal,4000
PAY010071,M01193,B02,P1,2025-09-23,Renewal,1500
PAY010042,M00732,B01,P1,2025-09-23,Renewal,1500
PAY002915,M02915,B03,P1,09/23/2025,New,1500
PAY009933,M01990,B02,P1,2025-09-23,Renewal,1500
PAY000756,M00756,B01,P1,2025-09-23,New,1500
PAY009932,M01704,B02,P3,2025-09-23,Renewal,4000
PAY004677,M04677,B05,P5,2025-09-23,New,13500
PAY009946,M01229,B02,P4,2025-09-23,Renewal,7500
PAY004699,M04699,B05,P3,2025-09-23,New,4000
PAY010028,M01807,B02,P1,2025-09-23,Renewal,1500
PAY010055,M00150,B01,P3,2025-09-23,Renewal,4000
PAY010147,M04342,B05,P4,2025-09-23,Renewal,7500
PAY009972,M00282,B01,P5,2025-09-24,Renewal,13500
PAY009976,M01406,B02,P2,2025-09-24,Renewal,1100
PAY009967,M02896,B03,P1,09/24/2025,Renewal,1500
PAY010092,M02866,B03,P1,09/24/2025,Renewal,1500
PAY009997,M00317,B01,P4,2025-09-24,Renewal,7500
PAY010048,M02858,B03,P2,09/24/2025,Renewal,1100
PAY009969,M04601,B05,P3,2025-09-24,Renewal,4000
PAY009992,M03258,B04,P1,2025-09-24,Renewal,1500
PAY009940,M04479,B05,P3,2025-09-24,Renewal,4000
PAY002018,M02018,B02,P3,2025-09-24,New,4000
PAY010156,M01269,B02,P2,2025-09-24,Renewal,1100
PAY010032,M02001,B02,P1,2025-09-24,Renewal,1500
PAY009999,M00553,B01,P3,2025-09-24,Renewal,4000
PAY003757,M03757,B04,P5,2025-09-24,New,13500
PAY010113,M00655,B01,P3,2025-09-24,Renewal,4000
PAY010036,M04232,B05,P4,2025-09-24,Renewal,7500
PAY000740,M00740,B01,P5,2025-09-24,New,13500
PAY009935,M02502,B03,P4,09/24/2025,Renewal,7500
PAY009958,M04627,B05,P1,2025-09-24,Renewal,1500
PAY009985,M00226,B01,P1,2025-09-24,Renewal,1500
PAY010061,M01994,B02,P1,2025-09-25,Renewal,1500
PAY010021,M00606,B01,P1,2025-09-25,Renewal,1500
PAY010059,M01553,B02,P3,2025-09-25,Renewal,4000
PAY010141,M02509,B03,,09/25/2025,Renewal,4000
PAY010142,M02861,B03,P1,09/25/2025,Renewal,1500
PAY010012,M01471,B02,P3,2025-09-25,Renewal,4000
PAY002929,M02929,B03,P3,09/25/2025,New,4000
PAY010116,M02645,B03,P3,09/25/2025,Renewal,4000
PAY009982,M04343,B05,P3,2025-09-25,Renewal,4000
PAY010033,M03377,B04,P3,2025-09-25,Renewal,4000
PAY010079,M04622,B05,P3,2025-09-25,Renewal,4000
PAY009977,M01456,B02,P5,2025-09-25,Renewal,13500
PAY010046,M01890,B02,P3,2025-09-25,Renewal,4000
PAY000772,M00772,B01,P5,2025-09-25,New,13500
PAY010067,M04483,B05,P2,2025-09-25,Renewal,1100
PAY010040,M00705,B01,P1,2025-09-25,Renewal,1500
PAY002042,M02042,B02,P1,2025-09-25,New,1500
PAY010001,M01410,B02,P3,2025-09-25,Renewal,4000
PAY002031,M02031,B02,P1,2025-09-26,New,1500
PAY010081,M00469,B01,P3,2025-09-26,Renewal,4000
PAY010085,M00620,B01,P3,2025-09-26,Renewal,4000
PAY010087,M01473,B02,P3,2025-09-26,Renewal,4000
PAY010098,M04651,B05,P2,2025-09-26,Renewal,1100
PAY002030,M02030,B02,P3,2025-09-26,New,4000
PAY010114,M01969,B02,P1,2025-09-26,Renewal,1500
PAY010140,M02007,B02,P1,2025-09-26,Renewal,1500
PAY000763,M00763,B01,P4,2025-09-26,New,7500
PAY010115,M02000,B02,P1,2025-09-26,Renewal,1500
PAY004701,M04701,B05,P5,2025-09-26,New,13500
PAY002015,M02015,B02,P5,2025-09-26,New,13500
PAY003754,M03754,B04,P1,2025-09-26,New,1500
PAY010022,M00669,B01,P2,2025-09-26,Renewal,1100
PAY010000,M01335,B02,P2,2025-09-26,Renewal,1100
PAY009962,M00736,B01,P1,2025-09-26,Renewal,1500
PAY010200,M02023,B02,P1,2025-09-26,Renewal,1500
PAY010039,M00545,B01,P1,2025-09-26,Renewal,1500
PAY010191,M00076,B01,P1,2025-09-26,Renewal,1500
PAY010031,M01983,B02,P2,2025-09-26,Renewal,1100
PAY010175,M01636,B02,P1,2025-09-26,Renewal,1500
PAY010158,M01388,B02,P3,2025-09-27,Renewal,4000
PAY002037,M02037,B02,P2,2025-09-27,New,1100
PAY010130,M01936,B02,P3,2025-09-27,Renewal,4000
PAY010118,M04304,B05,P4,2025-09-27,Renewal,7500
PAY010006,M03113,B04,P2,2025-09-27,Renewal,1100
PAY003763,M03763,B04,P1,2025-09-27,New,1500
PAY010185,M03586,B04,P1,2025-09-27,Renewal,1500
PAY010154,M00664,B01,P3,2025-09-27,Renewal,4000
PAY004680,M04680,B05,P1,2025-09-27,New,1500
PAY010056,M00168,B01,P1,2025-09-27,Renewal,1500
PAY000744,M00744,B01,P3,2025-09-27,New,4000
PAY002032,M02032,B02,P1,2025-09-27,New,1500
PAY010050,M02884,B03,P1,09/27/2025,Renewal,1500
PAY010160,M01809,B02,P4,2025-09-27,Renewal,7500
PAY010137,M01939,B02,P3,2025-09-27,Renewal,4000
PAY010165,M04274,B05,P3,2025-09-27,Renewal,4000
PAY002055,M02055,B02,P1,2025-09-27,New,1500
PAY000753,M00753,B01,P3,2025-09-27,New,4000
PAY002921,M02921,B03,P1,09/27/2025,New,1500
PAY010096,M04308,B05,P4,2025-09-27,Renewal,7500
PAY010094,M03448,B04,P1,2025-09-27,Renewal,1500
PAY010093,M02871,B03,P3,09/27/2025,Renewal,4000
PAY010102,M01791,B02,P3,2025-09-27,Renewal,4000
PAY010045,M01642,B02,P1,2025-09-27,Renewal,1500
PAY010090,M02679,B03,P2,09/27/2025,Renewal,1100
PAY010164,M04139,B05,P3,2025-09-28,Renewal,4000
PAY010193,M00203,B01,P1,2025-09-28,Renewal,1500
PAY010205,M03597,B04,P4,2025-09-28,Renewal,7500
PAY010027,M01746,B02,P1,2025-09-28,Renewal,1500
PAY010179,M01898,B02,P2,2025-09-28,Renewal,1100
PAY004682,M04682,B05,P1,2025-09-28,New,1500
PAY010007,M03329,B04,P1,2025-09-28,Renewal,1500
PAY010214,M04556,B05,P4,2025-09-28,Renewal,7500
PAY000761,M00761,B01,P3,2025-09-28,New,4000
PAY004673,M04673,B05,P5,2025-09-28,New,13500
PAY010195,M01164,B02,P4,2025-09-28,Renewal,7500
PAY010015,M01973,B02,P1,2025-09-28,Renewal,1500
PAY004691,M04691,B05,P1,2025-09-28,New,1500
PAY010074,M02849,B03,P1,09/28/2025,Renewal,1500
PAY010217,M00700,B01,P3,2025-09-28,Renewal,4000
PAY004669,M04669,B05,P3,2025-09-28,New,4000
PAY003758,M03758,B04,P3,2025-09-28,New,4000
PAY010119,M04623,B05,P3,2025-09-28,Renewal,4000
PAY000770,M00770,B01,P4,2025-09-28,New,7500
PAY000743,M00743,B01,P3,2025-09-29,New,4000
PAY010105,M02500,B03,P3,09/29/2025,Renewal,4000
PAY010166,M04298,B05,P1,2025-09-29,Renewal,1500
PAY000759,M00759,B01,P1,2025-09-29,New,1500
PAY000758,M00758,B01,P1,2025-09-29,New,1500
PAY010049,M02868,B03,P1,09/29/2025,Renewal,1500
PAY000768,M00768,B01,P3,2025-09-29,New,4000
PAY004689,M04689,B05,P3,2025-09-29,New,4000
PAY010171,M00649,B01,P1,2025-09-29,Renewal,1500
PAY010213,M03140,B04,P3,2025-09-29,Renewal,4000
PAY010047,M02602,B03,P1,09/29/2025,Renewal,1500
PAY010148,M04374,B05,P4,2025-09-29,Renewal,7500
PAY010222,M03475,B04,P1,2025-09-29,Renewal,1500
PAY010131,M02910,B03,P1,09/29/2025,Renewal,1500
PAY003752,M03752,B04,P1,2025-09-29,New,1500
PAY010064,M03122,B04,P2,2025-09-29,Renewal,1100
PAY003760,M03760,B04,P5,2025-09-29,New,13500
PAY002044,M02044,B02,P3,2025-09-29,New,4000
PAY010075,M03191,B04,P5,2025-09-29,Renewal,13500
PAY010230,M00595,B01,P3,2025-09-30,Renewal,4000
PAY010043,M01206,B02,P3,2025-09-30,Renewal,4000
PAY010129,M01919,B02,P2,2025-09-30,Renewal,1100
PAY010097,M04507,B05,P4,2025-09-30,Renewal,7500
PAY010248,M03707,B04,P3,2025-09-30,Renewal,4000
PAY002016,M02016,B02,P1,2025-09-30,New,1500
PAY004671,M04671,B05,P4,2025-09-30,New,7500
PAY010053,M04072,B05,P4,2025-09-30,Renewal,7500
PAY010117,M04137,B05,P4,2025-09-30,Renewal,7500
PAY004692,M04692,B05,P3,2025-09-30,New,4000
PAY002025,M02025,B02,P2,2025-09-30,New,1100
PAY010231,M00717,B01,P1,2025-09-30,Renewal,1500
PAY010084,M00582,B01,P1,2025-09-30,Renewal,1500
PAY010157,M01338,B02,P5,2025-09-30,Renewal,13500
PAY010013,M01910,B02,P2,2025-09-30,Renewal,1100
PAY000771,M00771,B01,P1,2025-09-30,New,1500
PAY003761,M03761,B04,P4,2025-09-30,New,7500
PAY010159,M01601,B02,P3,2025-09-30,Renewal,4000
PAY010150,M00059,B01,P4,2025-09-30,Renewal,7500
PAY010202,M02812,B03,P3,09/30/2025,Renewal,4000
PAY010070,M00698,B01,P1,2025-10-01,Renewal,1500
PAY010257,M01980,B02,P1,2025-10-01,Renewal,1500
PAY010057,M00677,B01,P1,2025-10-01,Renewal,1500
PAY002070,M02070,B02,P2,2025-10-01,New,1100
PAY010255,M01860,B02,P2,2025-10-01,Renewal,1100
PAY010207,M04127,B05,P4,2025-10-01,Renewal,7500
PAY010209,M00590,B01,P4,2025-10-01,Renewal,7500
PAY010124,M00684,B01,P1,2025-10-01,Renewal,1500
PAY010095,M03994,B05,P2,2025-10-01,Renewal,1100
PAY010128,M01777,B02,P3,2025-10-01,Renewal,4000
PAY010121,M00306,B01,P4,2025-10-01,Renewal,7500
PAY010026,M01558,B02,P3,2025-10-01,Renewal,4000
PAY010224,M04399,B05,P3,2025-10-01,Renewal,4000
PAY002080,M02080,B02,P5,2025-10-01,New,13500
PAY003779,M03779,B04,P3,2025-10-01,New,4000
PAY000788,M00788,B01,P3,2025-10-01,New,4000
PAY010030,M01916,B02,P3,2025-10-01,Renewal,4000
PAY010103,M01941,B02,P2,2025-10-01,Renewal,1100
PAY010245,M00702,B01,P3,2025-10-01,Renewal,4000
PAY003784,M03784,B04,P3,2025-10-01,New,4000
PAY010183,M02888,B03,P1,10/01/2025,Renewal,1500
PAY010196,M01453,B02,P3,2025-10-01,Renewal,4000
PAY010162,M02877,B03,,10/01/2025,Renewal,1500
PAY004726,M04726,B05,P2,2025-10-02,New,1100
PAY004713,M04713,B05,P5,2025-10-02,New,13500
PAY010203,M02869,B03,P1,10/02/2025,Renewal,1500
PAY010167,M00334,B01,P3,2025-10-02,Renewal,4000
PAY010181,M02588,B03,P3,10/02/2025,Renewal,4000
PAY010218,M01216,B02,P3,2025-10-02,Renewal,4000
PAY010065,M03704,B04,P1,2025-10-02,Renewal,1500
PAY002089,M02089,B02,P3,2025-10-02,New,4000
PAY010228,M04635,B05,P3,2025-10-02,Renewal,4000
PAY010152,M00288,B01,P4,2025-10-02,Renewal,7500
PAY010107,M03708,B04,P1,2025-10-02,Renewal,1500
PAY010136,M04551,B05,P3,2025-10-02,Renewal,4000
PAY010135,M04338,B05,P1,2025-10-02,Renewal,1500
PAY010066,M04321,B05,P1,2025-10-03,Renewal,1500
PAY010068,M00460,B01,P1,2025-10-03,Renewal,1500
PAY010069,M00630,B01,P2,2025-10-03,Renewal,1100
PAY010088,M01554,B02,P3,2025-10-03,Renewal,4000
PAY010101,M01195,B02,P3,2025-10-03,Renewal,4000
PAY010233,M01479,B02,P2,2025-10-03,Renewal,1100
PAY010122,M00533,B01,P4,2025-10-03,Renewal,7500
PAY010123,M00635,B01,P1,2025-10-03,Renewal,1500
PAY003775,M03775,B04,P3,2025-10-03,New,4000
PAY010138,M01954,B02,P1,2025-10-03,Renewal,1500
PAY010149,M04534,B05,P2,2025-10-03,Renewal,1100
PAY010153,M00552,B01,P2,2025-10-03,Renewal,1100
PAY010192,M00156,B01,P3,2025-10-03,Renewal,4000
PAY010189,M04324,B05,P1,2025-10-03,Renewal,1500
PAY010163,M03743,B04,P2,2025-10-03,Renewal,1100
PAY010199,M02017,B02,P1,2025-10-04,Renewal,1500
PAY010236,M01884,B02,P3,2025-10-04,Renewal,4000
PAY010198,M01876,B02,P1,2025-10-04,Renewal,1500
PAY010242,M04065,B05,P4,2025-10-04,Renewal,7500
PAY010229,M04688,B05,P1,2025-10-04,Renewal,1500
PAY000799,M00799,B01,P1,2025-10-04,New,1500
PAY004704,M04704,B05,P4,2025-10-04,New,7500
PAY010190,M04493,B05,P4,2025-10-04,Renewal,7500
PAY003772,M03772,B04,P1,2025-10-04,New,1500
PAY010284,M00712,B01,P4,2025-10-04,Renewal,7500
PAY010109,M00344,B01,P3,2025-10-04,Renewal,4000
PAY003781,M03781,B04,P1,2025-10-04,New,1500
PAY010083,M00537,B01,P4,2025-10-04,Renewal,7500
PAY002090,M02090,B02,P1,2025-10-04,New,1500
PAY010216,M00318,B01,P1,2025-10-04,Renewal,1500
PAY002074,M02074,B02,P1,2025-10-04,New,1500
PAY010139,M01997,B02,P2,2025-10-04,Renewal,1100
PAY010259,M02019,B02,P2,2025-10-05,Renewal,1100
PAY010258,M01984,B02,P1,2025-10-05,Renewal,1500
PAY002087,M02087,B02,P3,2025-10-05,New,4000
PAY010293,M00338,B01,P1,2025-10-05,Renewal,1500
PAY010170,M00645,B01,P2,2025-10-05,Renewal,1100
PAY010169,M00477,B01,P1,2025-10-05,Renewal,1500
PAY002095,M02095,B02,P1,2025-10-05,New,1500
PAY010143,M03748,B04,P3,2025-10-05,Renewal,4000
PAY000793,M00793,B01,P4,2025-10-05,New,7500
PAY010240,M03604,B04,P3,2025-10-05,Renewal,4000
PAY010126,M00731,B01,P2,2025-10-05,Renewal,1100
PAY003782,M03782,B04,P3,2025-10-05,New,4000
PAY010100,M00416,B01,P3,2025-10-05,Renewal,4000
PAY004710,M04710,B05,P2,2025-10-05,New,1100
PAY010104,M02002,B02,P1,2025-10-05,Renewal,1500
PAY010108,M00281,B01,P2,2025-10-05,Renewal,1100
PAY010112,M00561,B01,P3,2025-10-05,Renewal,4000
PAY000783,M00783,B01,P1,2025-10-05,New,1500
PAY000782,M00782,B01,P1,2025-10-05,New,1500
PAY002083,M02083,B02,P1,2025-10-05,New,1500
PAY010249,M03759,B04,P1,2025-10-06,Renewal,1500
PAY010250,M04387,B05,P4,2025-10-06,Renewal,7500
PAY010239,M02917,B03,P1,10/06/2025,Renewal,1500
PAY010254,M01575,B02,P3,2025-10-06,Renewal,4000
PAY010265,M01972,B02,P1,2025-10-06,Renewal,1500
PAY010247,M03436,B04,P3,2025-10-06,Renewal,4000
PAY010285,M01300,B02,P3,2025-10-06,Renewal,4000
PAY002940,M02940,B03,P4,10/06/2025,New,7500
PAY010111,M00543,B01,P4,2025-10-06,Renewal,7500
PAY002082,M02082,B02,P1,2025-10-06,New,1500
PAY002091,M02091,B02,P1,2025-10-06,New,1500
PAY010177,M01870,B02,P1,2025-10-06,Renewal,1500
PAY010144,M04161,B05,P1,2025-10-06,Renewal,1500
PAY010174,M01253,B02,P1,2025-10-06,Renewal,1500
PAY002066,M02066,B02,P5,2025-10-07,New,13500
PAY010211,M02041,B02,P1,2025-10-07,Renewal,1500
PAY010329,M03719,B04,P5,2025-10-07,Renewal,13500
PAY010155,M01176,B02,P1,2025-10-07,Renewal,1500
PAY010134,M04249,B05,P3,2025-10-07,Renewal,4000
PAY010133,M04213,B05,P3,2025-10-07,Renewal,4000
PAY010125,M00729,B01,P2,2025-10-07,Renewal,1100
PAY010180,M01960,B02,P1,2025-10-07,Renewal,1500
PAY010206,M03715,B04,P1,2025-10-07,Renewal,1500
PAY003771,M03771,B04,P4,2025-10-07,New,7500
PAY010232,M00754,B01,P2,2025-10-07,Renewal,1100
PAY010292,M00123,B01,P5,2025-10-07,Renewal,13500
PAY010241,M03644,B04,P2,2025-10-07,Renewal,1100
PAY010276,M01882,B02,P1,2025-10-07,Renewal,1500
PAY010275,M01848,B02,P3,2025-10-07,Renewal,4000
PAY002933,M02933,B03,P4,10/07/2025,New,7500
PAY010256,M01902,B02,P2,2025-10-07,Renewal,1100
PAY002939,M02939,B03,P3,10/07/2025,New,4000
PAY010120,M04655,B05,P2,2025-10-07,Renewal,1100
PAY010307,M00587,B01,P2,2025-10-07,Renewal,1100
PAY010146,M04224,B05,P3,2025-10-07,Renewal,4000
PAY010173,M00720,B01,P1,2025-10-07,Renewal,1500
PAY010316,M04174,B05,P4,2025-10-07,Renewal,7500
PAY010308,M00602,B01,P4,2025-10-07,Renewal,7500
PAY010194,M00650,B01,P2,2025-10-07,Renewal,1100
PAY010220,M01788,B02,P1,2025-10-08,Renewal,1500
PAY010286,M02050,B02,P3,2025-10-08,Renewal,4000
PAY010246,M02024,B02,P2,2025-10-08,Renewal,1100
PAY010127,M01343,B02,P1,2025-10-08,Renewal,1500
PAY010313,M03184,B04,P3,2025-10-08,Renewal,4000
PAY010176,M01864,B02,P2,2025-10-08,Renewal,1100
PAY010253,M01259,B02,P2,2025-10-08,Renewal,1100
PAY010219,M01348,B02,P1,2025-10-08,Renewal,1500
PAY010172,M00653,B01,P3,2025-10-08,Renewal,4000
PAY010226,M04526,B05,P4,2025-10-08,Renewal,7500
PAY010238,M02893,B03,P3,10/08/2025,Renewal,4000
PAY010337,M00765,B01,P1,2025-10-08,Renewal,1500
PAY010168,M00383,B01,P1,2025-10-08,Renewal,1500
PAY002063,M02063,B02,P1,2025-10-08,New,1500
PAY000798,M00798,B01,P5,2025-10-08,New,13500
PAY004716,M04716,B05,P1,2025-10-08,New,1500
PAY010261,M04642,B05,P3,2025-10-08,Renewal,4000
PAY004712,M04712,B05,P1,2025-10-08,New,1500
PAY010294,M00351,B01,P3,2025-10-08,Renewal,4000
PAY010260,M04254,B05,P5,2025-10-08,Renewal,13500
PAY010271,M04700,B05,P2,2025-10-08,Renewal,1100
PAY010178,M01897,B02,P2,2025-10-08,Renewal,1100
PAY010360,M02003,B02,P1,2025-10-09,Renewal,1500
PAY010145,M04197,B05,P5,2025-10-09,Renewal,13500
PAY004703,M04703,B05,P2,2025-10-09,New,1100
PAY010227,M04582,B05,P4,2025-10-09,Renewal,7500
PAY002078,M02078,B02,P4,2025-10-09,New,7500
PAY002072,M02072,B02,P1,2025-10-09,New,1500
PAY010251,M00020,B01,P1,2025-10-09,Renewal,1500
PAY010274,M01666,B02,P1,2025-10-09,Renewal,1500
PAY010319,M00330,B01,P3,2025-10-09,Renewal,4000
PAY010346,M04145,B05,P3,2025-10-09,Renewal,4000
PAY010186,M03601,B04,P4,2025-10-09,Renewal,7500
PAY010161,M02005,B02,P1,2025-10-09,Renewal,1500
PAY010188,M04212,B05,P3,2025-10-10,Renewal,4000
PAY000778,M00778,B01,P1,2025-10-10,New,1500
PAY010151,M00143,B01,P3,2025-10-10,Renewal,4000
PAY010225,M04502,B05,P3,2025-10-10,Renewal,4000
PAY010354,M01445,B02,P4,2025-10-10,Renewal,7500
PAY010184,M03328,B04,P4,2025-10-10,Renewal,7500
PAY002932,M02932,B03,P4,10/10/2025,New,7500
PAY010323,M01492,B02,P1,2025-10-10,Renewal,1500
PAY003785,M03785,B04,P1,2025-10-10,New,1500
PAY010281,M03624,B04,P1,2025-10-11,Renewal,1500
PAY010372,M02912,B03,P1,10/11/2025,Renewal,1500
PAY004714,M04714,B05,P5,2025-10-11,New,13500
PAY010300,M02920,B03,P1,10/11/2025,Renewal,1500
PAY010338,M01442,B02,P3,2025-10-11,Renewal,4000
PAY010343,M02665,B03,P4,10/11/2025,Renewal,7500
PAY003773,M03773,B04,P5,2025-10-11,New,13500
PAY010204,M02925,B03,P1,10/11/2025,Renewal,1500
PAY010197,M01690,B02,P1,2025-10-11,Renewal,1500
PAY002061,M02061,B02,P1,2025-10-11,New,1500
PAY002064,M02064,B02,P3,2025-10-11,New,4000
PAY010312,M01632,B02,P1,2025-10-11,Renewal,1500
PAY010252,M00605,B01,P3,2025-10-11,Renewal,4000
PAY002069,M02069,B02,P2,2025-10-11,New,1100
PAY010212,M02822,B03,P4,10/11/2025,Renewal,7500
PAY010371,M02021,B02,P2,2025-10-11,Renewal,1100
PAY010317,M00037,B01,P1,2025-10-11,Renewal,1500
PAY002084,M02084,B02,P4,2025-10-11,New,7500
PAY010201,M02622,B03,P3,10/11/2025,Renewal,4000
PAY010326,M02815,B03,P3,10/11/2025,Renewal,4000
PAY010187,M04097,B05,P1,2025-10-11,Renewal,1500
PAY010182,M02643,B03,P2,10/11/2025,Renewal,1100
PAY010295,M01513,B02,P4,2025-10-11,Renewal,7500
PAY010349,M00102,B01,P4,2025-10-12,Renewal,7500
PAY002931,M02931,B03,P1,10/12/2025,New,1500
PAY010304,M04552,B05,P3,2025-10-12,Renewal,4000
PAY010235,M01816,B02,P3,2025-10-12,Renewal,4000
PAY010303,M04536,B05,P4,2025-10-12,Renewal,7500
PAY010234,M01691,B02,P3,2025-10-12,Renewal,4000
PAY010386,M04545,B05,P3,2025-10-12,Renewal,4000
PAY004717,M04717,B05,P4,2025-10-12,New,7500
PAY010383,M03300,B04,P3,2025-10-12,Renewal,4000
PAY010223,M03618,B04,P1,2025-10-12,Renewal,1500
PAY004715,M04715,B05,P1,2025-10-12,New,1500
PAY010381,M02515,B03,P1,10/12/2025,Renewal,1500
PAY010390,M00719,B01,P1,2025-10-12,Renewal,1500
PAY010208,M00573,B01,P3,2025-10-12,Renewal,4000
PAY010315,M03705,B04,P1,2025-10-12,Renewal,1500
PAY010264,M01857,B02,P3,2025-10-12,Renewal,4000
PAY000800,M00800,B01,P5,2025-10-12,New,13500
PAY004709,M04709,B05,P1,2025-10-13,New,1500
PAY002068,M02068,B02,P3,2025-10-13,New,4000
PAY010267,M04422,B05,P3,2025-10-13,Renewal,4000
PAY010373,M03503,B04,P3,2025-10-13,Renewal,4000
PAY010302,M03982,B05,P5,2025-10-13,Renewal,13500
PAY010273,M01423,B02,P1,2025-10-13,Renewal,1500
PAY010210,M01211,B02,P3,2025-10-13,Renewal,4000
PAY002079,M02079,B02,P4,2025-10-13,New,7500
PAY010263,M01285,B02,P3,2025-10-13,Renewal,4000
PAY010363,M03192,B04,P5,2025-10-13,Renewal,13500
PAY010402,M02818,B03,P3,10/13/2025,Renewal,4000
PAY010243,M00483,B01,P3,2025-10-13,Renewal,4000
PAY010291,M04631,B05,P2,2025-10-13,Renewal,1100
PAY010331,M04533,B05,P2,2025-10-13,Renewal,1100
PAY010221,M02927,B03,P2,10/13/2025,Renewal,1100
PAY010397,M04686,B05,P1,2025-10-13,Renewal,1500
PAY010406,M04132,B05,P1,2025-10-13,Renewal,1500
PAY010336,M00762,B01,P2,2025-10-13,Renewal,1100
PAY010278,M02538,B03,,10/14/2025,Renewal,7500
PAY010345,M03422,B04,P5,2025-10-14,Renewal,13500
PAY010298,M01839,B02,P3,2025-10-14,Renewal,4000
PAY000781,M00781,B01,P1,2025-10-14,New,1500
PAY010277,M02028,B02,P1,2025-10-14,Renewal,1500
PAY010366,M00434,B01,P2,2025-10-14,Renewal,1100
PAY010297,M01629,B02,P2,2025-10-14,Renewal,1100
PAY010347,M04164,B05,P1,2025-10-14,Renewal,1500
PAY010268,M04542,B05,P3,2025-10-14,Renewal,4000
PAY010376,M04242,B05,P4,2025-10-14,Renewal,7500
PAY010215,M00293,B01,P3,2025-10-14,Renewal,4000
PAY010388,M00193,B01,P3,2025-10-14,Renewal,4000
PAY010394,M01956,B02,P5,2025-10-14,Renewal,13500
PAY002065,M02065,B02,P4,2025-10-14,New,7500
PAY010377,M00292,B01,P3,2025-10-14,Renewal,4000
PAY010415,M01849,B02,P2,2025-10-14,Renewal,1100
PAY010237,M02606,B03,P4,10/14/2025,Renewal,7500
PAY003770,M03770,B04,P4,2025-10-14,New,7500
PAY010356,M01565,B02,P4,2025-10-15,Renewal,7500
PAY004707,M04707,B05,P3,2025-10-15,New,4000
PAY010330,M03988,B05,P1,2025-10-15,Renewal,1500
PAY002086,M02086,B02,P2,2025-10-15,New,1100
PAY010322,M00576,B01,P4,2025-10-15,Renewal,7500
PAY002071,M02071,B02,P1,2025-10-15,New,1500
PAY000786,M00786,B01,P4,2025-10-15,New,7500
PAY010362,M02047,B02,P1,2025-10-15,Renewal,1500
PAY010419,M02576,B03,P3,10/15/2025,Renewal,4000
PAY010389,M00412,B01,P4,2025-10-15,Renewal,7500
PAY010435,M02040,B02,P1,2025-10-15,Renewal,1500
PAY010269,M04636,B05,P3,2025-10-15,Renewal,4000
PAY010430,M00724,B01,P1,2025-10-15,Renewal,1500
PAY010436,M02051,B02,P2,2025-10-15,Renewal,1100
PAY002936,M02936,B03,P4,10/15/2025,New,7500
PAY010290,M04112,B05,P4,2025-10-16,Renewal,7500
PAY010288,M03217,B04,P3,2025-10-16,Renewal,4000
PAY010398,M00472,B01,P5,2025-10-16,Renewal,13500
PAY002076,M02076,B02,P3,2025-10-16,New,4000
PAY010321,M00499,B01,P3,2025-10-16,Renewal,4000
PAY010320,M00332,B01,P5,2025-10-16,Renewal,13500
PAY010262,M00398,B01,P4,2025-10-16,Renewal,7500
PAY002057,M02057,B02,P1,2025-10-16,New,1500
PAY010355,M01525,B02,P1,2025-10-16,Renewal,1500
PAY010387,M04681,B05,P1,2025-10-16,Renewal,1500
PAY010412,M00550,B01,P4,2025-10-16,Renewal,7500
PAY010270,M04666,B05,P1,2025-10-16,Renewal,1500
PAY010404,M03724,B04,P1,2025-10-16,Renewal,1500
PAY010382,M02864,B03,P1,10/16/2025,Renewal,1500
PAY000787,M00787,B01,P3,2025-10-16,New,4000
PAY000796,M00796,B01,P4,2025-10-16,New,7500
PAY010365,M00029,B01,P1,2025-10-16,Renewal,1500
PAY010420,M02913,B03,P2,10/16/2025,Renewal,1100
PAY010410,M00171,B01,P5,2025-10-16,Renewal,13500
PAY010244,M00488,B01,P3,2025-10-16,Renewal,4000
PAY010453,M00747,B01,P1,2025-10-17,Renewal,1500
PAY010454,M01446,B02,P2,2025-10-17,Renewal,1100
PAY002058,M02058,B02,P1,2025-10-17,New,1500
PAY010283,M00621,B01,P5,2025-10-17,Renewal,13500
PAY010359,M01993,B02,P3,2025-10-17,Renewal,4000
PAY010413,M01368,B02,P3,2025-10-17,Renewal,4000
PAY010455,M01549,B02,P4,2025-10-17,Renewal,7500
PAY010266,M04282,B05,P4,2025-10-17,Renewal,7500
PAY002094,M02094,B02,P3,2025-10-17,New,4000
PAY010434,M01851,B02,P4,2025-10-17,Renewal,7500
PAY004718,M04718,B05,P4,2025-10-17,New,7500
PAY010272,M00277,B01,P3,2025-10-17,Renewal,4000
PAY010405,M03768,B04,P2,2025-10-17,Renewal,1100
PAY010403,M03147,B04,P3,2025-10-17,Renewal,4000
PAY010357,M01835,B02,P5,2025-10-17,Renewal,13500
PAY010449,M02623,B03,P2,10/17/2025,Renewal,1100
PAY002077,M02077,B02,P2,2025-10-18,New,1100
PAY010358,M01845,B02,P4,2025-10-18,Renewal,7500
PAY010369,M01819,B02,P1,2025-10-18,Renewal,1500
PAY010296,M01618,B02,P3,2025-10-18,Renewal,4000
PAY010407,M04656,B05,P1,2025-10-18,Renewal,1500
PAY004721,M04721,B05,P1,2025-10-18,New,1500
PAY010446,M01834,B02,P3,2025-10-18,Renewal,4000
PAY010287,M02825,B03,P3,10/18/2025,Renewal,4000
PAY010468,M01193,B02,P1,2025-10-18,Renewal,1500
PAY010375,M03735,B04,P4,2025-10-18,Renewal,7500
PAY000780,M00780,B01,P2,2025-10-18,New,1100
PAY002934,M02934,B03,P3,10/18/2025,New,4000
PAY010462,M04537,B05,P4,2025-10-18,Renewal,7500
PAY002075,M02075,B02,P3,2025-10-18,New,4000
PAY010361,M02029,B02,P2,2025-10-18,Renewal,1100
PAY010423,M03672,B04,P1,2025-10-18,Renewal,1500
PAY010310,M00738,B01,P2,2025-10-18,Renewal,1100
PAY010374,M03632,B04,P3,2025-10-19,Renewal,4000
PAY010328,M03309,B04,P3,2025-10-19,Renewal,4000
PAY010378,M01256,B02,P4,2025-10-19,Renewal,7500
PAY010309,M00704,B01,P3,2025-10-19,Renewal,4000
PAY010311,M01441,B02,P3,2025-10-19,Renewal,4000
PAY010318,M00095,B01,P5,2025-10-19,Renewal,13500
PAY000797,M00797,B01,P4,2025-10-19,New,7500
PAY010301,M03756,B04,P1,2025-10-19,Renewal,1500
PAY002081,M02081,B02,P4,2025-10-19,New,7500
PAY010334,M00691,B01,P1,2025-10-19,Renewal,1500
PAY010380,M01966,B02,P3,2025-10-19,Renewal,4000
PAY004706,M04706,B05,P5,2025-10-19,New,13500
PAY010279,M02814,B03,P1,10/19/2025,Renewal,1500
PAY010470,M01807,B02,P1,2025-10-19,Renewal,1500
PAY000789,M00789,B01,P1,2025-10-19,New,1500
PAY010340,M01811,B02,P1,2025-10-19,Renewal,1500
PAY010367,M00584,B01,P3,2025-10-19,Renewal,4000
PAY010341,M02033,B02,P1,2025-10-19,Renewal,1500
PAY010400,M01493,B02,P3,2025-10-19,Renewal,4000
PAY010280,M02816,B03,P4,10/19/2025,Renewal,7500
PAY010401,M01946,B02,P3,2025-10-19,Renewal,4000
PAY010478,M01571,B02,P3,2025-10-19,Renewal,4000
PAY010282,M00454,B01,P3,2025-10-19,Renewal,4000
PAY010353,M01230,B02,P4,2025-10-19,Renewal,7500
PAY010370,M01945,B02,P3,2025-10-19,Renewal,4000
PAY010408,M04674,B05,P2,2025-10-19,Renewal,1100
PAY010472,M01858,B02,P3,2025-10-20,Renewal,4000
PAY010437,M02828,B03,P3,10/20/2025,Renewal,4000
PAY002056,M02056,B02,P3,2025-10-20,New,4000
PAY010306,M00126,B01,P3,2025-10-20,Renewal,4000
PAY010325,M01555,B02,P3,2025-10-20,Renewal,4000
PAY004723,M04723,B05,P4,2025-10-20,New,7500
PAY010473,M01965,B02,P1,2025-10-20,Renewal,1500
PAY010498,M01485,B02,P3,2025-10-20,Renewal,4000
PAY010314,M03664,B04,P3,2025-10-20,Renewal,4000
PAY002937,M02937,B03,P2,10/20/2025,New,1100
PAY010299,M02827,B03,P3,10/20/2025,Renewal,4000
PAY010289,M03706,B04,P3,2025-10-20,Renewal,4000
PAY010305,M04690,B05,P2,2025-10-21,Renewal,1100
PAY010352,M00739,B01,P1,2025-10-21,Renewal,1500
PAY010351,M00458,B01,P2,2025-10-21,Renewal,1100
PAY010504,M00004,B01,P3,2025-10-21,Renewal,4000
PAY010479,M01660,B02,P3,2025-10-21,Renewal,4000
PAY002067,M02067,B02,P1,2025-10-21,New,1500
PAY000794,M00794,B01,P3,2025-10-21,New,4000
PAY010348,M04587,B05,P5,2025-10-21,Renewal,13500
PAY003777,M03777,B04,P5,2025-10-21,New,13500
PAY010483,M02589,B03,P3,10/21/2025,Renewal,4000
PAY010324,M01511,B02,P3,2025-10-21,Renewal,4000
PAY010458,M02717,B03,P4,10/21/2025,Renewal,7500
PAY010396,M04647,B05,P3,2025-10-21,Renewal,4000
PAY010509,M01335,B02,P2,2025-10-21,Renewal,1100
PAY002088,M02088,B02,P4,2025-10-21,New,7500
PAY000775,M00775,B01,P2,2025-10-22,New,1100
PAY010428,M00246,B01,P3,2025-10-22,Renewal,4000
PAY010391,M00766,B01,P2,2025-10-22,Renewal,1100
PAY000795,M00795,B01,P4,2025-10-22,New,7500
PAY000784,M00784,B01,P4,2025-10-22,New,7500
PAY010368,M01705,B02,P3,2025-10-22,Renewal,4000
PAY010481,M01756,B02,P3,2025-10-22,Renewal,4000
PAY010432,M01313,B02,P1,2025-10-22,Renewal,1500
PAY010425,M04487,B05,P3,2025-10-22,Renewal,4000
PAY003774,M03774,B04,P3,2025-10-22,New,4000
PAY010335,M00706,B01,P1,2025-10-22,Renewal,1500
PAY010339,M01497,B02,P3,2025-10-22,Renewal,4000
PAY010488,M03258,B04,P1,2025-10-22,Renewal,1500
PAY010342,M02520,B03,P3,10/22/2025,Renewal,4000
PAY004720,M04720,B05,P4,2025-10-22,New,7500
PAY010517,M03647,B04,P4,2025-10-22,Renewal,7500
PAY003776,M03776,B04,P3,2025-10-22,New,4000
PAY004705,M04705,B05,P3,2025-10-22,New,4000
PAY010333,M00555,B01,P2,2025-10-23,Renewal,1100
PAY010332,M00396,B01,P4,2025-10-23,Renewal,7500
PAY002093,M02093,B02,P1,2025-10-23,New,1500
PAY010395,M04177,B05,P4,2025-10-23,Renewal,7500
PAY010327,M02887,B03,P3,10/23/2025,Renewal,4000
PAY002941,M02941,B03,P1,10/23/2025,New,1500
PAY000776,M00776,B01,P3,2025-10-23,New,4000
PAY010344,M02832,B03,P4,10/23/2025,Renewal,7500
PAY010364,M03640,B04,P4,2025-10-23,Renewal,7500
PAY002935,M02935,B03,P3,10/23/2025,New,4000
PAY010427,M00096,B01,P3,2025-10-23,Renewal,4000
PAY010487,M03226,B04,P3,2025-10-23,Renewal,4000
PAY010531,M03113,B04,P2,2025-10-23,Renewal,1100
PAY010523,M01664,B02,P3,2025-10-23,Renewal,4000
PAY010416,M01927,B02,P1,2025-10-23,Renewal,1500
PAY004725,M04725,B05,P1,2025-10-23,New,1500
PAY010513,M02000,B02,P1,2025-10-23,Renewal,1500
PAY010482,M02001,B02,P1,2025-10-23,Renewal,1500
PAY010486,M02896,B03,P1,10/23/2025,Renewal,1500
PAY004724,M04724,B05,P3,2025-10-23,New,4000
PAY002073,M02073,B02,P5,2025-10-24,New,13500
PAY010540,M01746,B02,P1,2025-10-24,Renewal,1500
PAY004719,M04719,B05,P3,2025-10-24,New,4000
PAY010507,M00669,B01,P2,2025-10-24,Renewal,1100
PAY000791,M00791,B01,P1,2025-10-24,New,1500
PAY010491,M00017,B01,P3,2025-10-24,Renewal,4000
PAY010541,M01898,B02,P2,2025-10-24,Renewal,1100
PAY010414,M01611,B02,P4,2025-10-24,Renewal,7500
PAY010465,M00441,B01,P3,2025-10-24,Renewal,4000
PAY010448,M01979,B02,P4,2025-10-24,Renewal,7500
PAY010443,M01292,B02,P4,2025-10-24,Renewal,7500
PAY010422,M03528,B04,P1,2025-10-24,Renewal,1500
PAY010439,M03388,B04,P1,2025-10-24,Renewal,1500
PAY010501,M02861,B03,P1,10/24/2025,Renewal,1500
PAY010546,M04554,B05,P4,2025-10-24,Renewal,7500
PAY010512,M01983,B02,P2,2025-10-24,Renewal,1100
PAY000785,M00785,B01,P1,2025-10-24,New,1500
PAY010411,M00252,B01,P1,2025-10-24,Renewal,1500
PAY010392,M01833,B02,P4,2025-10-24,Renewal,7500
PAY010493,M00606,B01,P1,2025-10-25,Renewal,1500
PAY010379,M01487,B02,P1,2025-10-25,Renewal,1500
PAY010451,M00085,B01,P1,2025-10-25,Renewal,1500
PAY010457,M02013,B02,P2,2025-10-25,Renewal,1100
PAY010417,M01933,B02,P1,2025-10-25,Renewal,1500
PAY010475,M01269,B02,P2,2025-10-25,Renewal,1100
PAY010477,M01455,B02,P1,2025-10-25,Renewal,1500
PAY010350,M00328,B01,P3,2025-10-25,Renewal,4000
PAY000777,M00777,B01,P3,2025-10-25,New,4000
PAY010496,M01201,B02,P3,2025-10-25,Renewal,4000
PAY010508,M00736,B01,P3,2025-10-25,Renewal,4000
PAY003783,M03783,B04,P4,2025-10-25,New,7500
PAY010567,M00771,B01,P1,2025-10-25,Renewal,1500
PAY010553,M01174,B02,P3,2025-10-25,Renewal,4000
PAY010557,M02868,B03,P1,10/25/2025,Renewal,1500
PAY010393,M01912,B02,P1,2025-10-25,Renewal,1500
PAY010562,M04439,B05,P3,2025-10-25,Renewal,4000
PAY010558,M03122,B04,P5,2025-10-25,Renewal,13500
PAY010538,M00203,B01,P1,2025-10-26,Renewal,1500
PAY010471,M01838,B02,P3,2025-10-26,Renewal,4000
PAY010485,M02858,B03,P2,10/26/2025,Renewal,1100
PAY010563,M04538,B05,P4,2025-10-26,Renewal,7500
PAY010492,M00481,B01,P3,2025-10-26,Renewal,4000
PAY010494,M00685,B01,P3,2025-10-26,Renewal,4000
PAY010460,M03670,B04,P1,2025-10-26,Renewal,1500
PAY010409,M04679,B05,P1,2025-10-26,Renewal,1500
PAY010418,M01951,B02,P3,2025-10-26,Renewal,4000
PAY010535,M03763,B04,P1,2025-10-26,Renewal,1500
PAY010385,M04191,B05,P4,2025-10-26,Renewal,7500
PAY010506,M00545,B01,P1,2025-10-26,Renewal,1500
PAY004722,M04722,B05,P1,2025-10-26,New,1500
PAY003780,M03780,B04,P1,2025-10-26,New,1500
PAY010529,M02679,B03,P1,10/26/2025,Renewal,1500
PAY010525,M01961,B02,P3,2025-10-26,Renewal,4000
PAY010433,M01450,B02,P4,2025-10-26,Renewal,7500
PAY010456,M01958,B02,P1,2025-10-26,Renewal,1500
PAY010421,M03477,B04,P4,2025-10-27,Renewal,7500
PAY010556,M02641,B03,P5,10/27/2025,Renewal,13500
PAY000792,M00792,B01,P3,2025-10-27,New,4000
PAY010464,M00115,B01,P3,2025-10-27,Renewal,4000
PAY010384,M04100,B05,P1,2025-10-27,Renewal,1500
PAY010466,M00456,B01,P3,2025-10-27,Renewal,4000
PAY010438,M02930,B03,P1,10/27/2025,Renewal,1500
PAY010480,M01675,B02,P3,2025-10-27,Renewal,4000
PAY002062,M02062,B02,P2,2025-10-27,New,1100
PAY010515,M03143,B04,P4,2025-10-27,Renewal,7500
PAY010570,M02016,B02,P1,2025-10-27,Renewal,1500
PAY004711,M04711,B05,P3,2025-10-27,New,4000
PAY002092,M02092,B02,P5,2025-10-28,New,13500
PAY010426,M04675,B05,P1,2025-10-28,Renewal,1500
PAY010424,M03685,B04,P2,2025-10-28,Renewal,1100
PAY010583,M01980,B02,P1,2025-10-28,Renewal,1500
PAY010550,M00649,B01,P1,2025-10-28,Renewal,1500
PAY010444,M01391,B02,P2,2025-10-28,Renewal,1100
PAY010500,M02532,B03,P4,10/28/2025,Renewal,7500
PAY010534,M03646,B04,P4,2025-10-28,Renewal,7500
PAY010499,M01994,B02,P1,2025-10-28,Renewal,1500
PAY010589,M03994,B05,P2,2025-10-28,Renewal,1100
PAY010579,M04628,B05,P3,2025-10-28,Renewal,4000
PAY010474,M02020,B02,P1,2025-10-28,Renewal,1500
PAY010495,M00705,B01,P1,2025-10-29,Renewal,1500
PAY010554,M01190,B02,P5,2025-10-29,Renewal,13500
PAY010490,M04627,B05,P1,2025-10-29,Renewal,1500
PAY010547,M04691,B05,P1,2025-10-29,Renewal,1500
PAY010577,M03357,B04,P3,2025-10-29,Renewal,4000
PAY010467,M00732,B01,P1,2025-10-29,Renewal,1500
PAY010568,M01846,B02,P3,2025-10-29,Renewal,4000
PAY010519,M00080,B01,P4,2025-10-29,Renewal,7500
PAY010581,M00684,B01,P2,2025-10-29,Renewal,1100
PAY010530,M02683,B03,P3,10/29/2025,Renewal,4000
PAY010521,M01501,B02,P3,2025-10-29,Renewal,4000
PAY010399,M00560,B01,P1,2025-10-29,Renewal,1500
PAY002938,M02938,B03,P1,10/29/2025,New,1500
PAY002085,M02085,B02,P2,2025-10-29,New,1100
PAY010571,M02025,B02,P2,2025-10-30,Renewal,1100
PAY004708,M04708,B05,P4,2025-10-30,New,7500
PAY010527,M02037,B02,P2,2025-10-30,Renewal,1100
PAY010503,M04418,B05,P3,2025-10-30,Renewal,4000
PAY010574,M00043,B01,P3,2025-10-30,Renewal,4000
PAY010569,M01919,B02,P2,2025-10-30,Renewal,1100
PAY010537,M04680,B05,P1,2025-10-30,Renewal,1500
PAY010489,M03636,B04,P3,2025-10-30,Renewal,4000
PAY010587,M02877,B03,P1,10/30/2025,Renewal,1500
PAY010584,M02070,B02,P3,2025-10-30,Renewal,4000
PAY010442,M00580,B01,P3,2025-10-30,Renewal,4000
PAY000790,M00790,B01,P5,2025-10-30,New,13500
PAY002060,M02060,B02,P4,2025-10-30,New,7500
PAY010429,M00634,B01,P1,2025-10-30,Renewal,1500
PAY010447,M01953,B02,P3,2025-10-30,Renewal,4000
PAY000779,M00779,B01,P5,2025-10-31,New,13500
PAY010555,M02602,B03,P1,10/31/2025,Renewal,1500
PAY010620,M04688,B05,P1,2025-10-31,Renewal,1500
PAY010580,M00677,B01,P1,2025-10-31,Renewal,1500
PAY010528,M02055,B02,P1,2025-10-31,Renewal,1500
PAY010544,M02849,B03,P1,10/31/2025,Renewal,1500
PAY010615,M02017,B02,P1,2025-10-31,Renewal,1500
PAY010561,M04298,B05,P1,2025-10-31,Renewal,1500
PAY010431,M01177,B02,P3,2025-10-31,Renewal,4000
PAY010440,M00428,B01,P1,2025-10-31,Renewal,1500
PAY010510,M01636,B02,P1,2025-10-31,Renewal,1500
PAY010450,M04437,B05,P3,2025-10-31,Renewal,4000
PAY010608,M00318,B01,P5,2025-10-31,Renewal,13500
PAY003778,M03778,B04,P1,2025-10-31,New,1500
PAY010582,M01860,B02,P2,2025-10-31,Renewal,1100
PAY010602,M01683,B02,P3,2025-10-31,Renewal,4000
PAY010469,M01425,B02,P3,2025-10-31,Renewal,4000
PAY002059,M02059,B02,P2,2025-10-31,New,1100
PAY010516,M03534,B04,P3,2025-10-31,Renewal,4000
PAY010549,M00575,B01,P4,2025-11-01,Renewal,7500
PAY010598,M00263,B01,P3,2025-11-01,Renewal,4000
PAY010539,M00254,B01,P4,2025-11-01,Renewal,7500
PAY010497,M01308,B02,P3,2025-11-01,Renewal,4000
PAY010594,M03708,B04,P1,2025-11-01,Renewal,1500
PAY000801,M00801,B01,P3,2025-11-01,New,4000
PAY010638,M03728,B04,P3,2025-11-01,Renewal,4000
PAY003799,M03799,B04,P2,2025-11-01,New,1100
PAY010441,M00498,B01,P1,2025-11-01,Renewal,1500
PAY010559,M04055,B05,P4,2025-11-01,Renewal,7500
PAY010445,M01638,B02,P3,2025-11-01,Renewal,4000
PAY010461,M04152,B05,P4,2025-11-01,Renewal,7500
PAY010572,M03634,B04,P4,2025-11-01,Renewal,7500
PAY000802,M00802,B01,P1,2025-11-01,New,1500
PAY010452,M00089,B01,P3,2025-11-01,Renewal,4000
PAY010459,M03628,B04,P3,2025-11-01,Renewal,4000
PAY010654,M04618,B05,P3,2025-11-02,Renewal,4000
PAY010463,M04661,B05,P1,2025-11-02,Renewal,1500
PAY010520,M00168,B01,P1,2025-11-02,Renewal,1500
PAY010635,M02898,B03,P3,11/02/2025,Renewal,4000
PAY010551,M00688,B01,P3,2025-11-02,Renewal,4000
PAY004727,M04727,B05,P1,2025-11-02,New,1500
PAY002115,M02115,B02,P5,2025-11-02,New,13500
PAY003792,M03792,B04,P1,2025-11-02,New,1500
PAY010536,M04361,B05,P3,2025-11-03,Renewal,4000
PAY010679,M01976,B02,P1,2025-11-03,Renewal,1500
PAY010634,M02741,B03,P3,11/03/2025,Renewal,4000
PAY010545,M03329,B04,P4,2025-11-03,Renewal,7500
PAY010666,M03644,B04,P2,2025-11-03,Renewal,1100
PAY010631,M02019,B02,P3,2025-11-03,Renewal,4000
PAY002134,M02134,B02,P1,2025-11-03,New,1500
PAY003790,M03790,B04,P3,2025-11-03,New,4000
PAY010566,M00717,B01,P1,2025-11-03,Renewal,1500
PAY010625,M00782,B01,P1,2025-11-03,Renewal,1500
PAY010542,M01973,B02,P1,2025-11-03,Renewal,1500
PAY010623,M00477,B01,P1,2025-11-03,Renewal,1500
PAY010543,M02621,B03,P4,11/03/2025,Renewal,7500
PAY010622,M00338,B01,P1,2025-11-03,Renewal,1500
PAY010585,M02613,B03,,11/03/2025,Renewal,4000
PAY010658,M00729,B01,P2,2025-11-04,Renewal,1100
PAY010624,M00731,B01,P2,2025-11-04,Renewal,1100
PAY010639,M03985,B05,P3,2025-11-04,Renewal,4000
PAY010657,M00720,B01,P1,2025-11-04,Renewal,1500
PAY010651,M03759,B04,P1,2025-11-04,Renewal,1500
PAY010505,M00076,B01,P1,2025-11-04,Renewal,1500
PAY010502,M02879,B03,P3,11/04/2025,Renewal,4000
PAY010484,M02819,B03,P3,11/04/2025,Renewal,4000
PAY010573,M04288,B05,P3,2025-11-04,Renewal,4000
PAY010695,M02072,B02,P1,2025-11-04,Renewal,1500
PAY010476,M01406,B02,P2,2025-11-04,Renewal,1100
PAY010600,M00630,B01,P2,2025-11-04,Renewal,1100
PAY010680,M02897,B03,P3,11/04/2025,Renewal,4000
PAY010673,M01259,B02,P2,2025-11-04,Renewal,1100
PAY010591,M01289,B02,P4,2025-11-04,Renewal,7500
PAY010674,M01293,B02,P5,2025-11-04,Renewal,13500
PAY010707,M04667,B05,P4,2025-11-05,Renewal,7500
PAY010655,M00587,B01,P2,2025-11-05,Renewal,1100
PAY002128,M02128,B02,P1,2025-11-05,New,1500
PAY010522,M01642,B02,P1,2025-11-05,Renewal,1500
PAY010649,M02091,B02,P1,2025-11-05,Renewal,1500
PAY010704,M03734,B04,P3,2025-11-05,Renewal,4000
PAY010618,M03772,B04,P1,2025-11-05,Renewal,1500
PAY002945,M02945,B03,P5,11/05/2025,New,13500
PAY010526,M02032,B02,P3,2025-11-05,Renewal,4000
PAY002117,M02117,B02,P1,2025-11-05,New,1500
PAY000816,M00816,B01,P1,2025-11-05,New,1500
PAY002112,M02112,B02,P4,2025-11-05,New,7500
PAY010613,M01997,B02,P2,2025-11-05,Renewal,1100
PAY003794,M03794,B04,P3,2025-11-05,New,4000
PAY000807,M00807,B01,P1,2025-11-05,New,1500
PAY010610,M00799,B01,P1,2025-11-05,Renewal,1500
PAY010621,M00281,B01,P2,2025-11-05,Renewal,1100
PAY003787,M03787,B04,P5,2025-11-05,New,13500
PAY010667,M03715,B04,P1,2025-11-05,Renewal,1500
PAY010532,M03586,B04,P1,2025-11-05,Renewal,1500
PAY010662,M02678,B03,P5,11/05/2025,Renewal,13500
PAY010659,M00754,B01,P2,2025-11-05,Renewal,1100
PAY010656,M00650,B01,P1,2025-11-05,Renewal,1500
PAY003801,M03801,B04,P1,2025-11-05,New,1500
PAY002948,M02948,B03,P1,11/05/2025,New,1500
PAY010576,M02631,B03,P3,11/06/2025,Renewal,4000
PAY002952,M02952,B03,P1,11/06/2025,New,1500
PAY010533,M03633,B04,P3,2025-11-06,Renewal,4000
PAY010588,M02888,B03,P1,11/06/2025,Renewal,1500
PAY010646,M01742,B02,P4,2025-11-06,Renewal,7500
PAY010518,M04651,B05,P2,2025-11-06,Renewal,1100
PAY010693,M01666,B02,P1,2025-11-06,Renewal,1500
PAY010606,M04577,B05,P3,2025-11-06,Renewal,4000
PAY010514,M02007,B02,P1,2025-11-06,Renewal,1500
PAY010611,M01876,B02,P1,2025-11-06,Renewal,1500
PAY010511,M01847,B02,P4,2025-11-06,Renewal,7500
PAY010524,M01695,B02,P3,2025-11-06,Renewal,4000
PAY010725,M03394,B04,P3,2025-11-07,Renewal,4000
PAY002958,M02958,B03,P3,11/07/2025,New,4000
PAY010717,M02925,B03,P1,11/07/2025,Renewal,1500
PAY004737,M04737,B05,P2,2025-11-07,New,1100
PAY010697,M04117,B05,P3,2025-11-07,Renewal,4000
PAY000810,M00810,B01,P3,2025-11-07,New,4000
PAY010637,M03727,B04,P3,2025-11-07,Renewal,4000
PAY000811,M00811,B01,P3,2025-11-07,New,4000
PAY000820,M00820,B01,P2,2025-11-07,New,1100
PAY010604,M04324,B05,P1,2025-11-07,Renewal,1500
PAY010617,M03310,B04,P5,2025-11-07,Renewal,13500
PAY010605,M04435,B05,P3,2025-11-07,Renewal,4000
PAY010552,M00759,B01,P1,2025-11-07,Renewal,1500
PAY010597,M00197,B01,P3,2025-11-07,Renewal,4000
PAY010560,M04080,B05,P3,2025-11-08,Renewal,4000
PAY010699,M00199,B01,P5,2025-11-08,Renewal,13500
PAY010643,M01191,B02,P3,2025-11-08,Renewal,4000
PAY010564,M00449,B01,P3,2025-11-08,Renewal,4000
PAY010641,M00148,B01,P4,2025-11-08,Renewal,7500
PAY004734,M04734,B05,P5,2025-11-08,New,13500
PAY010684,M04700,B05,P2,2025-11-08,Renewal,1100
PAY010660,M01176,B02,P1,2025-11-08,Renewal,1500
PAY010640,M04521,B05,P3,2025-11-08,Renewal,4000
PAY010682,M03281,B04,P3,2025-11-08,Renewal,4000
PAY002949,M02949,B03,P5,11/08/2025,New,13500
PAY010716,M02920,B03,P1,11/08/2025,Renewal,1500
PAY010548,M00379,B01,P5,2025-11-08,Renewal,13500
PAY010733,M02909,B03,P3,11/08/2025,Renewal,4000
PAY010732,M02603,B03,P3,11/08/2025,Renewal,4000
PAY010723,M01996,B02,P3,2025-11-08,Renewal,4000
PAY010612,M01895,B02,P1,2025-11-08,Renewal,1500
PAY002104,M02104,B02,P5,2025-11-08,New,13500
PAY010668,M04017,B05,P3,2025-11-08,Renewal,4000
PAY010633,M02626,B03,P3,11/08/2025,Renewal,4000
PAY010648,M02082,B02,P1,2025-11-08,Renewal,1500
PAY010565,M00582,B01,P1,2025-11-08,Renewal,1500
PAY010607,M00176,B01,P3,2025-11-09,Renewal,4000
PAY010675,M01348,B02,P3,2025-11-09,Renewal,4000
PAY002122,M02122,B02,P1,2025-11-09,New,1500
PAY002942,M02942,B03,P3,11/09/2025,New,4000
PAY010671,M00383,B01,P1,2025-11-09,Renewal,1500
PAY010670,M00160,B01,P3,2025-11-09,Renewal,4000
PAY010590,M01264,B02,P1,2025-11-09,Renewal,1500
PAY010745,M01988,B02,P3,2025-11-09,Renewal,4000
PAY010744,M01849,B02,P2,2025-11-09,Renewal,1100
PAY010642,M00593,B01,P3,2025-11-09,Renewal,4000
PAY010619,M03781,B04,P1,2025-11-09,Renewal,1500
PAY010628,M01984,B02,P1,2025-11-10,Renewal,1500
PAY010653,M04161,B05,P1,2025-11-10,Renewal,1500
PAY000809,M00809,B01,P3,2025-11-10,New,4000
PAY010636,M03278,B04,P3,2025-11-10,Renewal,4000
PAY010689,M00162,B01,P3,2025-11-10,Renewal,4000
PAY002108,M02108,B02,P5,2025-11-10,New,13500
PAY010647,M01870,B02,P4,2025-11-10,Renewal,7500
PAY010586,M02834,B03,P4,11/10/2025,Renewal,7500
PAY010724,M02497,B03,P3,11/10/2025,Renewal,4000
PAY010596,M00147,B01,P3,2025-11-11,Renewal,4000
PAY003788,M03788,B04,P5,2025-11-11,New,13500
PAY000805,M00805,B01,P2,2025-11-11,New,1100
PAY010592,M02510,B03,P5,11/11/2025,Renewal,13500
PAY010595,M04338,B05,P1,2025-11-11,Renewal,1500
PAY010710,M01690,B02,P1,2025-11-11,Renewal,1500
PAY010709,M00137,B01,P3,2025-11-11,Renewal,4000
PAY010599,M00552,B01,P2,2025-11-11,Renewal,1100
PAY010737,M04631,B05,P3,2025-11-11,Renewal,4000
PAY010593,M03704,B04,P1,2025-11-11,Renewal,1500
PAY010578,M03494,B04,P3,2025-11-11,Renewal,4000
PAY010755,M03988,B05,P1,2025-11-11,Renewal,1500
PAY010747,M00367,B01,P3,2025-11-11,Renewal,4000
PAY010739,M00434,B01,P2,2025-11-11,Renewal,1100
PAY000814,M00814,B01,P1,2025-11-11,New,1500
PAY010575,M00057,B01,P3,2025-11-11,Renewal,4000
PAY004730,M04730,B05,P2,2025-11-11,New,1100
PAY010663,M02911,B03,P3,11/11/2025,Renewal,4000
PAY010652,M04036,B05,P3,2025-11-11,Renewal,4000
PAY010736,M04533,B05,P2,2025-11-12,Renewal,1100
PAY010686,M04716,B05,P1,2025-11-12,Renewal,1500
PAY010661,M01620,B02,P3,2025-11-12,Renewal,4000
PAY010681,M03181,B04,P3,2025-11-12,Renewal,4000
PAY002106,M02106,B02,P5,2025-11-12,New,13500
PAY010702,M01492,B02,P1,2025-11-12,Renewal,1500
PAY010644,M01253,B02,P1,2025-11-12,Renewal,1500
PAY002133,M02133,B02,P3,2025-11-12,New,4000
PAY004733,M04733,B05,P1,2025-11-12,New,1500
PAY010734,M04132,B05,P1,2025-11-12,Renewal,1500
PAY000825,M00825,B01,P3,2025-11-13,New,4000
PAY002953,M02953,B03,P1,11/13/2025,New,1500
PAY010780,M04124,B05,P4,2025-11-13,Renewal,7500
PAY003793,M03793,B04,P4,2025-11-13,New,7500
PAY010627,M01346,B02,P3,2025-11-13,Renewal,4000
PAY010669,M04598,B05,P4,2025-11-13,Renewal,7500
PAY010601,M00635,B01,P1,2025-11-13,Renewal,1500
PAY010691,M01528,B02,P3,2025-11-13,Renewal,4000
PAY010632,M02083,B02,P1,2025-11-13,Renewal,1500
PAY002105,M02105,B02,P1,2025-11-13,New,1500
PAY010616,M02074,B02,P1,2025-11-13,Renewal,1500
PAY010665,M03641,B04,P3,2025-11-13,Renewal,4000
PAY010609,M00474,B01,P3,2025-11-13,Renewal,4000
PAY000818,M00818,B01,P3,2025-11-14,New,4000
PAY010614,M02009,B02,P2,2025-11-14,Renewal,1100
PAY003791,M03791,B04,P5,2025-11-14,New,13500
PAY002120,M02120,B02,P1,2025-11-14,New,1500
PAY010626,M00783,B01,P1,2025-11-14,Renewal,1500
PAY010708,M00037,B01,P1,2025-11-14,Renewal,1500
PAY010766,M02901,B03,P3,11/14/2025,Renewal,4000
PAY002100,M02100,B02,P1,2025-11-14,New,1500
PAY010645,M01378,B02,P3,2025-11-14,Renewal,4000
PAY010678,M01897,B02,P2,2025-11-14,Renewal,1100
PAY010756,M04337,B05,P4,2025-11-14,Renewal,7500
PAY010629,M01985,B02,P3,2025-11-14,Renewal,4000
PAY010685,M04712,B05,P1,2025-11-14,Renewal,1500
PAY010762,M01981,B02,P3,2025-11-14,Renewal,4000
PAY010603,M03334,B04,P3,2025-11-14,Renewal,4000
PAY002127,M02127,B02,P1,2025-11-14,New,1500
PAY010694,M02003,B02,P1,2025-11-14,Renewal,1500
PAY010630,M02002,B02,P1,2025-11-14,Renewal,1500
PAY010731,M02517,B03,P3,11/14/2025,Renewal,4000
PAY000812,M00812,B01,P2,2025-11-14,New,1100
PAY010719,M03624,B04,P1,2025-11-14,Renewal,1500
PAY010771,M04681,B05,P1,2025-11-15,Renewal,1500
PAY010815,M04200,B05,P4,2025-11-15,Renewal,7500
PAY010726,M03618,B04,P1,2025-11-15,Renewal,1500
PAY010664,M03578,B04,P3,2025-11-15,Renewal,4000
PAY004728,M04728,B05,P4,2025-11-15,New,7500
PAY010782,M00298,B01,P3,2025-11-15,Renewal,4000
PAY000817,M00817,B01,P4,2025-11-15,New,7500
PAY010677,M01788,B02,P1,2025-11-15,Renewal,1500
PAY010683,M04113,B05,P4,2025-11-15,Renewal,7500
PAY010749,M01299,B02,P5,2025-11-15,Renewal,13500
PAY002125,M02125,B02,P4,2025-11-15,New,7500
PAY010650,M02760,B03,P3,11/15/2025,Renewal,4000
PAY002109,M02109,B02,P1,2025-11-15,New,1500
PAY010672,M00594,B01,P3,2025-11-15,Renewal,4000
PAY010764,M02701,B03,P3,11/15/2025,Renewal,4000
PAY000822,M00822,B01,P3,2025-11-16,New,4000
PAY002951,M02951,B03,P2,11/16/2025,New,1100
PAY010753,M02617,B03,P1,11/16/2025,Renewal,1500
PAY010718,M03266,B04,P3,2025-11-16,Renewal,4000
PAY010713,M02021,B02,P2,2025-11-16,Renewal,1100
PAY002943,M02943,B03,P3,11/16/2025,New,4000
PAY010760,M01250,B02,P4,2025-11-16,Renewal,7500
PAY010823,M02010,B02,P3,2025-11-16,Renewal,4000
PAY002107,M02107,B02,P2,2025-11-16,New,1100
PAY002124,M02124,B02,P1,2025-11-16,New,1500
PAY010827,M04690,B05,P2,2025-11-16,Renewal,1100
PAY010775,M01995,B02,P3,2025-11-16,Renewal,4000
PAY004732,M04732,B05,P1,2025-11-16,New,1500
PAY010785,M01193,B02,P1,2025-11-16,Renewal,1500
PAY010784,M00780,B01,P2,2025-11-17,Renewal,1100
PAY002957,M02957,B03,P4,11/17/2025,New,7500
PAY010688,M00161,B01,P3,2025-11-17,Renewal,4000
PAY010740,M00697,B01,P3,2025-11-17,Renewal,4000
PAY000821,M00821,B01,P3,2025-11-17,New,4000
PAY004740,M04740,B05,P1,2025-11-17,New,1500
PAY000819,M00819,B01,P1,2025-11-17,New,1500
PAY010812,M02937,B03,P2,11/17/2025,Renewal,1100
PAY010743,M01629,B02,P2,2025-11-17,Renewal,1100
PAY010700,M00248,B01,P4,2025-11-17,Renewal,7500
PAY010802,M01807,B02,P1,2025-11-17,Renewal,1500
PAY010696,M03518,B04,P3,2025-11-17,Renewal,4000
PAY010703,M03164,B04,P3,2025-11-17,Renewal,4000
PAY010705,M03785,B04,P1,2025-11-17,Renewal,1500
PAY002950,M02950,B03,P1,11/17/2025,New,1500
PAY010711,M01749,B02,P4,2025-11-18,Renewal,7500
PAY010729,M01423,B02,P1,2025-11-18,Renewal,1500
PAY002111,M02111,B02,P1,2025-11-18,New,1500
PAY010738,M00356,B01,P3,2025-11-18,Renewal,4000
PAY010828,M00196,B01,P3,2025-11-18,Renewal,4000
PAY010831,M00766,B01,P2,2025-11-18,Renewal,1100
PAY010835,M04576,B05,P3,2025-11-18,Renewal,4000
PAY010750,M02040,B02,P1,2025-11-18,Renewal,1500
PAY010757,M00048,B01,P1,2025-11-18,Renewal,1500
PAY010773,M00426,B01,P3,2025-11-18,Renewal,4000
PAY010813,M03276,B04,P3,2025-11-19,Renewal,4000
PAY010777,M03677,B04,P3,2025-11-19,Renewal,4000
PAY010706,M04596,B05,P3,2025-11-19,Renewal,4000
PAY010840,M01977,B02,P3,2025-11-19,Renewal,4000
PAY010676,M01358,B02,P3,2025-11-19,Renewal,4000
PAY010836,M00175,B01,P4,2025-11-19,Renewal,7500
PAY010712,M01863,B02,P4,2025-11-19,Renewal,7500
PAY002096,M02096,B02,P3,2025-11-19,New,4000
PAY010715,M02643,B03,P2,11/19/2025,Renewal,1100
PAY010720,M03679,B04,P3,2025-11-19,Renewal,4000
PAY010769,M03724,B04,P1,2025-11-19,Renewal,1500
PAY010687,M00020,B01,P1,2025-11-19,Renewal,1500
PAY010728,M00762,B01,P1,2025-11-19,Renewal,1500
PAY010751,M02051,B02,P2,2025-11-19,Renewal,1100
PAY003797,M03797,B04,P3,2025-11-19,New,4000
PAY010817,M04341,B05,P3,2025-11-20,Renewal,4000
PAY003796,M03796,B04,P3,2025-11-20,New,4000
PAY010846,M00785,B01,P1,2025-11-20,Renewal,1500
PAY004729,M04729,B05,P1,2025-11-20,New,1500
PAY002131,M02131,B02,P3,2025-11-20,New,4000
PAY002103,M02103,B02,P5,2025-11-20,New,13500
PAY010768,M03665,B04,P4,2025-11-20,Renewal,7500
PAY010692,M01635,B02,P1,2025-11-20,Renewal,1500
PAY010701,M00778,B01,P4,2025-11-20,Renewal,7500
PAY010714,M02061,B02,P1,2025-11-20,Renewal,1500
PAY010722,M00719,B01,P1,2025-11-20,Renewal,1500
PAY010790,M02842,B03,P3,11/20/2025,Renewal,4000
PAY000804,M00804,B01,P3,2025-11-20,New,4000
PAY010758,M00114,B01,P3,2025-11-20,Renewal,4000
PAY010759,M00638,B01,P3,2025-11-20,Renewal,4000
PAY010763,M02057,B02,P1,2025-11-20,Renewal,1500
PAY010690,M00642,B01,P3,2025-11-20,Renewal,4000
PAY010698,M04648,B05,P2,2025-11-20,Renewal,1100
PAY010886,M04504,B05,P3,2025-11-21,Renewal,4000
PAY010868,M01933,B02,P1,2025-11-21,Renewal,1500
PAY010865,M01510,B02,P3,2025-11-21,Renewal,4000
PAY000808,M00808,B01,P4,2025-11-21,New,7500
PAY010730,M01740,B02,P4,2025-11-21,Renewal,7500
PAY010746,M00188,B01,P4,2025-11-21,Renewal,7500
PAY010843,M02941,B03,P1,11/21/2025,Renewal,1500
PAY010799,M00789,B01,P1,2025-11-21,Renewal,1500
PAY010804,M01899,B02,P3,2025-11-21,Renewal,4000
PAY010826,M04659,B05,P3,2025-11-21,Renewal,4000
PAY010779,M03768,B04,P2,2025-11-21,Renewal,1100
PAY010772,M00343,B01,P3,2025-11-22,Renewal,4000
PAY010748,M00724,B01,P1,2025-11-22,Renewal,1500
PAY010810,M00493,B01,P3,2025-11-22,Renewal,4000
PAY010735,M04431,B05,P4,2025-11-22,Renewal,7500
PAY010786,M01418,B02,P3,2025-11-22,Renewal,4000
PAY010873,M03577,B04,P2,2025-11-22,Renewal,1100
PAY010721,M04097,B05,P1,2025-11-22,Renewal,1500
PAY002097,M02097,B02,P2,2025-11-22,New,1100
PAY010862,M01269,B02,P3,2025-11-22,Renewal,4000
PAY010727,M04280,B05,P1,2025-11-22,Renewal,1500
PAY002954,M02954,B03,P5,11/22/2025,New,13500
PAY010741,M00781,B01,P1,2025-11-23,Renewal,1500
PAY004739,M04739,B05,P1,2025-11-23,New,1500
PAY010752,M02086,B02,P2,2025-11-23,Renewal,1100
PAY010754,M02902,B03,P3,11/23/2025,Renewal,4000
PAY010765,M02702,B03,P4,11/23/2025,Renewal,7500
PAY010767,M02913,B03,P2,11/23/2025,Renewal,1100
PAY000803,M00803,B01,P1,2025-11-23,New,1500
PAY004738,M04738,B05,P5,2025-11-23,New,13500
PAY002135,M02135,B02,P1,2025-11-23,New,1500
PAY010833,M01737,B02,P3,2025-11-23,Renewal,4000
PAY003800,M03800,B04,P1,2025-11-23,New,1500
PAY010854,M02906,B03,P3,11/23/2025,Renewal,4000
PAY010864,M01487,B02,P1,2025-11-23,Renewal,1500
PAY010809,M00402,B01,P3,2025-11-23,Renewal,4000
PAY010878,M01347,B02,P4,2025-11-23,Renewal,7500
PAY010781,M00242,B01,P2,2025-11-23,Renewal,1100
PAY010858,M00227,B01,P3,2025-11-24,Renewal,4000
PAY003795,M03795,B04,P3,2025-11-24,New,4000
PAY010822,M01765,B02,P3,2025-11-24,Renewal,4000
PAY010871,M02868,B03,P1,11/24/2025,Renewal,1500
PAY010791,M03410,B04,P3,2025-11-24,Renewal,4000
PAY010897,M04100,B05,P1,2025-11-24,Renewal,1500
PAY010800,M01307,B02,P3,2025-11-24,Renewal,4000
PAY002946,M02946,B03,P1,11/24/2025,New,1500
PAY010798,M00691,B01,P3,2025-11-24,Renewal,4000
PAY010797,M00132,B01,P4,2025-11-24,Renewal,7500
PAY010770,M04666,B05,P1,2025-11-24,Renewal,1500
PAY010794,M04595,B05,P4,2025-11-24,Renewal,7500
PAY010816,M04316,B05,P4,2025-11-24,Renewal,7500
PAY010896,M02930,B03,P1,11/24/2025,Renewal,1500
PAY002944,M02944,B03,P3,11/24/2025,New,4000
PAY000824,M00824,B01,P1,2025-11-24,New,1500
PAY010742,M01463,B02,P3,2025-11-25,Renewal,4000
PAY004736,M04736,B05,P1,2025-11-25,New,1500
PAY010847,M00791,B01,P4,2025-11-25,Renewal,7500
PAY002101,M02101,B02,P1,2025-11-25,New,1500
PAY002956,M02956,B03,P5,11/25/2025,New,13500
PAY010814,M03484,B04,P3,2025-11-25,Renewal,4000
PAY002955,M02955,B03,P3,11/25/2025,New,4000
PAY010882,M02699,B03,P3,11/25/2025,Renewal,4000
PAY010855,M03176,B04,P3,2025-11-25,Renewal,4000
PAY010943,M02907,B03,P3,11/25/2025,Renewal,4000
PAY010870,M02655,B03,P3,11/25/2025,Renewal,4000
PAY010895,M02755,B03,P3,11/25/2025,Renewal,4000
PAY010787,M01612,B02,P4,2025-11-25,Renewal,7500
PAY010774,M00747,B01,P1,2025-11-26,Renewal,1500
PAY010952,M00802,B01,P1,2025-11-26,Renewal,1500
PAY010789,M01819,B02,P1,2025-11-26,Renewal,1500
PAY010805,M02814,B03,P1,11/26/2025,Renewal,1500
PAY010850,M01892,B02,P3,2025-11-26,Renewal,4000
PAY010825,M02848,B03,P4,11/26/2025,Renewal,7500
PAY010867,M01900,B02,P3,2025-11-26,Renewal,4000
PAY010792,M03434,B04,P3,2025-11-26,Renewal,4000
PAY010832,M01313,B02,P1,2025-11-26,Renewal,1500
PAY004735,M04735,B05,P5,2025-11-26,New,13500
PAY000806,M00806,B01,P1,2025-11-26,New,1500
PAY002132,M02132,B02,P3,2025-11-26,New,4000
PAY002110,M02110,B02,P3,2025-11-26,New,4000
PAY002123,M02123,B02,P1,2025-11-26,New,1500
PAY002121,M02121,B02,P3,2025-11-26,New,4000
PAY002116,M02116,B02,P4,2025-11-26,New,7500
PAY010761,M01525,B02,P1,2025-11-26,Renewal,1500
PAY003789,M03789,B04,P2,2025-11-26,New,1100
PAY002119,M02119,B02,P2,2025-11-26,New,1100
PAY010918,M02938,B03,P1,11/27/2025,Renewal,1500
PAY010938,M02059,B02,P2,2025-11-27,Renewal,1100
PAY010937,M02055,B02,P1,2025-11-27,Renewal,1500
PAY002947,M02947,B03,P3,11/27/2025,New,4000
PAY010894,M02671,B03,P3,11/27/2025,Renewal,4000
PAY010893,M02062,B02,P2,2025-11-27,Renewal,1100
PAY010853,M02861,B03,P1,11/27/2025,Renewal,1500
PAY010888,M04722,B05,P1,2025-11-27,Renewal,1500
PAY010930,M01758,B02,P3,2025-11-27,Renewal,4000
PAY010820,M00739,B01,P1,2025-11-27,Renewal,1500
PAY010807,M03756,B04,P1,2025-11-27,Renewal,1500
PAY010806,M02903,B03,P3,11/27/2025,Renewal,4000
PAY002098,M02098,B02,P1,2025-11-27,New,1500
PAY002102,M02102,B02,P5,2025-11-27,New,13500
PAY010795,M04656,B05,P1,2025-11-27,Renewal,1500
PAY010788,M01693,B02,P4,2025-11-27,Renewal,7500
PAY002113,M02113,B02,P1,2025-11-27,New,1500
PAY010962,M00168,B01,P1,2025-11-27,Renewal,1500
PAY002126,M02126,B02,P2,2025-11-27,New,1100
PAY010965,M01232,B02,P4,2025-11-27,Renewal,7500
PAY010940,M02846,B03,P2,11/28/2025,Renewal,1100
PAY010935,M02025,B02,P2,2025-11-28,Renewal,1100
PAY010963,M00264,B01,P3,2025-11-28,Renewal,4000
PAY010969,M04661,B05,P1,2025-11-28,Renewal,1500
PAY010944,M03208,B04,P3,2025-11-28,Renewal,4000
PAY010959,M03799,B04,P2,2025-11-28,Renewal,1100
PAY010934,M02017,B02,P1,2025-11-28,Renewal,1500
PAY010948,M04680,B05,P1,2025-11-28,Renewal,1500
PAY010970,M00070,B01,P3,2025-11-28,Renewal,4000
PAY003798,M03798,B04,P2,2025-11-28,New,1100
PAY010829,M00646,B01,P4,2025-11-28,Renewal,7500
PAY010901,M01893,B02,P4,2025-11-28,Renewal,7500
PAY010857,M03738,B04,P3,2025-11-28,Renewal,4000
PAY010856,M03528,B04,P1,2025-11-28,Renewal,1500
PAY010844,M04725,B05,P1,2025-11-28,Renewal,1500
PAY010839,M01927,B02,P1,2025-11-28,Renewal,1500
PAY010974,M01526,B02,P3,2025-11-28,Renewal,4000
PAY010803,M01811,B02,P1,2025-11-28,Renewal,1500
PAY010801,M01616,B02,P3,2025-11-28,Renewal,4000
PAY010778,M03744,B04,P3,2025-11-28,Renewal,4000
PAY010776,M02623,B03,P1,11/28/2025,Renewal,1500
PAY000815,M00815,B01,P1,2025-11-28,New,1500
PAY004731,M04731,B05,P2,2025-11-28,New,1100
PAY000823,M00823,B01,P4,2025-11-28,New,7500
PAY002130,M02130,B02,P4,2025-11-28,New,7500
PAY010923,M00296,B01,P3,2025-11-28,Renewal,4000
PAY010978,M02134,B02,P1,2025-11-28,Renewal,1500
PAY010936,M02037,B02,P2,2025-11-28,Renewal,1100
PAY010783,M00411,B01,P3,2025-11-29,Renewal,4000
PAY010848,M01746,B02,P1,2025-11-29,Renewal,1500
PAY010852,M02601,B03,P3,11/29/2025,Renewal,4000
PAY010960,M04447,B05,P3,2025-11-29,Renewal,4000
PAY010866,M01714,B02,P4,2025-11-29,Renewal,7500
PAY010881,M02679,B03,P1,11/29/2025,Renewal,1500
PAY000813,M00813,B01,P1,2025-11-29,New,1500
PAY010985,M00274,B01,P1,2025-11-29,Renewal,1500
PAY010909,M04675,B05,P1,2025-11-29,Renewal,1500
PAY010838,M00555,B01,P1,2025-11-29,Renewal,1500
PAY010808,M04329,B05,P4,2025-11-29,Renewal,7500
PAY002129,M02129,B02,P3,2025-11-29,New,4000
PAY010793,M03672,B04,P1,2025-11-29,Renewal,1500
PAY003786,M03786,B04,P2,2025-11-29,New,1100
PAY010796,M04721,B05,P1,2025-11-29,Renewal,1500
PAY010917,M02668,B03,P4,11/29/2025,Renewal,7500
PAY010916,M02085,B02,P2,2025-11-30,Renewal,1100
PAY010842,M02001,B02,P1,2025-11-30,Renewal,1500
PAY010845,M00669,B01,P2,2025-11-30,Renewal,1100
PAY010996,M00281,B01,P2,2025-11-30,Renewal,1100
PAY002114,M02114,B02,P3,2025-11-30,New,4000
PAY011011,M04588,B05,P3,2025-11-30,Renewal,4000
PAY010872,M03117,B04,P4,2025-11-30,Renewal,7500
PAY010906,M03699,B04,P3,2025-11-30,Renewal,4000
PAY002099,M02099,B02,P2,2025-11-30,New,1100
PAY010939,M02602,B03,P1,11/30/2025,Renewal,1500
PAY010900,M01391,B02,P2,2025-11-30,Renewal,1100
PAY002118,M02118,B02,P1,2025-11-30,New,1500
PAY010837,M00307,B01,P3,2025-11-30,Renewal,4000
PAY010956,M02027,B02,P3,2025-12-01,Renewal,4000
PAY010976,M01973,B02,P1,2025-12-01,Renewal,1500
PAY004757,M04757,B05,P2,2025-12-01,New,1100
PAY000853,M00853,B01,P4,2025-12-01,New,7500
PAY011004,M01258,B02,P3,2025-12-01,Renewal,4000
PAY010811,M01965,B02,P1,2025-12-01,Renewal,1500
PAY010971,M00338,B01,P1,2025-12-01,Renewal,1500
PAY004748,M04748,B05,P5,2025-12-01,New,13500
PAY004744,M04744,B05,P3,2025-12-01,New,4000
PAY010905,M02899,B03,P3,12/01/2025,Renewal,4000
PAY010818,M00067,B01,P3,2025-12-01,Renewal,4000
PAY010892,M02016,B02,P1,2025-12-01,Renewal,1500
PAY010879,M01617,B02,P3,2025-12-01,Renewal,4000
PAY003814,M03814,B04,P3,2025-12-01,New,4000
PAY010988,M00731,B01,P2,2025-12-01,Renewal,1100
PAY010942,M02877,B03,P1,12/01/2025,Renewal,1500
PAY010961,M04685,B05,P1,2025-12-01,Renewal,1500
PAY010951,M00498,B01,P1,2025-12-01,Renewal,1500
PAY010834,M04573,B05,P4,2025-12-01,Renewal,7500
PAY011018,M02952,B03,P1,12/01/2025,Renewal,1500
PAY010851,M01983,B02,P2,2025-12-01,Renewal,1100
PAY010863,M01455,B02,P1,2025-12-01,Renewal,1500
PAY011015,M01905,B02,P3,2025-12-01,Renewal,4000
PAY010981,M03644,B04,P2,2025-12-02,Renewal,1100
PAY003813,M03813,B04,P1,2025-12-02,New,1500
PAY011001,M00754,B01,P2,2025-12-02,Renewal,1100
PAY010919,M03737,B04,P3,2025-12-02,Renewal,4000
PAY010824,M02067,B02,P1,2025-12-02,Renewal,1500
PAY010907,M03994,B05,P2,2025-12-02,Renewal,1100
PAY011016,M02007,B02,P1,2025-12-02,Renewal,1500
PAY010924,M00428,B01,P1,2025-12-02,Renewal,1500
PAY002964,M02964,B03,P5,12/02/2025,New,13500
PAY010821,M01335,B02,P2,2025-12-02,Renewal,1100
PAY010819,M00458,B01,P2,2025-12-02,Renewal,1100
PAY010875,M00545,B01,P1,2025-12-02,Renewal,1500
PAY010876,M00617,B01,P4,2025-12-02,Renewal,7500
PAY010904,M02020,B02,P1,2025-12-02,Renewal,1500
PAY010994,M01880,B02,P3,2025-12-02,Renewal,4000
PAY010880,M01886,B02,P3,2025-12-02,Renewal,4000
PAY010860,M00606,B01,P1,2025-12-02,Renewal,1500
PAY000846,M00846,B01,P3,2025-12-02,New,4000
PAY010912,M00705,B01,P1,2025-12-03,Renewal,1500
PAY010830,M00706,B01,P1,2025-12-03,Renewal,1500
PAY010911,M00684,B01,P2,2025-12-03,Renewal,1100
PAY010887,M04679,B05,P1,2025-12-03,Renewal,1500
PAY010891,M01609,B02,P3,2025-12-03,Renewal,4000
PAY002172,M02172,B02,P1,2025-12-03,New,1500
PAY003817,M03817,B04,P5,2025-12-03,New,13500
PAY010861,M00771,B01,P1,2025-12-03,Renewal,1500
PAY010902,M01980,B02,P1,2025-12-03,Renewal,1500
PAY002967,M02967,B03,P5,12/03/2025,New,13500
PAY011000,M00650,B01,P1,2025-12-03,Renewal,1500
PAY010920,M04087,B05,P1,2025-12-03,Renewal,1500
PAY010933,M01937,B02,P3,2025-12-03,Renewal,4000
PAY010975,M01652,B02,P1,2025-12-03,Renewal,1500
PAY010992,M01377,B02,P4,2025-12-03,Renewal,7500
PAY010922,M04691,B05,P1,2025-12-04,Renewal,1500
PAY010849,M01883,B02,P3,2025-12-04,Renewal,4000
PAY010915,M01573,B02,P3,2025-12-04,Renewal,4000
PAY010869,M02013,B02,P2,2025-12-04,Renewal,1100
PAY002157,M02157,B02,P5,2025-12-04,New,13500
PAY010890,M01210,B02,P3,2025-12-04,Renewal,4000
PAY011020,M00322,B01,P4,2025-12-04,Renewal,7500
PAY010883,M02858,B03,P2,12/04/2025,Renewal,1100
PAY010941,M02849,B03,P1,12/04/2025,Renewal,1500
PAY010841,M02000,B02,P1,2025-12-04,Renewal,1500
PAY010859,M00526,B01,P4,2025-12-05,Renewal,7500
PAY010877,M00622,B01,P1,2025-12-05,Renewal,1500
PAY010921,M04566,B05,P3,2025-12-05,Renewal,4000
PAY010982,M04553,B05,P3,2025-12-05,Renewal,4000
PAY010884,M03670,B04,P1,2025-12-05,Renewal,1500
PAY011037,M01176,B02,P1,2025-12-05,Renewal,1500
PAY010925,M00634,B01,P1,2025-12-05,Renewal,1500
PAY000841,M00841,B01,P1,2025-12-05,New,1500
PAY002158,M02158,B02,P5,2025-12-05,New,13500
PAY000845,M00845,B01,P1,2025-12-05,New,1500
PAY010967,M01359,B02,P4,2025-12-05,Renewal,7500
PAY010885,M03780,B04,P3,2025-12-06,Renewal,4000
PAY010932,M01919,B02,P2,2025-12-06,Renewal,1100
PAY010929,M01636,B02,P1,2025-12-06,Renewal,1500
PAY003819,M03819,B04,P3,2025-12-06,New,4000
PAY011076,M04730,B05,P2,2025-12-06,Renewal,1100
PAY010874,M00203,B01,P1,2025-12-06,Renewal,1500
PAY010989,M00745,B01,P3,2025-12-06,Renewal,4000
PAY002174,M02174,B02,P2,2025-12-06,New,1100
PAY010898,M04114,B05,P3,2025-12-06,Renewal,4000
PAY010991,M01259,B02,P2,2025-12-06,Renewal,1100
PAY002961,M02961,B03,P3,12/06/2025,New,4000
PAY010908,M04427,B05,P3,2025-12-06,Renewal,4000
PAY010910,M00560,B01,P1,2025-12-06,Renewal,1500
PAY011041,M02920,B03,P1,12/06/2025,Renewal,1500
PAY011053,M03686,B04,P4,2025-12-06,Renewal,7500
PAY011054,M04382,B05,P3,2025-12-06,Renewal,4000
PAY004750,M04750,B05,P3,2025-12-06,New,4000
PAY004754,M04754,B05,P3,2025-12-06,New,4000
PAY011010,M03715,B04,P3,2025-12-07,Renewal,4000
PAY000829,M00829,B01,P3,2025-12-07,New,4000
PAY011050,M01849,B02,P2,2025-12-07,Renewal,1100
PAY000840,M00840,B01,P1,2025-12-07,New,1500
PAY010889,M01159,B02,P3,2025-12-07,Renewal,4000
PAY010903,M01994,B02,P1,2025-12-07,Renewal,1500
PAY010987,M00729,B01,P4,2025-12-07,Renewal,7500
PAY000839,M00839,B01,P1,2025-12-07,New,1500
PAY011021,M00759,B01,P1,2025-12-07,Renewal,1500
PAY010914,M00732,B01,P1,2025-12-07,Renewal,1500
PAY010958,M03708,B04,P1,2025-12-07,Renewal,1500
PAY010947,M04662,B05,P3,2025-12-07,Renewal,4000
PAY010926,M00639,B01,P3,2025-12-07,Renewal,4000
PAY002159,M02159,B02,P4,2025-12-07,New,7500
PAY010945,M03778,B04,P1,2025-12-07,Renewal,1500
PAY011068,M01496,B02,P2,2025-12-08,Renewal,1100
PAY010997,M00505,B01,P3,2025-12-08,Renewal,4000
PAY010977,M01976,B02,P1,2025-12-08,Renewal,1500
PAY011082,M01624,B02,P3,2025-12-08,Renewal,4000
PAY010899,M04657,B05,P3,2025-12-08,Renewal,4000
PAY010928,M01405,B02,P3,2025-12-08,Renewal,4000
PAY011003,M00816,B01,P1,2025-12-08,Renewal,1500
PAY010964,M00678,B01,P4,2025-12-08,Renewal,7500
PAY011061,M04161,B05,P1,2025-12-08,Renewal,1500
PAY011077,M00262,B01,P3,2025-12-08,Renewal,4000
PAY011030,M04324,B05,P1,2025-12-08,Renewal,1500
PAY011027,M02925,B03,P1,12/08/2025,Renewal,1500
PAY010949,M00395,B01,P5,2025-12-09,Renewal,13500
PAY011099,M04248,B05,P4,2025-12-09,Renewal,7500
PAY011098,M04086,B05,P4,2025-12-09,Renewal,7500
PAY010946,M04298,B05,P1,2025-12-09,Renewal,1500
PAY010983,M00076,B01,P1,2025-12-09,Renewal,1500
PAY011042,M03116,B04,P3,2025-12-09,Renewal,4000
PAY002167,M02167,B02,P3,2025-12-09,New,4000
PAY011044,M04514,B05,P3,2025-12-09,Renewal,4000
PAY010953,M01224,B02,P1,2025-12-09,Renewal,1500
PAY011029,M04060,B05,P3,2025-12-09,Renewal,4000
PAY002166,M02166,B02,P3,2025-12-09,New,4000
PAY002162,M02162,B02,P5,2025-12-09,New,13500
PAY010979,M02704,B03,P1,12/09/2025,Renewal,1500
PAY010913,M00726,B01,P3,2025-12-09,Renewal,4000
PAY011064,M00235,B01,P4,2025-12-09,Renewal,7500
PAY011063,M00182,B01,P1,2025-12-09,Renewal,1500
PAY002146,M02146,B02,P3,2025-12-09,New,4000
PAY002151,M02151,B02,P3,2025-12-09,New,4000
PAY002145,M02145,B02,P4,2025-12-09,New,7500
PAY011012,M01482,B02,P2,2025-12-09,Renewal,1100
PAY003809,M03809,B04,P4,2025-12-09,New,7500
PAY011058,M02918,B03,P2,12/10/2025,Renewal,1100
PAY000831,M00831,B01,P4,2025-12-10,New,7500
PAY004756,M04756,B05,P3,2025-12-10,New,4000
PAY002139,M02139,B02,P3,2025-12-10,New,4000
PAY010968,M03219,B04,P4,2025-12-10,Renewal,7500
PAY004742,M04742,B05,P3,2025-12-10,New,4000
PAY004741,M04741,B05,P4,2025-12-10,New,7500
PAY000827,M00827,B01,P3,2025-12-10,New,4000
PAY003805,M03805,B04,P2,2025-12-10,New,1100
PAY003818,M03818,B04,P3,2025-12-10,New,4000
PAY011055,M00257,B01,P3,2025-12-10,Renewal,4000
PAY011007,M02128,B02,P1,2025-12-10,Renewal,1500
PAY000842,M00842,B01,P3,2025-12-10,New,4000
PAY011005,M01997,B02,P2,2025-12-10,Renewal,1100
PAY010955,M01732,B02,P3,2025-12-10,Renewal,4000
PAY010998,M00525,B01,P3,2025-12-10,Renewal,4000
PAY000834,M00834,B01,P1,2025-12-10,New,1500
PAY011019,M04651,B05,P2,2025-12-10,Renewal,1100
PAY010950,M00417,B01,P5,2025-12-10,Renewal,13500
PAY002163,M02163,B02,P1,2025-12-11,New,1500
PAY011051,M02122,B02,P1,2025-12-11,Renewal,1500
PAY011101,M00783,B01,P1,2025-12-11,Renewal,1500
PAY011127,M02124,B02,P1,2025-12-11,Renewal,1500
PAY011070,M01690,B02,P1,2025-12-11,Renewal,1500
PAY011109,M02127,B02,P3,2025-12-11,Renewal,4000
PAY011057,M01984,B02,P1,2025-12-11,Renewal,1500
PAY004758,M04758,B05,P1,2025-12-11,New,1500
PAY010931,M01896,B02,P3,2025-12-11,Renewal,4000
PAY004745,M04745,B05,P3,2025-12-11,New,4000
PAY010984,M00200,B01,P4,2025-12-11,Renewal,7500
PAY011006,M02117,B02,P1,2025-12-11,Renewal,1500
PAY011066,M00805,B01,P2,2025-12-11,Renewal,1100
PAY010954,M01392,B02,P3,2025-12-11,Renewal,4000
PAY011008,M02948,B03,P1,12/11/2025,Renewal,1500
PAY011013,M01503,B02,P3,2025-12-11,Renewal,4000
PAY010927,M00725,B01,P3,2025-12-11,Renewal,4000
PAY002152,M02152,B02,P3,2025-12-12,New,4000
PAY011022,M00820,B01,P2,2025-12-12,Renewal,1100
PAY011084,M03688,B04,P3,2025-12-12,Renewal,4000
PAY011085,M04132,B05,P1,2025-12-12,Renewal,1500
PAY011023,M01621,B02,P3,2025-12-12,Renewal,4000
PAY011097,M02872,B03,P3,12/12/2025,Renewal,4000
PAY011028,M03305,B04,P4,2025-12-12,Renewal,7500
PAY011122,M01193,B02,P1,2025-12-12,Renewal,1500
PAY002143,M02143,B02,P1,2025-12-12,New,1500
PAY000833,M00833,B01,P1,2025-12-12,New,1500
PAY010972,M00477,B01,P3,2025-12-12,Renewal,4000
PAY010999,M00587,B01,P2,2025-12-12,Renewal,1100
PAY010957,M02841,B03,P3,12/12/2025,Renewal,4000
PAY010986,M00630,B01,P2,2025-12-12,Renewal,1100
PAY011009,M03586,B04,P1,2025-12-12,Renewal,1500
PAY011049,M01264,B02,P1,2025-12-12,Renewal,1500
PAY011123,M01373,B02,P3,2025-12-12,Renewal,4000
PAY011113,M01254,B02,P3,2025-12-13,Renewal,4000
PAY003812,M03812,B04,P3,2025-12-13,New,4000
PAY003820,M03820,B04,P3,2025-12-13,New,4000
PAY002154,M02154,B02,P1,2025-12-13,New,1500
PAY000837,M00837,B01,P1,2025-12-13,New,1500
PAY011108,M02120,B02,P1,2025-12-13,Renewal,1500
PAY002142,M02142,B02,P1,2025-12-13,New,1500
PAY011134,M01629,B02,P2,2025-12-13,Renewal,1100
PAY010980,M02870,B03,P3,12/13/2025,Renewal,4000
PAY011110,M03277,B04,P3,2025-12-13,Renewal,4000
PAY011048,M00661,B01,P3,2025-12-13,Renewal,4000
PAY011079,M01163,B02,P1,2025-12-13,Renewal,1500
PAY011103,M01805,B02,P3,2025-12-13,Renewal,4000
PAY011090,M00657,B01,P3,2025-12-13,Renewal,4000
PAY002963,M02963,B03,,12/13/2025,New,13500
PAY010966,M01287,B02,P5,2025-12-13,Renewal,13500
PAY010990,M01204,B02,P3,2025-12-13,Renewal,4000
PAY011032,M04360,B05,P4,2025-12-13,Renewal,7500
PAY011139,M00048,B01,P1,2025-12-14,Renewal,1500
PAY011069,M01686,B02,P3,2025-12-14,Renewal,4000
PAY011078,M00774,B01,P3,2025-12-14,Renewal,4000
PAY003807,M03807,B04,P1,2025-12-14,New,1500
PAY011081,M01492,B02,P1,2025-12-14,Renewal,1500
PAY002971,M02971,B03,P1,12/14/2025,New,1500
PAY010995,M02072,B02,P1,2025-12-14,Renewal,1500
PAY010993,M01406,B02,P2,2025-12-14,Renewal,1100
PAY011087,M04733,B05,P1,2025-12-14,Renewal,1500
PAY011036,M00582,B01,P1,2025-12-14,Renewal,1500
PAY011043,M03600,B04,P4,2025-12-14,Renewal,7500
PAY002147,M02147,B02,P4,2025-12-14,New,7500
PAY010973,M00748,B01,P3,2025-12-14,Renewal,4000
PAY011125,M02036,B02,P3,2025-12-14,Renewal,4000
PAY002962,M02962,B03,P2,12/14/2025,New,1100
PAY011167,M04729,B05,P1,2025-12-15,Renewal,1500
PAY011071,M03292,B04,P5,2025-12-15,Renewal,13500
PAY011140,M00766,B01,P2,2025-12-15,Renewal,1100
PAY011151,M00284,B01,P3,2025-12-15,Renewal,4000
PAY003808,M03808,B04,P3,2025-12-15,New,4000
PAY011162,M02057,B02,P4,2025-12-15,Renewal,7500
PAY002164,M02164,B02,P2,2025-12-15,New,1100
PAY011014,M01564,B02,P3,2025-12-16,Renewal,4000
PAY011080,M01253,B02,P1,2025-12-16,Renewal,1500
PAY011136,M03134,B04,P5,2025-12-16,Renewal,13500
PAY011146,M04111,B05,P5,2025-12-16,Renewal,13500
PAY002149,M02149,B02,P1,2025-12-16,New,1500
PAY011062,M04190,B05,P3,2025-12-16,Renewal,4000
PAY011035,M00485,B01,P3,2025-12-16,Renewal,4000
PAY011130,M04466,B05,P3,2025-12-16,Renewal,4000
PAY000850,M00850,B01,P3,2025-12-16,New,4000
PAY011002,M00799,B01,P1,2025-12-16,Renewal,1500
PAY002969,M02969,B03,P3,12/16/2025,New,4000
PAY011121,M00668,B01,P3,2025-12-16,Renewal,4000
PAY011185,M04272,B05,P3,2025-12-17,Renewal,4000
PAY011025,M02654,B03,P3,12/17/2025,Renewal,4000
PAY011157,M03724,B04,P1,2025-12-17,Renewal,1500
PAY000848,M00848,B01,P1,2025-12-17,New,1500
PAY011034,M00229,B01,P3,2025-12-17,Renewal,4000
PAY011107,M02009,B02,P2,2025-12-17,Renewal,1100
PAY011120,M04614,B05,P4,2025-12-17,Renewal,7500
PAY011124,M02021,B02,P2,2025-12-17,Renewal,1100
PAY011031,M04350,B05,P2,2025-12-17,Renewal,1100
PAY011017,M02916,B03,P3,12/17/2025,Renewal,4000
PAY002140,M02140,B02,P4,2025-12-17,New,7500
PAY002165,M02165,B02,P3,2025-12-17,New,4000
PAY011065,M00434,B01,P2,2025-12-17,Renewal,1100
PAY011171,M01933,B02,P1,2025-12-18,Renewal,1500
PAY011083,M01922,B02,P4,2025-12-18,Renewal,7500
PAY011024,M02026,B02,P3,2025-12-18,Renewal,4000
PAY011059,M03689,B04,P3,2025-12-18,Renewal,4000
PAY011026,M02726,B03,P3,12/18/2025,Renewal,4000
PAY011073,M03704,B04,P1,2025-12-18,Renewal,1500
PAY002144,M02144,B02,P1,2025-12-18,New,1500
PAY011177,M04599,B05,P3,2025-12-18,Renewal,4000
PAY011175,M02941,B03,P1,12/18/2025,Renewal,1500
PAY011046,M00383,B01,P1,2025-12-18,Renewal,1500
PAY011045,M04687,B05,P3,2025-12-18,Renewal,4000
PAY011040,M02675,B03,P3,12/18/2025,Renewal,4000
PAY011132,M00819,B01,P1,2025-12-18,Renewal,1500
PAY011119,M03618,B04,P1,2025-12-18,Renewal,1500
PAY011038,M01822,B02,P1,2025-12-18,Renewal,1500
PAY011033,M04737,B05,P2,2025-12-18,Renewal,1100
PAY011138,M04740,B05,P1,2025-12-18,Renewal,1500
PAY011112,M04712,B05,P3,2025-12-18,Renewal,4000
PAY011147,M04270,B05,P3,2025-12-18,Renewal,4000
PAY011075,M04454,B05,P3,2025-12-19,Renewal,4000
PAY011188,M00150,B01,P3,2025-12-19,Renewal,4000
PAY003815,M03815,B04,P5,2025-12-19,New,13500
PAY011092,M01925,B02,P4,2025-12-19,Renewal,7500
PAY000847,M00847,B01,P4,2025-12-19,New,7500
PAY011131,M04690,B05,P2,2025-12-19,Renewal,1100
PAY011111,M03624,B04,P1,2025-12-19,Renewal,1500
PAY011096,M02587,B03,P3,12/19/2025,Renewal,4000
PAY011180,M01315,B02,P5,2025-12-19,Renewal,13500
PAY000830,M00830,B01,P3,2025-12-19,New,4000
PAY011086,M04533,B05,P2,2025-12-19,Renewal,1100
PAY011067,M00814,B01,P1,2025-12-19,Renewal,1500
PAY011039,M02082,B02,P1,2025-12-19,Renewal,1500
PAY002960,M02960,B03,P3,12/19/2025,New,4000
PAY011182,M02097,B02,P2,2025-12-19,Renewal,1100
PAY011072,M03314,B04,P3,2025-12-20,Renewal,4000
PAY002973,M02973,B03,P4,12/20/2025,New,7500
PAY011074,M04338,B05,P3,2025-12-20,Renewal,4000
PAY011208,M03311,B04,P1,2025-12-20,Renewal,1500
PAY011221,M04736,B05,P1,2025-12-20,Renewal,1500
PAY002153,M02153,B02,P3,2025-12-20,New,4000
PAY011135,M02950,B03,P1,12/20/2025,Renewal,1500
PAY011141,M01423,B02,P1,2025-12-20,Renewal,1500
PAY000832,M00832,B01,P5,2025-12-20,New,13500
PAY011118,M02109,B02,P1,2025-12-20,Renewal,1500
PAY011214,M01890,B02,P3,2025-12-20,Renewal,4000
PAY011047,M00640,B01,P4,2025-12-20,Renewal,7500
PAY003811,M03811,B04,P3,2025-12-20,New,4000
PAY011176,M04027,B05,P4,2025-12-20,Renewal,7500
PAY000852,M00852,B01,P1,2025-12-20,New,1500
PAY011117,M02046,B02,P3,2025-12-20,Renewal,4000
PAY011060,M03700,B04,P3,2025-12-20,Renewal,4000
PAY011218,M02929,B03,P3,12/20/2025,Renewal,4000
PAY004751,M04751,B05,P4,2025-12-20,New,7500
PAY011052,M03429,B04,P3,2025-12-20,Renewal,4000
PAY004759,M04759,B05,P1,2025-12-20,New,1500
PAY011056,M01527,B02,P3,2025-12-20,Renewal,4000
PAY011145,M02865,B03,P3,12/21/2025,Renewal,4000
PAY002170,M02170,B02,P3,2025-12-21,New,4000
PAY011091,M01301,B02,P4,2025-12-21,Renewal,7500
PAY000826,M00826,B01,P2,2025-12-21,New,1100
PAY011089,M00635,B01,P1,2025-12-21,Renewal,1500
PAY011093,M02074,B02,P3,2025-12-21,Renewal,4000
PAY011144,M02801,B03,P3,12/21/2025,Renewal,4000
PAY011106,M02003,B02,P1,2025-12-21,Renewal,1500
PAY011187,M00120,B01,P3,2025-12-21,Renewal,4000
PAY003806,M03806,B04,P5,2025-12-21,New,13500
PAY011169,M01520,B02,P5,2025-12-21,Renewal,13500
PAY011104,M01897,B02,P2,2025-12-21,Renewal,1100
PAY011198,M02913,B03,P2,12/21/2025,Renewal,1100
PAY002959,M02959,B03,P1,12/21/2025,New,1500
PAY011100,M00549,B01,P3,2025-12-22,Renewal,4000
PAY002156,M02156,B02,P1,2025-12-22,New,1500
PAY011105,M02002,B02,P1,2025-12-22,Renewal,1500
PAY002171,M02171,B02,P5,2025-12-22,New,13500
PAY004753,M04753,B05,P4,2025-12-22,New,7500
PAY011094,M02083,B02,P1,2025-12-22,Renewal,1500
PAY011158,M04056,B05,P4,2025-12-22,Renewal,7500
PAY011173,M02716,B03,P3,12/22/2025,Renewal,4000
PAY002966,M02966,B03,P1,12/22/2025,New,1500
PAY002137,M02137,B02,P3,2025-12-22,New,4000
PAY011088,M00362,B01,P3,2025-12-22,Renewal,4000
PAY011225,M00806,B01,P1,2025-12-22,Renewal,1500
PAY011242,M01939,B02,P4,2025-12-22,Renewal,7500
PAY011211,M04666,B05,P1,2025-12-22,Renewal,1500
PAY011137,M03785,B04,P1,2025-12-22,Renewal,1500
PAY011160,M00785,B01,P1,2025-12-22,Renewal,1500
PAY011250,M02938,B03,P1,12/22/2025,Renewal,1500
PAY011155,M03383,B04,P3,2025-12-23,Renewal,4000
PAY011246,M02098,B02,P1,2025-12-23,Renewal,1500
PAY011190,M00403,B01,P4,2025-12-23,Renewal,7500
PAY011210,M04601,B05,P3,2025-12-23,Renewal,4000
PAY011192,M00781,B01,P1,2025-12-23,Renewal,1500
PAY011095,M02105,B02,P1,2025-12-23,Renewal,1500
PAY011114,M01563,B02,P5,2025-12-23,Renewal,13500
PAY000844,M00844,B01,P3,2025-12-23,New,4000
PAY011142,M01800,B02,P3,2025-12-23,Renewal,4000
PAY011181,M01909,B02,P4,2025-12-23,Renewal,7500
PAY011203,M00824,B01,P1,2025-12-23,Renewal,1500
PAY011102,M00812,B01,P2,2025-12-23,Renewal,1100
PAY002173,M02173,B02,P3,2025-12-24,New,4000
PAY011240,M01791,B02,P1,2025-12-24,Renewal,1500
PAY011247,M02113,B02,P1,2025-12-24,Renewal,1500
PAY002141,M02141,B02,P3,2025-12-24,New,4000
PAY002136,M02136,B02,P5,2025-12-24,New,13500
PAY011126,M02107,B02,P2,2025-12-24,Renewal,1100
PAY011245,M02062,B02,P2,2025-12-24,Renewal,1100
PAY011235,M00664,B01,P3,2025-12-24,Renewal,4000
PAY011156,M03401,B04,P3,2025-12-24,Renewal,4000
PAY011206,M02930,B03,P1,12/24/2025,Renewal,1500
PAY000843,M00843,B01,P4,2025-12-24,New,7500
PAY011163,M03318,B04,P4,2025-12-24,Renewal,7500
PAY011159,M00719,B01,P1,2025-12-24,Renewal,1500
PAY011229,M02119,B02,P2,2025-12-24,Renewal,1100
PAY011153,M00762,B01,P1,2025-12-24,Renewal,1500
PAY011212,M01410,B02,P3,2025-12-25,Renewal,4000
PAY011271,M02044,B02,P3,2025-12-25,Renewal,4000
PAY011186,M04684,B05,P3,2025-12-25,Renewal,4000
PAY011143,M02111,B02,P1,2025-12-25,Renewal,1500
PAY011174,M02765,B03,P3,12/25/2025,Renewal,4000
PAY011278,M00669,B01,P5,2025-12-25,Renewal,13500
PAY011197,M02135,B02,P1,2025-12-25,Renewal,1500
PAY011266,M00555,B01,P1,2025-12-25,Renewal,1500
PAY011165,M04648,B05,P2,2025-12-25,Renewal,1100
PAY011115,M01788,B02,P1,2025-12-25,Renewal,1500
PAY011133,M01486,B02,P3,2025-12-25,Renewal,4000
PAY011255,M00761,B01,P3,2025-12-25,Renewal,4000
PAY011274,M03701,B04,P4,2025-12-25,Renewal,7500
PAY011275,M03786,B04,P2,2025-12-25,Renewal,1100
PAY011129,M04210,B05,P4,2025-12-26,Renewal,7500
PAY011193,M01487,B02,P1,2025-12-26,Renewal,1500
PAY011202,M00681,B01,P4,2025-12-26,Renewal,7500
PAY011150,M00020,B01,P1,2025-12-26,Renewal,1500
PAY011258,M02037,B02,P2,2025-12-26,Renewal,1100
PAY002150,M02150,B02,P3,2025-12-26,New,4000
PAY011184,M04097,B05,P1,2025-12-26,Renewal,1500
PAY004743,M04743,B05,P4,2025-12-26,New,7500
PAY011264,M04725,B05,P1,2025-12-26,Renewal,1500
PAY011252,M04274,B05,P3,2025-12-26,Renewal,4000
PAY011116,M02022,B02,P3,2025-12-26,Renewal,4000
PAY011233,M02814,B03,P1,12/26/2025,Renewal,1500
PAY011238,M01388,B02,P3,2025-12-26,Renewal,4000
PAY011170,M01577,B02,P4,2025-12-26,Renewal,7500
PAY002168,M02168,B02,P3,2025-12-26,New,4000
PAY004749,M04749,B05,P2,2025-12-26,New,1100
PAY003803,M03803,B04,P1,2025-12-27,New,1500
PAY002138,M02138,B02,P2,2025-12-27,New,1100
PAY011128,M02617,B03,P1,12/27/2025,Renewal,1500
PAY011253,M04656,B05,P1,2025-12-27,Renewal,1500
PAY011295,M01965,B02,P1,2025-12-27,Renewal,1500
PAY011213,M01471,B02,P3,2025-12-27,Renewal,4000
PAY011236,M00739,B01,P1,2025-12-27,Renewal,1500
PAY011152,M00676,B01,P4,2025-12-27,Renewal,7500
PAY003804,M03804,B04,P5,2025-12-27,New,13500
PAY011277,M00281,B01,P2,2025-12-27,Renewal,1100
PAY011256,M00815,B01,P1,2025-12-27,Renewal,1500
PAY011301,M03784,B04,P3,2025-12-27,Renewal,4000
PAY002155,M02155,B02,P3,2025-12-27,New,4000
PAY000835,M00835,B01,P1,2025-12-27,New,1500
PAY011199,M03800,B04,P1,2025-12-28,Renewal,1500
PAY011149,M04616,B05,P4,2025-12-28,Renewal,7500
PAY002965,M02965,B03,P3,12/28/2025,New,4000
PAY011148,M04488,B05,P3,2025-12-28,Renewal,4000
PAY011315,M02020,B02,P5,2025-12-28,Renewal,13500
PAY004746,M04746,B05,P5,2025-12-28,New,13500
PAY000851,M00851,B01,P1,2025-12-28,New,1500
PAY002169,M02169,B02,P1,2025-12-28,New,1500
PAY004747,M04747,B05,P3,2025-12-28,New,4000
PAY000838,M00838,B01,P1,2025-12-28,New,1500
PAY011191,M00652,B01,P4,2025-12-28,Renewal,7500
PAY011226,M01525,B02,P1,2025-12-28,Renewal,1500
PAY011323,M04181,B05,P5,2025-12-28,Renewal,13500
PAY011223,M00620,B01,P3,2025-12-28,Renewal,4000
PAY011196,M02086,B02,P2,2025-12-28,Renewal,1100
PAY011222,M00469,B01,P3,2025-12-28,Renewal,4000
PAY011276,M04721,B05,P5,2025-12-28,Renewal,13500
PAY002968,M02968,B03,P3,12/28/2025,New,4000
PAY002970,M02970,B03,P4,12/29/2025,New,7500
PAY011267,M00743,B01,P3,2025-12-29,Renewal,4000
PAY011268,M00768,B01,P3,2025-12-29,Renewal,4000
PAY011261,M03799,B04,P1,2025-12-29,Renewal,1500
PAY002160,M02160,B02,P2,2025-12-29,New,1100
PAY011164,M04306,B05,P3,2025-12-29,Renewal,4000
PAY011189,M00242,B01,P3,2025-12-29,Renewal,4000
PAY011166,M04678,B05,P3,2025-12-29,Renewal,4000
PAY011168,M01309,B02,P4,2025-12-30,Renewal,7500
PAY004755,M04755,B05,P2,2025-12-30,New,1100
PAY011178,M04676,B05,P3,2025-12-30,Renewal,4000
PAY011179,M01294,B02,P3,2025-12-30,Renewal,4000
PAY011290,M00731,B01,P2,2025-12-30,Renewal,1100
PAY000836,M00836,B01,P1,2025-12-30,New,1500
PAY000849,M00849,B01,P5,2025-12-30,New,13500
PAY011215,M02101,B02,P1,2025-12-30,Renewal,1500
PAY011338,M02000,B02,P1,2025-12-30,Renewal,1500
PAY011183,M03577,B04,P2,2025-12-30,Renewal,1100
PAY011205,M02868,B03,P1,12/30/2025,Renewal,1500
PAY011201,M00655,B01,P5,2025-12-30,Renewal,13500
PAY004752,M04752,B05,P2,2025-12-30,New,1100
PAY011154,M02051,B02,P2,2025-12-30,Renewal,1100
PAY002972,M02972,B03,P3,12/30/2025,New,4000
PAY002161,M02161,B02,P3,2025-12-30,New,4000
PAY000828,M00828,B01,P5,2025-12-30,New,13500
PAY002148,M02148,B02,P1,2025-12-30,New,1500
PAY011263,M04680,B05,P1,2025-12-30,Renewal,1500
PAY011321,M03813,B04,P1,2025-12-30,Renewal,1500
PAY003816,M03816,B04,P1,2025-12-31,New,1500
PAY011239,M01506,B02,P4,2025-12-31,Renewal,7500
PAY003810,M03810,B04,P1,2025-12-31,New,1500
PAY011209,M04100,B05,P1,2025-12-31,Renewal,1500
PAY003802,M03802,B04,P2,2025-12-31,New,1100
PAY011161,M01923,B02,P3,2025-12-31,Renewal,4000
PAY011244,M02059,B02,P2,2025-12-31,Renewal,1100
PAY011194,M01545,B02,P5,2025-12-31,Renewal,13500
PAY011251,M03756,B04,P1,2025-12-31,Renewal,1500
PAY011328,M01195,B02,P3,2025-12-31,Renewal,4000
PAY011200,M04739,B05,P4,2025-12-31,Renewal,7500
PAY011265,M00274,B01,P1,2025-12-31,Renewal,1500
PAY011300,M03779,B04,P2,2026-01-01,Renewal,1100
PAY011331,M01703,B02,P5,2026-01-01,Renewal,13500
PAY011333,M03775,B04,P3,2026-01-01,Renewal,4000
PAY011314,M02007,B02,P2,2026-01-01,Renewal,1100
PAY011307,M00545,B01,P1,2026-01-01,Renewal,1500
PAY011230,M02123,B02,P1,2026-01-01,Renewal,1500
PAY011172,M02663,B03,P3,01/01/2026,Renewal,4000
PAY000863,M00863,B01,P5,2026-01-01,New,13500
PAY011219,M03377,B04,P3,2026-01-01,Renewal,4000
PAY011284,M02602,B03,P1,01/01/2026,Renewal,1500
PAY002227,M02227,B02,P1,2026-01-01,New,1500
PAY002226,M02226,B02,P4,2026-01-01,New,7500
PAY011351,M03748,B04,P3,2026-01-01,Renewal,4000
PAY011228,M01915,B02,P4,2026-01-01,Renewal,7500
PAY000880,M00880,B01,P3,2026-01-01,New,4000
PAY000884,M00884,B01,P2,2026-01-02,New,1100
PAY000878,M00878,B01,P5,2026-01-02,New,13500
PAY011343,M00561,B01,P1,2026-01-02,Renewal,1500
PAY000872,M00872,B01,P4,2026-01-02,New,7500
PAY000885,M00885,B01,P2,2026-01-02,New,1100
PAY000855,M00855,B01,P1,2026-01-02,New,1500
PAY000870,M00870,B01,P3,2026-01-02,New,4000
PAY011254,M00700,B01,P2,2026-01-02,Renewal,1100
PAY003844,M03844,B04,P1,2026-01-02,New,1500
PAY003855,M03855,B04,P3,2026-01-02,New,4000
PAY003851,M03851,B04,P3,2026-01-02,New,4000
PAY011259,M02134,B02,P1,2026-01-02,Renewal,1500
PAY003001,M03001,B03,P1,01/02/2026,New,1500
PAY003850,M03850,B04,P1,2026-01-02,New,1500
PAY011207,M02946,B03,P1,01/02/2026,Renewal,1500
PAY011302,M04685,B05,P1,2026-01-02,Renewal,1500
PAY011292,M01455,B02,P1,2026-01-02,Renewal,1500
PAY002235,M02235,B02,P1,2026-01-02,New,1500
PAY003835,M03835,B04,P3,2026-01-03,New,4000
PAY000865,M00865,B01,P3,2026-01-03,New,4000
PAY011325,M04635,B05,P3,2026-01-03,Renewal,4000
PAY003843,M03843,B04,P1,2026-01-03,New,1500
PAY011234,M00168,B01,P3,2026-01-03,Renewal,4000
PAY011365,M00709,B01,P4,2026-01-03,Renewal,7500
PAY011359,M01656,B02,P5,2026-01-03,Renewal,13500
PAY011227,M01819,B02,P1,2026-01-03,Renewal,1500
PAY011273,M02679,B03,P3,01/03/2026,Renewal,4000
PAY011195,M01704,B02,P3,2026-01-03,Renewal,4000
PAY011224,M00802,B01,P1,2026-01-03,Renewal,1500
PAY011281,M01601,B02,P3,2026-01-03,Renewal,4000
PAY011220,M04622,B05,P3,2026-01-03,Renewal,4000
PAY004776,M04776,B05,P5,2026-01-03,New,13500
PAY011306,M00465,B01,P5,2026-01-03,Renewal,13500
PAY011313,M01583,B02,P1,2026-01-03,Renewal,1500
PAY011204,M01481,B02,P4,2026-01-03,Renewal,7500
PAY011320,M03713,B04,P4,2026-01-03,Renewal,7500
PAY003822,M03822,B04,P1,2026-01-03,New,1500
PAY004781,M04781,B05,P2,2026-01-03,New,1100
PAY011355,M01300,B02,P3,2026-01-04,Renewal,4000
PAY000905,M00905,B01,P1,2026-01-04,New,1500
PAY011289,M00702,B01,P3,2026-01-04,Renewal,4000
PAY011237,M00753,B01,P3,2026-01-04,Renewal,4000
PAY011293,M01558,B02,P3,2026-01-04,Renewal,4000
PAY003828,M03828,B04,P4,2026-01-04,New,7500
PAY011231,M02638,B03,P4,01/04/2026,Renewal,7500
PAY004771,M04771,B05,P3,2026-01-04,New,4000
PAY011217,M02645,B03,P3,01/04/2026,Renewal,4000
PAY003853,M03853,B04,P5,2026-01-04,New,13500
PAY011312,M01335,B02,P2,2026-01-04,Renewal,1100
PAY011330,M01652,B02,P1,2026-01-04,Renewal,1500
PAY011336,M00344,B01,P3,2026-01-04,Renewal,4000
PAY011249,M02861,B03,P1,01/04/2026,Renewal,1500
PAY011339,M02013,B02,P2,2026-01-04,Renewal,1100
PAY002239,M02239,B02,P3,2026-01-04,New,4000
PAY011372,M01849,B02,P2,2026-01-04,Renewal,1100
PAY002988,M02988,B03,P4,01/04/2026,New,7500
PAY011382,M01496,B02,P2,2026-01-04,Renewal,1100
PAY011257,M01927,B02,P1,2026-01-05,Renewal,1500
PAY011262,M04669,B05,P3,2026-01-05,Renewal,4000
PAY011270,M01746,B02,P1,2026-01-05,Renewal,1500
PAY000897,M00897,B01,P3,2026-01-05,New,4000
PAY011404,M04389,B05,P2,2026-01-05,Renewal,1100
PAY011383,M01717,B02,P5,2026-01-05,Renewal,13500
PAY002179,M02179,B02,P5,2026-01-05,New,13500
PAY011304,M00365,B01,P4,2026-01-05,Renewal,7500
PAY011371,M01848,B02,P3,2026-01-05,Renewal,4000
PAY011305,M00458,B01,P2,2026-01-05,Renewal,1100
PAY000866,M00866,B01,P3,2026-01-05,New,4000
PAY000856,M00856,B01,P3,2026-01-05,New,4000
PAY011303,M00334,B01,P3,2026-01-05,Renewal,4000
PAY011311,M01216,B02,P3,2026-01-05,Renewal,4000
PAY011298,M02877,B03,P1,01/05/2026,Renewal,1500
PAY011241,M01936,B02,P3,2026-01-05,Renewal,4000
PAY011232,M02791,B03,P4,01/05/2026,Renewal,7500
PAY002241,M02241,B02,P2,2026-01-05,New,1100
PAY002228,M02228,B02,P2,2026-01-05,New,1100
PAY011216,M02509,B03,P5,01/05/2026,Renewal,13500
PAY002211,M02211,B02,P3,2026-01-05,New,4000
PAY003841,M03841,B04,P1,2026-01-05,New,1500
PAY011409,M04651,B05,P2,2026-01-06,Renewal,1100
PAY011392,M00182,B01,P1,2026-01-06,Renewal,1500
PAY011279,M01206,B02,P5,2026-01-06,Renewal,13500
PAY011349,M03529,B04,P4,2026-01-06,Renewal,7500
PAY011283,M02118,B02,P2,2026-01-06,Renewal,1100
PAY011373,M02790,B03,P4,01/06/2026,Renewal,7500
PAY011288,M00498,B01,P1,2026-01-06,Renewal,1500
PAY011309,M00689,B01,P4,2026-01-06,Renewal,7500
PAY002212,M02212,B02,P1,2026-01-06,New,1500
PAY000890,M00890,B01,P1,2026-01-06,New,1500
PAY011363,M04730,B05,P2,2026-01-06,Renewal,1100
PAY011317,M02089,B02,P3,2026-01-06,Renewal,4000
PAY002995,M02995,B03,P4,01/06/2026,New,7500
PAY002245,M02245,B02,P2,2026-01-06,New,1100
PAY011342,M00416,B01,P3,2026-01-07,Renewal,4000
PAY011248,M02126,B02,P2,2026-01-07,Renewal,1100
PAY011341,M04408,B05,P4,2026-01-07,Renewal,7500
PAY011384,M01976,B02,P1,2026-01-07,Renewal,1500
PAY011417,M02117,B02,P1,2026-01-07,Renewal,1500
PAY011422,M02948,B03,,01/07/2026,Renewal,1500
PAY002184,M02184,B02,P1,2026-01-07,New,1500
PAY000858,M00858,B01,P3,2026-01-07,New,4000
PAY002989,M02989,B03,P4,01/07/2026,New,7500
PAY002180,M02180,B02,P3,2026-01-07,New,4000
PAY011260,M02846,B03,P2,01/07/2026,Renewal,1100
PAY011243,M02055,B02,P1,2026-01-07,Renewal,1500
PAY011282,M02099,B02,P2,2026-01-07,Renewal,1100
PAY011285,M03707,B04,P4,2026-01-07,Renewal,7500
PAY004769,M04769,B05,P4,2026-01-07,New,7500
PAY003829,M03829,B04,P3,2026-01-07,New,4000
PAY011269,M00813,B01,P1,2026-01-07,Renewal,1500
PAY002185,M02185,B02,P2,2026-01-08,New,1100
PAY011437,M04552,B05,P1,2026-01-08,Renewal,1500
PAY011280,M01391,B02,P2,2026-01-08,Renewal,1100
PAY002197,M02197,B02,P2,2026-01-08,New,1100
PAY002991,M02991,B03,P5,01/08/2026,New,13500
PAY011367,M00759,B01,P1,2026-01-08,Renewal,1500
PAY011296,M01973,B02,P1,2026-01-08,Renewal,1500
PAY011348,M02087,B02,P3,2026-01-08,Renewal,4000
PAY011362,M02920,B03,P1,01/08/2026,Renewal,1500
PAY000891,M00891,B01,P4,2026-01-08,New,7500
PAY011356,M01416,B02,P4,2026-01-08,Renewal,7500
PAY003825,M03825,B04,P3,2026-01-08,New,4000
PAY011352,M00203,B01,P1,2026-01-08,Renewal,1500
PAY004777,M04777,B05,P3,2026-01-08,New,4000
PAY003852,M03852,B04,P4,2026-01-08,New,7500
PAY011316,M02067,B02,P1,2026-01-08,Renewal,1500
PAY011326,M00705,B01,P1,2026-01-08,Renewal,1500
PAY003854,M03854,B04,P3,2026-01-08,New,4000
PAY003842,M03842,B04,P2,2026-01-08,New,1100
PAY000886,M00886,B01,P5,2026-01-08,New,13500
PAY011439,M00212,B01,P5,2026-01-09,Renewal,13500
PAY011441,M01163,B02,P1,2026-01-09,Renewal,1500
PAY011445,M01629,B02,P2,2026-01-09,Renewal,1100
PAY011435,M03499,B04,P4,2026-01-09,Renewal,7500
PAY011329,M01554,B02,P3,2026-01-09,Renewal,4000
PAY011272,M02500,B03,P3,01/09/2026,Renewal,4000
PAY000868,M00868,B01,P2,2026-01-09,New,1100
PAY011366,M00732,B01,P1,2026-01-09,Renewal,1500
PAY011297,M01983,B02,P3,2026-01-09,Renewal,4000
PAY000861,M00861,B01,P3,2026-01-09,New,4000
PAY011353,M00560,B01,P1,2026-01-09,Renewal,1500
PAY011347,M01971,B02,P4,2026-01-09,Renewal,7500
PAY000903,M00903,B01,P1,2026-01-09,New,1500
PAY011414,M01690,B02,P1,2026-01-09,Renewal,1500
PAY011291,M00788,B01,P3,2026-01-09,Renewal,4000
PAY011308,M00606,B01,P1,2026-01-09,Renewal,1500
PAY004780,M04780,B05,P5,2026-01-09,New,13500
PAY004783,M04783,B05,P3,2026-01-09,New,4000
PAY002238,M02238,B02,P3,2026-01-09,New,4000
PAY002207,M02207,B02,P1,2026-01-09,New,1500
PAY002984,M02984,B03,P1,01/09/2026,New,1500
PAY004790,M04790,B05,P1,2026-01-09,New,1500
PAY004804,M04804,B05,P3,2026-01-10,New,4000
PAY002999,M02999,B03,P1,01/10/2026,New,1500
PAY002200,M02200,B02,P1,2026-01-10,New,1500
PAY002202,M02202,B02,P3,2026-01-10,New,4000
PAY011408,M03805,B04,P2,2026-01-10,Renewal,1100
PAY011340,M02849,B03,P1,01/10/2026,Renewal,1500
PAY003823,M03823,B04,P1,2026-01-10,New,1500
PAY011375,M03708,B04,P1,2026-01-10,Renewal,1500
PAY004793,M04793,B05,P3,2026-01-10,New,4000
PAY011393,M01224,B02,P1,2026-01-10,Renewal,1500
PAY000883,M00883,B01,P2,2026-01-10,New,1100
PAY011287,M00338,B01,P1,2026-01-10,Renewal,1500
PAY011286,M03373,B04,P5,2026-01-10,Renewal,13500
PAY011402,M04145,B05,P3,2026-01-10,Renewal,4000
PAY011434,M02885,B03,P4,01/10/2026,Renewal,7500
PAY000874,M00874,B01,P4,2026-01-10,New,7500
PAY011438,M04597,B05,P4,2026-01-10,Renewal,7500
PAY000906,M00906,B01,P1,2026-01-10,New,1500
PAY011350,M03604,B04,P3,2026-01-10,Renewal,4000
PAY011332,M02748,B03,P5,01/11/2026,Renewal,13500
PAY011334,M04679,B05,P1,2026-01-11,Renewal,1500
PAY011345,M00845,B01,P1,2026-01-11,Renewal,1500
PAY011440,M00475,B01,P4,2026-01-11,Renewal,7500
PAY011461,M01406,B02,P2,2026-01-11,Renewal,1100
PAY011443,M01285,B02,P3,2026-01-11,Renewal,4000
PAY011360,M01919,B02,P2,2026-01-11,Renewal,1100
PAY002176,M02176,B02,P2,2026-01-11,New,1100
PAY011403,M04298,B05,P1,2026-01-11,Renewal,1500
PAY011406,M02128,B02,P1,2026-01-11,Renewal,1500
PAY011370,M01687,B02,P5,2026-01-11,Renewal,13500
PAY011374,M02939,B03,P3,01/11/2026,Renewal,4000
PAY011358,M01636,B02,P1,2026-01-11,Renewal,1500
PAY011376,M03778,B04,P1,2026-01-11,Renewal,1500
PAY011405,M01997,B02,P2,2026-01-11,Renewal,1100
PAY011389,M04324,B05,P1,2026-01-12,Renewal,1500
PAY011388,M04161,B05,P1,2026-01-12,Renewal,1500
PAY000875,M00875,B01,P1,2026-01-12,New,1500
PAY011379,M04249,B05,P3,2026-01-12,Renewal,4000
PAY011412,M00805,B01,P1,2026-01-12,Renewal,1500
PAY011299,M02952,B03,P1,01/12/2026,Renewal,1500
PAY011407,M02653,B03,P4,01/12/2026,Renewal,7500
PAY011335,M00024,B01,P5,2026-01-12,Renewal,13500
PAY000892,M00892,B01,P3,2026-01-12,New,4000
PAY011361,M02174,B02,P2,2026-01-12,Renewal,1100
PAY011429,M00587,B01,P2,2026-01-12,Renewal,1100
PAY011294,M01777,B02,P3,2026-01-12,Renewal,4000
PAY011318,M02588,B03,P3,01/12/2026,Renewal,4000
PAY011310,M00754,B01,P1,2026-01-12,Renewal,1500
PAY011477,M02576,B03,P3,01/12/2026,Renewal,4000
PAY002190,M02190,B02,P1,2026-01-12,New,1500
PAY011447,M02120,B02,P1,2026-01-12,Renewal,1500
PAY003831,M03831,B04,P2,2026-01-12,New,1100
PAY011476,M02164,B02,P2,2026-01-12,Renewal,1100
PAY011493,M01368,B02,P1,2026-01-12,Renewal,1500
PAY002994,M02994,B03,P4,01/12/2026,New,7500
PAY004775,M04775,B05,P1,2026-01-13,New,1500
PAY011496,M02021,B02,P2,2026-01-13,Renewal,1100
PAY011381,M00816,B01,P1,2026-01-13,Renewal,1500
PAY004778,M04778,B05,P1,2026-01-13,New,1500
PAY000888,M00888,B01,P1,2026-01-13,New,1500
PAY011485,M00499,B01,P4,2026-01-13,Renewal,7500
PAY011483,M04707,B05,P3,2026-01-13,Renewal,4000
PAY011390,M04642,B05,P3,2026-01-13,Renewal,4000
PAY011516,M03618,B04,P3,2026-01-13,Renewal,4000
PAY002191,M02191,B02,P1,2026-01-13,New,1500
PAY003838,M03838,B04,P3,2026-01-13,New,4000
PAY011432,M01816,B02,P3,2026-01-13,Renewal,4000
PAY011319,M03644,B04,P2,2026-01-13,Renewal,1100
PAY011324,M04291,B05,P4,2026-01-13,Renewal,7500
PAY002981,M02981,B03,P5,01/13/2026,New,13500
PAY003858,M03858,B04,P2,2026-01-13,New,1100
PAY011322,M03994,B05,P2,2026-01-13,Renewal,1100
PAY011396,M02703,B03,P5,01/14/2026,Renewal,13500
PAY004782,M04782,B05,P5,2026-01-14,New,13500
PAY011514,M02941,B03,P1,01/14/2026,Renewal,1500
PAY011386,M03260,B04,P5,2026-01-14,Renewal,13500
PAY002231,M02231,B02,P2,2026-01-14,New,1100
PAY011505,M01618,B02,P3,2026-01-14,Renewal,4000
PAY011377,M04213,B05,P4,2026-01-14,Renewal,7500
PAY011433,M02143,B02,P1,2026-01-14,Renewal,1500
PAY011492,M00848,B01,P1,2026-01-14,Renewal,1500
PAY002242,M02242,B02,P1,2026-01-14,New,1500
PAY011364,M00279,B01,P4,2026-01-14,Renewal,7500
PAY011508,M01943,B02,P4,2026-01-14,Renewal,7500
PAY002220,M02220,B02,P4,2026-01-14,New,7500
PAY011387,M03722,B04,P4,2026-01-14,Renewal,7500
PAY003821,M03821,B04,P1,2026-01-14,New,1500
PAY011491,M00434,B01,P2,2026-01-14,Renewal,1100
PAY011394,M01482,B02,P3,2026-01-14,Renewal,4000
PAY011327,M00706,B01,P1,2026-01-14,Renewal,1500
PAY011346,M01176,B02,P1,2026-01-14,Renewal,1500
PAY011470,M04542,B05,P3,2026-01-14,Renewal,4000
PAY011427,M00473,B01,P5,2026-01-14,Renewal,13500
PAY011354,M01259,B02,P2,2026-01-14,Renewal,1100
PAY011344,M00634,B01,P1,2026-01-14,Renewal,1500
PAY011430,M00820,B01,P5,2026-01-14,Renewal,13500
PAY011357,M01575,B02,P2,2026-01-14,Renewal,1100
PAY011337,M01884,B02,P3,2026-01-14,Renewal,4000
PAY011451,M02874,B03,P4,01/14/2026,Renewal,7500
PAY011419,M02124,B02,P1,2026-01-14,Renewal,1500
PAY011452,M03536,B04,P4,2026-01-14,Renewal,7500
PAY011391,M00076,B01,P1,2026-01-15,Renewal,1500
PAY000860,M00860,B01,P1,2026-01-15,New,1500
PAY011380,M00653,B01,P3,2026-01-15,Renewal,4000
PAY003840,M03840,B04,P4,2026-01-15,New,7500
PAY011500,M03714,B04,P4,2026-01-15,Renewal,7500
PAY002215,M02215,B02,P1,2026-01-15,New,1500
PAY011528,M02097,B02,P2,2026-01-15,Renewal,1100
PAY002210,M02210,B02,P4,2026-01-15,New,7500
PAY011495,M02009,B02,P2,2026-01-15,Renewal,1100
PAY002178,M02178,B02,P3,2026-01-15,New,4000
PAY011548,M04244,B05,P5,2026-01-15,Renewal,13500
PAY004795,M04795,B05,P5,2026-01-15,New,13500
PAY011499,M03147,B04,P3,2026-01-15,Renewal,4000
PAY011426,M00345,B01,P5,2026-01-15,Renewal,13500
PAY011431,M00833,B01,P1,2026-01-16,Renewal,1500
PAY011424,M04758,B05,P1,2026-01-16,Renewal,1500
PAY011448,M02154,B02,P1,2026-01-16,Renewal,1500
PAY011465,M02740,B03,P5,01/16/2026,Renewal,13500
PAY011398,M02883,B03,P3,01/16/2026,Renewal,4000
PAY011502,M00380,B01,P5,2026-01-16,Renewal,13500
PAY011494,M01993,B02,P3,2026-01-16,Renewal,4000
PAY011401,M03720,B04,P4,2026-01-16,Renewal,7500
PAY002199,M02199,B02,P2,2026-01-16,New,1100
PAY011418,M02122,B02,P1,2026-01-16,Renewal,1500
PAY011395,M02571,B03,P4,01/16/2026,Renewal,7500
PAY002237,M02237,B02,P1,2026-01-16,New,1500
PAY011542,M03311,B04,P1,2026-01-16,Renewal,1500
PAY000876,M00876,B01,P4,2026-01-16,New,7500
PAY000908,M00908,B01,P1,2026-01-16,New,1500
PAY011526,M01966,B02,P3,2026-01-16,Renewal,4000
PAY000895,M00895,B01,P2,2026-01-16,New,1100
PAY011506,M01822,B02,P1,2026-01-17,Renewal,1500
PAY003000,M03000,B03,P3,01/17/2026,New,4000
PAY002982,M02982,B03,P2,01/17/2026,New,1100
PAY000898,M00898,B01,P3,2026-01-17,New,4000
PAY002233,M02233,B02,P4,2026-01-17,New,7500
PAY003826,M03826,B04,P1,2026-01-17,New,1500
PAY011457,M00292,B01,P3,2026-01-17,Renewal,4000
PAY011458,M00293,B01,P3,2026-01-17,Renewal,4000
PAY011535,M00852,B01,P1,2026-01-17,Renewal,1500
PAY011410,M00605,B01,P3,2026-01-17,Renewal,4000
PAY011462,M01492,B02,P1,2026-01-17,Renewal,1500
PAY011436,M04545,B05,P3,2026-01-17,Renewal,4000
PAY011369,M01214,B02,P5,2026-01-17,Renewal,13500
PAY004794,M04794,B05,P5,2026-01-17,New,13500
PAY011565,M01249,B02,P4,2026-01-17,Renewal,7500
PAY011487,M00787,B01,P3,2026-01-17,Renewal,4000
PAY011378,M04224,B05,P4,2026-01-17,Renewal,7500
PAY000881,M00881,B01,P3,2026-01-17,New,4000
PAY002186,M02186,B02,P5,2026-01-17,New,13500
PAY011482,M04636,B05,P3,2026-01-17,Renewal,4000
PAY011475,M01673,B02,P1,2026-01-17,Renewal,1500
PAY004802,M04802,B05,P1,2026-01-17,New,1500
PAY011399,M03495,B04,P4,2026-01-17,Renewal,7500
PAY002992,M02992,B03,P5,01/18/2026,New,13500
PAY002177,M02177,B02,P4,2026-01-18,New,7500
PAY002990,M02990,B03,,01/18/2026,New,1500
PAY011544,M03540,B04,P5,2026-01-18,Renewal,13500
PAY011467,M02971,B03,P1,01/18/2026,Renewal,1500
PAY002979,M02979,B03,P1,01/18/2026,New,1500
PAY011549,M04736,B05,P1,2026-01-18,Renewal,1500
PAY002187,M02187,B02,P3,2026-01-18,New,4000
PAY002201,M02201,B02,P3,2026-01-18,New,4000
PAY011554,M00826,B01,P2,2026-01-18,Renewal,1100
PAY011567,M01705,B02,P3,2026-01-18,Renewal,4000
PAY002978,M02978,B03,P4,01/18/2026,New,7500
PAY002209,M02209,B02,P2,2026-01-18,New,1100
PAY011385,M02050,B02,P3,2026-01-18,Renewal,4000
PAY000882,M00882,B01,P4,2026-01-18,New,7500
PAY002240,M02240,B02,P2,2026-01-18,New,1100
PAY011416,M02064,B02,P3,2026-01-18,Renewal,4000
PAY011368,M00839,B01,P1,2026-01-18,Renewal,1500
PAY003857,M03857,B04,P3,2026-01-18,New,4000
PAY002203,M02203,B02,P1,2026-01-19,New,1500
PAY011455,M00048,B01,P1,2026-01-19,Renewal,1500
PAY011456,M00193,B01,P3,2026-01-19,Renewal,4000
PAY011444,M01475,B02,P5,2026-01-19,Renewal,13500
PAY002225,M02225,B02,P4,2026-01-19,New,7500
PAY002976,M02976,B03,P1,01/19/2026,New,1500
PAY002977,M02977,B03,P5,01/19/2026,New,13500
PAY011484,M00488,B01,P3,2026-01-19,Renewal,4000
PAY011397,M02704,B03,P1,01/19/2026,Renewal,1500
PAY003832,M03832,B04,P1,2026-01-19,New,1500
PAY011537,M01858,B02,P3,2026-01-19,Renewal,4000
PAY002205,M02205,B02,P2,2026-01-19,New,1100
PAY011547,M04082,B05,P4,2026-01-19,Renewal,7500
PAY011523,M01441,B02,P3,2026-01-19,Renewal,4000
PAY011586,M03348,B04,P4,2026-01-19,Renewal,7500
PAY011400,M03545,B04,P5,2026-01-19,Renewal,13500
PAY011559,M02959,B03,P1,01/19/2026,Renewal,1500
PAY011473,M00766,B01,P2,2026-01-19,Renewal,1100
PAY011527,M02082,B02,P1,2026-01-19,Renewal,1500
PAY011413,M01442,B02,P3,2026-01-20,Renewal,4000
PAY011463,M01839,B02,P3,2026-01-20,Renewal,4000
PAY002243,M02243,B02,P4,2026-01-20,New,7500
PAY011415,M01984,B02,P1,2026-01-20,Renewal,1500
PAY011468,M03500,B04,P5,2026-01-20,Renewal,13500
PAY000854,M00854,B01,P1,2026-01-20,New,1500
PAY004764,M04764,B05,P4,2026-01-20,New,7500
PAY011573,M04666,B05,P1,2026-01-20,Renewal,1500
PAY011517,M03704,B04,P4,2026-01-20,Renewal,7500
PAY003845,M03845,B04,P1,2026-01-20,New,1500
PAY011599,M02107,B02,P2,2026-01-20,Renewal,1100
PAY011538,M02056,B02,P3,2026-01-20,Renewal,4000
PAY011501,M00087,B01,P4,2026-01-20,Renewal,7500
PAY011583,M02887,B03,P3,01/20/2026,Renewal,4000
PAY002983,M02983,B03,P1,01/20/2026,New,1500
PAY004788,M04788,B05,P1,2026-01-20,New,1500
PAY011423,M03496,B04,P5,2026-01-20,Renewal,13500
PAY011575,M00564,B01,P4,2026-01-20,Renewal,7500
PAY011446,M02068,B02,P3,2026-01-20,Renewal,4000
PAY002208,M02208,B02,P1,2026-01-20,New,1500
PAY002213,M02213,B02,P2,2026-01-20,New,1100
PAY011561,M04647,B05,P3,2026-01-20,Renewal,4000
PAY011497,M02094,B02,P2,2026-01-21,Renewal,1100
PAY000864,M00864,B01,P1,2026-01-21,New,1500
PAY011608,M00777,B01,P3,2026-01-21,Renewal,4000
PAY000859,M00859,B01,P2,2026-01-21,New,1100
PAY011601,M02687,B03,P1,01/21/2026,Renewal,1500
PAY011478,M03504,B04,P1,2026-01-21,Renewal,1500
PAY011490,M02076,B02,P3,2026-01-21,Renewal,4000
PAY011512,M02825,B03,,01/21/2026,Renewal,4000
PAY011510,M02745,B03,P5,01/21/2026,Renewal,13500
PAY011555,M01511,B02,P2,2026-01-21,Renewal,1100
PAY000887,M00887,B01,P1,2026-01-21,New,1500
PAY002223,M02223,B02,P3,2026-01-21,New,4000
PAY002222,M02222,B02,P3,2026-01-21,New,4000
PAY011534,M00450,B01,P5,2026-01-21,Renewal,13500
PAY011540,M02828,B03,P3,01/21/2026,Renewal,4000
PAY002218,M02218,B02,P1,2026-01-21,New,1500
PAY011428,M00573,B01,P3,2026-01-21,Renewal,4000
PAY011425,M00285,B01,P4,2026-01-21,Renewal,7500
PAY011421,M02743,B03,P5,01/21/2026,Renewal,13500
PAY004772,M04772,B05,P5,2026-01-21,New,13500
PAY004760,M04760,B05,P4,2026-01-21,New,7500
PAY000896,M00896,B01,P3,2026-01-21,New,4000
PAY011474,M01361,B02,P4,2026-01-21,Renewal,7500
PAY002192,M02192,B02,P3,2026-01-21,New,4000
PAY004762,M04762,B05,P3,2026-01-21,New,4000
PAY004763,M04763,B05,P1,2026-01-21,New,1500
PAY003847,M03847,B04,P3,2026-01-21,New,4000
PAY002196,M02196,B02,P5,2026-01-21,New,13500
PAY011553,M00794,B01,P3,2026-01-22,Renewal,4000
PAY011591,M00017,B01,P3,2026-01-22,Renewal,4000
PAY011558,M02003,B02,P1,2026-01-22,Renewal,1500
PAY011520,M00435,B01,P4,2026-01-22,Renewal,7500
PAY002219,M02219,B02,P5,2026-01-22,New,13500
PAY011533,M00220,B01,P4,2026-01-22,Renewal,7500
PAY002216,M02216,B02,P4,2026-01-22,New,7500
PAY002232,M02232,B02,P1,2026-01-22,New,1500
PAY011614,M02627,B03,P3,01/22/2026,Renewal,4000
PAY011519,M04740,B05,P1,2026-01-22,Renewal,1500
PAY011579,M00824,B01,P1,2026-01-22,Renewal,1500
PAY011550,M00004,B01,P3,2026-01-22,Renewal,4000
PAY011639,M01965,B02,P4,2026-01-22,Renewal,7500
PAY011518,M04430,B05,P4,2026-01-22,Renewal,7500
PAY011572,M04394,B05,P4,2026-01-22,Renewal,7500
PAY011529,M03624,B04,P1,2026-01-22,Renewal,1500
PAY002234,M02234,B02,P5,2026-01-22,New,13500
PAY011594,M00490,B01,P1,2026-01-22,Renewal,1500
PAY002996,M02996,B03,P1,01/22/2026,New,1500
PAY011460,M01199,B02,P4,2026-01-22,Renewal,7500
PAY011592,M00441,B01,P3,2026-01-22,Renewal,4000
PAY000894,M00894,B01,P2,2026-01-22,New,1100
PAY011481,M04407,B05,P5,2026-01-22,Renewal,13500
PAY011411,M00783,B01,P1,2026-01-22,Renewal,1500
PAY003839,M03839,B04,P2,2026-01-22,New,1100
PAY011420,M02622,B03,P3,01/22/2026,Renewal,4000
PAY002975,M02975,B03,P1,01/22/2026,New,1500
PAY000871,M00871,B01,P1,2026-01-22,New,1500
PAY004768,M04768,B05,P3,2026-01-22,New,4000
PAY004799,M04799,B05,P1,2026-01-22,New,1500
PAY004803,M04803,B05,P3,2026-01-22,New,4000
PAY011577,M00781,B01,P1,2026-01-23,Renewal,1500
PAY002997,M02997,B03,P1,01/23/2026,New,1500
PAY002986,M02986,B03,P1,01/23/2026,New,1500
PAY000867,M00867,B01,P1,2026-01-23,New,1500
PAY011606,M00555,B01,P1,2026-01-23,Renewal,1500
PAY002244,M02244,B02,P3,2026-01-23,New,4000
PAY011604,M04719,B05,P3,2026-01-23,Renewal,4000
PAY011469,M03807,B04,P1,2026-01-23,Renewal,1500
PAY011649,M01628,B02,P3,2026-01-23,Renewal,4000
PAY011472,M00451,B01,P4,2026-01-23,Renewal,7500
PAY000900,M00900,B01,P1,2026-01-23,New,1500
PAY002217,M02217,B02,P4,2026-01-23,New,7500
PAY011635,M01158,B02,P5,2026-01-23,Renewal,13500
PAY011536,M01423,B02,P1,2026-01-23,Renewal,1500
PAY011562,M00246,B01,P3,2026-01-23,Renewal,4000
PAY002182,M02182,B02,P2,2026-01-23,New,1100
PAY011459,M00401,B01,P5,2026-01-23,Renewal,13500
PAY011486,M00693,B01,P4,2026-01-23,Renewal,7500
PAY011602,M02930,B03,P1,01/23/2026,Renewal,1500
PAY003837,M03837,B04,P1,2026-01-23,New,1500
PAY011557,M01897,B02,P1,2026-01-23,Renewal,1500
PAY011543,M03336,B04,P4,2026-01-23,Renewal,7500
PAY011621,M00685,B01,P3,2026-01-23,Renewal,4000
PAY011442,M01211,B02,P3,2026-01-23,Renewal,4000
PAY011449,M02599,B03,P5,01/23/2026,Renewal,13500
PAY002998,M02998,B03,P4,01/24/2026,New,7500
PAY004774,M04774,B05,P1,2026-01-24,New,1500
PAY011613,M02135,B02,P3,2026-01-24,Renewal,4000
PAY011532,M00126,B01,P3,2026-01-24,Renewal,4000
PAY003846,M03846,B04,P1,2026-01-24,New,1500
PAY011581,M01696,B02,P5,2026-01-24,Renewal,13500
PAY011541,M02950,B03,P3,01/24/2026,Renewal,4000
PAY011645,M04656,B05,P1,2026-01-24,Renewal,1500
PAY011552,M00635,B01,P1,2026-01-24,Renewal,1500
PAY011571,M03785,B04,P1,2026-01-24,Renewal,1500
PAY011637,M01675,B02,P3,2026-01-24,Renewal,4000
PAY011569,M02938,B03,P1,01/24/2026,Renewal,1500
PAY000879,M00879,B01,P1,2026-01-24,New,1500
PAY000901,M00901,B01,P5,2026-01-24,New,13500
PAY000862,M00862,B01,P3,2026-01-24,New,4000
PAY011515,M03451,B04,P4,2026-01-24,Renewal,7500
PAY011489,M01603,B02,P5,2026-01-24,Renewal,13500
PAY011464,M02072,B02,P1,2026-01-24,Renewal,1500
PAY011454,M04422,B05,P3,2026-01-24,Renewal,4000
PAY002204,M02204,B02,P3,2026-01-24,New,4000
PAY011453,M03992,B05,P4,2026-01-24,Renewal,7500
PAY011466,M02881,B03,P4,01/24/2026,Renewal,7500
PAY011450,M02818,B03,P3,01/24/2026,Renewal,4000
PAY002194,M02194,B02,P1,2026-01-24,New,1500
PAY011600,M02113,B02,P1,2026-01-24,Renewal,1500
PAY011513,M02934,B03,P3,01/24/2026,Renewal,4000
PAY011659,M04107,B05,P4,2026-01-24,Renewal,7500
PAY004779,M04779,B05,P2,2026-01-24,New,1100
PAY011597,M01706,B02,P4,2026-01-24,Renewal,7500
PAY003848,M03848,B04,P3,2026-01-25,New,4000
PAY002181,M02181,B02,P5,2026-01-25,New,13500
PAY011650,M01681,B02,P3,2026-01-25,Renewal,4000
PAY011648,M01525,B02,P1,2026-01-25,Renewal,1500
PAY003849,M03849,B04,P1,2026-01-25,New,1500
PAY002214,M02214,B02,P1,2026-01-25,New,1500
PAY004796,M04796,B05,P4,2026-01-25,New,7500
PAY011545,M03664,B04,P3,2026-01-25,Renewal,4000
PAY002188,M02188,B02,P5,2026-01-25,New,13500
PAY011578,M00812,B01,P2,2026-01-25,Renewal,1100
PAY004797,M04797,B05,P1,2026-01-25,New,1500
PAY004801,M04801,B05,P3,2026-01-25,New,4000
PAY011620,M00481,B01,P3,2026-01-25,Renewal,4000
PAY011530,M03632,B04,P3,2026-01-25,Renewal,4000
PAY011634,M00835,B01,P1,2026-01-25,Renewal,1500
PAY004787,M04787,B05,P3,2026-01-25,New,4000
PAY000873,M00873,B01,P1,2026-01-25,New,1500
PAY002189,M02189,B02,P5,2026-01-25,New,13500
PAY011479,M03544,B04,P5,2026-01-25,Renewal,13500
PAY011471,M00104,B01,P5,2026-01-25,Renewal,13500
PAY002980,M02980,B03,P1,01/25/2026,New,1500
PAY002230,M02230,B02,P1,2026-01-25,New,1500
PAY011623,M01950,B02,P4,2026-01-26,Renewal,7500
PAY000907,M00907,B01,P1,2026-01-26,New,1500
PAY004765,M04765,B05,P3,2026-01-26,New,4000
PAY011507,M01933,B02,P1,2026-01-26,Renewal,1500
PAY011546,M03706,B04,P3,2026-01-26,Renewal,4000
PAY003002,M03002,B03,P4,01/26/2026,New,7500
PAY011588,M03726,B04,P4,2026-01-26,Renewal,7500
PAY011570,M03776,B04,P3,2026-01-26,Renewal,4000
PAY002229,M02229,B02,P1,2026-01-26,New,1500
PAY004784,M04784,B05,P3,2026-01-26,New,4000
PAY011480,M03629,B04,P4,2026-01-26,Renewal,7500
PAY011525,M01946,B02,P3,2026-01-26,Renewal,4000
PAY011615,M02739,B03,P5,01/26/2026,Renewal,13500
PAY011580,M01551,B02,P4,2026-01-26,Renewal,7500
PAY004785,M04785,B05,P5,2026-01-26,New,13500
PAY011509,M02144,B02,P1,2026-01-27,Renewal,1500
PAY000902,M00902,B01,P3,2026-01-27,New,4000
PAY003856,M03856,B04,P3,2026-01-27,New,4000
PAY011563,M00806,B01,P1,2026-01-27,Renewal,1500
PAY002224,M02224,B02,P1,2026-01-27,New,1500
PAY004773,M04773,B05,P3,2026-01-27,New,4000
PAY011652,M03800,B04,P1,2026-01-27,Renewal,1500
PAY002175,M02175,B02,P3,2026-01-27,New,4000
PAY004766,M04766,B05,P3,2026-01-27,New,4000
PAY011584,M02935,B03,P3,01/27/2026,Renewal,4000
PAY004761,M04761,B05,P1,2026-01-27,New,1500
PAY011521,M00584,B01,P4,2026-01-27,Renewal,7500
PAY011498,M02513,B03,P1,01/27/2026,Renewal,1500
PAY004791,M04791,B05,P4,2026-01-27,New,7500
PAY011488,M00799,B01,P3,2026-01-27,Renewal,4000
PAY011610,M01203,B02,P4,2026-01-27,Renewal,7500
PAY011589,M04633,B05,P4,2026-01-28,Renewal,7500
PAY011590,M04724,B05,P3,2026-01-28,Renewal,4000
PAY004786,M04786,B05,P3,2026-01-28,New,4000
PAY011633,M00815,B01,P1,2026-01-28,Renewal,1500
PAY011596,M00762,B01,P1,2026-01-28,Renewal,1500
PAY011664,M00836,B01,P1,2026-01-28,Renewal,1500
PAY011667,M02070,B02,P3,2026-01-28,Renewal,4000
PAY011504,M00819,B01,P1,2026-01-28,Renewal,1500
PAY000893,M00893,B01,P4,2026-01-28,New,7500
PAY011671,M03813,B04,P1,2026-01-28,Renewal,1500
PAY011685,M00169,B01,P5,2026-01-28,Renewal,13500
PAY011524,M01571,B02,P3,2026-01-28,Renewal,4000
PAY011694,M03628,B04,P1,2026-01-28,Renewal,1500
PAY011647,M00851,B01,P1,2026-01-28,Renewal,1500
PAY003834,M03834,B04,P3,2026-01-28,New,4000
PAY011646,M00838,B01,P1,2026-01-28,Renewal,1500
PAY000889,M00889,B01,P4,2026-01-29,New,7500
PAY002221,M02221,B02,P1,2026-01-29,New,1500
PAY002974,M02974,B03,P3,01/29/2026,New,4000
PAY011605,M00328,B01,P3,2026-01-29,Renewal,4000
PAY002236,M02236,B02,P1,2026-01-29,New,1500
PAY002195,M02195,B02,P1,2026-01-29,New,1500
PAY011689,M02123,B02,P1,2026-01-29,Renewal,1500
PAY011503,M00383,B01,P1,2026-01-29,Renewal,1500
PAY011511,M02752,B03,P4,01/29/2026,Renewal,7500
PAY002198,M02198,B02,P4,2026-01-29,New,7500
PAY000877,M00877,B01,P3,2026-01-29,New,4000
PAY011531,M04186,B05,P4,2026-01-29,Renewal,7500
PAY011638,M01708,B02,P4,2026-01-29,Renewal,7500
PAY011631,M00281,B01,P2,2026-01-29,Renewal,1100
PAY011566,M01497,B02,P3,2026-01-29,Renewal,4000
PAY004770,M04770,B05,P4,2026-01-29,New,7500
PAY004798,M04798,B05,P4,2026-01-29,New,7500
PAY011556,M01660,B02,P3,2026-01-29,Renewal,4000
PAY011625,M01961,B02,P3,2026-01-29,Renewal,4000
PAY003833,M03833,B04,P1,2026-01-29,New,1500
PAY011522,M00704,B01,P3,2026-01-29,Renewal,4000
PAY003827,M03827,B04,P3,2026-01-30,New,4000
PAY004789,M04789,B05,P1,2026-01-30,New,1500
PAY003824,M03824,B04,P2,2026-01-30,New,1100
PAY003836,M03836,B04,P1,2026-01-30,New,1500
PAY004792,M04792,B05,P3,2026-01-30,New,4000
PAY002987,M02987,B03,P1,01/30/2026,New,1500
PAY003830,M03830,B04,P5,2026-01-30,New,13500
PAY004800,M04800,B05,P3,2026-01-30,New,4000
PAY011585,M03226,B04,P3,2026-01-30,Renewal,4000
PAY011696,M03779,B04,P2,2026-01-30,Renewal,1100
PAY002193,M02193,B02,P2,2026-01-30,New,1100
PAY000857,M00857,B01,P1,2026-01-30,New,1500
PAY011607,M00736,B01,P3,2026-01-30,Renewal,4000
PAY002183,M02183,B02,P1,2026-01-30,New,1500
PAY000899,M00899,B01,P1,2026-01-30,New,1500
PAY011665,M01953,B02,P3,2026-01-30,Renewal,4000
PAY011616,M03786,B04,P2,2026-01-30,Renewal,1100
PAY011628,M03195,B04,P4,2026-01-30,Renewal,7500
PAY011709,M01465,B02,P4,2026-01-30,Renewal,7500
PAY011673,M04418,B05,P3,2026-01-30,Renewal,4000
PAY011693,M03508,B04,P4,2026-01-30,Renewal,7500
PAY011681,M03816,B04,P4,2026-01-30,Renewal,7500
PAY000869,M00869,B01,P3,2026-01-31,New,4000
PAY002993,M02993,B03,P1,01/31/2026,New,1500
PAY011679,M03534,B04,P3,2026-01-31,Renewal,4000
PAY011711,M01819,B02,P1,2026-01-31,Renewal,1500
PAY002985,M02985,B03,P4,01/31/2026,New,7500
PAY004767,M04767,B05,P4,2026-01-31,New,7500
PAY011539,M02109,B02,P1,2026-01-31,Renewal,1500
PAY000904,M00904,B01,P5,2026-01-31,New,13500
PAY011735,M04389,B05,P2,2026-01-31,Renewal,1100
PAY011677,M02059,B02,P2,2026-01-31,Renewal,1100
PAY011688,M01596,B02,P4,2026-01-31,Renewal,7500
PAY002206,M02206,B02,P3,2026-01-31,New,4000
PAY011697,M04460,B05,P5,2026-01-31,Renewal,13500
PAY011619,M00468,B01,P5,2026-01-31,Renewal,13500
PAY011627,M02814,B03,P1,01/31/2026,Renewal,1500
PAY011629,M04097,B05,P1,2026-01-31,Renewal,1500
PAY011707,M03844,B04,P1,2026-02-01,Renewal,1500
PAY011598,M01791,B02,P1,2026-02-01,Renewal,1500
PAY004831,M04831,B05,P5,2026-02-01,New,13500
PAY011609,M01174,B02,P3,2026-02-01,Renewal,4000
PAY011662,M00580,B01,P3,2026-02-01,Renewal,4000
PAY011617,M04439,B05,P4,2026-02-01,Renewal,7500
PAY004826,M04826,B05,P3,2026-02-01,New,4000
PAY000909,M00909,B01,P5,2026-02-01,New,13500
PAY011742,M02118,B02,P2,2026-02-01,Renewal,1100
PAY011624,M01951,B02,P3,2026-02-01,Renewal,4000
PAY003868,M03868,B04,P1,2026-02-01,New,1500
PAY011574,M00096,B01,P3,2026-02-01,Renewal,4000
PAY011595,M00719,B01,P1,2026-02-01,Renewal,1500
PAY000921,M00921,B01,P3,2026-02-01,New,4000
PAY011636,M01674,B02,P4,2026-02-01,Renewal,7500
PAY002290,M02290,B02,P3,2026-02-01,New,4000
PAY002288,M02288,B02,P1,2026-02-01,New,1500
PAY011551,M00461,B01,P4,2026-02-01,Renewal,7500
PAY011560,M04133,B05,P4,2026-02-01,Renewal,7500
PAY011593,M00448,B01,P5,2026-02-01,Renewal,13500
PAY011630,M00115,B01,P3,2026-02-01,Renewal,4000
PAY011686,M00801,B01,P3,2026-02-01,Renewal,4000
PAY011643,M03803,B04,P1,2026-02-01,Renewal,1500
PAY011749,M00810,B01,P3,2026-02-02,Renewal,4000
PAY011748,M00197,B01,P3,2026-02-02,Renewal,4000
PAY011680,M03810,B04,P1,2026-02-02,Renewal,1500
PAY002249,M02249,B02,P1,2026-02-02,New,1500
PAY011732,M02877,B03,P1,02/02/2026,Renewal,1500
PAY011733,M03841,B04,P1,2026-02-02,Renewal,1500
PAY000954,M00954,B01,P3,2026-02-02,New,4000
PAY011564,M01156,B02,P4,2026-02-02,Renewal,7500
PAY004830,M04830,B05,P2,2026-02-02,New,1100
PAY011743,M02212,B02,P1,2026-02-02,Renewal,1500
PAY011611,M01788,B02,P1,2026-02-02,Renewal,1500
PAY011612,M02111,B02,P1,2026-02-02,Renewal,1500
PAY011692,M02602,B03,P1,02/02/2026,Renewal,1500
PAY003012,M03012,B03,P2,02/02/2026,New,1100
PAY011582,M02098,B02,P1,2026-02-02,Renewal,1500
PAY011568,M02156,B02,P3,2026-02-02,Renewal,4000
PAY011653,M04405,B05,P5,2026-02-03,Renewal,13500
PAY003007,M03007,B03,P4,02/03/2026,New,7500
PAY011726,M04288,B05,P3,2026-02-03,Renewal,4000
PAY011706,M02674,B03,P5,02/03/2026,Renewal,13500
PAY011701,M00855,B01,P1,2026-02-03,Renewal,1500
PAY000943,M00943,B01,P1,2026-02-03,New,1500
PAY000922,M00922,B01,P3,2026-02-03,New,4000
PAY011640,M01970,B02,P5,2026-02-03,Renewal,13500
PAY002247,M02247,B02,P4,2026-02-03,New,7500
PAY000917,M00917,B01,P5,2026-02-03,New,13500
PAY011756,M04117,B05,P3,2026-02-03,Renewal,4000
PAY011752,M02099,B02,P2,2026-02-03,Renewal,1100
PAY011576,M00696,B01,P4,2026-02-03,Renewal,7500
PAY003017,M03017,B03,P3,02/03/2026,New,4000
PAY011603,M04643,B05,P4,2026-02-03,Renewal,7500
PAY011587,M03520,B04,P3,2026-02-03,Renewal,4000
PAY011775,M04080,B05,P3,2026-02-04,Renewal,4000
PAY011755,M03559,B04,P5,2026-02-04,Renewal,13500
PAY002284,M02284,B02,P1,2026-02-04,New,1500
PAY004836,M04836,B05,P1,2026-02-04,New,1500
PAY002276,M02276,B02,P5,2026-02-04,New,13500
PAY011746,M04577,B05,P3,2026-02-04,Renewal,4000
PAY011778,M00560,B01,P1,2026-02-04,Renewal,1500
PAY003025,M03025,B03,P4,02/04/2026,New,7500
PAY011654,M01501,B02,P3,2026-02-04,Renewal,4000
PAY011715,M00722,B01,P4,2026-02-04,Renewal,7500
PAY000941,M00941,B01,P1,2026-02-04,New,1500
PAY011716,M00905,B01,P1,2026-02-04,Renewal,1500
PAY000959,M00959,B01,P2,2026-02-04,New,1100
PAY011722,M02819,B03,P3,02/04/2026,Renewal,4000
PAY011622,M01487,B02,P1,2026-02-04,Renewal,1500
PAY011786,M01947,B02,P4,2026-02-04,Renewal,7500
PAY011719,M01754,B02,P5,2026-02-04,Renewal,13500
PAY011763,M01393,B02,P5,2026-02-04,Renewal,13500
PAY011721,M02013,B02,P2,2026-02-04,Renewal,1100
PAY000949,M00949,B01,P3,2026-02-04,New,4000
PAY011785,M01690,B02,P1,2026-02-05,Renewal,1500
PAY011770,M02909,B03,P3,02/05/2026,Renewal,4000
PAY011747,M04730,B05,P2,2026-02-05,Renewal,1100
PAY011717,M01335,B02,P2,2026-02-05,Renewal,1100
PAY011777,M00176,B01,P1,2026-02-05,Renewal,1500
PAY004809,M04809,B05,P1,2026-02-05,New,1500
PAY011736,M04583,B05,P4,2026-02-05,Renewal,7500
PAY011727,M00458,B01,P2,2026-02-05,Renewal,1100
PAY004813,M04813,B05,P3,2026-02-05,New,4000
PAY011771,M03281,B04,P3,2026-02-05,Renewal,4000
PAY011758,M00449,B01,P3,2026-02-05,Renewal,4000
PAY011714,M03822,B04,P1,2026-02-05,Renewal,1500
PAY003008,M03008,B03,P1,02/05/2026,New,1500
PAY011642,M03237,B04,P5,2026-02-05,Renewal,13500
PAY002285,M02285,B02,P1,2026-02-05,New,1500
PAY011668,M02101,B02,P1,2026-02-05,Renewal,1500
PAY011789,M02942,B03,P3,02/05/2026,Renewal,4000
PAY011632,M00792,B01,P3,2026-02-05,Renewal,4000
PAY011651,M02086,B02,P2,2026-02-05,Renewal,1100
PAY011687,M01308,B02,P3,2026-02-05,Renewal,4000
PAY011793,M04790,B05,P1,2026-02-05,Renewal,1500
PAY011641,M02617,B03,P4,02/05/2026,Renewal,7500
PAY011660,M00043,B01,P5,2026-02-05,Renewal,13500
PAY011670,M02751,B03,P4,02/05/2026,Renewal,7500
PAY011676,M00274,B01,P1,2026-02-05,Renewal,1500
PAY011657,M02683,B03,P3,02/05/2026,Renewal,4000
PAY011724,M02897,B03,P3,02/06/2026,Renewal,4000
PAY002251,M02251,B02,P1,2026-02-06,New,1500
PAY003864,M03864,B04,P4,2026-02-06,New,7500
PAY011700,M00700,B01,P1,2026-02-06,Renewal,1500
PAY000919,M00919,B01,P1,2026-02-06,New,1500
PAY003029,M03029,B03,P2,02/06/2026,New,1100
PAY003874,M03874,B04,P5,2026-02-06,New,13500
PAY003026,M03026,B03,P3,02/06/2026,New,4000
PAY011750,M00811,B01,P3,2026-02-06,Renewal,4000
PAY011672,M04400,B05,P2,2026-02-06,Renewal,1100
PAY011678,M03152,B04,P3,2026-02-06,Renewal,4000
PAY004805,M04805,B05,P4,2026-02-06,New,7500
PAY011708,M00802,B01,P1,2026-02-06,Renewal,1500
PAY011626,M02037,B02,P2,2026-02-06,Renewal,1100
PAY011784,M01629,B02,P2,2026-02-06,Renewal,1100
PAY011618,M00020,B01,P1,2026-02-06,Renewal,1500
PAY011723,M02861,B03,P1,02/06/2026,Renewal,1500
PAY011768,M02197,B02,P2,2026-02-06,Renewal,1100
PAY002263,M02263,B02,P5,2026-02-07,New,13500
PAY003880,M03880,B04,P1,2026-02-07,New,1500
PAY003871,M03871,B04,P3,2026-02-07,New,4000
PAY003869,M03869,B04,P1,2026-02-07,New,1500
PAY011644,M04419,B05,P4,2026-02-07,Renewal,7500
PAY000928,M00928,B01,P3,2026-02-07,New,4000
PAY011699,M00688,B01,P3,2026-02-07,Renewal,4000
PAY011658,M03799,B04,P1,2026-02-07,Renewal,1500
PAY011788,M02207,B02,P1,2026-02-07,Renewal,1500
PAY011791,M03150,B04,P3,2026-02-07,Renewal,4000
PAY011797,M00883,B01,P2,2026-02-07,Renewal,1100
PAY011712,M02741,B03,P3,02/07/2026,Renewal,4000
PAY011803,M00057,B01,P3,2026-02-07,Renewal,4000
PAY011808,M01282,B02,P4,2026-02-07,Renewal,7500
PAY011809,M01397,B02,P4,2026-02-07,Renewal,7500
PAY011669,M02148,B02,P1,2026-02-07,Renewal,1500
PAY011730,M02228,B02,P1,2026-02-07,Renewal,1500
PAY011810,M01406,B02,P1,2026-02-07,Renewal,1500
PAY004834,M04834,B05,P1,2026-02-07,New,1500
PAY004840,M04840,B05,P1,2026-02-07,New,1500
PAY011729,M02032,B02,P1,2026-02-07,Renewal,1500
PAY011822,M00587,B01,P2,2026-02-08,Renewal,1100
PAY011773,M03842,B04,P3,2026-02-08,Renewal,4000
PAY011817,M03494,B04,P3,2026-02-08,Renewal,4000
PAY004829,M04829,B05,P1,2026-02-08,New,1500
PAY011833,M03580,B04,P4,2026-02-08,Renewal,7500
PAY000924,M00924,B01,P2,2026-02-08,New,1100
PAY004838,M04838,B05,P1,2026-02-08,New,1500
PAY004818,M04818,B05,P5,2026-02-08,New,13500
PAY004812,M04812,B05,P5,2026-02-08,New,13500
PAY003884,M03884,B04,P4,2026-02-08,New,7500
PAY011740,M01695,B02,P3,2026-02-08,Renewal,4000
PAY011704,M01455,B02,P1,2026-02-08,Renewal,1500
PAY011734,M04229,B05,P5,2026-02-08,Renewal,13500
PAY011842,M01987,B02,P4,2026-02-08,Renewal,7500
PAY011656,M02658,B03,P5,02/08/2026,Renewal,13500
PAY011655,M01846,B02,P3,2026-02-08,Renewal,4000
PAY011848,M03994,B05,P2,2026-02-08,Renewal,1100
PAY011713,M03790,B04,P3,2026-02-08,Renewal,4000
PAY011839,M01346,B02,P3,2026-02-09,Renewal,4000
PAY011718,M01496,B02,P2,2026-02-09,Renewal,1100
PAY004815,M04815,B05,P4,2026-02-09,New,7500
PAY011864,M02517,B03,P3,02/09/2026,Renewal,4000
PAY011702,M00884,B01,P2,2026-02-09,Renewal,1100
PAY011772,M03560,B04,P4,2026-02-09,Renewal,7500
PAY011691,M02583,B03,P4,02/09/2026,Renewal,7500
PAY011862,M02231,B02,P1,2026-02-09,Renewal,1500
PAY003878,M03878,B04,P3,2026-02-09,New,4000
PAY011738,M00718,B01,P2,2026-02-09,Renewal,1100
PAY011792,M03569,B04,P5,2026-02-09,Renewal,13500
PAY011765,M02004,B02,P3,2026-02-09,Renewal,4000
PAY011683,M04383,B05,P4,2026-02-09,Renewal,7500
PAY011666,M02051,B02,P2,2026-02-09,Renewal,1100
PAY011675,M04755,B05,P2,2026-02-09,Renewal,1100
PAY011661,M00382,B01,P5,2026-02-09,Renewal,13500
PAY011834,M03831,B04,P2,2026-02-09,Renewal,1100
PAY004817,M04817,B05,P4,2026-02-09,New,7500
PAY003021,M03021,B03,P3,02/09/2026,New,4000
PAY004835,M04835,B05,P5,2026-02-09,New,13500
PAY011663,M00731,B01,P2,2026-02-09,Renewal,1100
PAY002269,M02269,B02,P1,2026-02-10,New,1500
PAY002266,M02266,B02,P3,2026-02-10,New,4000
PAY011698,M00561,B01,P1,2026-02-10,Renewal,1500
PAY011825,M00875,B01,P1,2026-02-10,Renewal,1500
PAY011674,M04752,B05,P2,2026-02-10,Renewal,1100
PAY011845,M02770,B03,,02/10/2026,Renewal,7500
PAY002246,M02246,B02,P4,2026-02-10,New,7500
PAY011790,M02984,B03,P1,02/10/2026,Renewal,1500
PAY011851,M00634,B01,P1,2026-02-10,Renewal,1500
PAY003866,M03866,B04,P1,2026-02-10,New,1500
PAY000915,M00915,B01,P1,2026-02-10,New,1500
PAY011695,M03728,B04,P3,2026-02-10,Renewal,4000
PAY000946,M00946,B01,P1,2026-02-10,New,1500
PAY011745,M03633,B04,P4,2026-02-10,Renewal,7500
PAY011761,M01191,B02,P3,2026-02-10,Renewal,4000
PAY003020,M03020,B03,P3,02/10/2026,New,4000
PAY003016,M03016,B03,P3,02/10/2026,New,4000
PAY003024,M03024,B03,P1,02/11/2026,New,1500
PAY000934,M00934,B01,P1,2026-02-11,New,1500
PAY011811,M01636,B02,P1,2026-02-11,Renewal,1500
PAY011819,M04298,B05,P1,2026-02-11,Renewal,1500
PAY011807,M00845,B01,P1,2026-02-11,Renewal,1500
PAY003015,M03015,B03,P2,02/11/2026,New,1100
PAY011779,M00732,B01,P4,2026-02-11,Renewal,7500
PAY003861,M03861,B04,P5,2026-02-11,New,13500
PAY002267,M02267,B02,P3,2026-02-11,New,4000
PAY004820,M04820,B05,P1,2026-02-11,New,1500
PAY011682,M04100,B05,P1,2026-02-11,Renewal,1500
PAY003870,M03870,B04,P1,2026-02-11,New,1500
PAY000948,M00948,B01,P1,2026-02-11,New,1500
PAY004807,M04807,B05,P1,2026-02-11,New,1500
PAY011720,M01849,B02,P4,2026-02-11,Renewal,7500
PAY011867,M00076,B01,P1,2026-02-11,Renewal,1500
PAY011866,M03821,B04,P1,2026-02-11,Renewal,1500
PAY011823,M00754,B01,P1,2026-02-11,Renewal,1500
PAY000957,M00957,B01,P5,2026-02-11,New,13500
PAY011861,M02143,B02,P4,2026-02-11,Renewal,7500
PAY011690,M02227,B02,P1,2026-02-11,Renewal,1500
PAY004811,M04811,B05,P1,2026-02-11,New,1500
PAY011684,M00089,B01,P3,2026-02-11,Renewal,4000
PAY011767,M02185,B02,P1,2026-02-11,Renewal,1500
PAY000923,M00923,B01,P2,2026-02-11,New,1100
PAY011782,M01163,B02,P1,2026-02-12,Renewal,1500
PAY011826,M01368,B02,P1,2026-02-12,Renewal,1500
PAY000930,M00930,B01,P4,2026-02-12,New,7500
PAY011847,M03644,B04,P2,2026-02-12,Renewal,1100
PAY011710,M01728,B02,P4,2026-02-12,Renewal,7500
PAY002248,M02248,B02,P3,2026-02-12,New,4000
PAY002279,M02279,B02,P5,2026-02-12,New,13500
PAY011754,M02958,B03,P3,02/12/2026,Renewal,4000
PAY000927,M00927,B01,P2,2026-02-12,New,1100
PAY011794,M00162,B01,P3,2026-02-12,Renewal,4000
PAY003009,M03009,B03,P1,02/12/2026,New,1500
PAY011824,M00805,B01,P1,2026-02-12,Renewal,1500
PAY011728,M01746,B02,P1,2026-02-12,Renewal,1500
PAY011739,M00890,B01,P1,2026-02-12,Renewal,1500
PAY011855,M01176,B02,P1,2026-02-12,Renewal,1500
PAY002278,M02278,B02,P1,2026-02-12,New,1500
PAY004808,M04808,B05,P4,2026-02-12,New,7500
PAY011829,M02133,B02,P4,2026-02-12,Renewal,7500
PAY011876,M00662,B01,P4,2026-02-13,Renewal,7500
PAY011900,M04802,B05,P1,2026-02-13,Renewal,1500
PAY011850,M00347,B01,P5,2026-02-13,Renewal,13500
PAY011757,M04435,B05,P3,2026-02-13,Renewal,4000
PAY011751,M00813,B01,P1,2026-02-13,Renewal,1500
PAY011895,M00697,B01,P3,2026-02-13,Renewal,4000
PAY011893,M04758,B05,P2,2026-02-13,Renewal,1100
PAY000961,M00961,B01,P4,2026-02-13,New,7500
PAY011894,M00161,B01,P3,2026-02-13,Renewal,4000
PAY004828,M04828,B05,P2,2026-02-13,New,1100
PAY000956,M00956,B01,P1,2026-02-13,New,1500
PAY002256,M02256,B02,P4,2026-02-13,New,7500
PAY011795,M00364,B01,P4,2026-02-13,Renewal,7500
PAY011764,M01973,B02,P1,2026-02-13,Renewal,1500
PAY011879,M00908,B01,P1,2026-02-13,Renewal,1500
PAY011731,M02241,B02,P2,2026-02-13,Renewal,1100
PAY011703,M00885,B01,P2,2026-02-13,Renewal,1100
PAY011705,M02235,B02,P4,2026-02-13,Renewal,7500
PAY011806,M00501,B01,P4,2026-02-13,Renewal,7500
PAY011804,M00137,B01,P3,2026-02-14,Renewal,4000
PAY011925,M03677,B04,P3,2026-02-14,Renewal,4000
PAY003879,M03879,B04,P3,2026-02-14,New,4000
PAY011725,M03985,B05,P3,2026-02-14,Renewal,4000
PAY004823,M04823,B05,P1,2026-02-14,New,1500
PAY011762,M01391,B02,P2,2026-02-14,Renewal,1100
PAY011854,M00848,B01,P1,2026-02-14,Renewal,1500
PAY011858,M01575,B02,P2,2026-02-14,Renewal,1100
PAY002261,M02261,B02,P1,2026-02-14,New,1500
PAY000942,M00942,B01,P1,2026-02-14,New,1500
PAY002260,M02260,B02,P4,2026-02-14,New,7500
PAY002259,M02259,B02,P4,2026-02-14,New,7500
PAY011831,M02952,B03,P1,02/14/2026,Renewal,1500
PAY002257,M02257,B02,P2,2026-02-14,New,1100
PAY011907,M02774,B03,P5,02/14/2026,Renewal,13500
PAY000940,M00940,B01,P2,2026-02-14,New,1100
PAY003881,M03881,B04,P3,2026-02-14,New,4000
PAY004810,M04810,B05,P3,2026-02-14,New,4000
PAY003027,M03027,B03,P2,02/14/2026,New,1100
PAY002252,M02252,B02,P4,2026-02-14,New,7500
PAY011744,M02245,B02,P2,2026-02-15,Renewal,1100
PAY002262,M02262,B02,P3,2026-02-15,New,4000
PAY011787,M01988,B02,P3,2026-02-15,Renewal,4000
PAY003006,M03006,B03,P1,02/15/2026,New,1500
PAY003005,M03005,B03,P3,02/15/2026,New,4000
PAY002275,M02275,B02,P1,2026-02-15,New,1500
PAY011836,M00189,B01,P5,2026-02-15,Renewal,13500
PAY000953,M00953,B01,P1,2026-02-15,New,1500
PAY011916,M00766,B01,P2,2026-02-15,Renewal,1100
PAY011891,M03311,B04,P1,2026-02-15,Renewal,1500
PAY011805,M00147,B01,P3,2026-02-15,Renewal,4000
PAY011832,M03553,B04,P5,2026-02-16,Renewal,13500
PAY003859,M03859,B04,P1,2026-02-16,New,1500
PAY011843,M02021,B02,P2,2026-02-16,Renewal,1100
PAY000939,M00939,B01,P1,2026-02-16,New,1500
PAY011840,M01528,B02,P3,2026-02-16,Renewal,4000
PAY011781,M00903,B01,P1,2026-02-16,Renewal,1500
PAY011776,M00160,B01,P3,2026-02-16,Renewal,4000
PAY011774,M04017,B05,P3,2026-02-16,Renewal,4000
PAY011904,M00839,B01,P4,2026-02-16,Renewal,7500
PAY002265,M02265,B02,P1,2026-02-16,New,1500
PAY011821,M04679,B05,P1,2026-02-16,Renewal,1500
PAY002271,M02271,B02,P2,2026-02-16,New,1100
PAY011753,M02117,B02,P1,2026-02-16,Renewal,1500
PAY002277,M02277,B02,P1,2026-02-16,New,1500
PAY003010,M03010,B03,,02/16/2026,New,13500
PAY011759,M00705,B01,P1,2026-02-16,Renewal,1500
PAY011802,M03823,B04,P1,2026-02-16,Renewal,1500
PAY002280,M02280,B02,P1,2026-02-16,New,1500
PAY011737,M00498,B01,P1,2026-02-16,Renewal,1500
PAY011760,M00759,B01,P2,2026-02-16,Renewal,1100
PAY011800,M02497,B03,P4,02/16/2026,Renewal,7500
PAY011766,M02067,B02,P1,2026-02-16,Renewal,1500
PAY000914,M00914,B01,P2,2026-02-17,New,1100
PAY011896,M00821,B01,P1,2026-02-17,Renewal,1500
PAY011897,M01492,B02,P5,2026-02-17,Renewal,13500
PAY011796,M00809,B01,P3,2026-02-17,Renewal,4000
PAY011741,M01726,B02,P5,2026-02-17,Renewal,13500
PAY000945,M00945,B01,P3,2026-02-17,New,4000
PAY011903,M00826,B01,P2,2026-02-17,Renewal,1100
PAY000944,M00944,B01,P3,2026-02-17,New,4000
PAY011783,M01348,B02,P3,2026-02-17,Renewal,4000
PAY000937,M00937,B01,P5,2026-02-17,New,13500
PAY002253,M02253,B02,P1,2026-02-17,New,1500
PAY011865,M02941,B03,P3,02/17/2026,Renewal,4000
PAY002286,M02286,B02,P5,2026-02-17,New,13500
PAY011881,M01995,B02,P3,2026-02-17,Renewal,4000
PAY002287,M02287,B02,P2,2026-02-17,New,1100
PAY011926,M03832,B04,P1,2026-02-17,Renewal,1500
PAY011949,M02687,B03,P1,02/17/2026,Renewal,1500
PAY011887,M02199,B02,P2,2026-02-17,Renewal,1100
PAY003011,M03011,B03,P4,02/17/2026,New,7500
PAY011813,M01919,B02,P2,2026-02-17,Renewal,1100
PAY011835,M04000,B05,P5,2026-02-17,Renewal,13500
PAY011816,M02911,B03,P3,02/17/2026,Renewal,4000
PAY011814,M01997,B02,P2,2026-02-17,Renewal,1100
PAY011933,M02131,B02,P3,2026-02-18,Renewal,4000
PAY003004,M03004,B03,P1,02/18/2026,New,1500
PAY011798,M00906,B01,P1,2026-02-18,Renewal,1500
PAY003023,M03023,B03,P3,02/18/2026,New,4000
PAY004821,M04821,B05,P1,2026-02-18,New,1500
PAY011818,M04036,B05,P3,2026-02-18,Renewal,4000
PAY011815,M02176,B02,P2,2026-02-18,Renewal,1100
PAY011841,M01627,B02,P4,2026-02-18,Renewal,7500
PAY011769,M02758,B03,P4,02/18/2026,Renewal,7500
PAY011868,M00298,B01,P3,2026-02-18,Renewal,4000
PAY000938,M00938,B01,P3,2026-02-18,New,4000
PAY011961,M00871,B01,P1,2026-02-18,Renewal,1500
PAY011958,M00493,B01,P3,2026-02-18,Renewal,4000
PAY011967,M04740,B05,P1,2026-02-18,Renewal,1500
PAY011863,M02242,B02,P1,2026-02-18,Renewal,1500
PAY011972,M00900,B01,P1,2026-02-18,Renewal,1500
PAY011973,M01423,B02,P1,2026-02-18,Renewal,1500
PAY000910,M00910,B01,P1,2026-02-18,New,1500
PAY011919,M01920,B02,P4,2026-02-18,Renewal,7500
PAY011983,M04123,B05,P5,2026-02-18,Renewal,13500
PAY003865,M03865,B04,P3,2026-02-18,New,4000
PAY011918,M01358,B02,P3,2026-02-18,Renewal,4000
PAY000936,M00936,B01,P1,2026-02-18,New,1500
PAY000929,M00929,B01,P3,2026-02-18,New,4000
PAY003862,M03862,B04,P4,2026-02-18,New,7500
PAY011917,M01341,B02,P4,2026-02-18,Renewal,7500
PAY000932,M00932,B01,P3,2026-02-18,New,4000
PAY002274,M02274,B02,P1,2026-02-18,New,1500
PAY003883,M03883,B04,P2,2026-02-19,New,1100
PAY003882,M03882,B04,P4,2026-02-19,New,7500
PAY004822,M04822,B05,P4,2026-02-19,New,7500
PAY002255,M02255,B02,P3,2026-02-19,New,4000
PAY011880,M01542,B02,P4,2026-02-19,Renewal,7500
PAY000952,M00952,B01,P5,2026-02-19,New,13500
PAY011883,M02006,B02,P3,2026-02-19,Renewal,4000
PAY011931,M00642,B01,P3,2026-02-19,Renewal,4000
PAY011860,M01985,B02,P3,2026-02-19,Renewal,4000
PAY003019,M03019,B03,P2,02/19/2026,New,1100
PAY003860,M03860,B04,P1,2026-02-19,New,1500
PAY011981,M03807,B04,P1,2026-02-19,Renewal,1500
PAY002272,M02272,B02,P5,2026-02-19,New,13500
PAY011980,M02986,B03,P1,02/19/2026,Renewal,1500
PAY002281,M02281,B02,P5,2026-02-20,New,13500
PAY002254,M02254,B02,P3,2026-02-20,New,4000
PAY011844,M02191,B02,P1,2026-02-20,Renewal,1500
PAY002289,M02289,B02,P1,2026-02-20,New,1500
PAY011890,M03266,B04,P3,2026-02-20,Renewal,4000
PAY011780,M00868,B01,P2,2026-02-20,Renewal,1100
PAY011928,M00114,B01,P3,2026-02-20,Renewal,4000
PAY011953,M04504,B05,P3,2026-02-20,Renewal,4000
PAY003863,M03863,B04,P3,2026-02-20,New,4000
PAY011990,M02113,B02,P1,2026-02-20,Renewal,1500
PAY000912,M00912,B01,P5,2026-02-20,New,13500
PAY000911,M00911,B01,P3,2026-02-20,New,4000
PAY012005,M01525,B02,P1,2026-02-20,Renewal,1500
PAY012008,M02230,B02,P1,2026-02-20,Renewal,1500
PAY012013,M03849,B04,P1,2026-02-20,Renewal,1500
PAY011889,M02943,B03,P3,02/20/2026,Renewal,4000
PAY012004,M01463,B02,P3,2026-02-20,Renewal,4000
PAY004827,M04827,B05,P4,2026-02-20,New,7500
PAY011812,M01741,B02,P4,2026-02-20,Renewal,7500
PAY004832,M04832,B05,P3,2026-02-20,New,4000
PAY011799,M01224,B02,P1,2026-02-20,Renewal,1500
PAY011884,M02010,B02,P3,2026-02-20,Renewal,4000
PAY011963,M02003,B02,P1,2026-02-21,Renewal,1500
PAY011959,M00783,B01,P1,2026-02-21,Renewal,1500
PAY011956,M00343,B01,P3,2026-02-21,Renewal,4000
PAY011874,M03352,B04,P4,2026-02-21,Renewal,7500
PAY011924,M03554,B04,P1,2026-02-21,Renewal,1500
PAY011920,M01977,B02,P3,2026-02-21,Renewal,4000
PAY011941,M04788,B05,P1,2026-02-21,Renewal,1500
PAY011801,M03278,B04,P3,2026-02-21,Renewal,4000
PAY011938,M02983,B03,P1,02/21/2026,Renewal,1500
PAY004837,M04837,B05,P5,2026-02-21,New,13500
PAY000960,M00960,B01,P2,2026-02-21,New,1100
PAY000933,M00933,B01,P4,2026-02-21,New,7500
PAY011827,M01620,B02,P3,2026-02-21,Renewal,4000
PAY011872,M02215,B02,P1,2026-02-21,Renewal,1500
PAY004816,M04816,B05,P1,2026-02-21,New,1500
PAY011871,M02009,B02,P2,2026-02-21,Renewal,1100
PAY011965,M03555,B04,P4,2026-02-21,Renewal,7500
PAY011988,M01765,B02,P3,2026-02-21,Renewal,4000
PAY011964,M02975,B03,P1,02/21/2026,Renewal,1500
PAY011820,M04631,B05,P3,2026-02-22,Renewal,4000
PAY011888,M02895,B03,P4,02/22/2026,Renewal,7500
PAY011875,M00295,B01,P5,2026-02-22,Renewal,13500
PAY000913,M00913,B01,P5,2026-02-22,New,13500
PAY012003,M00873,B01,P1,2026-02-22,Renewal,1500
PAY012007,M02214,B02,P1,2026-02-22,Renewal,1500
PAY011998,M04774,B05,P2,2026-02-22,Renewal,1100
PAY011945,M01511,B02,P2,2026-02-22,Renewal,1100
PAY012001,M00812,B01,P2,2026-02-22,Renewal,1100
PAY003022,M03022,B03,P1,02/22/2026,New,1500
PAY012020,M02229,B02,P1,2026-02-23,Renewal,1500
PAY003877,M03877,B04,P5,2026-02-23,New,13500
PAY012017,M01933,B02,P1,2026-02-23,Renewal,1500
PAY011937,M02900,B03,P4,02/23/2026,Renewal,7500
PAY000950,M00950,B01,P5,2026-02-23,New,13500
PAY000916,M00916,B01,P1,2026-02-23,New,1500
PAY002250,M02250,B02,P3,2026-02-23,New,4000
PAY011885,M02122,B02,P1,2026-02-23,Renewal,1500
PAY011923,M02976,B03,P1,02/23/2026,Renewal,1500
PAY011828,M02120,B02,P1,2026-02-23,Renewal,1500
PAY000947,M00947,B01,P2,2026-02-23,New,1100
PAY011830,M02174,B02,P2,2026-02-23,Renewal,1100
PAY002268,M02268,B02,P4,2026-02-23,New,7500
PAY011910,M02990,B03,P1,02/23/2026,Renewal,1500
PAY011869,M00594,B01,P3,2026-02-23,Renewal,4000
PAY011966,M03732,B04,P4,2026-02-23,Renewal,7500
PAY011915,M00048,B01,P1,2026-02-23,Renewal,1500
PAY011857,M01378,B02,P3,2026-02-23,Renewal,4000
PAY011856,M01259,B02,P2,2026-02-23,Renewal,1100
PAY011870,M00860,B01,P1,2026-02-23,Renewal,1500
PAY011852,M00706,B01,P1,2026-02-23,Renewal,1500
PAY011849,M04778,B05,P1,2026-02-23,Renewal,1500
PAY011913,M04440,B05,P4,2026-02-23,Renewal,7500
PAY003872,M03872,B04,P3,2026-02-24,New,4000
PAY011947,M02218,B02,P1,2026-02-24,Renewal,1500
PAY011946,M02094,B02,P2,2026-02-24,Renewal,1100
PAY011859,M01978,B02,P4,2026-02-24,Renewal,7500
PAY003867,M03867,B04,P3,2026-02-24,New,4000
PAY004833,M04833,B05,P1,2026-02-24,New,1500
PAY011995,M03795,B04,P3,2026-02-24,Renewal,4000
PAY012060,M02814,B03,P1,02/24/2026,Renewal,1500
PAY002283,M02283,B02,P3,2026-02-24,New,4000
PAY011942,M00864,B01,P1,2026-02-24,Renewal,1500
PAY011878,M00895,B01,P2,2026-02-24,Renewal,1100
PAY011892,M03750,B04,P4,2026-02-24,Renewal,7500
PAY012009,M02655,B03,P3,02/24/2026,Renewal,4000
PAY011898,M01673,B02,P1,2026-02-24,Renewal,1500
PAY011853,M00818,B01,P3,2026-02-24,Renewal,4000
PAY011837,M00825,B01,P3,2026-02-24,Renewal,4000
PAY011882,M01998,B02,P4,2026-02-24,Renewal,7500
PAY011838,M00888,B01,P5,2026-02-24,Renewal,13500
PAY011999,M00253,B01,P4,2026-02-24,Renewal,7500
PAY011932,M02107,B02,P2,2026-02-24,Renewal,1100
PAY011846,M03641,B04,P3,2026-02-24,Renewal,4000
PAY011912,M04314,B05,P5,2026-02-25,Renewal,13500
PAY011906,M02240,B02,P2,2026-02-25,Renewal,1100
PAY002282,M02282,B02,P5,2026-02-25,New,13500
PAY011902,M00356,B01,P3,2026-02-25,Renewal,4000
PAY011976,M02182,B02,P2,2026-02-25,Renewal,1100
PAY011914,M04576,B05,P3,2026-02-25,Renewal,4000
PAY011886,M02154,B02,P1,2026-02-25,Renewal,1500
PAY004806,M04806,B05,P4,2026-02-25,New,7500
PAY011873,M02701,B03,P3,02/25/2026,Renewal,4000
PAY011954,M04659,B05,P3,2026-02-25,Renewal,4000
PAY012074,M01791,B02,P1,2026-02-25,Renewal,1500
PAY004819,M04819,B05,P3,2026-02-25,New,4000
PAY003018,M03018,B03,P3,02/25/2026,New,4000
PAY011936,M02842,B03,P3,02/25/2026,Renewal,4000
PAY000955,M00955,B01,P1,2026-02-25,New,1500
PAY012084,M01788,B02,P1,2026-02-25,Renewal,1500
PAY011899,M02982,B03,P2,02/26/2026,Renewal,1100
PAY000925,M00925,B01,P4,2026-02-26,New,7500
PAY000920,M00920,B01,P4,2026-02-26,New,7500
PAY011877,M00833,B01,P1,2026-02-26,Renewal,1500
PAY012058,M02236,B02,P1,2026-02-26,Renewal,1500
PAY011985,M00635,B01,P1,2026-02-26,Renewal,1500
PAY003003,M03003,B03,P5,02/26/2026,New,13500
PAY012088,M02098,B02,P1,2026-02-26,Renewal,1500
PAY003875,M03875,B04,P5,2026-02-26,New,13500
PAY003014,M03014,B03,P1,02/26/2026,New,1500
PAY003876,M03876,B04,P2,2026-02-26,New,1100
PAY002264,M02264,B02,P1,2026-02-26,New,1500
PAY002258,M02258,B02,P4,2026-02-26,New,7500
PAY012095,M03737,B04,P3,2026-02-26,Renewal,4000
PAY011908,M02971,B03,P1,02/26/2026,Renewal,1500
PAY011957,M00490,B01,P1,2026-02-26,Renewal,1500
PAY012026,M02012,B02,P4,2026-02-26,Renewal,7500
PAY011977,M02902,B03,P3,02/26/2026,Renewal,4000
PAY012002,M00835,B01,P4,2026-02-27,Renewal,7500
PAY011905,M02209,B02,P2,2026-02-27,Renewal,1100
PAY003013,M03013,B03,P1,02/27/2026,New,1500
PAY000958,M00958,B01,P3,2026-02-27,New,4000
PAY004839,M04839,B05,P2,2026-02-27,New,1100
PAY000935,M00935,B01,P5,2026-02-27,New,13500
PAY012041,M00836,B01,P2,2026-02-27,Renewal,1100
PAY000926,M00926,B01,P1,2026-02-27,New,1500
PAY012113,M01883,B02,P3,2026-02-27,Renewal,4000
PAY012045,M01297,B02,P4,2026-02-27,Renewal,7500
PAY011909,M02979,B03,P1,02/27/2026,Renewal,1500
PAY003873,M03873,B04,P3,2026-02-27,New,4000
PAY002273,M02273,B02,P1,2026-02-27,New,1500
PAY012127,M02101,B02,P1,2026-02-28,Renewal,1500
PAY003028,M03028,B03,P2,02/28/2026,New,1100
PAY012128,M02285,B02,P1,2026-02-28,Renewal,1500
PAY012027,M02144,B02,P1,2026-02-28,Renewal,1500
PAY011996,M03846,B04,P1,2026-02-28,Renewal,1500
PAY012025,M00806,B01,P1,2026-02-28,Renewal,1500
PAY012130,M03165,B04,P5,2026-02-28,Renewal,13500
PAY012063,M03699,B04,P3,2026-02-28,Renewal,4000
PAY012012,M02980,B03,P1,02/28/2026,Renewal,1500
PAY012006,M01751,B02,P5,2026-02-28,Renewal,13500
PAY011901,M00196,B01,P3,2026-02-28,Renewal,4000
PAY012078,M02899,B03,P3,02/28/2026,Renewal,4000
PAY012049,M01819,B02,P1,2026-02-28,Renewal,1500
PAY004814,M04814,B05,P3,2026-02-28,New,4000
PAY011911,M03183,B04,P4,2026-02-28,Renewal,7500
PAY004824,M04824,B05,P5,2026-02-28,New,13500
PAY000918,M00918,B01,P2,2026-02-28,New,1100
PAY004825,M04825,B05,P3,2026-02-28,New,4000
PAY011930,M00638,B01,P3,2026-02-28,Renewal,4000
PAY002270,M02270,B02,P2,2026-02-28,New,1100
PAY011986,M00879,B01,P1,2026-02-28,Renewal,1500
PAY011984,M00528,B01,P4,2026-02-28,Renewal,7500
PAY000931,M00931,B01,P1,2026-02-28,New,1500
PAY011952,M04209,B05,P5,2026-02-28,Renewal,13500
PAY000951,M00951,B01,P4,2026-02-28,New,7500
PAY011922,M02205,B02,P2,2026-02-28,Renewal,1100
PAY011978,M02906,B03,P3,02/28/2026,Renewal,4000
PAY011934,M02208,B02,P1,2026-02-28,Renewal,1500
PAY011943,M00887,B01,P1,2026-03-01,Renewal,1500
PAY012059,M02793,B03,P4,03/01/2026,Renewal,7500
PAY011951,M03504,B04,P1,2026-03-01,Renewal,1500
PAY012081,M03868,B04,P1,2026-03-01,Renewal,1500
PAY011971,M00867,B01,P1,2026-03-01,Renewal,1500
PAY012100,M00855,B01,P4,2026-03-01,Renewal,7500
PAY012111,M01487,B02,P1,2026-03-01,Renewal,1500
PAY012082,M00557,B01,P5,2026-03-01,Renewal,13500
PAY011939,M04341,B05,P1,2026-03-01,Renewal,1500
PAY002308,M02308,B02,P4,2026-03-01,New,7500
PAY004842,M04842,B05,P3,2026-03-01,New,4000
PAY003042,M03042,B03,P4,03/01/2026,New,7500
PAY011989,M02072,B02,P1,2026-03-01,Renewal,1500
PAY003044,M03044,B03,P3,03/01/2026,New,4000
PAY011987,M01307,B02,P3,2026-03-01,Renewal,4000
PAY012035,M00307,B01,P3,2026-03-01,Renewal,4000
PAY011921,M02082,B02,P1,2026-03-01,Renewal,1500
PAY012121,M00458,B01,P2,2026-03-01,Renewal,1100
PAY000977,M00977,B01,P5,2026-03-01,New,13500
PAY011935,M02213,B02,P2,2026-03-01,Renewal,1100
PAY012089,M02111,B02,P1,2026-03-02,Renewal,1500
PAY011944,M01510,B02,P3,2026-03-02,Renewal,4000
PAY012069,M04789,B05,P1,2026-03-02,Renewal,1500
PAY012099,M00764,B01,P4,2026-03-02,Renewal,7500
PAY003050,M03050,B03,P2,03/02/2026,New,1100
PAY011960,M00824,B01,P1,2026-03-02,Renewal,1500
PAY012101,M00943,B01,P1,2026-03-02,Renewal,1500
PAY011962,M00894,B01,P3,2026-03-02,Renewal,4000
PAY011940,M04666,B05,P1,2026-03-02,Renewal,1500
PAY012064,M03738,B04,P3,2026-03-02,Renewal,4000
PAY012056,M02195,B02,P1,2026-03-02,Renewal,1500
PAY012079,M03803,B04,P5,2026-03-02,Renewal,13500
PAY012119,M00176,B01,P1,2026-03-02,Renewal,1500
PAY011991,M02194,B02,P1,2026-03-02,Renewal,1500
PAY002299,M02299,B02,P4,2026-03-02,New,7500
PAY012016,M01900,B02,P3,2026-03-02,Renewal,4000
PAY012155,M02148,B02,P1,2026-03-02,Renewal,1500
PAY002328,M02328,B02,P3,2026-03-02,New,4000
PAY011927,M04596,B05,P3,2026-03-02,Renewal,4000
PAY002291,M02291,B02,P4,2026-03-02,New,7500
PAY012034,M00296,B01,P3,2026-03-02,Renewal,4000
PAY011970,M00781,B01,P1,2026-03-02,Renewal,1500
PAY001013,M01013,B01,P1,2026-03-02,New,1500
PAY002329,M02329,B02,P3,2026-03-02,New,4000
PAY002339,M02339,B02,P3,2026-03-02,New,4000
PAY012125,M01690,B02,P1,2026-03-02,Renewal,1500
PAY012161,M04662,B05,P3,2026-03-02,Renewal,4000
PAY001009,M01009,B01,P1,2026-03-02,New,1500
PAY002337,M02337,B02,P3,2026-03-03,New,4000
PAY004845,M04845,B05,P1,2026-03-03,New,1500
PAY012000,M00256,B01,P5,2026-03-03,Renewal,13500
PAY012076,M02118,B02,P2,2026-03-03,Renewal,1100
PAY002309,M02309,B02,P1,2026-03-03,New,1500
PAY004841,M04841,B05,P1,2026-03-03,New,1500
PAY012143,M02037,B02,P1,2026-03-03,Renewal,1500
PAY012140,M00802,B01,P1,2026-03-03,Renewal,1500
PAY002307,M02307,B02,P3,2026-03-03,New,4000
PAY011992,M02938,B03,P1,03/03/2026,Renewal,1500
PAY002302,M02302,B02,P3,2026-03-03,New,4000
PAY012122,M00541,B01,P5,2026-03-03,Renewal,13500
PAY012021,M02724,B03,P5,03/03/2026,Renewal,13500
PAY011993,M02944,B03,P3,03/03/2026,Renewal,4000
PAY012114,M02013,B02,P2,2026-03-03,Renewal,1100
PAY011929,M00397,B01,P5,2026-03-03,Renewal,13500
PAY012126,M01762,B02,P4,2026-03-03,Renewal,7500
PAY012110,M01210,B02,P3,2026-03-03,Renewal,4000
PAY012136,M00020,B01,P1,2026-03-03,Renewal,1500
PAY003895,M03895,B04,P2,2026-03-03,New,1100
PAY012094,M03012,B03,P2,03/03/2026,Renewal,1100
PAY012105,M00081,B01,P5,2026-03-03,Renewal,13500
PAY012090,M02212,B02,P1,2026-03-03,Renewal,1500
PAY012022,M03434,B04,P1,2026-03-03,Renewal,1500
PAY011950,M03454,B04,P5,2026-03-03,Renewal,13500
PAY011948,M02632,B03,P4,03/03/2026,Renewal,7500
PAY012055,M02193,B02,P2,2026-03-03,Renewal,1100
PAY012133,M04730,B05,P2,2026-03-03,Renewal,1100
PAY012091,M02249,B02,P1,2026-03-04,Renewal,1500
PAY000989,M00989,B01,P1,2026-03-04,New,1500
PAY012185,M02792,B03,P5,03/04/2026,Renewal,13500
PAY012138,M00745,B01,P3,2026-03-04,Renewal,4000
PAY012073,M01617,B02,P3,2026-03-04,Renewal,4000
PAY012167,M00924,B01,P2,2026-03-04,Renewal,1100
PAY012135,M04809,B05,P1,2026-03-04,Renewal,1500
PAY011955,M04763,B05,P1,2026-03-04,Renewal,1500
PAY011975,M01897,B02,P1,2026-03-04,Renewal,1500
PAY004846,M04846,B05,P1,2026-03-04,New,1500
PAY012062,M03628,B04,P1,2026-03-04,Renewal,1500
PAY012029,M02903,B03,P3,03/04/2026,Renewal,4000
PAY003897,M03897,B04,P1,2026-03-04,New,1500
PAY012070,M00067,B01,P3,2026-03-04,Renewal,4000
PAY011974,M01737,B02,P3,2026-03-04,Renewal,4000
PAY011997,M04656,B05,P1,2026-03-04,Renewal,1500
PAY011969,M00555,B01,P1,2026-03-04,Renewal,1500
PAY011979,M02930,B03,P1,03/05/2026,Renewal,1500
PAY011982,M03837,B04,P1,2026-03-05,Renewal,1500
PAY012083,M00846,B01,P3,2026-03-05,Renewal,4000
PAY011968,M04799,B05,P1,2026-03-05,Renewal,1500
PAY012010,M02699,B03,P3,03/05/2026,Renewal,4000
PAY012154,M02032,B02,P1,2026-03-05,Renewal,1500
PAY012011,M02755,B03,P3,03/05/2026,Renewal,4000
PAY012024,M00312,B01,P5,2026-03-05,Renewal,13500
PAY012031,M00070,B01,P3,2026-03-05,Renewal,4000
PAY012085,M01808,B02,P5,2026-03-05,Renewal,13500
PAY012160,M03880,B04,P1,2026-03-05,Renewal,1500
PAY002334,M02334,B02,P1,2026-03-05,New,1500
PAY002330,M02330,B02,P1,2026-03-05,New,1500
PAY000962,M00962,B01,P4,2026-03-05,New,7500
PAY004868,M04868,B05,P3,2026-03-05,New,4000
PAY001004,M01004,B01,P1,2026-03-05,New,1500
PAY003031,M03031,B03,P5,03/05/2026,New,13500
PAY001008,M01008,B01,P2,2026-03-05,New,1100
PAY003889,M03889,B04,P1,2026-03-05,New,1500
PAY003888,M03888,B04,P5,2026-03-05,New,13500
PAY002295,M02295,B02,P3,2026-03-05,New,4000
PAY012068,M04447,B05,P3,2026-03-05,Renewal,4000
PAY003899,M03899,B04,P5,2026-03-05,New,13500
PAY012071,M00719,B01,P1,2026-03-05,Renewal,1500
PAY011994,M03785,B04,P1,2026-03-06,Renewal,1500
PAY012117,M04836,B05,P1,2026-03-06,Renewal,1500
PAY003894,M03894,B04,P1,2026-03-06,New,1500
PAY012019,M02132,B02,P3,2026-03-06,Renewal,4000
PAY012023,M03574,B04,P4,2026-03-06,Renewal,7500
PAY012200,M02984,B03,P1,03/06/2026,Renewal,1500
PAY004859,M04859,B05,P1,2026-03-06,New,1500
PAY012043,M00851,B01,P1,2026-03-06,Renewal,1500
PAY012172,M04829,B05,P1,2026-03-06,Renewal,1500
PAY012047,M01559,B02,P4,2026-03-06,Renewal,7500
PAY012065,M03744,B04,P3,2026-03-06,Renewal,4000
PAY012057,M02221,B02,P1,2026-03-06,Renewal,1500
PAY012080,M03844,B04,P1,2026-03-06,Renewal,1500
PAY003037,M03037,B03,P1,03/07/2026,New,1500
PAY000986,M00986,B01,P2,2026-03-07,New,1100
PAY002303,M02303,B02,P1,2026-03-07,New,1500
PAY012032,M00264,B01,P3,2026-03-07,Renewal,4000
PAY012142,M01802,B02,P5,2026-03-07,Renewal,13500
PAY012217,M04100,B05,P1,2026-03-07,Renewal,1500
PAY012036,M00383,B01,P3,2026-03-07,Renewal,4000
PAY012216,M03821,B04,P1,2026-03-07,Renewal,1500
PAY012215,M02612,B03,P5,03/07/2026,Renewal,13500
PAY012092,M02602,B03,P1,03/07/2026,Renewal,1500
PAY012203,M00076,B01,P1,2026-03-07,Renewal,1500
PAY012194,M00915,B01,P1,2026-03-07,Renewal,1500
PAY002323,M02323,B02,P5,2026-03-07,New,13500
PAY012039,M00815,B01,P1,2026-03-07,Renewal,1500
PAY004856,M04856,B05,P1,2026-03-07,New,1500
PAY000974,M00974,B01,P1,2026-03-07,New,1500
PAY012187,M04060,B05,P1,2026-03-07,Renewal,1500
PAY000979,M00979,B01,P5,2026-03-07,New,13500
PAY012042,M00838,B01,P1,2026-03-07,Renewal,1500
PAY012132,M04566,B05,P3,2026-03-07,Renewal,4000
PAY012179,M02151,B02,P3,2026-03-07,Renewal,4000
PAY012175,M00726,B01,P3,2026-03-07,Renewal,4000
PAY012087,M01886,B02,P3,2026-03-07,Renewal,4000
PAY012086,M01880,B02,P3,2026-03-07,Renewal,4000
PAY012015,M01892,B02,P3,2026-03-07,Renewal,4000
PAY012028,M02671,B03,P3,03/07/2026,Renewal,4000
PAY012207,M00934,B01,P1,2026-03-08,Renewal,1500
PAY012190,M00525,B01,P3,2026-03-08,Renewal,4000
PAY012052,M02109,B02,P4,2026-03-08,Renewal,7500
PAY012061,M02987,B03,P1,03/08/2026,Renewal,1500
PAY012139,M00757,B01,P4,2026-03-08,Renewal,7500
PAY012050,M01820,B02,P4,2026-03-08,Renewal,7500
PAY002310,M02310,B02,P1,2026-03-08,New,1500
PAY012115,M02284,B02,P1,2026-03-08,Renewal,1500
PAY012044,M00857,B01,P1,2026-03-08,Renewal,1500
PAY012097,M03810,B04,P1,2026-03-08,Renewal,1500
PAY012102,M01937,B02,P3,2026-03-08,Renewal,4000
PAY012103,M02766,B03,P4,03/08/2026,Renewal,7500
PAY000981,M00981,B01,P3,2026-03-08,New,4000
PAY004867,M04867,B05,P5,2026-03-08,New,13500
PAY012134,M04790,B05,P1,2026-03-08,Renewal,1500
PAY004870,M04870,B05,P4,2026-03-08,New,7500
PAY012169,M01624,B02,P1,2026-03-08,Renewal,1500
PAY012227,M00805,B01,P1,2026-03-08,Renewal,1500
PAY012238,M02278,B02,P1,2026-03-08,Renewal,1500
PAY012213,M02127,B02,P3,2026-03-09,Renewal,4000
PAY003902,M03902,B04,P1,2026-03-09,New,1500
PAY002338,M02338,B02,P3,2026-03-09,New,4000
PAY012182,M02231,B02,P1,2026-03-09,Renewal,1500
PAY012253,M02926,B03,P4,03/09/2026,Renewal,7500
PAY004851,M04851,B05,P5,2026-03-09,New,13500
PAY012072,M01399,B02,P4,2026-03-09,Renewal,7500
PAY004860,M04860,B05,P3,2026-03-09,New,4000
PAY012191,M00634,B01,P1,2026-03-09,Renewal,1500
PAY004862,M04862,B05,P3,2026-03-09,New,4000
PAY001010,M01010,B01,P1,2026-03-09,New,1500
PAY001007,M01007,B01,P1,2026-03-09,New,1500
PAY004869,M04869,B05,P3,2026-03-09,New,4000
PAY012211,M01636,B02,P1,2026-03-09,Renewal,1500
PAY000995,M00995,B01,P1,2026-03-09,New,1500
PAY002318,M02318,B02,P1,2026-03-09,New,1500
PAY012046,M01521,B02,P1,2026-03-09,Renewal,1500
PAY012033,M00281,B01,P2,2026-03-09,Renewal,1100
PAY012145,M02861,B03,P1,03/09/2026,Renewal,1500
PAY012152,M01159,B02,P3,2026-03-09,Renewal,4000
PAY012093,M02877,B03,P1,03/09/2026,Renewal,1500
PAY012051,M02059,B02,P2,2026-03-09,Renewal,1100
PAY012014,M00907,B01,P1,2026-03-09,Renewal,1500
PAY012107,M00905,B01,P1,2026-03-09,Renewal,1500
PAY012040,M00819,B01,P1,2026-03-09,Renewal,1500
PAY012018,M02110,B02,P3,2026-03-09,Renewal,4000
PAY012030,M03800,B04,P1,2026-03-09,Renewal,1500
PAY012118,M00061,B01,P4,2026-03-10,Renewal,7500
PAY000998,M00998,B01,P4,2026-03-10,New,7500
PAY000999,M00999,B01,P2,2026-03-10,New,1100
PAY003032,M03032,B03,P4,03/10/2026,New,7500
PAY012096,M03755,B04,P4,2026-03-10,Renewal,7500
PAY012279,M03006,B03,P1,03/10/2026,Renewal,1500
PAY012164,M00262,B01,P3,2026-03-10,Renewal,4000
PAY012205,M00845,B01,P1,2026-03-10,Renewal,1500
PAY003041,M03041,B03,P4,03/10/2026,New,7500
PAY012150,M00829,B01,P3,2026-03-10,Renewal,4000
PAY012116,M02773,B03,P4,03/10/2026,Renewal,7500
PAY012053,M02114,B02,P3,2026-03-10,Renewal,4000
PAY012212,M01896,B02,P3,2026-03-10,Renewal,4000
PAY012166,M00587,B01,P2,2026-03-10,Renewal,1100
PAY012123,M01335,B02,P2,2026-03-10,Renewal,1100
PAY012184,M02787,B03,P5,03/10/2026,Renewal,13500
PAY012054,M02183,B02,P1,2026-03-10,Renewal,1500
PAY012157,M02695,B03,P4,03/10/2026,Renewal,7500
PAY002325,M02325,B02,P3,2026-03-10,New,4000
PAY012246,M00813,B01,P1,2026-03-10,Renewal,1500
PAY012106,M00560,B01,P1,2026-03-10,Renewal,1500
PAY012048,M01743,B02,P5,2026-03-10,Renewal,13500
PAY012038,M00762,B01,P1,2026-03-10,Renewal,1500
PAY000963,M00963,B01,P3,2026-03-10,New,4000
PAY012174,M00718,B01,P2,2026-03-10,Renewal,1100
PAY012067,M03833,B04,P1,2026-03-11,Renewal,1500
PAY003896,M03896,B04,P4,2026-03-11,New,7500
PAY012146,M03029,B03,P2,03/11/2026,Renewal,1100
PAY012271,M04823,B05,P1,2026-03-11,Renewal,1500
PAY012270,M04695,B05,P5,2026-03-11,Renewal,13500
PAY012266,M02257,B02,P2,2026-03-11,Renewal,1100
PAY012262,M01391,B02,P3,2026-03-11,Renewal,4000
PAY012250,M01973,B02,P1,2026-03-11,Renewal,1500
PAY012066,M03813,B04,P1,2026-03-11,Renewal,1500
PAY002317,M02317,B02,P1,2026-03-11,New,1500
PAY012077,M02288,B02,P1,2026-03-11,Renewal,1500
PAY012165,M00505,B01,P4,2026-03-11,Renewal,7500
PAY012197,M01732,B02,P3,2026-03-11,Renewal,4000
PAY012199,M02139,B02,P3,2026-03-11,Renewal,4000
PAY000993,M00993,B01,P5,2026-03-11,New,13500
PAY012037,M00411,B01,P3,2026-03-11,Renewal,4000
PAY012112,M01573,B02,P3,2026-03-11,Renewal,4000
PAY012147,M03819,B04,P3,2026-03-11,Renewal,4000
PAY012198,M02014,B02,P5,2026-03-11,Renewal,13500
PAY000968,M00968,B01,P2,2026-03-11,New,1100
PAY012163,M04840,B05,P1,2026-03-11,Renewal,1500
PAY000967,M00967,B01,P1,2026-03-11,New,1500
PAY012104,M02779,B03,P5,03/11/2026,Renewal,13500
PAY004844,M04844,B05,P4,2026-03-11,New,7500
PAY012245,M00661,B01,P3,2026-03-12,Renewal,4000
PAY012124,M01380,B02,P4,2026-03-12,Renewal,7500
PAY012222,M00106,B01,P4,2026-03-12,Renewal,7500
PAY002312,M02312,B02,P1,2026-03-12,New,1500
PAY012249,M01805,B02,P3,2026-03-12,Renewal,4000
PAY012075,M02027,B02,P3,2026-03-12,Renewal,4000
PAY012149,M00639,B01,P3,2026-03-12,Renewal,4000
PAY012120,M00274,B01,P1,2026-03-12,Renewal,1500
PAY012141,M01629,B02,P2,2026-03-12,Renewal,1100
PAY002340,M02340,B02,P3,2026-03-12,New,4000
PAY012287,M00903,B01,P1,2026-03-12,Renewal,1500
PAY012206,M00923,B01,P2,2026-03-12,Renewal,1100
PAY012144,M02251,B02,P1,2026-03-12,Renewal,1500
PAY012208,M00948,B01,P1,2026-03-12,Renewal,1500
PAY012306,M02199,B02,P2,2026-03-12,Renewal,1100
PAY012202,M04742,B05,P3,2026-03-12,Renewal,4000
PAY000972,M00972,B01,P3,2026-03-12,New,4000
PAY002296,M02296,B02,P3,2026-03-13,New,4000
PAY003049,M03049,B03,P1,03/13/2026,New,1500
PAY003048,M03048,B03,P1,03/13/2026,New,1500
PAY004849,M04849,B05,P1,2026-03-13,New,1500
PAY012309,M02687,B03,P1,03/13/2026,Renewal,1500
PAY012109,M00959,B01,P2,2026-03-13,Renewal,1100
PAY004857,M04857,B05,P5,2026-03-13,New,13500
PAY012098,M04513,B05,P5,2026-03-13,Renewal,13500
PAY001003,M01003,B01,P1,2026-03-13,New,1500
PAY012285,M00759,B01,P2,2026-03-13,Renewal,1100
PAY012299,M00821,B01,P1,2026-03-13,Renewal,1500
PAY002301,M02301,B02,P5,2026-03-13,New,13500
PAY012239,M02768,B03,P1,03/13/2026,Renewal,1500
PAY003034,M03034,B03,P4,03/13/2026,New,7500
PAY012280,M03311,B04,P1,2026-03-13,Renewal,1500
PAY002316,M02316,B02,P4,2026-03-13,New,7500
PAY002319,M02319,B02,P4,2026-03-13,New,7500
PAY012189,M00257,B01,P3,2026-03-13,Renewal,4000
PAY012148,M04400,B05,P2,2026-03-13,Renewal,1100
PAY012131,M04553,B05,P3,2026-03-13,Renewal,4000
PAY012168,M01455,B02,P1,2026-03-13,Renewal,1500
PAY002333,M02333,B02,P1,2026-03-13,New,1500
PAY012178,M01496,B02,P2,2026-03-14,Renewal,1100
PAY012300,M00826,B01,P2,2026-03-14,Renewal,1100
PAY000991,M00991,B01,P1,2026-03-14,New,1500
PAY012159,M03869,B04,P1,2026-03-14,Renewal,1500
PAY002292,M02292,B02,P2,2026-03-14,New,1100
PAY012177,M00884,B01,P2,2026-03-14,Renewal,1100
PAY012129,M03008,B03,P1,03/14/2026,Renewal,1500
PAY012305,M02165,B02,P4,2026-03-14,Renewal,7500
PAY012303,M01771,B02,P5,2026-03-14,Renewal,13500
PAY012196,M01385,B02,P5,2026-03-14,Renewal,13500
PAY012230,M01163,B02,P1,2026-03-14,Renewal,1500
PAY012281,M03808,B04,P3,2026-03-15,Renewal,4000
PAY012296,M03823,B04,P1,2026-03-15,Renewal,1500
PAY012301,M00914,B01,P2,2026-03-15,Renewal,1100
PAY012218,M04298,B05,P1,2026-03-15,Renewal,1500
PAY012251,M02241,B02,P2,2026-03-15,Renewal,1100
PAY000966,M00966,B01,P2,2026-03-15,New,1100
PAY004850,M04850,B05,P1,2026-03-15,New,1500
PAY004863,M04863,B05,P1,2026-03-15,New,1500
PAY012323,M02726,B03,P3,03/15/2026,Renewal,4000
PAY012173,M00082,B01,P5,2026-03-15,Renewal,13500
PAY012108,M00941,B01,P1,2026-03-15,Renewal,1500
PAY012290,M01564,B02,P3,2026-03-15,Renewal,4000
PAY012282,M00548,B01,P4,2026-03-15,Renewal,7500
PAY012153,M01406,B02,P1,2026-03-15,Renewal,1500
PAY012304,M01997,B02,P2,2026-03-15,Renewal,1100
PAY003906,M03906,B04,P2,2026-03-15,New,1100
PAY012181,M02167,B02,P3,2026-03-15,Renewal,4000
PAY012311,M03832,B04,P1,2026-03-15,Renewal,1500
PAY003898,M03898,B04,P5,2026-03-15,New,13500
PAY003890,M03890,B04,P1,2026-03-15,New,1500
PAY001011,M01011,B01,P5,2026-03-15,New,13500
PAY012237,M02152,B02,P3,2026-03-15,Renewal,4000
PAY012225,M00531,B01,P4,2026-03-15,Renewal,7500
PAY012314,M00871,B01,P1,2026-03-15,Renewal,1500
PAY000983,M00983,B01,P5,2026-03-15,New,13500
PAY012331,M02960,B03,P3,03/16/2026,Renewal,4000
PAY012357,M02491,B03,P4,03/16/2026,Renewal,7500
PAY012264,M02036,B02,P3,2026-03-16,Renewal,4000
PAY012156,M02207,B02,P2,2026-03-16,Renewal,1100
PAY002332,M02332,B02,P5,2026-03-16,New,13500
PAY012346,M03429,B04,P3,2026-03-16,Renewal,4000
PAY002335,M02335,B02,P1,2026-03-16,New,1500
PAY012176,M00731,B01,P2,2026-03-16,Renewal,1100
PAY002341,M02341,B02,P2,2026-03-16,New,1100
PAY000973,M00973,B01,P1,2026-03-16,New,1500
PAY002304,M02304,B02,P5,2026-03-16,New,13500
PAY012226,M00746,B01,P4,2026-03-16,Renewal,7500
PAY012317,M00910,B01,P1,2026-03-16,Renewal,1500
PAY012259,M00774,B01,P3,2026-03-16,Renewal,4000
PAY002294,M02294,B02,P5,2026-03-16,New,13500
PAY012234,M01440,B02,P4,2026-03-16,Renewal,7500
PAY012332,M02986,B03,P1,03/16/2026,Renewal,1500
PAY012137,M00700,B01,P1,2026-03-16,Renewal,1500
PAY000982,M00982,B01,P4,2026-03-16,New,7500
PAY002313,M02313,B02,P4,2026-03-16,New,7500
PAY012186,M02923,B03,P4,03/16/2026,Renewal,7500
PAY012338,M01890,B02,P3,2026-03-16,Renewal,4000
PAY012188,M04514,B05,P3,2026-03-16,Renewal,4000
PAY012162,M04834,B05,P1,2026-03-16,Renewal,1500
PAY012257,M00748,B01,P3,2026-03-16,Renewal,4000
PAY002314,M02314,B02,P1,2026-03-16,New,1500
PAY003903,M03903,B04,P5,2026-03-16,New,13500
PAY012316,M00906,B01,P1,2026-03-17,Renewal,1500
PAY002306,M02306,B02,P2,2026-03-17,New,1100
PAY012308,M02654,B03,P3,03/17/2026,Renewal,4000
PAY012351,M04511,B05,P3,2026-03-17,Renewal,4000
PAY002331,M02331,B02,P3,2026-03-17,New,4000
PAY012325,M04270,B05,P3,2026-03-17,Renewal,4000
PAY012278,M02275,B02,P1,2026-03-17,Renewal,1500
PAY012201,M03818,B04,P3,2026-03-17,Renewal,4000
PAY001000,M01000,B01,P2,2026-03-17,New,1100
PAY012151,M00883,B01,P2,2026-03-17,Renewal,1100
PAY000994,M00994,B01,P1,2026-03-17,New,1500
PAY012192,M00827,B01,P3,2026-03-17,Renewal,4000
PAY012370,M02716,B03,P3,03/17/2026,Renewal,4000
PAY012221,M00018,B01,P4,2026-03-17,Renewal,7500
PAY012365,M00812,B01,P2,2026-03-17,Renewal,1100
PAY000978,M00978,B01,P3,2026-03-17,New,4000
PAY012268,M02952,B03,P1,03/17/2026,Renewal,1500
PAY012273,M00766,B01,P2,2026-03-17,Renewal,1100
PAY012209,M01392,B02,P3,2026-03-18,Renewal,4000
PAY002297,M02297,B02,P3,2026-03-18,New,4000
PAY003893,M03893,B04,P1,2026-03-18,New,1500
PAY012231,M01176,B02,P1,2026-03-18,Renewal,1500
PAY012158,M03799,B04,P1,2026-03-18,Renewal,1500
PAY012283,M00668,B01,P3,2026-03-18,Renewal,4000
PAY012170,M03213,B04,P5,2026-03-18,Renewal,13500
PAY012258,M00755,B01,P4,2026-03-18,Renewal,7500
PAY012354,M02009,B02,P2,2026-03-18,Renewal,1100
PAY012276,M01795,B02,P4,2026-03-18,Renewal,7500
PAY012302,M01363,B02,P4,2026-03-18,Renewal,7500
PAY012252,M02870,B03,P3,03/18/2026,Renewal,4000
PAY012342,M02191,B02,P1,2026-03-18,Renewal,1500
PAY000987,M00987,B01,P3,2026-03-18,New,4000
PAY012337,M01224,B02,P1,2026-03-18,Renewal,1500
PAY012291,M02021,B02,P2,2026-03-18,Renewal,1100
PAY012242,M03608,B04,P4,2026-03-18,Renewal,7500
PAY012171,M04515,B05,P5,2026-03-18,Renewal,13500
PAY012220,M04807,B05,P1,2026-03-18,Renewal,1500
PAY001001,M01001,B01,P4,2026-03-19,New,7500
PAY012386,M00317,B01,P4,2026-03-19,Renewal,7500
PAY012355,M02074,B02,P3,2026-03-19,Renewal,4000
PAY001006,M01006,B01,P3,2026-03-19,New,4000
PAY012329,M00830,B01,P3,2026-03-19,Renewal,4000
PAY012328,M00536,B01,P4,2026-03-19,Renewal,7500
PAY000988,M00988,B01,P2,2026-03-19,New,1100
PAY012353,M00960,B01,P2,2026-03-19,Renewal,1100
PAY012330,M01342,B02,P4,2026-03-19,Renewal,7500
PAY012272,M00284,B01,P3,2026-03-19,Renewal,4000
PAY012243,M03688,B04,P3,2026-03-19,Renewal,4000
PAY012183,M02782,B03,P5,03/19/2026,Renewal,13500
PAY012261,M00940,B01,P2,2026-03-19,Renewal,1100
PAY002321,M02321,B02,P1,2026-03-19,New,1500
PAY012229,M00927,B01,P2,2026-03-19,Renewal,1100
PAY012228,M00890,B01,P1,2026-03-19,Renewal,1500
PAY012288,M01219,B02,P4,2026-03-19,Renewal,7500
PAY012236,M01799,B02,P4,2026-03-19,Renewal,7500
PAY012298,M04679,B05,P1,2026-03-19,Renewal,1500
PAY012310,M02916,B03,P3,03/19/2026,Renewal,4000
PAY012318,M00936,B01,P1,2026-03-20,Renewal,1500
PAY002322,M02322,B02,P1,2026-03-20,New,1500
PAY012327,M00369,B01,P4,2026-03-20,Renewal,7500
PAY012394,M02218,B02,P1,2026-03-20,Renewal,1500
PAY002326,M02326,B02,P4,2026-03-20,New,7500
PAY012397,M03595,B04,P5,2026-03-20,Renewal,13500
PAY012180,M02166,B02,P3,2026-03-20,Renewal,4000
PAY000976,M00976,B01,P1,2026-03-20,New,1500
PAY004866,M04866,B05,P3,2026-03-20,New,4000
PAY012263,M01575,B02,P2,2026-03-20,Renewal,1100
PAY012320,M02242,B02,P1,2026-03-20,Renewal,1500
PAY012232,M01368,B02,P1,2026-03-20,Renewal,1500
PAY012214,M02227,B02,P1,2026-03-20,Renewal,1500
PAY012294,M02277,B02,P1,2026-03-20,Renewal,1500
PAY012356,M02215,B02,P1,2026-03-20,Renewal,1500
PAY003901,M03901,B04,P5,2026-03-21,New,13500
PAY012195,M00946,B01,P1,2026-03-21,Renewal,1500
PAY012235,M01621,B02,P3,2026-03-21,Renewal,4000
PAY003891,M03891,B04,P3,2026-03-21,New,4000
PAY012420,M02264,B02,P1,2026-03-21,Renewal,1500
PAY003900,M03900,B04,P3,2026-03-21,New,4000
PAY000997,M00997,B01,P1,2026-03-21,New,1500
PAY012193,M00842,B01,P3,2026-03-21,Renewal,4000
PAY012410,M03430,B04,P1,2026-03-21,Renewal,1500
PAY012223,M00361,B01,P4,2026-03-21,Renewal,7500
PAY012204,M00725,B01,P3,2026-03-21,Renewal,4000
PAY003036,M03036,B03,P1,03/21/2026,New,1500
PAY012377,M01259,B02,P2,2026-03-21,Renewal,1100
PAY012333,M03019,B03,P2,03/21/2026,Renewal,1100
PAY012334,M03807,B04,P1,2026-03-21,Renewal,1500
PAY004861,M04861,B05,P4,2026-03-21,New,7500
PAY004854,M04854,B05,P1,2026-03-21,New,1500
PAY012343,M02230,B02,P1,2026-03-21,Renewal,1500
PAY012244,M00657,B01,P3,2026-03-21,Renewal,4000
PAY012219,M04745,B05,P3,2026-03-21,Renewal,4000
PAY012269,M03027,B03,P2,03/21/2026,Renewal,1100
PAY004864,M04864,B05,P4,2026-03-21,New,7500
PAY004848,M04848,B05,P2,2026-03-21,New,1100
PAY012248,M01204,B02,P3,2026-03-21,Renewal,4000
PAY002324,M02324,B02,P1,2026-03-21,New,1500
PAY012284,M00705,B01,P1,2026-03-21,Renewal,1500
PAY003039,M03039,B03,P3,03/21/2026,New,4000
PAY000970,M00970,B01,P5,2026-03-22,New,13500
PAY004855,M04855,B05,P5,2026-03-22,New,13500
PAY012247,M00908,B01,P3,2026-03-22,Renewal,4000
PAY012295,M03466,B04,P5,2026-03-22,Renewal,13500
PAY012293,M02271,B02,P1,2026-03-22,Renewal,1500
PAY012389,M01225,B02,P2,2026-03-22,Renewal,1100
PAY012336,M00667,B01,P4,2026-03-22,Renewal,7500
PAY012307,M02496,B03,P3,03/22/2026,Renewal,4000
PAY003905,M03905,B04,P4,2026-03-22,New,7500
PAY012324,M03004,B03,P3,03/22/2026,Renewal,4000
PAY012369,M02214,B02,P1,2026-03-22,Renewal,1500
PAY012240,M02841,B03,P3,03/22/2026,Renewal,4000
PAY012417,M02150,B02,P3,2026-03-22,Renewal,4000
PAY012319,M02026,B02,P3,2026-03-22,Renewal,4000
PAY012210,M01503,B02,P3,2026-03-22,Renewal,4000
PAY012408,M02240,B02,P2,2026-03-22,Renewal,1100
PAY012399,M00535,B01,P5,2026-03-22,Renewal,13500
PAY004858,M04858,B05,P1,2026-03-23,New,1500
PAY012447,M02144,B02,P1,2026-03-23,Renewal,1500
PAY012361,M02975,B03,P1,03/23/2026,Renewal,1500
PAY012286,M00850,B01,P3,2026-03-23,Renewal,4000
PAY012439,M00620,B01,P3,2026-03-23,Renewal,4000
PAY000971,M00971,B01,P1,2026-03-23,New,1500
PAY012326,M04821,B05,P1,2026-03-23,Renewal,1500
PAY012224,M00477,B01,P3,2026-03-23,Renewal,4000
PAY004871,M04871,B05,P2,2026-03-23,New,1100
PAY003047,M03047,B03,P1,03/23/2026,New,1500
PAY012233,M01373,B02,P3,2026-03-23,Renewal,4000
PAY001002,M01002,B01,P3,2026-03-23,New,4000
PAY012400,M00761,B01,P4,2026-03-23,Renewal,7500
PAY012241,M02872,B03,P3,03/23/2026,Renewal,4000
PAY012254,M03277,B04,P3,2026-03-23,Renewal,4000
PAY012372,M00706,B01,P1,2026-03-23,Renewal,1500
PAY012275,M01395,B02,P4,2026-03-23,Renewal,7500
PAY012433,M03013,B03,P1,03/23/2026,Renewal,1500
PAY012256,M04828,B05,P2,2026-03-23,Renewal,1100
PAY012260,M00848,B01,P1,2026-03-23,Renewal,1500
PAY012267,M02261,B02,P1,2026-03-23,Renewal,1500
PAY012274,M00953,B01,P1,2026-03-23,Renewal,1500
PAY012387,M00864,B01,P1,2026-03-23,Renewal,1500
PAY012277,M02245,B02,P2,2026-03-24,Renewal,1100
PAY012255,M04802,B05,P1,2026-03-24,Renewal,1500
PAY003043,M03043,B03,P5,03/24/2026,New,13500
PAY012435,M04304,B05,P4,2026-03-24,Renewal,7500
PAY012398,M04232,B05,P4,2026-03-24,Renewal,7500
PAY012422,M02982,B03,P2,03/24/2026,Renewal,1100
PAY012381,M02976,B03,P1,03/24/2026,Renewal,1500
PAY012378,M01800,B02,P3,2026-03-24,Renewal,4000
PAY003033,M03033,B03,P1,03/24/2026,New,1500
PAY012321,M02547,B03,P5,03/24/2026,Renewal,13500
PAY012364,M00549,B01,P3,2026-03-24,Renewal,4000
PAY004853,M04853,B05,P4,2026-03-25,New,7500
PAY012404,M01791,B02,P1,2026-03-25,Renewal,1500
PAY012403,M01486,B02,P3,2026-03-25,Renewal,4000
PAY012455,M04489,B05,P5,2026-03-25,Renewal,13500
PAY002315,M02315,B02,P5,2026-03-25,New,13500
PAY012390,M01673,B02,P1,2026-03-25,Renewal,1500
PAY012292,M02117,B02,P1,2026-03-25,Renewal,1500
PAY000975,M00975,B01,P2,2026-03-25,New,1100
PAY012297,M04466,B05,P3,2026-03-25,Renewal,4000
PAY012265,M02043,B02,P4,2026-03-25,Renewal,7500
PAY003887,M03887,B04,P1,2026-03-25,New,1500
PAY004852,M04852,B05,P3,2026-03-25,New,4000
PAY012374,M00860,B01,P5,2026-03-25,Renewal,13500
PAY000969,M00969,B01,P3,2026-03-25,New,4000
PAY000980,M00980,B01,P1,2026-03-25,New,1500
PAY003045,M03045,B03,P4,03/25/2026,New,7500
PAY012468,M04072,B05,P1,2026-03-26,Renewal,1500
PAY012360,M02865,B03,P3,03/26/2026,Renewal,4000
PAY012393,M02141,B02,P3,2026-03-26,Renewal,4000
PAY012366,M00873,B01,P1,2026-03-26,Renewal,1500
PAY012405,M02044,B02,P3,2026-03-26,Renewal,4000
PAY012340,M02113,B02,P1,2026-03-26,Renewal,1500
PAY000985,M00985,B01,P1,2026-03-26,New,1500
PAY000996,M00996,B01,P5,2026-03-26,New,13500
PAY003035,M03035,B03,P3,03/26/2026,New,4000
PAY002305,M02305,B02,P4,2026-03-26,New,7500
PAY002300,M02300,B02,P1,2026-03-26,New,1500
PAY003885,M03885,B04,P1,2026-03-26,New,1500
PAY012359,M02804,B03,P4,03/27/2026,Renewal,7500
PAY012380,M02174,B02,P2,2026-03-27,Renewal,1100
PAY003886,M03886,B04,P1,2026-03-27,New,1500
PAY012388,M00895,B01,P2,2026-03-27,Renewal,1100
PAY012396,M03401,B04,P3,2026-03-27,Renewal,4000
PAY001012,M01012,B01,P5,2026-03-27,New,13500
PAY004865,M04865,B05,P2,2026-03-27,New,1100
PAY012450,M02965,B03,P3,03/27/2026,Renewal,4000
PAY000990,M00990,B01,P4,2026-03-27,New,7500
PAY003046,M03046,B03,,03/27/2026,New,4000
PAY012440,M00806,B01,P1,2026-03-27,Renewal,1500
PAY001005,M01005,B01,P3,2026-03-27,New,4000
PAY012350,M04473,B05,P4,2026-03-27,Renewal,7500
PAY000964,M00964,B01,P1,2026-03-27,New,1500
PAY012344,M02929,B03,P3,03/27/2026,Renewal,4000
PAY002311,M02311,B02,P1,2026-03-27,New,1500
PAY012335,M04454,B05,P2,2026-03-27,Renewal,1100
PAY012289,M01312,B02,P4,2026-03-27,Renewal,7500
PAY012348,M03811,B04,P3,2026-03-28,Renewal,4000
PAY002336,M02336,B02,P1,2026-03-28,New,1500
PAY002298,M02298,B02,P1,2026-03-28,New,1500
PAY012426,M00926,B01,P1,2026-03-28,Renewal,1500
PAY012451,M02968,B03,P3,03/28/2026,Renewal,4000
PAY012312,M04218,B05,P4,2026-03-28,Renewal,7500
PAY000965,M00965,B01,P1,2026-03-28,New,1500
PAY012415,M00833,B01,P1,2026-03-28,Renewal,1500
PAY012349,M03849,B04,P1,2026-03-28,Renewal,1500
PAY012406,M02154,B02,P1,2026-03-28,Renewal,1500
PAY012409,M02765,B03,P3,03/28/2026,Renewal,4000
PAY012313,M04450,B05,P5,2026-03-28,Renewal,13500
PAY012392,M02107,B02,P2,2026-03-28,Renewal,1100
PAY012315,M00900,B01,P1,2026-03-28,Renewal,1500
PAY012322,M02675,B03,P3,03/28/2026,Renewal,4000
PAY012443,M00931,B01,P4,2026-03-28,Renewal,7500
PAY000984,M00984,B01,P4,2026-03-28,New,7500
PAY004847,M04847,B05,P5,2026-03-28,New,13500
PAY012341,M02153,B02,P3,2026-03-28,Renewal,4000
PAY012456,M04556,B05,P4,2026-03-28,Renewal,7500
PAY012464,M01692,B02,P5,2026-03-28,Renewal,13500
PAY012453,M03597,B04,P4,2026-03-29,Renewal,7500
PAY003892,M03892,B04,P1,2026-03-29,New,1500
PAY012472,M01387,B02,P5,2026-03-29,Renewal,13500
PAY012492,M00870,B01,P3,2026-03-29,Renewal,4000
PAY012448,M02205,B02,P5,2026-03-29,Renewal,13500
PAY012503,M00600,B01,P5,2026-03-29,Renewal,13500
PAY012469,M04671,B05,P4,2026-03-29,Renewal,7500
PAY000992,M00992,B01,P3,2026-03-29,New,4000
PAY012424,M03876,B04,P2,2026-03-29,Renewal,1100
PAY012419,M02236,B02,P1,2026-03-29,Renewal,1500
PAY012518,M04730,B05,P2,2026-03-29,Renewal,1100
PAY002293,M02293,B02,P2,2026-03-29,New,1100
PAY012382,M03383,B04,P3,2026-03-29,Renewal,4000
PAY003030,M03030,B03,P1,03/29/2026,New,1500
PAY012376,M01229,B02,P4,2026-03-29,Renewal,7500
PAY002320,M02320,B02,P4,2026-03-30,New,7500
PAY012493,M01009,B01,P1,2026-03-30,Renewal,1500
PAY012475,M03607,B04,P4,2026-03-30,Renewal,7500
PAY012339,M02046,B02,P3,2026-03-30,Renewal,4000
PAY012352,M00783,B01,P1,2026-03-30,Renewal,1500
PAY012463,M01294,B02,P3,2026-03-30,Renewal,4000
PAY012379,M02120,B02,P1,2026-03-30,Renewal,1500
PAY012383,M03602,B04,P5,2026-03-30,Renewal,13500
PAY012385,M04778,B05,P1,2026-03-30,Renewal,1500
PAY012461,M04678,B05,P3,2026-03-30,Renewal,4000
PAY012402,M01410,B02,P1,2026-03-30,Renewal,1500
PAY012452,M02980,B03,P1,03/30/2026,Renewal,1500
PAY012363,M04816,B05,P3,2026-03-30,Renewal,4000
PAY012536,M04704,B05,P4,2026-03-30,Renewal,7500
PAY012530,M02645,B03,P3,03/30/2026,Renewal,4000
PAY003904,M03904,B04,P1,2026-03-30,New,1500
PAY004843,M04843,B05,P1,2026-03-30,New,1500
PAY012542,M01848,B02,P3,2026-03-31,Renewal,4000
PAY012457,M04747,B05,P3,2026-03-31,Renewal,4000
PAY012371,M00048,B01,P1,2026-03-31,Renewal,1500
PAY012347,M03700,B04,P3,2026-03-31,Renewal,4000
PAY012345,M03323,B04,P5,2026-03-31,Renewal,13500
PAY003038,M03038,B03,P4,03/31/2026,New,7500
PAY012531,M03897,B04,P1,2026-03-31,Renewal,1500
PAY002327,M02327,B02,P4,2026-03-31,New,7500
PAY003040,M03040,B03,P2,03/31/2026,New,1100
PAY012432,M02979,B03,P1,03/31/2026,Renewal,1500
PAY012412,M04684,B05,P3,2026-03-31,Renewal,4000
PAY012480,M02082,B02,P1,2026-03-31,Renewal,1500
PAY012485,M03748,B04,P3,2026-03-31,Renewal,4000
PAY012367,M01187,B02,P5,2026-04-01,Renewal,13500
PAY003069,M03069,B03,P3,04/01/2026,New,4000
PAY012375,M00916,B01,P1,2026-04-01,Renewal,1500
PAY003071,M03071,B03,P1,04/01/2026,New,1500
PAY012470,M04676,B05,P3,2026-04-01,Renewal,4000
PAY012438,M00469,B01,P3,2026-04-01,Renewal,4000
PAY012436,M04308,B05,P4,2026-04-01,Renewal,7500
PAY001038,M01038,B01,P4,2026-04-01,New,7500
PAY012362,M03554,B04,P1,2026-04-01,Renewal,1500
PAY001015,M01015,B01,P3,2026-04-01,New,4000
PAY012358,M02801,B03,P3,04/01/2026,Renewal,4000
PAY012487,M04127,B05,P4,2026-04-01,Renewal,7500
PAY012486,M03868,B04,P1,2026-04-01,Renewal,1500
PAY012549,M04669,B05,P3,2026-04-01,Renewal,4000
PAY012551,M00543,B01,P4,2026-04-01,Renewal,7500
PAY002347,M02347,B02,P4,2026-04-01,New,7500
PAY002386,M02386,B02,P1,2026-04-01,New,1500
PAY012556,M03785,B04,P1,2026-04-01,Renewal,1500
PAY002352,M02352,B02,P5,2026-04-01,New,13500
PAY012478,M00887,B01,P1,2026-04-01,Renewal,1500
PAY012458,M00768,B01,P3,2026-04-01,Renewal,4000
PAY012502,M00533,B01,P4,2026-04-01,Renewal,7500
PAY012519,M00344,B01,P3,2026-04-02,Renewal,4000
PAY012442,M00918,B01,P1,2026-04-02,Renewal,1500
PAY012445,M01819,B02,P1,2026-04-02,Renewal,1500
PAY012454,M03620,B04,P1,2026-04-02,Renewal,1500
PAY012511,M02826,B03,P3,04/02/2026,Renewal,4000
PAY012467,M02972,B03,P3,04/02/2026,Renewal,4000
PAY004879,M04879,B05,P1,2026-04-02,New,1500
PAY012430,M02155,B02,P3,2026-04-02,Renewal,4000
PAY012474,M01923,B02,P3,2026-04-02,Renewal,4000
PAY003924,M03924,B04,P2,2026-04-02,New,1100
PAY002369,M02369,B02,P4,2026-04-02,New,7500
PAY012418,M02168,B02,P3,2026-04-02,Renewal,4000
PAY012414,M00635,B01,P1,2026-04-02,Renewal,1500
PAY012564,M00858,B01,P3,2026-04-02,Renewal,4000
PAY002351,M02351,B02,P3,2026-04-02,New,4000
PAY012554,M02940,B03,P3,04/02/2026,Renewal,4000
PAY012539,M00856,B01,P3,2026-04-02,Renewal,4000
PAY012401,M00955,B01,P1,2026-04-02,Renewal,1500
PAY012368,M02137,B02,P2,2026-04-02,Renewal,1100
PAY012423,M03014,B03,P1,04/02/2026,Renewal,1500
PAY012391,M02094,B02,P2,2026-04-02,Renewal,1100
PAY012547,M02930,B03,P1,04/03/2026,Renewal,1500
PAY012373,M00844,B01,P3,2026-04-03,Renewal,4000
PAY012534,M04532,B05,P5,2026-04-03,Renewal,13500
PAY001027,M01027,B01,P1,2026-04-03,New,1500
PAY012510,M02679,B03,P3,04/03/2026,Renewal,4000
PAY003917,M03917,B04,P1,2026-04-03,New,1500
PAY012568,M02180,B02,P3,2026-04-03,Renewal,4000
PAY012384,M04342,B05,P4,2026-04-03,Renewal,7500
PAY004876,M04876,B05,P2,2026-04-03,New,1100
PAY012413,M00490,B01,P1,2026-04-03,Renewal,1500
PAY012411,M03621,B04,P5,2026-04-03,Renewal,13500
PAY012500,M00168,B01,P3,2026-04-03,Renewal,4000
PAY012395,M02502,B03,P4,04/03/2026,Renewal,7500
PAY001063,M01063,B01,P3,2026-04-04,New,4000
PAY012573,M03037,B03,P1,04/04/2026,Renewal,1500
PAY012466,M02161,B02,P3,2026-04-04,Renewal,4000
PAY002368,M02368,B02,P1,2026-04-04,New,1500
PAY012574,M03771,B04,P4,2026-04-04,Renewal,7500
PAY002370,M02370,B02,P3,2026-04-04,New,4000
PAY001039,M01039,B01,P2,2026-04-04,New,1100
PAY004880,M04880,B05,P1,2026-04-04,New,1500
PAY002372,M02372,B02,P3,2026-04-04,New,4000
PAY012476,M04495,B05,P3,2026-04-04,Renewal,4000
PAY012490,M00781,B01,P1,2026-04-04,Renewal,1500
PAY012483,M02663,B03,P3,04/04/2026,Renewal,4000
PAY012482,M02537,B03,P5,04/04/2026,Renewal,13500
PAY012532,M04065,B05,P4,2026-04-04,Renewal,7500
PAY012498,M03855,B04,P3,2026-04-04,Renewal,4000
PAY012553,M02221,B02,P3,2026-04-04,Renewal,4000
PAY004888,M04888,B05,P1,2026-04-04,New,1500
PAY012559,M04836,B05,P1,2026-04-04,Renewal,1500
PAY012477,M00867,B01,P1,2026-04-04,Renewal,1500
PAY012431,M02209,B02,P4,2026-04-05,Renewal,7500
PAY012512,M02938,B03,P1,04/05/2026,Renewal,1500
PAY012428,M01471,B02,P3,2026-04-05,Renewal,4000
PAY012425,M00836,B01,P2,2026-04-05,Renewal,1100
PAY012515,M03835,B04,P3,2026-04-05,Renewal,4000
PAY001065,M01065,B01,P2,2026-04-05,New,1100
PAY012526,M01558,B02,P3,2026-04-05,Renewal,4000
PAY012434,M03784,B04,P4,2026-04-05,Renewal,7500
PAY012533,M04493,B05,P4,2026-04-05,Renewal,7500
PAY001049,M01049,B01,P1,2026-04-05,New,1500
PAY001052,M01052,B01,P5,2026-04-05,New,13500
PAY012407,M02182,B02,P2,2026-04-05,Renewal,1100
PAY012525,M01300,B02,P3,2026-04-05,Renewal,4000
PAY012441,M00879,B01,P1,2026-04-05,Renewal,1500
PAY012473,M01793,B02,P5,2026-04-05,Renewal,13500
PAY012479,M02072,B02,P1,2026-04-05,Renewal,1500
PAY012569,M02303,B02,P1,2026-04-06,Renewal,1500
PAY012429,M01809,B02,P4,2026-04-06,Renewal,7500
PAY012597,M00905,B01,P1,2026-04-06,Renewal,1500
PAY012421,M02971,B03,P1,04/06/2026,Renewal,1500
PAY003926,M03926,B04,P1,2026-04-06,New,1500
PAY012416,M02098,B02,P1,2026-04-06,Renewal,1500
PAY012517,M04635,B05,P3,2026-04-06,Renewal,4000
PAY012610,M03800,B04,P1,2026-04-06,Renewal,1500
PAY012462,M00059,B01,P3,2026-04-06,Renewal,4000
PAY012611,M03902,B04,P1,2026-04-06,Renewal,1500
PAY012529,M02522,B03,P5,04/06/2026,Renewal,13500
PAY012541,M01216,B02,P3,2026-04-06,Renewal,4000
PAY012595,M00788,B01,P3,2026-04-06,Renewal,4000
PAY001040,M01040,B01,P4,2026-04-06,New,7500
PAY001046,M01046,B01,P1,2026-04-06,New,1500
PAY012465,M01814,B02,P5,2026-04-06,Renewal,13500
PAY001054,M01054,B01,P3,2026-04-06,New,4000
PAY001059,M01059,B01,P4,2026-04-06,New,7500
PAY001066,M01066,B01,P1,2026-04-06,New,1500
PAY002390,M02390,B02,P5,2026-04-06,New,13500
PAY004872,M04872,B05,P1,2026-04-06,New,1500
PAY002365,M02365,B02,P3,2026-04-06,New,4000
PAY012613,M00560,B01,P1,2026-04-06,Renewal,1500
PAY012437,M04839,B05,P3,2026-04-06,Renewal,4000
PAY012524,M00924,B01,P2,2026-04-06,Renewal,1100
PAY012589,M04526,B05,P4,2026-04-06,Renewal,7500
PAY012593,M00370,B01,P5,2026-04-06,Renewal,13500
PAY012584,M02284,B02,P1,2026-04-06,Renewal,1500
PAY012444,M01164,B02,P4,2026-04-06,Renewal,7500
PAY012635,M04823,B05,P1,2026-04-07,Renewal,1500
PAY012587,M03660,B04,P5,2026-04-07,Renewal,13500
PAY012608,M02861,B03,P1,04/07/2026,Renewal,1500
PAY012601,M01521,B02,P1,2026-04-07,Renewal,1500
PAY012590,M04777,B05,P3,2026-04-07,Renewal,4000
PAY012501,M00184,B01,P5,2026-04-07,Renewal,13500
PAY012548,M03880,B04,P1,2026-04-07,Renewal,1500
PAY003065,M03065,B03,P3,04/07/2026,New,4000
PAY001048,M01048,B01,P3,2026-04-07,New,4000
PAY001058,M01058,B01,P3,2026-04-07,New,4000
PAY012504,M00802,B01,P1,2026-04-07,Renewal,1500
PAY012583,M02278,B02,P1,2026-04-07,Renewal,1500
PAY012427,M01431,B02,P5,2026-04-07,Renewal,13500
PAY012491,M00824,B01,P1,2026-04-07,Renewal,1500
PAY012543,M02032,B02,P1,2026-04-07,Renewal,1500
PAY003072,M03072,B03,P3,04/07/2026,New,4000
PAY012507,M02037,B02,P1,2026-04-07,Renewal,1500
PAY012538,M00334,B01,P3,2026-04-07,Renewal,4000
PAY012513,M03012,B03,P2,04/07/2026,Renewal,1100
PAY012446,M02101,B02,P1,2026-04-07,Renewal,1500
PAY003055,M03055,B03,P3,04/08/2026,New,4000
PAY003054,M03054,B03,P4,04/08/2026,New,7500
PAY012630,M02317,B02,P1,2026-04-08,Renewal,1500
PAY012618,M02202,B02,P3,2026-04-08,Renewal,4000
PAY012624,M00967,B01,P1,2026-04-08,Renewal,1500
PAY012508,M02212,B02,P1,2026-04-08,Renewal,1500
PAY012535,M04656,B05,P1,2026-04-08,Renewal,1500
PAY012481,M02213,B02,P2,2026-04-08,Renewal,1100
PAY012562,M00602,B01,P4,2026-04-08,Renewal,7500
PAY012499,M04789,B05,P1,2026-04-08,Renewal,1500
PAY012459,M03251,B04,P5,2026-04-08,Renewal,13500
PAY012449,M02208,B02,P1,2026-04-08,Renewal,1500
PAY012460,M03255,B04,P5,2026-04-08,Renewal,13500
PAY002343,M02343,B02,P3,2026-04-08,New,4000
PAY012506,M02013,B02,P2,2026-04-08,Renewal,1100
PAY002355,M02355,B02,P5,2026-04-09,New,13500
PAY012495,M02111,B02,P1,2026-04-09,Renewal,1500
PAY004887,M04887,B05,P4,2026-04-09,New,7500
PAY002345,M02345,B02,P1,2026-04-09,New,1500
PAY012638,M00903,B01,P1,2026-04-09,Renewal,1500
PAY012628,M02084,B02,P4,2026-04-09,Renewal,7500
PAY003061,M03061,B03,P4,04/09/2026,New,7500
PAY012629,M02288,B02,P1,2026-04-09,Renewal,1500
PAY012567,M00986,B01,P2,2026-04-09,Renewal,1100
PAY012471,M01195,B02,P3,2026-04-09,Renewal,4000
PAY001041,M01041,B01,P3,2026-04-09,New,4000
PAY003060,M03060,B03,P5,04/09/2026,New,13500
PAY012489,M00288,B01,P4,2026-04-09,Renewal,7500
PAY012596,M00819,B01,P1,2026-04-09,Renewal,1500
PAY012594,M00634,B01,P4,2026-04-09,Renewal,7500
PAY012598,M00907,B01,P1,2026-04-09,Renewal,1500
PAY012576,M04100,B05,P1,2026-04-09,Renewal,1500
PAY012623,M04804,B05,P3,2026-04-09,Renewal,4000
PAY012575,M03829,B04,P3,2026-04-09,Renewal,4000
PAY001035,M01035,B01,P1,2026-04-09,New,1500
PAY012521,M00555,B01,P1,2026-04-09,Renewal,1500
PAY012522,M00702,B01,P3,2026-04-09,Renewal,4000
PAY012523,M00712,B01,P5,2026-04-10,Renewal,13500
PAY002350,M02350,B02,P1,2026-04-10,New,1500
PAY003068,M03068,B03,P3,04/10/2026,New,4000
PAY012662,M03838,B04,P1,2026-04-10,Renewal,1500
PAY012665,M00418,B01,P5,2026-04-10,Renewal,13500
PAY012689,M03147,B04,P5,2026-04-10,Renewal,13500
PAY012603,M02059,B02,P3,2026-04-10,Renewal,4000
PAY012557,M03894,B04,P1,2026-04-10,Renewal,1500
PAY012640,M01629,B02,P2,2026-04-10,Renewal,1100
PAY012612,M04783,B05,P3,2026-04-10,Renewal,4000
PAY012544,M02211,B02,P3,2026-04-10,Renewal,4000
PAY002381,M02381,B02,P1,2026-04-10,New,1500
PAY012488,M04341,B05,P3,2026-04-10,Renewal,4000
PAY003909,M03909,B04,P1,2026-04-10,New,1500
PAY012537,M04763,B05,P1,2026-04-10,Renewal,1500
PAY012566,M00974,B01,P1,2026-04-10,Renewal,1500
PAY012509,M02309,B02,P1,2026-04-10,Renewal,1500
PAY002363,M02363,B02,P3,2026-04-10,New,4000
PAY012578,M04856,B05,P1,2026-04-10,Renewal,1500
PAY012700,M02335,B02,P1,2026-04-11,Renewal,1500
PAY012699,M01993,B02,P3,2026-04-11,Renewal,4000
PAY012679,M00653,B01,P1,2026-04-11,Renewal,1500
PAY012668,M01482,B02,P3,2026-04-11,Renewal,4000
PAY002376,M02376,B02,P3,2026-04-11,New,4000
PAY012496,M02195,B02,P1,2026-04-11,Renewal,1500
PAY012606,M02500,B03,P3,04/11/2026,Renewal,4000
PAY012514,M03649,B04,P5,2026-04-11,Renewal,13500
PAY012599,M01007,B01,P1,2026-04-11,Renewal,1500
PAY012520,M00537,B01,P5,2026-04-11,Renewal,13500
PAY012528,M01897,B02,P1,2026-04-11,Renewal,1500
PAY004874,M04874,B05,P1,2026-04-11,New,1500
PAY002385,M02385,B02,P4,2026-04-11,New,7500
PAY012650,M01003,B01,P1,2026-04-11,Renewal,1500
PAY001033,M01033,B01,P5,2026-04-11,New,13500
PAY002356,M02356,B02,P5,2026-04-12,New,13500
PAY012644,M02576,B03,P3,04/12/2026,Renewal,4000
PAY012683,M00941,B01,P1,2026-04-12,Renewal,1500
PAY012571,M02809,B03,P5,04/12/2026,Renewal,13500
PAY012484,M03504,B04,P1,2026-04-12,Renewal,1500
PAY012540,M01008,B01,P2,2026-04-12,Renewal,1100
PAY012626,M01285,B02,P3,2026-04-12,Renewal,4000
PAY012614,M00587,B01,P2,2026-04-12,Renewal,1100
PAY001042,M01042,B01,P5,2026-04-12,New,13500
PAY001026,M01026,B01,P2,2026-04-12,New,1100
PAY012634,M04290,B05,P5,2026-04-12,Renewal,13500
PAY012546,M02334,B02,P1,2026-04-12,Renewal,1500
PAY012570,M02602,B03,P1,04/12/2026,Renewal,1500
PAY012602,M01983,B02,P3,2026-04-12,Renewal,4000
PAY001053,M01053,B01,P5,2026-04-12,New,13500
PAY012641,M02199,B02,P2,2026-04-12,Renewal,1100
PAY012591,M04790,B05,P1,2026-04-12,Renewal,1500
PAY012654,M02079,B02,P4,2026-04-12,Renewal,7500
PAY012710,M00898,B01,P3,2026-04-12,Renewal,4000
PAY012616,M01335,B02,P2,2026-04-12,Renewal,1100
PAY012642,M02251,B02,P1,2026-04-12,Renewal,1500
PAY004889,M04889,B05,P1,2026-04-12,New,1500
PAY002380,M02380,B02,P3,2026-04-12,New,4000
PAY012550,M04799,B05,P1,2026-04-13,Renewal,1500
PAY012678,M00576,B01,P3,2026-04-13,Renewal,4000
PAY012555,M02984,B03,P1,04/13/2026,Renewal,1500
PAY012560,M00076,B01,P1,2026-04-13,Renewal,1500
PAY012582,M01624,B02,P1,2026-04-13,Renewal,1500
PAY012695,M00700,B01,P1,2026-04-13,Renewal,1500
PAY012702,M02883,B03,P3,04/13/2026,Renewal,4000
PAY012649,M00959,B01,P4,2026-04-13,Renewal,7500
PAY012707,M00787,B01,P3,2026-04-13,Renewal,4000
PAY012621,M04145,B05,P3,2026-04-13,Renewal,4000
PAY002354,M02354,B02,P1,2026-04-13,New,1500
PAY012675,M03770,B04,P4,2026-04-13,Renewal,7500
PAY012714,M01549,B02,P4,2026-04-13,Renewal,7500
PAY012727,M01705,B02,P3,2026-04-13,Renewal,4000
PAY012494,M01690,B02,P1,2026-04-13,Renewal,1500
PAY003067,M03067,B03,P5,04/13/2026,New,13500
PAY003057,M03057,B03,P2,04/13/2026,New,1100
PAY003051,M03051,B03,P2,04/13/2026,New,1100
PAY001018,M01018,B01,P3,2026-04-13,New,4000
PAY001025,M01025,B01,P1,2026-04-13,New,1500
PAY001044,M01044,B01,P1,2026-04-13,New,1500
PAY012497,M03050,B03,P2,04/13/2026,Renewal,1100
PAY012620,M03604,B04,P3,2026-04-14,Renewal,4000
PAY012645,M02588,B03,P3,04/14/2026,Renewal,4000
PAY012572,M02933,B03,P4,04/14/2026,Renewal,7500
PAY003907,M03907,B04,P4,2026-04-14,New,7500
PAY012607,M02810,B03,P5,04/14/2026,Renewal,13500
PAY004885,M04885,B05,P2,2026-04-14,New,1100
PAY012609,M02877,B03,P1,04/14/2026,Renewal,1500
PAY012686,M01997,B02,P2,2026-04-14,Renewal,1100
PAY012527,M01824,B02,P5,2026-04-14,Renewal,13500
PAY012516,M04622,B05,P3,2026-04-14,Renewal,4000
PAY012505,M00865,B01,P3,2026-04-14,Renewal,4000
PAY012721,M04282,B05,P1,2026-04-14,Renewal,1500
PAY012737,M00276,B01,P5,2026-04-14,Renewal,13500
PAY002377,M02377,B02,P1,2026-04-14,New,1500
PAY001028,M01028,B01,P5,2026-04-14,New,13500
PAY012670,M01618,B02,P3,2026-04-14,Renewal,4000
PAY012558,M04829,B05,P4,2026-04-15,Renewal,7500
PAY004882,M04882,B05,P1,2026-04-15,New,1500
PAY004881,M04881,B05,P3,2026-04-15,New,4000
PAY004878,M04878,B05,P5,2026-04-15,New,13500
PAY004873,M04873,B05,P3,2026-04-15,New,4000
PAY003908,M03908,B04,P1,2026-04-15,New,1500
PAY003912,M03912,B04,P3,2026-04-15,New,4000
PAY002373,M02373,B02,P1,2026-04-15,New,1500
PAY012592,M00281,B01,P2,2026-04-15,Renewal,1100
PAY012600,M01010,B01,P1,2026-04-15,Renewal,1500
PAY012743,M00960,B01,P2,2026-04-15,Renewal,1100
PAY012619,M02932,B03,P4,04/15/2026,Renewal,7500
PAY002346,M02346,B02,P3,2026-04-15,New,4000
PAY012680,M00786,B01,P4,2026-04-15,Renewal,7500
PAY001034,M01034,B01,P3,2026-04-16,New,4000
PAY012746,M01441,B02,P3,2026-04-16,Renewal,4000
PAY002367,M02367,B02,P1,2026-04-16,New,1500
PAY012709,M00883,B01,P2,2026-04-16,Renewal,1100
PAY012545,M02330,B02,P1,2026-04-16,Renewal,1500
PAY012588,M03825,B04,P3,2026-04-16,Renewal,4000
PAY002393,M02393,B02,P3,2026-04-16,New,4000
PAY012691,M03906,B04,P2,2026-04-16,Renewal,1100
PAY012563,M00838,B01,P1,2026-04-16,Renewal,1500
PAY012633,M04118,B05,P5,2026-04-16,Renewal,13500
PAY012631,M02665,B03,P5,04/16/2026,Renewal,13500
PAY012580,M00857,B01,P1,2026-04-16,Renewal,1500
PAY001056,M01056,B01,P1,2026-04-16,New,1500
PAY012615,M00813,B01,P1,2026-04-16,Renewal,1500
PAY012561,M00416,B01,P3,2026-04-17,Renewal,4000
PAY012785,M04762,B05,P3,2026-04-17,Renewal,4000
PAY012581,M00934,B01,P1,2026-04-17,Renewal,1500
PAY001032,M01032,B01,P1,2026-04-17,New,1500
PAY001030,M01030,B01,P4,2026-04-17,New,7500
PAY012741,M00927,B01,P2,2026-04-17,Renewal,1100
PAY003052,M03052,B03,P3,04/17/2026,New,4000
PAY012732,M02187,B02,P3,2026-04-17,Renewal,4000
PAY012661,M03618,B04,P3,2026-04-17,Renewal,4000
PAY012731,M02064,B02,P3,2026-04-17,Renewal,4000
PAY012718,M02306,B02,P2,2026-04-17,Renewal,1100
PAY012627,M01513,B02,P4,2026-04-17,Renewal,7500
PAY012705,M00074,B01,P5,2026-04-17,Renewal,13500
PAY012703,M02986,B03,P3,04/17/2026,Renewal,4000
PAY012552,M00851,B01,P1,2026-04-17,Renewal,1500
PAY012637,M00274,B01,P1,2026-04-17,Renewal,1500
PAY012666,M00991,B01,P4,2026-04-17,Renewal,7500
PAY012735,M03857,B04,P3,2026-04-17,Renewal,4000
PAY001060,M01060,B01,P2,2026-04-17,New,1100
PAY012690,M03832,B04,P1,2026-04-17,Renewal,1500
PAY002378,M02378,B02,P2,2026-04-17,New,1100
PAY002348,M02348,B02,P4,2026-04-17,New,7500
PAY012676,M04242,B05,P4,2026-04-18,Renewal,7500
PAY012663,M04400,B05,P2,2026-04-18,Renewal,1100
PAY012698,M01966,B02,P3,2026-04-18,Renewal,4000
PAY012701,M02341,B02,P2,2026-04-18,Renewal,1100
PAY002384,M02384,B02,P3,2026-04-18,New,4000
PAY001021,M01021,B01,P1,2026-04-18,New,1500
PAY001020,M01020,B01,P1,2026-04-18,New,1500
PAY012625,M00968,B01,P2,2026-04-18,Renewal,1100
PAY012788,M00004,B01,P3,2026-04-18,Renewal,4000
PAY012712,M00994,B01,P1,2026-04-18,Renewal,1500
PAY003915,M03915,B04,P1,2026-04-18,New,1500
PAY003913,M03913,B04,P4,2026-04-18,New,7500
PAY012724,M04718,B05,P1,2026-04-18,Renewal,1500
PAY012725,M01176,B02,P5,2026-04-18,Renewal,13500
PAY012577,M04174,B05,P4,2026-04-18,Renewal,7500
PAY012565,M00915,B01,P1,2026-04-18,Renewal,1500
PAY012713,M01000,B01,P2,2026-04-18,Renewal,1100
PAY002387,M02387,B02,P2,2026-04-18,New,1100
PAY001050,M01050,B01,P1,2026-04-19,New,1500
PAY012719,M02952,B03,P1,04/19/2026,Renewal,1500
PAY001047,M01047,B01,P1,2026-04-19,New,1500
PAY012726,M01224,B02,P4,2026-04-19,Renewal,7500
PAY003058,M03058,B03,P2,04/19/2026,New,1100
PAY012694,M00398,B01,P4,2026-04-19,Renewal,7500
PAY012734,M03799,B04,P1,2026-04-19,Renewal,1500
PAY012685,M01565,B02,P4,2026-04-19,Renewal,7500
PAY001062,M01062,B01,P2,2026-04-19,New,1100
PAY012657,M02768,B03,P3,04/19/2026,Renewal,4000
PAY012647,M00759,B01,P2,2026-04-19,Renewal,1100
PAY001024,M01024,B01,P3,2026-04-19,New,4000
PAY001019,M01019,B01,P3,2026-04-19,New,4000
PAY012622,M04793,B05,P3,2026-04-19,Renewal,4000
PAY012617,M01445,B02,P4,2026-04-19,Renewal,7500
PAY012605,M02231,B02,P1,2026-04-19,Renewal,1500
PAY012604,M02078,B02,P4,2026-04-19,Renewal,7500
PAY012586,M02987,B03,P1,04/19/2026,Renewal,1500
PAY012585,M02310,B02,P1,2026-04-19,Renewal,1500
PAY012579,M00805,B01,P1,2026-04-19,Renewal,1500
PAY004895,M04895,B05,P1,2026-04-19,New,1500
PAY012688,M02936,B03,P4,04/19/2026,Renewal,7500
PAY002366,M02366,B02,P1,2026-04-19,New,1500
PAY012696,M00796,B01,P2,2026-04-19,Renewal,1100
PAY012822,M01292,B02,P2,2026-04-19,Renewal,1100
PAY012807,M00953,B01,P1,2026-04-19,Renewal,1500
PAY012794,M00795,B01,P4,2026-04-19,Renewal,7500
PAY012758,M02227,B02,P5,2026-04-19,Renewal,13500
PAY012769,M00946,B01,P1,2026-04-19,Renewal,1500
PAY012768,M00896,B01,P3,2026-04-19,Renewal,4000
PAY012669,M01496,B02,P3,2026-04-20,Renewal,4000
PAY012830,M02976,B03,P1,04/20/2026,Renewal,1500
PAY012827,M02818,B03,P3,04/20/2026,Renewal,4000
PAY012643,M02312,B02,P1,2026-04-20,Renewal,1500
PAY002391,M02391,B02,P3,2026-04-20,New,4000
PAY012684,M01406,B02,P1,2026-04-20,Renewal,1500
PAY012693,M04863,B05,P1,2026-04-20,Renewal,1500
PAY012704,M04112,B05,P4,2026-04-20,Renewal,7500
PAY002382,M02382,B02,P1,2026-04-20,New,1500
PAY012717,M02275,B02,P1,2026-04-20,Renewal,1500
PAY003056,M03056,B03,P4,04/20/2026,New,7500
PAY012751,M00936,B01,P3,2026-04-20,Renewal,4000
PAY012760,M02277,B02,P1,2026-04-20,Renewal,1500
PAY001067,M01067,B01,P2,2026-04-20,New,1100
PAY012656,M02687,B03,P1,04/21/2026,Renewal,1500
PAY003914,M03914,B04,P4,2026-04-21,New,7500
PAY012681,M00871,B01,P1,2026-04-21,Renewal,1500
PAY012838,M01791,B02,P1,2026-04-21,Renewal,1500
PAY012673,M02606,B03,P4,04/21/2026,Renewal,7500
PAY012736,M00193,B01,P3,2026-04-21,Renewal,4000
PAY012636,M00102,B01,P4,2026-04-21,Renewal,7500
PAY001029,M01029,B01,P1,2026-04-21,New,1500
PAY012660,M03311,B04,P1,2026-04-21,Renewal,1500
PAY012659,M03049,B03,P1,04/21/2026,Renewal,1500
PAY012658,M03048,B03,P2,04/21/2026,Renewal,1100
PAY012815,M03013,B03,P1,04/21/2026,Renewal,1500
PAY012810,M01628,B02,P3,2026-04-21,Renewal,4000
PAY001022,M01022,B01,P5,2026-04-21,New,13500
PAY012809,M01211,B02,P3,2026-04-21,Renewal,4000
PAY012798,M02271,B02,P1,2026-04-21,Renewal,1500
PAY002371,M02371,B02,P3,2026-04-21,New,4000
PAY012839,M02117,B02,P1,2026-04-21,Renewal,1500
PAY012722,M04545,B05,P3,2026-04-21,Renewal,4000
PAY003064,M03064,B03,P3,04/21/2026,New,4000
PAY012711,M00906,B01,P3,2026-04-21,Renewal,4000
PAY002353,M02353,B02,P3,2026-04-21,New,4000
PAY012708,M00881,B01,P3,2026-04-21,Renewal,4000
PAY004894,M04894,B05,P1,2026-04-21,New,1500
PAY012775,M02222,B02,P3,2026-04-21,Renewal,4000
PAY002364,M02364,B02,P3,2026-04-21,New,4000
PAY012757,M02215,B02,P1,2026-04-21,Renewal,1500
PAY012780,M02825,B03,P3,04/21/2026,Renewal,4000
PAY012716,M01851,B02,P5,2026-04-22,Renewal,13500
PAY012752,M00976,B01,P1,2026-04-22,Renewal,1500
PAY012648,M00821,B01,P1,2026-04-22,Renewal,1500
PAY012651,M01353,B02,P5,2026-04-22,Renewal,13500
PAY012652,M01455,B02,P1,2026-04-22,Renewal,1500
PAY012653,M01816,B02,P3,2026-04-22,Renewal,4000
PAY003063,M03063,B03,P1,04/22/2026,New,1500
PAY012778,M02324,B02,P1,2026-04-22,Renewal,1500
PAY004886,M04886,B05,P3,2026-04-22,New,4000
PAY012787,M04854,B05,P1,2026-04-22,Renewal,1500
PAY012632,M03813,B04,P1,2026-04-22,Renewal,1500
PAY012759,M02242,B02,P1,2026-04-22,Renewal,1500
PAY004891,M04891,B05,P3,2026-04-22,New,4000
PAY012800,M02627,B03,P3,04/22/2026,Renewal,4000
PAY012833,M04802,B05,P1,2026-04-22,Renewal,1500
PAY012664,M04642,B05,P3,2026-04-22,Renewal,4000
PAY012873,M04865,B05,P2,2026-04-22,Renewal,1100
PAY004892,M04892,B05,P1,2026-04-23,New,1500
PAY012878,M02154,B02,P1,2026-04-23,Renewal,1500
PAY012847,M04787,B05,P3,2026-04-23,Renewal,4000
PAY012858,M04368,B05,P5,2026-04-23,Renewal,13500
PAY012863,M02175,B02,P3,2026-04-23,Renewal,4000
PAY001017,M01017,B01,P5,2026-04-23,New,13500
PAY012639,M00948,B01,P1,2026-04-23,Renewal,1500
PAY001064,M01064,B01,P3,2026-04-23,New,4000
PAY012761,M02322,B02,P5,2026-04-23,Renewal,13500
PAY002388,M02388,B02,P1,2026-04-23,New,1500
PAY012646,M04717,B05,P4,2026-04-23,Renewal,7500
PAY002361,M02361,B02,P1,2026-04-23,New,1500
PAY012682,M00914,B01,P2,2026-04-23,Renewal,1100
PAY012674,M03008,B03,P1,04/23/2026,Renewal,1500
PAY012671,M02065,B02,P4,2026-04-23,Renewal,7500
PAY012747,M01858,B02,P1,2026-04-23,Renewal,1500
PAY012748,M02081,B02,P4,2026-04-23,Renewal,7500
PAY012804,M00685,B01,P3,2026-04-23,Renewal,4000
PAY001051,M01051,B01,P2,2026-04-23,New,1100
PAY012763,M04723,B05,P1,2026-04-24,Renewal,1500
PAY012764,M00052,B01,P5,2026-04-24,Renewal,13500
PAY003070,M03070,B03,P1,04/24/2026,New,1500
PAY002357,M02357,B02,P5,2026-04-24,New,13500
PAY012706,M00605,B01,P3,2026-04-24,Renewal,4000
PAY002383,M02383,B02,P2,2026-04-24,New,1100
PAY012776,M02223,B02,P1,2026-04-24,Renewal,1500
PAY012777,M02230,B02,P1,2026-04-24,Renewal,1500
PAY004883,M04883,B05,P4,2026-04-24,New,7500
PAY012692,M04850,B05,P1,2026-04-24,Renewal,1500
PAY004877,M04877,B05,P5,2026-04-24,New,13500
PAY012869,M04406,B05,P5,2026-04-24,Renewal,13500
PAY002359,M02359,B02,P1,2026-04-24,New,1500
PAY003911,M03911,B04,P2,2026-04-24,New,1100
PAY012687,M02241,B02,P1,2026-04-24,Renewal,1500
PAY012856,M04072,B05,P1,2026-04-24,Renewal,1500
PAY012801,M02811,B03,P3,04/24/2026,Renewal,4000
PAY003916,M03916,B04,P4,2026-04-24,New,7500
PAY003920,M03920,B04,P4,2026-04-24,New,7500
PAY003923,M03923,B04,P1,2026-04-24,New,1500
PAY002389,M02389,B02,P1,2026-04-24,New,1500
PAY012677,M00412,B01,P4,2026-04-24,Renewal,7500
PAY012667,M01163,B02,P1,2026-04-24,Renewal,1500
PAY012672,M02538,B03,P4,04/24/2026,Renewal,7500
PAY012825,M01979,B02,P4,2026-04-24,Renewal,7500
PAY012655,M02333,B02,P1,2026-04-24,Renewal,1500
PAY012881,M03849,B04,P1,2026-04-24,Renewal,1500
PAY001045,M01045,B01,P1,2026-04-24,New,1500
PAY001036,M01036,B01,P1,2026-04-24,New,1500
PAY001031,M01031,B01,P2,2026-04-24,New,1100
PAY001023,M01023,B01,P2,2026-04-24,New,1100
PAY001016,M01016,B01,P1,2026-04-24,New,1500
PAY001061,M01061,B01,P3,2026-04-24,New,4000
PAY012697,M00910,B01,P1,2026-04-25,Renewal,1500
PAY012796,M02214,B02,P1,2026-04-25,Renewal,1500
PAY012911,M03534,B04,P3,2026-04-25,Renewal,4000
PAY012870,M04454,B05,P2,2026-04-25,Renewal,1100
PAY002360,M02360,B02,P4,2026-04-25,New,7500
PAY012782,M03019,B03,P2,04/25/2026,Renewal,1100
PAY012790,M00441,B01,P3,2026-04-25,Renewal,4000
PAY002342,M02342,B02,P3,2026-04-25,New,4000
PAY012753,M01368,B02,P1,2026-04-25,Renewal,1500
PAY012720,M03000,B03,P3,04/25/2026,Renewal,4000
PAY012733,M02201,B02,P3,2026-04-26,Renewal,4000
PAY001057,M01057,B01,P1,2026-04-26,New,1500
PAY012865,M03143,B04,P4,2026-04-26,Renewal,7500
PAY002358,M02358,B02,P5,2026-04-26,New,13500
PAY001014,M01014,B01,P1,2026-04-26,New,1500
PAY012917,M04800,B05,P3,2026-04-26,Renewal,4000
PAY001037,M01037,B01,P1,2026-04-26,New,1500
PAY012936,M04152,B05,P4,2026-04-26,Renewal,7500
PAY012739,M00797,B01,P4,2026-04-26,Renewal,7500
PAY004884,M04884,B05,P5,2026-04-26,New,13500
PAY004875,M04875,B05,P3,2026-04-26,New,4000
PAY012837,M01681,B02,P3,2026-04-26,Renewal,4000
PAY003921,M03921,B04,P5,2026-04-26,New,13500
PAY012808,M00971,B01,P1,2026-04-26,Renewal,1500
PAY002344,M02344,B02,P3,2026-04-26,New,4000
PAY002374,M02374,B02,P4,2026-04-26,New,7500
PAY003053,M03053,B03,P3,04/26/2026,New,4000
PAY012744,M00988,B01,P2,2026-04-26,Renewal,1100
PAY012781,M02828,B03,P3,04/26/2026,Renewal,4000
PAY012789,M00017,B01,P3,2026-04-26,Renewal,4000
PAY012756,M02068,B02,P3,2026-04-26,Renewal,4000
PAY003062,M03062,B03,P3,04/26/2026,New,4000
PAY012767,M00705,B01,P1,2026-04-26,Renewal,1500
PAY012755,M02056,B02,P3,2026-04-26,Renewal,4000
PAY012773,M02088,B02,P2,2026-04-27,Renewal,1100
PAY012939,M00918,B01,P1,2026-04-27,Renewal,1500
PAY012836,M01673,B02,P1,2026-04-27,Renewal,1500
PAY012903,M02060,B02,P4,2026-04-27,Renewal,7500
PAY012772,M02076,B02,P3,2026-04-27,Renewal,4000
PAY012817,M04828,B05,P2,2026-04-27,Renewal,1100
PAY002392,M02392,B02,P1,2026-04-27,New,1500
PAY012853,M02300,B02,P1,2026-04-27,Renewal,1500
PAY001043,M01043,B01,P1,2026-04-27,New,1500
PAY003919,M03919,B04,P5,2026-04-27,New,13500
PAY004893,M04893,B05,P2,2026-04-27,New,1100
PAY002362,M02362,B02,P5,2026-04-27,New,13500
PAY012723,M04636,B05,P3,2026-04-27,Renewal,4000
PAY012841,M03469,B04,P5,2026-04-27,Renewal,13500
PAY012797,M02240,B02,P2,2026-04-27,Renewal,1100
PAY012871,M04766,B05,P3,2026-04-27,Renewal,4000
PAY012854,M03706,B04,P2,2026-04-28,Renewal,1100
PAY012933,M03785,B04,P1,2026-04-28,Renewal,1500
PAY012786,M04848,B05,P2,2026-04-28,Renewal,1100
PAY012928,M01875,B02,P5,2026-04-28,Renewal,13500
PAY012828,M02934,B03,P3,04/28/2026,Renewal,4000
PAY012897,M00736,B01,P3,2026-04-28,Renewal,4000
PAY012770,M00997,B01,P1,2026-04-28,Renewal,1500
PAY012845,M03783,B04,P4,2026-04-28,Renewal,7500
PAY012922,M00575,B01,P4,2026-04-28,Renewal,7500
PAY012850,M00985,B01,P4,2026-04-28,Renewal,7500
PAY012947,M03924,B04,P3,2026-04-28,Renewal,4000
PAY012840,M02725,B03,P5,04/28/2026,Renewal,13500
PAY003925,M03925,B04,P1,2026-04-28,New,1500
PAY003922,M03922,B04,P4,2026-04-28,New,7500
PAY012946,M03620,B04,P1,2026-04-28,Renewal,1500
PAY012742,M00940,B01,P2,2026-04-28,Renewal,1100
PAY003059,M03059,B03,P3,04/28/2026,New,4000
PAY012729,M02021,B02,P2,2026-04-28,Renewal,1100
PAY012799,M02622,B03,P3,04/28/2026,Renewal,4000
PAY012806,M00864,B01,P1,2026-04-28,Renewal,1500
PAY012728,M01845,B02,P4,2026-04-28,Renewal,7500
PAY003073,M03073,B03,P2,04/28/2026,New,1100
PAY012811,M02144,B02,P1,2026-04-28,Renewal,1500
PAY012749,M02321,B02,P1,2026-04-28,Renewal,1500
PAY012715,M01832,B02,P5,2026-04-28,Renewal,13500
PAY002375,M02375,B02,P3,2026-04-28,New,4000
PAY012813,M02261,B02,P1,2026-04-28,Renewal,1500
PAY012730,M02050,B02,P3,2026-04-29,Renewal,4000
PAY003918,M03918,B04,P1,2026-04-29,New,1500
PAY012923,M00801,B01,P3,2026-04-29,Renewal,4000
PAY012932,M03634,B04,P4,2026-04-29,Renewal,7500
PAY012783,M03807,B04,P1,2026-04-29,Renewal,1500
PAY012942,M02094,B02,P2,2026-04-29,Renewal,1100
PAY001055,M01055,B01,P3,2026-04-29,New,4000
PAY012754,M01839,B02,P2,2026-04-29,Renewal,1100
PAY004890,M04890,B05,P4,2026-04-29,New,7500
PAY012890,M02236,B02,P3,2026-04-29,Renewal,4000
PAY012951,M00922,B01,P3,2026-04-29,Renewal,4000
PAY012774,M02192,B02,P3,2026-04-29,Renewal,4000
PAY012901,M01410,B02,P1,2026-04-29,Renewal,1500
PAY002349,M02349,B02,P5,2026-04-29,New,13500
PAY012740,M00890,B01,P1,2026-04-29,Renewal,1500
PAY002379,M02379,B02,P2,2026-04-29,New,1100
PAY012954,M03329,B04,P4,2026-04-29,Renewal,7500
PAY012750,M04679,B05,P1,2026-04-30,Renewal,1500
PAY003910,M03910,B04,P1,2026-04-30,New,1500
PAY012803,M00396,B01,P4,2026-04-30,Renewal,7500
PAY012762,M02887,B03,P3,04/30/2026,Renewal,4000
PAY012784,M03847,B04,P3,2026-04-30,Renewal,4000
PAY012823,M01675,B02,P1,2026-04-30,Renewal,1500
PAY012791,M00601,B01,P5,2026-04-30,Renewal,13500
PAY012902,M01953,B02,P3,2026-04-30,Renewal,4000
PAY012745,M01256,B02,P4,2026-04-30,Renewal,7500
PAY012738,M00488,B01,P3,2026-04-30,Renewal,4000
PAY012765,M00324,B01,P5,2026-04-30,Renewal,13500
PAY012816,M03640,B04,P4,2026-04-30,Renewal,7500
PAY012889,M01961,B02,P3,2026-04-30,Renewal,4000
PAY012904,M02082,B02,P5,2026-04-30,Renewal,13500
PAY012921,M00254,B01,P4,2026-04-30,Renewal,7500
PAY003066,M03066,B03,P5,04/30/2026,New,13500
PAY012876,M00965,B01,P1,2026-04-30,Renewal,1500
PAY012862,M01826,B02,P5,2026-04-30,Renewal,13500
PAY012867,M03477,B04,P4,2026-04-30,Renewal,7500
PAY012877,M02107,B02,P2,2026-04-30,Renewal,1100
PAY012971,M00836,B01,P2,2026-04-30,Renewal,1100
PAY012872,M04773,B05,P3,2026-04-30,Renewal,4000
PAY001087,M01087,B01,P4,2026-05-01,New,7500
PAY012824,M01833,B02,P4,2026-05-01,Renewal,7500
PAY012814,M02975,B03,P1,05/01/2026,Renewal,1500
PAY012805,M00848,B01,P1,2026-05-01,Renewal,1500
PAY012880,M03646,B04,P4,2026-05-01,Renewal,7500
PAY012766,M00573,B01,P3,2026-05-01,Renewal,4000
PAY003940,M03940,B04,P2,2026-05-01,New,1100
PAY012960,M00781,B01,P3,2026-05-01,Renewal,4000
PAY003077,M03077,B03,P3,05/01/2026,New,4000
PAY012905,M02120,B02,P1,2026-05-01,Renewal,1500
PAY012968,M04836,B05,P1,2026-05-01,Renewal,1500
PAY012861,M00895,B01,P2,2026-05-01,Renewal,1100
PAY004923,M04923,B05,P1,2026-05-01,New,1500
PAY012843,M03632,B04,P3,2026-05-01,Renewal,4000
PAY001085,M01085,B01,P1,2026-05-02,New,1500
PAY012792,M00784,B01,P4,2026-05-02,Renewal,7500
PAY012965,M02819,B03,P3,05/02/2026,Renewal,4000
PAY012821,M00862,B01,P3,2026-05-02,Renewal,4000
PAY002420,M02420,B02,P4,2026-05-02,New,7500
PAY003090,M03090,B03,P3,05/02/2026,New,4000
PAY012771,M01259,B02,P2,2026-05-02,Renewal,1100
PAY012957,M04117,B05,P3,2026-05-02,Renewal,4000
PAY012826,M02204,B02,P3,2026-05-02,Renewal,4000
PAY012835,M00980,B01,P1,2026-05-02,Renewal,1500
PAY012834,M00481,B01,P3,2026-05-02,Renewal,4000
PAY012907,M02979,B03,,05/02/2026,Renewal,1500
PAY002405,M02405,B02,P2,2026-05-02,New,1100
PAY012851,M01450,B02,P4,2026-05-02,Renewal,7500
PAY012832,M03033,B03,P3,05/02/2026,Renewal,4000
PAY003942,M03942,B04,P1,2026-05-02,New,1500
PAY001098,M01098,B01,P2,2026-05-02,New,1100
PAY012991,M02971,B03,P1,05/02/2026,Renewal,1500
PAY002412,M02412,B02,P2,2026-05-02,New,1100
PAY001108,M01108,B01,P2,2026-05-02,New,1100
PAY012779,M02717,B03,P4,05/02/2026,Renewal,7500
PAY012992,M03026,B03,P3,05/02/2026,Renewal,4000
PAY012998,M00928,B01,P3,2026-05-02,Renewal,4000
PAY012887,M01660,B02,P3,2026-05-02,Renewal,4000
PAY012997,M00802,B01,P1,2026-05-02,Renewal,1500
PAY012996,M00688,B01,P5,2026-05-02,Renewal,13500
PAY003076,M03076,B03,P4,05/03/2026,New,7500
PAY012925,M00916,B01,P1,2026-05-03,Renewal,1500
PAY012983,M00811,B01,P3,2026-05-03,Renewal,4000
PAY002429,M02429,B02,P4,2026-05-03,New,7500
PAY012829,M02950,B03,P1,05/03/2026,Renewal,1500
PAY012802,M04768,B05,P3,2026-05-03,Renewal,4000
PAY012935,M04055,B05,P4,2026-05-03,Renewal,7500
PAY012924,M00887,B01,P1,2026-05-03,Renewal,1500
PAY002404,M02404,B02,P1,2026-05-03,New,1500
PAY012895,M00048,B01,P1,2026-05-03,Renewal,1500
PAY012894,M03892,B04,P1,2026-05-03,Renewal,1500
PAY002428,M02428,B02,P1,2026-05-03,New,1500
PAY012908,M02980,B03,,05/03/2026,Renewal,1500
PAY004906,M04906,B05,P3,2026-05-03,New,4000
PAY012818,M04858,B05,P1,2026-05-03,Renewal,1500
PAY012795,M01225,B02,P2,2026-05-03,Renewal,1100
PAY001076,M01076,B01,P1,2026-05-03,New,1500
PAY012978,M02909,B03,P3,05/03/2026,Renewal,4000
PAY003080,M03080,B03,P1,05/03/2026,New,1500
PAY012812,M02244,B02,P3,2026-05-03,Renewal,4000
PAY012883,M04786,B05,P4,2026-05-03,Renewal,7500
PAY003927,M03927,B04,P5,2026-05-03,New,13500
PAY012875,M00926,B01,P1,2026-05-03,Renewal,1500
PAY012855,M03776,B04,P5,2026-05-03,Renewal,13500
PAY002409,M02409,B02,P2,2026-05-03,New,1100
PAY012956,M03917,B04,P1,2026-05-03,Renewal,1500
PAY012793,M00794,B01,P3,2026-05-03,Renewal,4000
PAY012915,M04546,B05,P5,2026-05-03,Renewal,13500
PAY002400,M02400,B02,P4,2026-05-04,New,7500
PAY012820,M00126,B01,P3,2026-05-04,Renewal,4000
PAY013006,M01763,B02,P5,2026-05-04,Renewal,13500
PAY012831,M02982,B03,P4,05/04/2026,Renewal,7500
PAY004898,M04898,B05,P1,2026-05-04,New,1500
PAY002441,M02441,B02,P3,2026-05-04,New,4000
PAY012819,M04871,B05,P2,2026-05-04,Renewal,1100
PAY012860,M00806,B01,P4,2026-05-04,Renewal,7500
PAY002403,M02403,B02,P5,2026-05-04,New,13500
PAY003929,M03929,B04,P4,2026-05-04,New,7500
PAY012916,M04708,B05,P4,2026-05-04,Renewal,7500
PAY013007,M01846,B02,P3,2026-05-04,Renewal,4000
PAY012848,M04801,B05,P3,2026-05-04,Renewal,4000
PAY012958,M04234,B05,P5,2026-05-04,Renewal,13500
PAY001074,M01074,B01,P5,2026-05-04,New,13500
PAY012931,M02833,B03,P1,05/04/2026,Renewal,1500
PAY001080,M01080,B01,P3,2026-05-04,New,4000
PAY004900,M04900,B05,P1,2026-05-04,New,1500
PAY003091,M03091,B03,P3,05/04/2026,New,4000
PAY012986,M01066,B01,P1,2026-05-04,Renewal,1500
PAY002408,M02408,B02,P3,2026-05-04,New,4000
PAY001091,M01091,B01,P1,2026-05-05,New,1500
PAY012914,M04418,B05,P3,2026-05-05,Renewal,4000
PAY012970,M00631,B01,P5,2026-05-05,Renewal,13500
PAY012882,M04724,B05,P3,2026-05-05,Renewal,4000
PAY012952,M02930,B03,P1,05/05/2026,Renewal,1500
PAY004927,M04927,B05,P2,2026-05-05,New,1100
PAY002395,M02395,B02,P5,2026-05-05,New,13500
PAY012909,M03040,B03,P2,05/05/2026,Renewal,1100
PAY002434,M02434,B02,P1,2026-05-05,New,1500
PAY012972,M00879,B01,P1,2026-05-05,Renewal,1500
PAY012844,M03664,B04,P3,2026-05-05,Renewal,4000
PAY012893,M03030,B03,P1,05/05/2026,Renewal,1500
PAY002427,M02427,B02,P3,2026-05-06,New,4000
PAY012980,M02942,B03,P3,05/06/2026,Renewal,4000
PAY012920,M00115,B01,P3,2026-05-06,Renewal,4000
PAY002423,M02423,B02,P3,2026-05-06,New,4000
PAY012859,M00799,B01,P3,2026-05-06,Renewal,4000
PAY012846,M03887,B04,P1,2026-05-06,Renewal,1500
PAY012849,M00873,B01,P1,2026-05-06,Renewal,1500
PAY013031,M03909,B04,P1,2026-05-06,Renewal,1500
PAY012842,M03538,B04,P5,2026-05-06,Renewal,13500
PAY012879,M02336,B02,P1,2026-05-06,Renewal,1500
PAY012892,M02806,B03,P3,05/06/2026,Renewal,4000
PAY013018,M01346,B02,P1,2026-05-06,Renewal,1500
PAY012943,M02137,B02,P2,2026-05-06,Renewal,1100
PAY012898,M00783,B01,P1,2026-05-06,Renewal,1500
PAY012884,M00080,B01,P3,2026-05-07,Renewal,4000
PAY013030,M03894,B04,P1,2026-05-07,Renewal,1500
PAY012930,M02290,B02,P3,2026-05-07,Renewal,4000
PAY012977,M02683,B03,P3,05/07/2026,Renewal,4000
PAY012940,M00954,B01,P3,2026-05-07,Renewal,4000
PAY012926,M00921,B01,P3,2026-05-07,Renewal,4000
PAY012999,M01891,B02,P5,2026-05-07,Renewal,13500
PAY002402,M02402,B02,P1,2026-05-07,New,1500
PAY013017,M01035,B01,P1,2026-05-07,Renewal,1500
PAY012857,M04191,B05,P4,2026-05-07,Renewal,7500
PAY012994,M03926,B04,P1,2026-05-07,Renewal,1500
PAY012993,M03902,B04,P5,2026-05-07,Renewal,13500
PAY013040,M00587,B01,P2,2026-05-07,Renewal,1100
PAY012989,M02284,B02,P1,2026-05-07,Renewal,1500
PAY003083,M03083,B03,,05/07/2026,New,1500
PAY012891,M02293,B02,P2,2026-05-07,Renewal,1100
PAY012918,M04843,B05,P1,2026-05-07,Renewal,1500
PAY013026,M01870,B02,P4,2026-05-07,Renewal,7500
PAY013019,M02004,B02,P3,2026-05-07,Renewal,4000
PAY001094,M01094,B01,P1,2026-05-07,New,1500
PAY012852,M01946,B02,P3,2026-05-07,Renewal,4000
PAY012864,M02311,B02,P1,2026-05-08,Renewal,1500
PAY012866,M03242,B04,P5,2026-05-08,Renewal,13500
PAY001083,M01083,B01,P3,2026-05-08,New,4000
PAY012868,M03886,B04,P1,2026-05-08,Renewal,1500
PAY002406,M02406,B02,P3,2026-05-08,New,4000
PAY012959,M04876,B05,P2,2026-05-08,Renewal,1100
PAY013008,M02013,B02,P2,2026-05-08,Renewal,1100
PAY003944,M03944,B04,P2,2026-05-08,New,1100
PAY012927,M01174,B02,P3,2026-05-08,Renewal,4000
PAY013038,M04874,B05,P1,2026-05-08,Renewal,1500
PAY012974,M01065,B01,P2,2026-05-08,Renewal,1100
PAY012941,M00955,B01,P1,2026-05-08,Renewal,1500
PAY002438,M02438,B02,P3,2026-05-09,New,4000
PAY012949,M00490,B01,P1,2026-05-09,Renewal,1500
PAY012988,M02098,B02,P1,2026-05-09,Renewal,1500
PAY013048,M02334,B02,P1,2026-05-09,Renewal,1500
PAY013011,M02317,B02,P4,2026-05-09,Renewal,7500
PAY012885,M00328,B01,P3,2026-05-09,Renewal,4000
PAY012900,M01009,B01,P5,2026-05-09,Renewal,13500
PAY013050,M02958,B03,P3,05/09/2026,Renewal,4000
PAY004907,M04907,B05,P2,2026-05-09,New,1100
PAY013052,M00076,B01,P1,2026-05-09,Renewal,1500
PAY013041,M01008,B01,P1,2026-05-09,Renewal,1500
PAY012874,M00833,B01,P1,2026-05-09,Renewal,1500
PAY012929,M01951,B02,P3,2026-05-09,Renewal,4000
PAY012934,M03868,B04,P1,2026-05-09,Renewal,1500
PAY013064,M03057,B03,P2,05/09/2026,Renewal,1100
PAY001072,M01072,B01,P4,2026-05-09,New,7500
PAY013022,M03021,B03,P3,05/09/2026,Renewal,4000
PAY012888,M01821,B02,P5,2026-05-09,Renewal,13500
PAY013021,M02345,B02,P1,2026-05-09,Renewal,1500
PAY012944,M02156,B02,P3,2026-05-09,Renewal,4000
PAY004902,M04902,B05,P2,2026-05-10,New,1100
PAY012919,M00096,B01,P3,2026-05-10,Renewal,4000
PAY012937,M04826,B05,P3,2026-05-10,Renewal,4000
PAY012910,M03226,B04,P3,2026-05-10,Renewal,4000
PAY012906,M02831,B03,P3,05/10/2026,Renewal,4000
PAY012899,M00869,B01,P3,2026-05-10,Renewal,4000
PAY003945,M03945,B04,P3,2026-05-10,New,4000
PAY003948,M03948,B04,P3,2026-05-10,New,4000
PAY012896,M00125,B01,P5,2026-05-10,Renewal,13500
PAY004928,M04928,B05,P2,2026-05-10,New,1100
PAY001112,M01112,B01,P1,2026-05-10,New,1500
PAY013015,M00907,B01,P1,2026-05-10,Renewal,1500
PAY002421,M02421,B02,P1,2026-05-10,New,1500
PAY013075,M00147,B01,P3,2026-05-10,Renewal,4000
PAY012886,M00704,B01,P3,2026-05-10,Renewal,4000
PAY012975,M01308,B02,P5,2026-05-10,Renewal,13500
PAY012955,M03520,B04,P3,2026-05-10,Renewal,4000
PAY001081,M01081,B01,P2,2026-05-11,New,1100
PAY013001,M02037,B02,P1,2026-05-11,Renewal,1500
PAY001082,M01082,B01,P3,2026-05-11,New,4000
PAY013068,M01306,B02,P5,2026-05-11,Renewal,13500
PAY012962,M01039,B01,P2,2026-05-11,Renewal,1100
PAY003938,M03938,B04,P2,2026-05-11,New,1100
PAY012912,M03650,B04,P5,2026-05-11,Renewal,13500
PAY012913,M03827,B04,P3,2026-05-11,Renewal,4000
PAY001095,M01095,B01,P1,2026-05-11,New,1500
PAY013083,M04882,B05,P1,2026-05-11,Renewal,1500
PAY012950,M00628,B01,P5,2026-05-11,Renewal,13500
PAY013000,M02032,B02,P1,2026-05-11,Renewal,1500
PAY013035,M01897,B02,P1,2026-05-11,Renewal,1500
PAY013033,M00045,B01,P5,2026-05-11,Renewal,13500
PAY012948,M04879,B05,P1,2026-05-11,Renewal,1500
PAY001093,M01093,B01,P5,2026-05-11,New,13500
PAY013032,M04856,B05,P1,2026-05-12,Renewal,1500
PAY012953,M03017,B03,P3,05/12/2026,Renewal,4000
PAY004905,M04905,B05,P1,2026-05-12,New,1500
PAY012945,M03014,B03,P1,05/12/2026,Renewal,1500
PAY012938,M00635,B01,P1,2026-05-12,Renewal,1500
PAY013024,M01191,B02,P3,2026-05-12,Renewal,4000
PAY003936,M03936,B04,P4,2026-05-12,New,7500
PAY013012,M04656,B05,P1,2026-05-12,Renewal,1500
PAY001105,M01105,B01,P1,2026-05-12,New,1500
PAY013023,M03878,B04,P3,2026-05-12,Renewal,4000
PAY003092,M03092,B03,P3,05/12/2026,New,4000
PAY001086,M01086,B01,P1,2026-05-12,New,1500
PAY012966,M04080,B05,P3,2026-05-12,Renewal,4000
PAY001088,M01088,B01,P4,2026-05-12,New,7500
PAY012987,M01847,B02,P1,2026-05-13,Renewal,1500
PAY002422,M02422,B02,P3,2026-05-13,New,4000
PAY012976,M02072,B02,P1,2026-05-13,Renewal,1500
PAY013117,M04036,B05,P3,2026-05-13,Renewal,4000
PAY002426,M02426,B02,P2,2026-05-13,New,1100
PAY003943,M03943,B04,P3,2026-05-13,New,4000
PAY003075,M03075,B03,P1,05/13/2026,New,1500
PAY003074,M03074,B03,P3,05/13/2026,New,4000
PAY012973,M01049,B01,P1,2026-05-13,Renewal,1500
PAY002442,M02442,B02,P5,2026-05-13,New,13500
PAY012964,M02368,B02,P1,2026-05-13,Renewal,1500
PAY003937,M03937,B04,P1,2026-05-13,New,1500
PAY013057,M01044,B01,P1,2026-05-13,Renewal,1500
PAY013085,M00857,B01,P1,2026-05-13,Renewal,1500
PAY001092,M01092,B01,P3,2026-05-14,New,4000
PAY013062,M03050,B03,P5,05/14/2026,Renewal,13500
PAY013049,M02602,B03,P1,05/14/2026,Renewal,1500
PAY012963,M01289,B02,P4,2026-05-14,Renewal,7500
PAY013047,M02251,B02,P1,2026-05-14,Renewal,1500
PAY012961,M00949,B01,P3,2026-05-14,Renewal,4000
PAY012969,M00449,B01,P3,2026-05-14,Renewal,4000
PAY002439,M02439,B02,P5,2026-05-14,New,13500
PAY012979,M02938,B03,P1,05/14/2026,Renewal,1500
PAY004910,M04910,B05,P4,2026-05-14,New,7500
PAY013100,M01348,B02,P3,2026-05-14,Renewal,4000
PAY013027,M02309,B02,P1,2026-05-14,Renewal,1500
PAY013066,M04799,B05,P3,2026-05-14,Renewal,4000
PAY002411,M02411,B02,P1,2026-05-14,New,1500
PAY012990,M02897,B03,P3,05/14/2026,Renewal,4000
PAY013061,M02984,B03,P1,05/14/2026,Renewal,1500
PAY013004,M00148,B01,P4,2026-05-14,Renewal,7500
PAY013005,M00967,B01,P1,2026-05-14,Renewal,1500
PAY013029,M03838,B04,P1,2026-05-14,Renewal,1500
PAY013128,M01062,B01,P2,2026-05-14,Renewal,1100
PAY013111,M01358,B02,P3,2026-05-14,Renewal,4000
PAY004929,M04929,B05,P4,2026-05-14,New,7500
PAY013079,M02262,B02,P3,2026-05-15,Renewal,4000
PAY013063,M03051,B03,P2,05/15/2026,Renewal,1100
PAY013147,M02851,B03,P4,05/15/2026,Renewal,7500
PAY001113,M01113,B01,P3,2026-05-15,New,4000
PAY013044,M01859,B02,P5,2026-05-15,Renewal,13500
PAY013136,M03378,B04,P5,2026-05-15,Renewal,13500
PAY012967,M04577,B05,P3,2026-05-15,Renewal,4000
PAY013089,M01528,B02,P3,2026-05-15,Renewal,4000
PAY013133,M02366,B02,P1,2026-05-15,Renewal,1500
PAY013131,M02255,B02,P3,2026-05-15,Renewal,4000
PAY001117,M01117,B01,P3,2026-05-15,New,4000
PAY012982,M04813,B05,P3,2026-05-15,Renewal,4000
PAY013116,M03865,B04,P3,2026-05-15,Renewal,4000
PAY002432,M02432,B02,P1,2026-05-15,New,1500
PAY013016,M00986,B01,P2,2026-05-16,Renewal,1100
PAY004930,M04930,B05,P3,2026-05-16,New,4000
PAY013028,M03016,B03,P3,05/16/2026,Renewal,4000
PAY012981,M04667,B05,P4,2026-05-16,Renewal,7500
PAY013152,M00343,B01,P3,2026-05-16,Renewal,4000
PAY004914,M04914,B05,P3,2026-05-16,New,4000
PAY004917,M04917,B05,P3,2026-05-16,New,4000
PAY012985,M01046,B01,P1,2026-05-16,Renewal,1500
PAY012984,M00924,B01,P2,2026-05-16,Renewal,1100
PAY003933,M03933,B04,P4,2026-05-16,New,7500
PAY002440,M02440,B02,P1,2026-05-16,New,1500
PAY003947,M03947,B04,P1,2026-05-16,New,1500
PAY002417,M02417,B02,P2,2026-05-16,New,1100
PAY001107,M01107,B01,P3,2026-05-16,New,4000
PAY013060,M02354,B02,P1,2026-05-16,Renewal,1500
PAY013139,M01067,B01,P2,2026-05-16,Renewal,1100
PAY013143,M02275,B02,P1,2026-05-16,Renewal,1500
PAY013101,M02306,B02,P2,2026-05-16,Renewal,1100
PAY002415,M02415,B02,P3,2026-05-17,New,4000
PAY004920,M04920,B05,P2,2026-05-17,New,1100
PAY013020,M02111,B02,P1,2026-05-17,Renewal,1500
PAY013074,M04810,B05,P3,2026-05-17,Renewal,4000
PAY013150,M04863,B05,P1,2026-05-17,Renewal,1500
PAY004913,M04913,B05,P5,2026-05-17,New,13500
PAY002418,M02418,B02,P1,2026-05-17,New,1500
PAY013009,M02208,B02,P1,2026-05-17,Renewal,1500
PAY012995,M00057,B01,P3,2026-05-17,Renewal,4000
PAY003085,M03085,B03,P5,05/17/2026,New,13500
PAY013002,M02278,B02,P1,2026-05-17,Renewal,1500
PAY013069,M01997,B02,P2,2026-05-17,Renewal,1100
PAY013172,M03063,B03,P1,05/18/2026,Renewal,1500
PAY013112,M01749,B02,P4,2026-05-18,Renewal,7500
PAY013098,M01032,B01,P1,2026-05-18,Renewal,1500
PAY001101,M01101,B01,P1,2026-05-18,New,1500
PAY013078,M00960,B01,P1,2026-05-18,Renewal,1500
PAY001069,M01069,B01,P3,2026-05-18,New,4000
PAY013118,M04400,B05,P2,2026-05-18,Renewal,1100
PAY013177,M00594,B01,P3,2026-05-18,Renewal,4000
PAY004926,M04926,B05,P4,2026-05-18,New,7500
PAY013003,M04823,B05,P1,2026-05-18,Renewal,1500
PAY004897,M04897,B05,P3,2026-05-18,New,4000
PAY013059,M01690,B02,P1,2026-05-18,Renewal,1500
PAY003932,M03932,B04,P2,2026-05-18,New,1100
PAY013138,M00911,B01,P3,2026-05-18,Renewal,4000
PAY013146,M02382,B02,P1,2026-05-18,Renewal,1500
PAY003946,M03946,B04,P1,2026-05-18,New,1500
PAY013121,M00642,B01,P3,2026-05-19,Renewal,4000
PAY013125,M00946,B01,P1,2026-05-19,Renewal,1500
PAY013182,M01858,B02,P1,2026-05-19,Renewal,1500
PAY013010,M02212,B02,P1,2026-05-19,Renewal,1500
PAY013051,M04889,B05,P1,2026-05-19,Renewal,1500
PAY013088,M01250,B02,P4,2026-05-19,Renewal,7500
PAY013080,M03005,B03,P1,05/19/2026,Renewal,1500
PAY013144,M02277,B02,P1,2026-05-19,Renewal,1500
PAY013067,M00137,B01,P3,2026-05-19,Renewal,4000
PAY013034,M01007,B01,P1,2026-05-19,Renewal,1500
PAY013055,M00700,B01,P1,2026-05-19,Renewal,1500
PAY013046,M02248,B02,P3,2026-05-19,Renewal,4000
PAY013053,M00161,B01,P3,2026-05-19,Renewal,4000
PAY013087,M01056,B01,P1,2026-05-19,Renewal,1500
PAY013013,M00555,B01,P1,2026-05-19,Renewal,1500
PAY001104,M01104,B01,P4,2026-05-19,New,7500
PAY001115,M01115,B01,P2,2026-05-19,New,1100
PAY001103,M01103,B01,P1,2026-05-19,New,1500
PAY002425,M02425,B02,P1,2026-05-19,New,1500
PAY013205,M03795,B04,P3,2026-05-19,Renewal,4000
PAY001078,M01078,B01,P3,2026-05-19,New,4000
PAY001111,M01111,B01,P4,2026-05-19,New,7500
PAY013195,M01163,B02,P1,2026-05-19,Renewal,1500
PAY013036,M02267,B02,P3,2026-05-20,Renewal,4000
PAY013211,M04595,B05,P4,2026-05-20,Renewal,7500
PAY001090,M01090,B01,P4,2026-05-20,New,7500
PAY013142,M02254,B02,P5,2026-05-20,Renewal,13500
PAY013141,M02010,B02,P3,2026-05-20,Renewal,4000
PAY013201,M02389,B02,P1,2026-05-20,Renewal,1500
PAY013014,M00819,B01,P1,2026-05-20,Renewal,1500
PAY004916,M04916,B05,P5,2026-05-20,New,13500
PAY013113,M02131,B02,P1,2026-05-20,Renewal,1500
PAY013213,M04850,B05,P1,2026-05-20,Renewal,1500
PAY013070,M02877,B03,P2,05/20/2026,Renewal,1100
PAY013110,M01021,B01,P1,2026-05-20,Renewal,1500
PAY013107,M00929,B01,P3,2026-05-20,Renewal,4000
PAY013105,M00493,B01,P4,2026-05-20,Renewal,7500
PAY013071,M03677,B04,P3,2026-05-20,Renewal,4000
PAY013090,M02330,B02,P1,2026-05-20,Renewal,1500
PAY013086,M00883,B01,P2,2026-05-20,Renewal,1100
PAY003088,M03088,B03,P5,05/20/2026,New,13500
PAY013081,M03908,B04,P2,2026-05-20,Renewal,1100
PAY013123,M00796,B01,P2,2026-05-20,Renewal,1100
PAY013219,M01866,B02,P1,2026-05-20,Renewal,1500
PAY004909,M04909,B05,P1,2026-05-20,New,1500
PAY013039,M00162,B01,P3,2026-05-20,Renewal,4000
PAY003941,M03941,B04,P5,2026-05-20,New,13500
PAY013037,M04589,B05,P5,2026-05-20,Renewal,13500
PAY013168,M00821,B01,P1,2026-05-20,Renewal,1500
PAY013054,M00697,B01,P3,2026-05-20,Renewal,4000
PAY002394,M02394,B02,P2,2026-05-20,New,1100
PAY013174,M04431,B05,P4,2026-05-20,Renewal,7500
PAY013226,M04819,B05,P3,2026-05-20,Renewal,4000
PAY003931,M03931,B04,P2,2026-05-20,New,1100
PAY013025,M01629,B02,P2,2026-05-21,Renewal,1100
PAY004925,M04925,B05,P2,2026-05-21,New,1100
PAY004924,M04924,B05,P3,2026-05-21,New,4000
PAY013114,M02341,B02,P2,2026-05-21,Renewal,1100
PAY013166,M03311,B04,P1,2026-05-21,Renewal,1500
PAY004919,M04919,B05,P5,2026-05-21,New,13500
PAY001100,M01100,B01,P4,2026-05-21,New,7500
PAY004918,M04918,B05,P3,2026-05-21,New,4000
PAY013115,M02387,B02,P2,2026-05-21,Renewal,1100
PAY013127,M01050,B01,P1,2026-05-21,Renewal,1500
PAY002416,M02416,B02,P3,2026-05-21,New,4000
PAY013096,M00934,B01,P1,2026-05-21,Renewal,1500
PAY013094,M00851,B01,P5,2026-05-21,Renewal,13500
PAY013176,M04854,B05,P1,2026-05-21,Renewal,1500
PAY002436,M02436,B02,P4,2026-05-21,New,7500
PAY013156,M01620,B02,P3,2026-05-21,Renewal,4000
PAY003078,M03078,B03,P1,05/21/2026,New,1500
PAY013214,M00356,B01,P3,2026-05-21,Renewal,4000
PAY013235,M04563,B05,P5,2026-05-21,Renewal,13500
PAY002431,M02431,B02,P3,2026-05-21,New,4000
PAY003086,M03086,B03,P4,05/21/2026,New,7500
PAY003082,M03082,B03,P5,05/21/2026,New,13500
PAY013222,M03018,B03,P3,05/21/2026,Renewal,4000
PAY013185,M02361,B02,P1,2026-05-22,Renewal,1500
PAY013065,M04435,B05,P3,2026-05-22,Renewal,4000
PAY013237,M00958,B01,P3,2026-05-22,Renewal,4000
PAY013102,M02941,B03,P3,05/22/2026,Renewal,4000
PAY013181,M01051,B01,P2,2026-05-22,Renewal,1100
PAY013194,M01045,B01,P1,2026-05-22,Renewal,1500
PAY013227,M00647,B01,P5,2026-05-22,Renewal,13500
PAY013042,M01026,B01,P2,2026-05-22,Renewal,1100
PAY013155,M01029,B01,P1,2026-05-22,Renewal,1500
PAY013157,M01740,B02,P4,2026-05-22,Renewal,7500
PAY004908,M04908,B05,P1,2026-05-22,New,1500
PAY013236,M00918,B01,P1,2026-05-22,Renewal,1500
PAY013164,M03013,B03,P1,05/22/2026,Renewal,1500
PAY002399,M02399,B02,P1,2026-05-22,New,1500
PAY013217,M01368,B02,P1,2026-05-22,Renewal,1500
PAY004896,M04896,B05,P1,2026-05-22,New,1500
PAY013058,M01624,B02,P1,2026-05-22,Renewal,1500
PAY001077,M01077,B01,P5,2026-05-22,New,13500
PAY004912,M04912,B05,P5,2026-05-23,New,13500
PAY013099,M01060,B01,P2,2026-05-23,Renewal,1100
PAY001096,M01096,B01,P5,2026-05-23,New,13500
PAY013092,M00274,B01,P1,2026-05-23,Renewal,1500
PAY013212,M04723,B05,P1,2026-05-23,Renewal,1500
PAY013084,M00813,B01,P1,2026-05-23,Renewal,1500
PAY013209,M03911,B04,P2,2026-05-23,Renewal,1100
PAY003089,M03089,B03,P1,05/23/2026,New,1500
PAY013183,M02154,B02,P1,2026-05-23,Renewal,1500
PAY013082,M04113,B05,P4,2026-05-23,Renewal,7500
PAY013153,M00633,B01,P5,2026-05-23,Renewal,13500
PAY013043,M01335,B02,P2,2026-05-23,Renewal,1100
PAY013076,M00281,B01,P2,2026-05-23,Renewal,1100
PAY002430,M02430,B02,P3,2026-05-23,New,4000
PAY013224,M04570,B05,P5,2026-05-23,Renewal,13500
PAY004915,M04915,B05,P1,2026-05-23,New,1500
PAY013045,M02199,B02,P2,2026-05-23,Renewal,1100
PAY001079,M01079,B01,P1,2026-05-23,New,1500
PAY001073,M01073,B01,P3,2026-05-23,New,4000
PAY013231,M02848,B03,P4,05/23/2026,Renewal,7500
PAY001114,M01114,B01,P3,2026-05-23,New,4000
PAY001106,M01106,B01,P2,2026-05-23,New,1100
PAY004903,M04903,B05,P1,2026-05-23,New,1500
PAY013135,M02987,B03,P1,05/23/2026,Renewal,1500
PAY013216,M00910,B01,P1,2026-05-24,Renewal,1500
PAY004901,M04901,B05,P5,2026-05-24,New,13500
PAY013263,M04825,B05,P3,2026-05-24,Renewal,4000
PAY013129,M02006,B02,P3,2026-05-24,Renewal,4000
PAY003079,M03079,B03,P1,05/24/2026,New,1500
PAY013126,M01047,B01,P1,2026-05-24,Renewal,1500
PAY013270,M02668,B03,P4,05/24/2026,Renewal,7500
PAY003930,M03930,B04,P4,2026-05-24,New,7500
PAY013056,M01025,B01,P1,2026-05-24,Renewal,1500
PAY004904,M04904,B05,P3,2026-05-24,New,4000
PAY013259,M02899,B03,P3,05/24/2026,Renewal,4000
PAY001068,M01068,B01,P1,2026-05-24,New,1500
PAY013104,M00298,B01,P3,2026-05-24,Renewal,4000
PAY001089,M01089,B01,P3,2026-05-24,New,4000
PAY013108,M00938,B01,P3,2026-05-24,Renewal,4000
PAY013137,M00114,B01,P3,2026-05-24,Renewal,4000
PAY013097,M00945,B01,P5,2026-05-24,Renewal,13500
PAY001109,M01109,B01,P1,2026-05-24,New,1500
PAY013254,M01878,B02,P5,2026-05-24,Renewal,13500
PAY013091,M02367,B02,P1,2026-05-24,Renewal,1500
PAY001102,M01102,B01,P5,2026-05-24,New,13500
PAY003935,M03935,B04,P2,2026-05-24,New,1100
PAY013072,M03881,B04,P3,2026-05-25,Renewal,4000
PAY013268,M02094,B02,P5,2026-05-25,Renewal,13500
PAY013266,M01714,B02,P4,2026-05-25,Renewal,7500
PAY013073,M03985,B05,P3,2026-05-25,Renewal,4000
PAY013230,M02116,B02,P4,2026-05-25,Renewal,7500
PAY001110,M01110,B01,P3,2026-05-25,New,4000
PAY013242,M01883,B02,P3,2026-05-25,Renewal,4000
PAY002410,M02410,B02,P3,2026-05-25,New,4000
PAY004911,M04911,B05,P2,2026-05-25,New,1100
PAY013151,M00188,B01,P4,2026-05-25,Renewal,7500
PAY001099,M01099,B01,P1,2026-05-25,New,1500
PAY013163,M02271,B02,P1,2026-05-25,Renewal,1500
PAY013119,M04718,B05,P1,2026-05-25,Renewal,1500
PAY013276,M04679,B05,P1,2026-05-25,Renewal,1500
PAY013148,M02976,B03,P1,05/25/2026,Renewal,1500
PAY002398,M02398,B02,P3,2026-05-25,New,4000
PAY013192,M01023,B01,P2,2026-05-25,Renewal,1100
PAY003950,M03950,B04,P5,2026-05-25,New,13500
PAY013109,M01000,B01,P2,2026-05-25,Renewal,1100
PAY003939,M03939,B04,P3,2026-05-26,New,4000
PAY013167,M04894,B05,P1,2026-05-26,Renewal,1500
PAY013169,M00976,B01,P1,2026-05-26,Renewal,1500
PAY013241,M01693,B02,P4,2026-05-26,Renewal,7500
PAY002437,M02437,B02,P2,2026-05-26,New,1100
PAY004899,M04899,B05,P3,2026-05-26,New,4000
PAY013124,M00805,B01,P1,2026-05-26,Renewal,1500
PAY004922,M04922,B05,P4,2026-05-26,New,7500
PAY001071,M01071,B01,P2,2026-05-26,New,1100
PAY002413,M02413,B02,P3,2026-05-26,New,4000
PAY001116,M01116,B01,P3,2026-05-26,New,4000
PAY013077,M00817,B01,P4,2026-05-26,Renewal,7500
PAY013134,M02952,B03,P1,05/27/2026,Renewal,1500
PAY013154,M00871,B01,P1,2026-05-27,Renewal,1500
PAY002407,M02407,B02,P3,2026-05-27,New,4000
PAY013103,M02957,B03,P5,05/27/2026,Renewal,13500
PAY002419,M02419,B02,P5,2026-05-27,New,13500
PAY013188,M02853,B03,P5,05/27/2026,Renewal,13500
PAY013232,M02902,B03,P3,05/27/2026,Renewal,4000
PAY013122,M00759,B01,P2,2026-05-27,Renewal,1100
PAY013190,M04892,B05,P1,2026-05-27,Renewal,1500
PAY003081,M03081,B03,P1,05/27/2026,New,1500
PAY002396,M02396,B02,P1,2026-05-27,New,1500
PAY013257,M02261,B02,P1,2026-05-27,Renewal,1500
PAY013196,M02223,B02,P1,2026-05-27,Renewal,1500
PAY013204,M03641,B04,P3,2026-05-27,Renewal,4000
PAY013208,M03872,B04,P3,2026-05-28,Renewal,4000
PAY013285,M04032,B05,P4,2026-05-28,Renewal,7500
PAY013287,M04923,B05,P1,2026-05-28,Renewal,1500
PAY013093,M00809,B01,P3,2026-05-28,Renewal,4000
PAY013095,M00927,B01,P2,2026-05-28,Renewal,1100
PAY013132,M02310,B02,P4,2026-05-28,Renewal,7500
PAY013145,M02312,B02,P1,2026-05-28,Renewal,1500
PAY002414,M02414,B02,P3,2026-05-28,New,4000
PAY001075,M01075,B01,P3,2026-05-28,New,4000
PAY013130,M02231,B02,P1,2026-05-28,Renewal,1500
PAY004921,M04921,B05,P1,2026-05-28,New,1500
PAY002401,M02401,B02,P3,2026-05-28,New,4000
PAY013120,M00175,B01,P4,2026-05-28,Renewal,7500
PAY013293,M01098,B01,P2,2026-05-28,Renewal,1100
PAY013279,M00848,B01,P1,2026-05-28,Renewal,1500
PAY013193,M01031,B01,P5,2026-05-28,Renewal,13500
PAY013251,M00823,B01,P4,2026-05-28,Renewal,7500
PAY013249,M00196,B01,P3,2026-05-28,Renewal,4000
PAY013159,M01791,B02,P1,2026-05-28,Renewal,1500
PAY013255,M01893,B02,P4,2026-05-28,Renewal,7500
PAY003934,M03934,B04,P3,2026-05-29,New,4000
PAY002424,M02424,B02,P3,2026-05-29,New,4000
PAY013170,M01455,B02,P4,2026-05-29,Renewal,7500
PAY003087,M03087,B03,P5,05/29/2026,New,13500
PAY013106,M00915,B01,P1,2026-05-29,Renewal,1500
PAY013225,M04659,B05,P3,2026-05-29,Renewal,4000
PAY013199,M02283,B02,P3,2026-05-29,Renewal,4000
PAY013210,M04316,B05,P4,2026-05-29,Renewal,7500
PAY013228,M01014,B01,P1,2026-05-29,Renewal,1500
PAY013221,M02842,B03,P3,05/29/2026,Renewal,4000
PAY013171,M02242,B02,P1,2026-05-29,Renewal,1500
PAY013179,M00914,B01,P2,2026-05-30,Renewal,1100
PAY013312,M02302,B02,P3,2026-05-30,Renewal,4000
PAY013240,M01673,B02,P1,2026-05-30,Renewal,1500
PAY013300,M02405,B02,P2,2026-05-30,Renewal,1100
PAY002397,M02397,B02,P3,2026-05-30,New,4000
PAY013319,M02980,B03,P1,05/30/2026,Renewal,1500
PAY001070,M01070,B01,P2,2026-05-30,New,1100
PAY013180,M00948,B01,P1,2026-05-30,Renewal,1500
PAY013291,M00980,B01,P1,2026-05-30,Renewal,1500
PAY013247,M03873,B04,P3,2026-05-30,Renewal,4000
PAY013233,M03737,B04,P3,2026-05-30,Renewal,4000
PAY013207,M03867,B04,P3,2026-05-30,Renewal,4000
PAY003928,M03928,B04,P5,2026-05-30,New,13500
PAY013184,M02250,B02,P3,2026-05-30,Renewal,4000
PAY001097,M01097,B01,P5,2026-05-30,New,13500
PAY013149,M03863,B04,P3,2026-05-30,Renewal,4000
PAY002435,M02435,B02,P5,2026-05-30,New,13500
PAY003084,M03084,B03,P4,05/30/2026,New,7500
PAY013330,M02903,B03,P3,05/30/2026,Renewal,4000
PAY013160,M01977,B02,P3,2026-05-30,Renewal,4000
PAY013161,M02117,B02,P5,2026-05-30,Renewal,13500
PAY013288,M00296,B01,P3,2026-05-30,Renewal,4000
PAY013140,M01406,B02,P1,2026-05-31,Renewal,1500
PAY013198,M02241,B02,P1,2026-05-31,Renewal,1500
PAY013162,M02215,B02,P1,2026-05-31,Renewal,1500
PAY001084,M01084,B01,P3,2026-05-31,New,4000
PAY013331,M04871,B05,P2,2026-05-31,Renewal,1100
PAY013165,M03049,B03,P1,05/31/2026,Renewal,1500
PAY013206,M03849,B04,P1,2026-05-31,Renewal,1500
PAY013220,M02214,B02,P1,2026-05-31,Renewal,1500
PAY003949,M03949,B04,P2,2026-05-31,New,1100
PAY013223,M03019,B03,P2,05/31/2026,Renewal,1100
PAY013334,M00526,B01,P4,2026-05-31,Renewal,7500
PAY013325,M01066,B01,P1,2026-05-31,Renewal,1500
PAY013187,M02702,B03,P4,05/31/2026,Renewal,7500
PAY013229,M01037,B01,P1,2026-05-31,Renewal,1500
PAY013267,M01839,B02,P2,2026-05-31,Renewal,1100
PAY013272,M00965,B01,P1,2026-05-31,Renewal,1500
PAY002433,M02433,B02,P2,2026-05-31,New,1100
PAY013283,M02975,B03,P1,05/31/2026,Renewal,1500
PAY013175,M04631,B05,P3,2026-05-31,Renewal,4000
PAY013308,M00926,B01,P1,2026-05-31,Renewal,1500
PAY013306,M04662,B05,P3,2026-06-01,Renewal,4000
PAY002453,M02453,B02,P4,2026-06-01,New,7500
PAY001153,M01153,B01,P3,2026-06-01,New,4000
PAY002450,M02450,B02,P1,2026-06-01,New,1500
PAY013234,M04300,B05,P5,2026-06-01,Renewal,13500
PAY013158,M01765,B02,P3,2026-06-01,Renewal,4000
PAY004933,M04933,B05,P2,2026-06-01,New,1100
PAY013327,M01617,B02,P3,2026-06-01,Renewal,4000
PAY001136,M01136,B01,P2,2026-06-01,New,1100
PAY013281,M00895,B01,P2,2026-06-01,Renewal,1100
PAY013337,M01091,B01,P1,2026-06-01,Renewal,1500
PAY013340,M02295,B02,P3,2026-06-01,Renewal,4000
PAY013202,M02655,B03,P4,06/01/2026,Renewal,7500
PAY013305,M04596,B05,P3,2026-06-01,Renewal,4000
PAY013178,M00626,B01,P5,2026-06-01,Renewal,13500
PAY013301,M02412,B02,P2,2026-06-01,Renewal,1100
PAY013299,M02339,B02,P3,2026-06-01,Renewal,4000
PAY013363,M01035,B01,P1,2026-06-02,Renewal,1500
PAY013173,M03813,B04,P1,2026-06-02,Renewal,1500
PAY013244,M02240,B02,P3,2026-06-02,Renewal,4000
PAY013248,M04893,B05,P1,2026-06-02,Renewal,1500
PAY013323,M00322,B01,P4,2026-06-02,Renewal,7500
PAY013346,M03030,B03,P1,06/02/2026,Renewal,1500
PAY002465,M02465,B02,P3,2026-06-02,New,4000
PAY002459,M02459,B02,P1,2026-06-02,New,1500
PAY013348,M04447,B05,P3,2026-06-02,Renewal,4000
PAY013273,M02107,B02,P2,2026-06-02,Renewal,1100
PAY013341,M02434,B02,P1,2026-06-02,Renewal,1500
PAY013284,M03940,B04,P2,2026-06-02,Renewal,1100
PAY013203,M03070,B03,P1,06/02/2026,Renewal,1500
PAY004942,M04942,B05,P1,2026-06-02,New,1500
PAY013294,M01108,B01,P2,2026-06-02,Renewal,1100
PAY013360,M00587,B01,P2,2026-06-02,Renewal,1100
PAY003953,M03953,B04,P4,2026-06-02,New,7500
PAY013290,M00802,B01,P1,2026-06-02,Renewal,1500
PAY013374,M04843,B05,P1,2026-06-03,Renewal,1500
PAY013200,M02383,B02,P3,2026-06-03,Renewal,4000
PAY003962,M03962,B04,P2,2026-06-03,New,1100
PAY013191,M00825,B01,P3,2026-06-03,Renewal,4000
PAY013354,M02132,B02,P3,2026-06-03,Renewal,4000
PAY013297,M02328,B02,P3,2026-06-03,Renewal,4000
PAY013342,M02646,B03,P5,06/03/2026,Renewal,13500
PAY013186,M02388,B02,P1,2026-06-03,Renewal,1500
PAY002469,M02469,B02,P3,2026-06-03,New,4000
PAY013258,M02321,B02,P1,2026-06-03,Renewal,1500
PAY013215,M00791,B01,P4,2026-06-03,Renewal,7500
PAY013261,M03699,B04,P3,2026-06-03,Renewal,4000
PAY003951,M03951,B04,P4,2026-06-03,New,7500
PAY013189,M03008,B03,,06/03/2026,Renewal,1100
PAY013286,M04573,B05,P4,2026-06-03,Renewal,7500
PAY013243,M02088,B02,P2,2026-06-04,Renewal,1100
PAY013218,M01612,B02,P4,2026-06-04,Renewal,7500
PAY013197,M02230,B02,P5,2026-06-04,Renewal,13500
PAY013336,M00879,B01,P1,2026-06-04,Renewal,1500
PAY013292,M01085,B01,P1,2026-06-04,Renewal,1500
PAY013289,M00617,B01,P4,2026-06-04,Renewal,7500
PAY013280,M00853,B01,P4,2026-06-04,Renewal,7500
PAY013274,M03117,B04,P4,2026-06-04,Renewal,7500
PAY013269,M02379,B02,P2,2026-06-04,Renewal,1100
PAY013260,M02906,B03,P1,06/04/2026,Renewal,1500
PAY013252,M00864,B01,P1,2026-06-04,Renewal,1500
PAY013387,M00490,B01,P1,2026-06-04,Renewal,1500
PAY013239,M01232,B02,P1,2026-06-04,Renewal,1500
PAY013344,M02755,B03,P3,06/04/2026,Renewal,4000
PAY013380,M01937,B02,P5,2026-06-04,Renewal,13500
PAY003961,M03961,B04,P3,2026-06-04,New,4000
PAY001118,M01118,B01,P5,2026-06-04,New,13500
PAY004935,M04935,B05,P5,2026-06-04,New,13500
PAY002444,M02444,B02,P4,2026-06-04,New,7500
PAY001125,M01125,B01,P2,2026-06-04,New,1100
PAY002451,M02451,B02,P3,2026-06-04,New,4000
PAY002480,M02480,B02,P3,2026-06-04,New,4000
PAY003094,M03094,B03,P4,06/04/2026,New,7500
PAY003104,M03104,B03,,06/04/2026,New,1500
PAY013362,M00729,B01,P4,2026-06-05,Renewal,7500
PAY002446,M02446,B02,P3,2026-06-05,New,4000
PAY013307,M00048,B01,P1,2026-06-05,Renewal,1500
PAY013314,M02337,B02,P3,2026-06-05,Renewal,4000
PAY013357,M03744,B04,P3,2026-06-05,Renewal,4000
PAY013356,M03686,B04,P4,2026-06-05,Renewal,7500
PAY013238,M01043,B01,P1,2026-06-05,Renewal,1500
PAY013385,M00076,B01,P1,2026-06-05,Renewal,1500
PAY013388,M00663,B01,P5,2026-06-05,Renewal,13500
PAY013282,M01307,B02,P3,2026-06-05,Renewal,4000
PAY001150,M01150,B01,P3,2026-06-05,New,4000
PAY013392,M02127,B02,P3,2026-06-05,Renewal,4000
PAY004945,M04945,B05,P1,2026-06-05,New,1500
PAY002470,M02470,B02,P2,2026-06-05,New,1100
PAY004939,M04939,B05,P1,2026-06-05,New,1500
PAY013264,M04848,B05,P2,2026-06-05,Renewal,1100
PAY003100,M03100,B03,P3,06/05/2026,New,4000
PAY013321,M04858,B05,P1,2026-06-05,Renewal,1500
PAY013365,M01880,B02,P3,2026-06-05,Renewal,4000
PAY013246,M02392,B02,P1,2026-06-06,Renewal,1500
PAY013355,M02336,B02,P1,2026-06-06,Renewal,1500
PAY013343,M02699,B03,P3,06/06/2026,Renewal,4000
PAY003966,M03966,B04,P3,2026-06-06,New,4000
PAY013333,M00070,B01,P3,2026-06-06,Renewal,4000
PAY013361,M00726,B01,P3,2026-06-06,Renewal,4000
PAY013265,M00267,B01,P2,2026-06-06,Renewal,1100
PAY013316,M02840,B03,P5,06/06/2026,Renewal,13500
PAY013245,M02300,B02,P1,2026-06-06,Renewal,1500
PAY013275,M03385,B04,P5,2026-06-06,Renewal,13500
PAY013367,M02151,B02,P3,2026-06-06,Renewal,4000
PAY013296,M01900,B02,P3,2026-06-06,Renewal,4000
PAY013412,M03219,B04,P4,2026-06-06,Renewal,7500
PAY013429,M04603,B05,P5,2026-06-06,Renewal,13500
PAY013431,M04882,B05,P1,2026-06-06,Renewal,1500
PAY003098,M03098,B03,P1,06/06/2026,New,1500
PAY003096,M03096,B03,,06/06/2026,New,1500
PAY013404,M00831,B01,P3,2026-06-06,Renewal,4000
PAY013376,M00678,B01,P4,2026-06-06,Renewal,7500
PAY013382,M02311,B02,P1,2026-06-06,Renewal,1500
PAY013256,M02021,B02,P2,2026-06-07,Renewal,1100
PAY013253,M00997,B01,P1,2026-06-07,Renewal,1500
PAY013324,M00745,B01,P3,2026-06-07,Renewal,4000
PAY013262,M03925,B04,P1,2026-06-07,Renewal,1500
PAY013358,M03887,B04,P1,2026-06-07,Renewal,1500
PAY013373,M04566,B05,P3,2026-06-07,Renewal,4000
PAY013430,M04879,B05,P1,2026-06-07,Renewal,1500
PAY001133,M01133,B01,P1,2026-06-07,New,1500
PAY003952,M03952,B04,P1,2026-06-07,New,1500
PAY013271,M00836,B01,P3,2026-06-07,Renewal,4000
PAY013423,M01897,B02,P1,2026-06-07,Renewal,1500
PAY002455,M02455,B02,P1,2026-06-07,New,1500
PAY013320,M03917,B04,P3,2026-06-08,Renewal,4000
PAY004937,M04937,B05,P1,2026-06-08,New,1500
PAY013328,M01737,B02,P3,2026-06-08,Renewal,4000
PAY002485,M02485,B02,P3,2026-06-08,New,4000
PAY013371,M03083,B03,P1,06/08/2026,Renewal,1500
PAY002471,M02471,B02,P5,2026-06-08,New,13500
PAY013383,M03886,B04,P1,2026-06-08,Renewal,1500
PAY003957,M03957,B04,P3,2026-06-08,New,4000
PAY013439,M02027,B02,P1,2026-06-08,Renewal,1500
PAY013250,M00638,B01,P3,2026-06-08,Renewal,4000
PAY013396,M02345,B02,P1,2026-06-08,Renewal,1500
PAY013441,M03014,B03,P1,06/08/2026,Renewal,1500
PAY013391,M02110,B02,P3,2026-06-08,Renewal,4000
PAY013310,M01210,B02,P3,2026-06-09,Renewal,4000
PAY013413,M04741,B05,P4,2026-06-09,Renewal,7500
PAY013389,M00833,B01,P1,2026-06-09,Renewal,1500
PAY013369,M02293,B02,P2,2026-06-09,Renewal,1100
PAY013302,M02971,B03,P1,06/09/2026,Renewal,1500
PAY013452,M02296,B02,P3,2026-06-09,Renewal,4000
PAY013339,M01930,B02,P5,2026-06-09,Renewal,13500
PAY003093,M03093,B03,P5,06/09/2026,New,13500
PAY013311,M01225,B02,P2,2026-06-09,Renewal,1100
PAY013359,M00383,B01,P3,2026-06-09,Renewal,4000
PAY013277,M00136,B01,P5,2026-06-10,Renewal,13500
PAY013304,M03942,B04,P1,2026-06-10,Renewal,1500
PAY013345,M02930,B03,P1,06/10/2026,Renewal,1500
PAY013395,M02338,B02,P3,2026-06-10,Renewal,4000
PAY013425,M02037,B02,P1,2026-06-10,Renewal,1500
PAY013426,M02139,B02,P3,2026-06-10,Renewal,4000
PAY013406,M00963,B01,P3,2026-06-10,Renewal,4000
PAY013405,M00907,B01,P1,2026-06-10,Renewal,1500
PAY013401,M00155,B01,P5,2026-06-10,Renewal,13500
PAY001151,M01151,B01,P1,2026-06-10,New,1500
PAY013295,M01259,B02,P2,2026-06-10,Renewal,1100
PAY004934,M04934,B05,P1,2026-06-10,New,1500
PAY013329,M02833,B03,P1,06/10/2026,Renewal,1500
PAY002478,M02478,B02,P3,2026-06-10,New,4000
PAY013315,M02409,B02,P2,2026-06-11,Renewal,1100
PAY013398,M03868,B04,P1,2026-06-11,Renewal,1500
PAY013352,M00873,B01,P1,2026-06-11,Renewal,1500
PAY013482,M02960,B03,,06/11/2026,Renewal,4000
PAY013313,M02307,B02,P3,2026-06-11,Renewal,4000
PAY013368,M02284,B02,P1,2026-06-11,Renewal,1500
PAY013318,M02950,B03,P1,06/11/2026,Renewal,1500
PAY013303,M02979,B03,P1,06/11/2026,Renewal,1500
PAY013477,M02036,B02,P3,2026-06-11,Renewal,4000
PAY002460,M02460,B02,P4,2026-06-11,New,7500
PAY013479,M02354,B02,P1,2026-06-11,Renewal,1500
PAY013432,M00635,B01,P2,2026-06-11,Renewal,1100
PAY002452,M02452,B02,P5,2026-06-11,New,13500
PAY013438,M01805,B02,P3,2026-06-11,Renewal,4000
PAY013446,M00857,B01,P1,2026-06-11,Renewal,1500
PAY002466,M02466,B02,P5,2026-06-11,New,13500
PAY002448,M02448,B02,P4,2026-06-12,New,7500
PAY013440,M02340,B02,P3,2026-06-12,Renewal,4000
PAY013384,M04874,B05,P4,2026-06-12,Renewal,7500
PAY013400,M04869,B05,P4,2026-06-12,Renewal,7500
PAY013403,M00829,B01,P3,2026-06-12,Renewal,4000
PAY013410,M02325,B02,P3,2026-06-12,Renewal,4000
PAY013427,M03819,B04,P3,2026-06-12,Renewal,4000
PAY013372,M03926,B04,P1,2026-06-12,Renewal,1500
PAY013278,M00307,B01,P4,2026-06-12,Renewal,7500
PAY013415,M00200,B01,P4,2026-06-12,Renewal,7500
PAY013490,M02331,B02,P3,2026-06-12,Renewal,4000
PAY013475,M01067,B01,P2,2026-06-12,Renewal,1100
PAY002484,M02484,B02,P3,2026-06-13,New,4000
PAY003095,M03095,B03,P3,06/13/2026,New,4000
PAY013449,M01207,B02,P5,2026-06-13,Renewal,13500
PAY013447,M01044,B01,P1,2026-06-13,Renewal,1500
PAY013444,M04905,B05,P1,2026-06-13,Renewal,1500
PAY013370,M02671,B03,P3,06/13/2026,Renewal,4000
PAY013378,M00981,B01,P3,2026-06-13,Renewal,4000
PAY013424,M02032,B02,P1,2026-06-13,Renewal,1500
PAY001141,M01141,B01,P1,2026-06-13,New,1500
PAY013394,M02334,B02,P1,2026-06-13,Renewal,1500
PAY001134,M01134,B01,P3,2026-06-13,New,4000
PAY001132,M01132,B01,P2,2026-06-13,New,1100
PAY013409,M02114,B02,P3,2026-06-13,Renewal,4000
PAY013298,M02329,B02,P3,2026-06-13,Renewal,4000
PAY013497,M00668,B01,P3,2026-06-13,Renewal,4000
PAY013332,M04900,B05,P1,2026-06-13,Renewal,1500
PAY013364,M01094,B01,P3,2026-06-13,Renewal,4000
PAY013451,M02072,B02,P1,2026-06-13,Renewal,1500
PAY013464,M00145,B01,P1,2026-06-13,Renewal,1500
PAY013326,M01318,B02,P5,2026-06-13,Renewal,13500
PAY013309,M01076,B01,P1,2026-06-14,Renewal,1500
PAY001148,M01148,B01,P3,2026-06-14,New,4000
PAY013443,M04585,B05,P5,2026-06-14,Renewal,13500
PAY002468,M02468,B02,P2,2026-06-14,New,1100
PAY013434,M00661,B01,P3,2026-06-14,Renewal,4000
PAY013491,M02418,B02,P1,2026-06-14,Renewal,1500
PAY013317,M02944,B03,P3,06/14/2026,Renewal,4000
PAY013422,M01732,B02,P3,2026-06-14,Renewal,4000
PAY013433,M00639,B01,P3,2026-06-14,Renewal,4000
PAY013338,M01359,B02,P4,2026-06-14,Renewal,7500
PAY002482,M02482,B02,P3,2026-06-14,New,4000
PAY013411,M02421,B02,P1,2026-06-14,Renewal,1500
PAY013335,M00846,B01,P3,2026-06-14,Renewal,4000
PAY013480,M02417,B02,P2,2026-06-14,Renewal,1100
PAY013538,M04850,B05,P1,2026-06-15,Renewal,1500
PAY013484,M04514,B05,P3,2026-06-15,Renewal,4000
PAY013322,M00067,B01,P3,2026-06-15,Renewal,4000
PAY013379,M01065,B01,P2,2026-06-15,Renewal,1100
PAY013442,M03305,B04,P4,2026-06-15,Renewal,7500
PAY013461,M02602,B03,P1,06/15/2026,Renewal,1500
PAY013421,M01573,B02,P3,2026-06-15,Renewal,4000
PAY013448,M01049,B01,P1,2026-06-15,Renewal,1500
PAY013458,M02147,B02,P4,2026-06-15,Renewal,7500
PAY013351,M00783,B01,P1,2026-06-15,Renewal,1500
PAY013347,M03040,B03,P2,06/15/2026,Renewal,1100
PAY002462,M02462,B02,P4,2026-06-15,New,7500
PAY013349,M04868,B05,P3,2026-06-15,Renewal,4000
PAY013350,M04927,B05,P2,2026-06-15,Renewal,1100
PAY002458,M02458,B02,P5,2026-06-16,New,13500
PAY002487,M02487,B02,P1,2026-06-16,New,1500
PAY003964,M03964,B04,P3,2026-06-16,New,4000
PAY013469,M03051,B03,P2,06/16/2026,Renewal,1100
PAY013543,M01621,B02,P3,2026-06-16,Renewal,4000
PAY013381,M02013,B02,P2,2026-06-16,Renewal,1100
PAY013505,M03063,B03,P1,06/16/2026,Renewal,1500
PAY013377,M00955,B01,P1,2026-06-16,Renewal,1500
PAY013435,M00972,B01,P3,2026-06-16,Renewal,4000
PAY013390,M01159,B02,P3,2026-06-16,Renewal,4000
PAY013472,M00774,B01,P3,2026-06-16,Renewal,4000
PAY013353,M01346,B02,P3,2026-06-16,Renewal,4000
PAY013522,M02916,B03,P3,06/16/2026,Renewal,4000
PAY013548,M03900,B04,P3,2026-06-16,Renewal,4000
PAY013407,M01112,B01,P1,2026-06-16,Renewal,1500
PAY013419,M01095,B01,P1,2026-06-16,Renewal,1500
PAY002483,M02483,B02,P3,2026-06-16,New,4000
PAY013420,M01391,B02,P3,2026-06-16,Renewal,4000
PAY013453,M02368,B02,P1,2026-06-17,Renewal,1500
PAY013454,M03075,B03,P1,06/17/2026,Renewal,1500
PAY013402,M00262,B01,P3,2026-06-17,Renewal,4000
PAY001124,M01124,B01,P2,2026-06-17,New,1100
PAY001123,M01123,B01,P4,2026-06-17,New,7500
PAY013496,M04920,B05,P2,2026-06-17,Renewal,1100
PAY013530,M01866,B02,P1,2026-06-17,Renewal,1500
PAY002472,M02472,B02,P2,2026-06-17,New,1100
PAY013513,M01006,B01,P3,2026-06-17,Renewal,4000
PAY013437,M01105,B01,P1,2026-06-17,Renewal,1500
PAY013546,M03078,B03,P1,06/17/2026,Renewal,1500
PAY013436,M01086,B01,P2,2026-06-17,Renewal,1100
PAY013492,M03818,B04,P3,2026-06-17,Renewal,4000
PAY013459,M02251,B02,P1,2026-06-17,Renewal,1500
PAY013366,M01892,B02,P3,2026-06-17,Renewal,4000
PAY013375,M00525,B01,P3,2026-06-17,Renewal,4000
PAY002457,M02457,B02,P3,2026-06-17,New,4000
PAY013516,M01163,B02,P1,2026-06-17,Renewal,1500
PAY013526,M00819,B01,P1,2026-06-17,Renewal,1500
PAY013466,M02057,B02,P4,2026-06-17,Renewal,7500
PAY013468,M02432,B02,P1,2026-06-17,Renewal,1500
PAY013558,M02399,B02,P1,2026-06-17,Renewal,1500
PAY013517,M01858,B02,P1,2026-06-18,Renewal,1500
PAY013520,M02277,B02,P1,2026-06-18,Renewal,1500
PAY013514,M01056,B01,P1,2026-06-18,Renewal,1500
PAY013471,M00748,B01,P3,2026-06-18,Renewal,4000
PAY013483,M03947,B04,P1,2026-06-18,Renewal,1500
PAY013488,M02140,B02,P4,2026-06-18,Renewal,7500
PAY013499,M00987,B01,P3,2026-06-18,Renewal,4000
PAY013493,M04270,B05,P3,2026-06-18,Renewal,4000
PAY013418,M01081,B01,P2,2026-06-18,Renewal,1100
PAY013450,M01847,B02,P1,2026-06-18,Renewal,1500
PAY013460,M02411,B02,P1,2026-06-18,Renewal,1500
PAY013504,M02870,B03,P3,06/18/2026,Renewal,4000
PAY013511,M00847,B01,P4,2026-06-18,Renewal,7500
PAY013534,M02973,B03,P4,06/18/2026,Renewal,7500
PAY013567,M01060,B01,P2,2026-06-18,Renewal,1100
PAY002445,M02445,B02,P4,2026-06-18,New,7500
PAY013568,M01106,B01,P2,2026-06-18,Renewal,1100
PAY002463,M02463,B02,P5,2026-06-18,New,13500
PAY013416,M00411,B01,P3,2026-06-18,Renewal,4000
PAY001120,M01120,B01,P3,2026-06-18,New,4000
PAY013397,M03057,B03,P2,06/18/2026,Renewal,1100
PAY002447,M02447,B02,P3,2026-06-18,New,4000
PAY013408,M01896,B02,P3,2026-06-18,Renewal,4000
PAY013414,M04928,B05,P3,2026-06-18,Renewal,4000
PAY013539,M04909,B05,P1,2026-06-18,Renewal,1500
PAY002461,M02461,B02,P3,2026-06-19,New,4000
PAY013552,M00918,B01,P1,2026-06-19,Renewal,1500
PAY013456,M00967,B01,P1,2026-06-19,Renewal,1500
PAY013561,M03013,B03,P4,06/19/2026,Renewal,7500
PAY013566,M00850,B01,P1,2026-06-19,Renewal,1500
PAY002456,M02456,B02,P4,2026-06-19,New,7500
PAY013463,M03838,B04,P1,2026-06-19,Renewal,1500
PAY013467,M02152,B02,P3,2026-06-19,Renewal,4000
PAY002481,M02481,B02,P3,2026-06-19,New,4000
PAY013572,M01909,B02,P4,2026-06-19,Renewal,7500
PAY013478,M02275,B02,P2,2026-06-19,Renewal,1100
PAY013578,M04723,B05,P2,2026-06-19,Renewal,1100
PAY004938,M04938,B05,P3,2026-06-19,New,4000
PAY013500,M01032,B01,P4,2026-06-19,Renewal,7500
PAY013502,M01922,B02,P4,2026-06-19,Renewal,7500
PAY013462,M02938,B03,P1,06/19/2026,Renewal,1500
PAY013545,M02800,B03,P5,06/19/2026,Renewal,13500
PAY003963,M03963,B04,P2,2026-06-19,New,1100
PAY001146,M01146,B01,P1,2026-06-19,New,1500
PAY013386,M00235,B01,P4,2026-06-19,Renewal,7500
PAY001140,M01140,B01,P1,2026-06-19,New,1500
PAY013540,M00934,B01,P1,2026-06-19,Renewal,1500
PAY013399,M04860,B05,P3,2026-06-19,Renewal,4000
PAY013487,M02111,B02,P1,2026-06-20,Renewal,1500
PAY003109,M03109,B03,P3,06/20/2026,New,4000
PAY013532,M02389,B02,P5,2026-06-20,Renewal,13500
PAY013393,M02145,B02,P4,2026-06-20,Renewal,7500
PAY013527,M00821,B01,P1,2026-06-20,Renewal,1500
PAY013529,M01021,B01,P1,2026-06-20,Renewal,1500
PAY013525,M00796,B01,P2,2026-06-20,Renewal,1100
PAY013515,M01115,B01,P1,2026-06-20,Renewal,1500
PAY013470,M03593,B04,P5,2026-06-20,Renewal,13500
PAY004936,M04936,B05,P1,2026-06-20,New,1500
PAY013560,M02841,B03,P3,06/20/2026,Renewal,4000
PAY003958,M03958,B04,P1,2026-06-20,New,1500
PAY013577,M03277,B04,P3,2026-06-20,Renewal,4000
PAY001147,M01147,B01,P3,2026-06-20,New,4000
PAY013507,M04400,B05,P2,2026-06-20,Renewal,1100
PAY013565,M00813,B01,P1,2026-06-20,Renewal,1500
PAY013587,M02271,B02,P1,2026-06-21,Renewal,1500
PAY003108,M03108,B03,P3,06/21/2026,New,4000
PAY013586,M01023,B01,P2,2026-06-21,Renewal,1100
PAY013535,M03908,B04,P2,2026-06-21,Renewal,1100
PAY013428,M03938,B04,P2,2026-06-21,Renewal,1100
PAY013486,M01997,B02,P2,2026-06-21,Renewal,1100
PAY013537,M04027,B05,P4,2026-06-21,Renewal,7500
PAY001139,M01139,B01,P1,2026-06-21,New,1500
PAY004943,M04943,B05,P5,2026-06-21,New,13500
PAY013455,M03937,B04,P1,2026-06-21,Renewal,1500
PAY003960,M03960,B04,P2,2026-06-21,New,1100
PAY001144,M01144,B01,P2,2026-06-21,New,1100
PAY013571,M01529,B02,P5,2026-06-21,Renewal,13500
PAY013579,M00683,B01,P3,2026-06-21,Renewal,4000
PAY013531,M02330,B02,P1,2026-06-22,Renewal,1500
PAY013494,M04511,B05,P3,2026-06-22,Renewal,4000
PAY013593,M00871,B01,P1,2026-06-22,Renewal,1500
PAY003956,M03956,B04,P3,2026-06-22,New,4000
PAY013582,M01800,B02,P3,2026-06-22,Renewal,4000
PAY013595,M02396,B02,P1,2026-06-22,Renewal,1500
PAY013417,M01039,B01,P2,2026-06-22,Renewal,1100
PAY013485,M00978,B01,P3,2026-06-22,Renewal,4000
PAY013544,M01629,B02,P2,2026-06-22,Renewal,1100
PAY001142,M01142,B01,P3,2026-06-22,New,4000
PAY013457,M01062,B01,P2,2026-06-22,Renewal,1100
PAY003097,M03097,B03,P5,06/22/2026,New,13500
PAY001135,M01135,B01,P4,2026-06-22,New,7500
PAY013569,M01335,B02,P2,2026-06-22,Renewal,1100
PAY001127,M01127,B01,P4,2026-06-22,New,7500
PAY013541,M01204,B02,P3,2026-06-23,Renewal,4000
PAY013599,M03081,B03,P1,06/23/2026,Renewal,1500
PAY013563,M04753,B05,P4,2026-06-23,Renewal,7500
PAY013533,M02877,B03,P2,06/23/2026,Renewal,1100
PAY013512,M00946,B01,P1,2026-06-23,Renewal,1500
PAY013573,M01921,B02,P5,2026-06-23,Renewal,13500
PAY013574,M02154,B02,P1,2026-06-23,Renewal,1500
PAY013576,M03089,B03,P1,06/23/2026,Renewal,1500
PAY013528,M00883,B01,P2,2026-06-23,Renewal,1100
PAY013585,M00969,B01,P3,2026-06-23,Renewal,4000
PAY013521,M02425,B02,P1,2026-06-23,Renewal,1500
PAY013581,M01109,B01,P1,2026-06-23,Renewal,1500
PAY013549,M04612,B05,P5,2026-06-23,Renewal,13500
PAY003965,M03965,B04,P1,2026-06-23,New,1500
PAY013465,M01564,B02,P3,2026-06-23,Renewal,4000
PAY002479,M02479,B02,P1,2026-06-23,New,1500
PAY013542,M01301,B02,P4,2026-06-24,Renewal,7500
PAY013547,M03311,B04,P1,2026-06-24,Renewal,1500
PAY013559,M02496,B03,P3,06/24/2026,Renewal,4000
PAY013510,M00700,B01,P1,2026-06-24,Renewal,1500
PAY013562,M04056,B05,P4,2026-06-24,Renewal,7500
PAY013564,M00281,B01,P2,2026-06-24,Renewal,1100
PAY013509,M00555,B01,P1,2026-06-24,Renewal,1500
PAY002477,M02477,B02,P5,2026-06-24,New,13500
PAY004940,M04940,B05,P2,2026-06-24,New,1100
PAY013590,M04718,B05,P1,2026-06-24,Renewal,1500
PAY003955,M03955,B04,P2,2026-06-24,New,1100
PAY013603,M04921,B05,P4,2026-06-24,Renewal,7500
PAY013605,M00992,B01,P4,2026-06-24,Renewal,7500
PAY013445,M00257,B01,P3,2026-06-24,Renewal,4000
PAY002475,M02475,B02,P4,2026-06-24,New,7500
PAY002467,M02467,B02,P3,2026-06-24,New,4000
PAY013495,M04614,B05,P1,2026-06-24,Renewal,1500
PAY013481,M02440,B02,P3,2026-06-24,Renewal,4000
PAY013524,M00640,B01,P4,2026-06-24,Renewal,7500
PAY013501,M01101,B01,P1,2026-06-24,Renewal,1500
PAY002476,M02476,B02,P1,2026-06-25,New,1500
PAY013473,M00924,B01,P2,2026-06-25,Renewal,1100
PAY002486,M02486,B02,P1,2026-06-25,New,1500
PAY013476,M01890,B02,P3,2026-06-25,Renewal,4000
PAY013575,M02199,B02,P2,2026-06-25,Renewal,1100
PAY002454,M02454,B02,P3,2026-06-25,New,4000
PAY003106,M03106,B03,P3,06/25/2026,New,4000
PAY013550,M04745,B05,P3,2026-06-25,Renewal,4000
PAY004932,M04932,B05,P3,2026-06-25,New,4000
PAY004931,M04931,B05,P1,2026-06-25,New,1500
PAY013588,M03701,B04,P4,2026-06-25,Renewal,7500
PAY013610,M02215,B02,P1,2026-06-25,Renewal,1500
PAY001130,M01130,B01,P3,2026-06-25,New,4000
PAY001143,M01143,B01,P2,2026-06-25,New,1100
PAY001121,M01121,B01,P2,2026-06-25,New,1100
PAY013596,M02952,B03,P1,06/25/2026,Renewal,1500
PAY013608,M01066,B01,P1,2026-06-25,Renewal,1500
PAY002474,M02474,B02,P2,2026-06-26,New,1100
PAY013489,M02278,B02,P1,2026-06-26,Renewal,1500
PAY013508,M00284,B01,P3,2026-06-26,Renewal,4000
PAY013506,M03932,B04,P2,2026-06-26,Renewal,1100
PAY003099,M03099,B03,P4,06/26/2026,New,7500
PAY001149,M01149,B01,P3,2026-06-26,New,4000
PAY013498,M00960,B01,P1,2026-06-26,Renewal,1500
PAY013555,M01368,B02,P1,2026-06-26,Renewal,1500
PAY013553,M01026,B01,P2,2026-06-26,Renewal,1100
PAY013584,M03079,B03,P1,06/26/2026,Renewal,1500
PAY013551,M04925,B05,P2,2026-06-26,Renewal,1100
PAY013518,M01925,B02,P4,2026-06-26,Renewal,7500
PAY013592,M00759,B01,P2,2026-06-26,Renewal,1100
PAY003959,M03959,B04,P2,2026-06-27,New,1100
PAY013600,M01098,B01,P2,2026-06-27,Renewal,1100
PAY013580,M00910,B01,P1,2026-06-27,Renewal,1500
PAY013598,M03046,B03,P3,06/27/2026,Renewal,4000
PAY013609,M01839,B02,P2,2026-06-27,Renewal,1100
PAY003107,M03107,B03,,06/27/2026,New,13500
PAY013591,M02437,B02,P2,2026-06-27,Renewal,1100
PAY013611,M04816,B05,P3,2026-06-27,Renewal,4000
PAY013474,M00986,B01,P2,2026-06-27,Renewal,1100
PAY001119,M01119,B01,P3,2026-06-27,New,4000
PAY013536,M03931,B04,P2,2026-06-27,Renewal,1100
PAY013519,M02074,B02,P4,2026-06-27,Renewal,7500
PAY001145,M01145,B01,P2,2026-06-27,New,1100
PAY013606,M00926,B01,P1,2026-06-28,Renewal,1500
PAY001126,M01126,B01,P2,2026-06-28,New,1100
PAY013604,M00915,B01,P1,2026-06-28,Renewal,1500
PAY001128,M01128,B01,P4,2026-06-28,New,7500
PAY001129,M01129,B01,P1,2026-06-28,New,1500
PAY013503,M02297,B02,P3,2026-06-28,Renewal,4000
PAY003954,M03954,B04,P3,2026-06-28,New,4000
PAY001152,M01152,B01,P2,2026-06-28,New,1100
PAY002473,M02473,B02,P4,2026-06-28,New,7500
PAY002464,M02464,B02,P1,2026-06-28,New,1500
PAY013557,M01917,B02,P5,2026-06-28,Renewal,13500
PAY004941,M04941,B05,P1,2026-06-28,New,1500
PAY003102,M03102,B03,P4,06/28/2026,New,7500
PAY003101,M03101,B03,P3,06/28/2026,New,4000
PAY013554,M01045,B01,P1,2026-06-29,Renewal,1500
PAY003105,M03105,B03,P3,06/29/2026,New,4000
PAY002449,M02449,B02,P3,2026-06-29,New,4000
PAY001137,M01137,B01,P3,2026-06-29,New,4000
PAY013556,M01503,B02,P1,2026-06-29,Renewal,1500
PAY003103,M03103,B03,P5,06/29/2026,New,13500
PAY004944,M04944,B05,P4,2026-06-29,New,7500
PAY013589,M04466,B05,P3,2026-06-29,Renewal,4000
PAY013607,M01037,B01,P1,2026-06-29,Renewal,1500
PAY013594,M02261,B02,P1,2026-06-29,Renewal,1500
PAY013523,M03688,B04,P3,2026-06-30,Renewal,4000
PAY001122,M01122,B01,P2,2026-06-30,New,1100
PAY002443,M02443,B02,P2,2026-06-30,New,1100
PAY001131,M01131,B01,P1,2026-06-30,New,1500
PAY013601,M01924,B02,P5,2026-06-30,Renewal,13500
PAY013597,M02965,B03,P4,06/30/2026,Renewal,7500
PAY001138,M01138,B01,P4,2026-06-30,New,7500
PAY013583,M02367,B02,P1,2026-06-30,Renewal,1500
PAY001154,M01154,B01,P1,2026-06-30,New,1500
PAY001155,M01155,B01,P3,2026-06-30,New,4000
PAY013602,M02231,B02,P3,2026-06-30,Renewal,4000
PAY013570,M01373,B02,P3,2026-06-30,Renewal,4000
