member_id,branch_id,join_date,full_name,gender,age_group
M00001,B01,2024-05-23,Carlo Torres,F,25-34
M00002,B01,2024-07-18,Mark Flores,M,18-24
M00003,B01,2023-05-12,Mark Dela Cruz,F,45+
M00004,B01,2023-12-27,Ana Castillo,M,45+
M00005,B01,2022-10-22,Maria Bautista,F,25-34
M00006,B01,2024-10-19,Ramon Santos,F,25-34
M00007,B01,2023-03-11,Miguel Reyes,F,45+
M00008,B01,2022-10-09,Ana Mendoza,M,18-24
M00009,B01,2023-05-23,Miguel Belleza,M,25-34
M00010,B01,2024-03-31,Andrea Lopez,F,18-24
M00011,B01,2024-07-12,John Aquino,F,35-44
M00012,B01,2024-05-02,Joshua Fernandez,M,18-24
M00013,B01,2023-12-19,Mark Mendoza,F,25-34
M00014,B01,2024-10-08,Joshua Santos,M,35-44
M00015,B01,2022-09-23,Jose Navarro,M,18-24
M00016,B01,2024-06-08,Ana Lopez,F,25-34
M00017,B01,2022-11-29,Miguel Arcenas,M,18-24
M00018,B01,2023-01-27,Juan Castillo,F,25-34
M00019,B01,2023-01-30,Maria Santos,M,45+
M00020,B01,2024-06-05,Camille Castro,M,35-44
M00021,B01,2023-10-26,Mark Navarro,M,35-44
M00022,B01,2023-04-04,Andrea Lopez,M,25-34
M00023,B01,2024-06-11,Rafael Reyes,F,25-34
M00024,B01,2023-09-07,Jasmine Garcia,M,25-34
M00025,B01,2024-08-01,Kristine Belleza,M,18-24
M00026,B01,2023-07-24,Ana Villanueva,F,18-24
M00027,B01,2023-02-28,Trisha Arcenas,M,35-44
M00028,B01,2023-01-14,Miguel Villanueva,M,25-34
M00029,B01,2024-03-17,Bea Navarro,M,25-34
M00030,B01,2023-12-30,Trisha Garcia,M,25-34
M00031,B01,2023-11-20,Andrea Gonzales,F,35-44
M00032,B01,2023-09-28,Ramon Garcia,F,45+
M00033,B01,2024-11-06,Bea Lopez,F,25-34
M00034,B01,2022-12-30,Kevin Lopez,M,45+
M00035,B01,2023-03-09,Trisha Bautista,F,18-24
M00036,B01,2024-01-27,Erika Flores,M,45+
M00037,B01,2022-09-28,Juan Mendoza,F,18-24
M00038,B01,2024-09-26,Erika Dela Cruz,M,25-34
M00039,B01,2023-11-12,Luis Dela Cruz,M,25-34
M00040,B01,2023-12-06,Bea Torres,F,25-34
M00041,B01,2024-02-25,John Torres,M,25-34
M00042,B01,2024-01-21,Miguel Castro,M,25-34
M00043,B01,2022-10-21,John Cruz,M,18-24
M00044,B01,2023-04-17,Mark Fernandez,F,35-44
M00045,B01,2022-10-04,Nicole Bautista,M,35-44
M00046,B01,2022-08-21,Mark Flores,M,35-44
M00047,B01,2024-05-28,Paolo Garcia,M,25-34
M00048,B01,2023-05-22,Kevin Garcia,F,35-44
M00049,B01,2023-11-13,John Navarro,M,35-44
M00050,B01,2024-02-03,Patricia Gonzales,M,18-24
M00051,B01,2023-09-08,Miguel Flores,F,18-24
M00052,B01,2024-02-11,Bea Arcenas,F,35-44
M00053,B01,2023-11-21,Bea Navarro,F,18-24
M00054,B01,2022-12-01,Jasmine Cruz,M,35-44
M00055,B01,2024-07-08,Joshua Dela Cruz,M,35-44
M00056,B01,2023-12-21,Luis Reyes,F,18-24
M00057,B01,2023-08-10,Angel Dela Cruz,M,25-34
M00058,B01,2023-08-31,Joshua Dela Cruz,M,35-44
M00059,B01,2023-07-04,Andrea Torres,F,18-24
M00060,B01,2023-10-01,Luis Lopez,F,35-44
M00061,B01,2024-07-06,Mark Villanueva,F,35-44
M00062,B01,2022-10-03,Luis Torres,M,18-24
M00063,B01,2024-03-09,Maria Castro,M,18-24
M00064,B01,2023-07-05,Camille Gonzales,F,18-24
M00065,B01,2023-11-26,Ana Gonzales,F,25-34
M00066,B01,2022-09-10,Trisha Mendoza,M,18-24
M00067,B01,2023-09-21,Luis Mendoza,M,35-44
M00068,B01,2024-02-25,Patricia Ramos,F,18-24
M00069,B01,2022-07-28,Bea Castillo,F,25-34
M00070,B01,2023-11-16,Trisha Garcia,F,18-24
M00071,B01,2023-11-23,Bea Bautista,M,35-44
M00072,B01,2022-12-18,Angel Ramos,F,35-44
M00073,B01,2023-11-03,Ramon Belleza,F,25-34
M00074,B01,2023-12-03,Ramon Castro,M,18-24
M00075,B01,2023-06-19,Paolo Arcenas,M,35-44
M00076,B01,2023-11-15,Erika Navarro,M,25-34
M00077,B01,2023-03-17,Carlo Navarro,M,25-34
M00078,B01,2024-03-20,Mark Villanueva,M,25-34
M00079,B01,2023-11-30,Juan Santos,F,25-34
M00080,B01,2023-09-23,Paolo Lopez,M,18-24
M00081,B01,2023-11-06,Jose Dela Cruz,M,25-34
M00082,B01,2022-09-01,Maria Flores,F,18-24
M00083,B01,2024-02-08,Rafael Garcia,M,35-44
M00084,B01,2023-04-30,Bea Castillo,F,25-34
M00085,B01,2024-04-25,Juan Reyes,F,35-44
M00086,B01,2023-08-03,Jasmine Bautista,F,18-24
M00087,B01,2022-08-17,Carlo Reyes,F,25-34
M00088,B01,2023-04-15,Joshua Aquino,F,25-34
M00089,B01,2024-08-18,Ramon Villanueva,M,18-24
M00090,B01,2022-08-11,John Ramos,M,18-24
M00091,B01,2023-06-16,Rafael Bautista,F,25-34
M00092,B01,2022-11-28,Nicole Flores,F,25-34
M00093,B01,2024-10-20,Mark Villanueva,M,18-24
M00094,B01,2023-06-02,Ramon Aquino,M,25-34
M00095,B01,2023-02-16,Jose Mendoza,M,18-24
M00096,B01,2023-08-21,Erika Torres,F,25-34
M00097,B01,2023-05-25,Juan Gonzales,M,35-44
M00098,B01,2024-06-07,Angel Flores,M,18-24
M00099,B01,2024-05-29,Andrea Reyes,M,25-34
M00100,B01,2022-08-29,Rafael Garcia,F,25-34
M00101,B01,2023-02-02,Joshua Fernandez,M,35-44
M00102,B01,2023-12-12,Carlo Gonzales,M,18-24
M00103,B01,2024-06-27,Andrea Castro,M,18-24
M00104,B01,2023-05-25,Luis Flores,M,18-24
M00105,B01,2024-01-01,Jose Ramos,M,25-34
M00106,B01,2024-05-26,Jose Arcenas,F,18-24
M00107,B01,2024-04-27,Erika Villanueva,F,35-44
M00108,B01,2022-07-18,Juan Mendoza,F,18-24
M00109,B01,2022-10-09,Kevin Torres,M,25-34
M00110,B01,2022-10-14,Mark Lopez,M,25-34
M00111,B01,2024-04-11,Miguel Santos,M,35-44
M00112,B01,2024-02-29,Bea Flores,M,25-34
M00113,B01,2024-03-09,John Castro,M,35-44
M00114,B01,2022-12-19,Miguel Villanueva,F,35-44
M00115,B01,2023-12-10,Maria Lopez,M,18-24
M00116,B01,2022-10-26,Maria Castro,F,18-24
M00117,B01,2023-10-08,Trisha Fernandez,F,18-24
M00118,B01,2024-02-27,Erika Flores,M,45+
M00119,B01,2023-09-20,Joshua Flores,F,18-24
M00120,B01,2023-03-14,Ana Gonzales,F,25-34
M00121,B01,2024-07-02,Trisha Torres,M,25-34
M00122,B01,2024-10-16,Joshua Navarro,M,18-24
M00123,B01,2023-01-22,John Aquino,M,25-34
M00124,B01,2023-08-03,Angel Castillo,F,35-44
M00125,B01,2024-02-20,Kristine Lopez,F,18-24
M00126,B01,2023-02-21,Ramon Castillo,M,35-44
M00127,B01,2023-03-25,Jasmine Castillo,M,25-34
M00128,B01,2024-05-26,Bea Dela Cruz,M,25-34
M00129,B01,2023-12-25,Maria Villanueva,F,25-34
M00130,B01,2023-12-01,Paolo Garcia,F,25-34
M00131,B01,2023-04-27,Miguel Reyes,F,18-24
M00132,B01,2024-05-07,Miguel Gonzales,F,25-34
M00133,B01,2022-12-01,Carlo Arcenas,M,18-24
M00134,B01,2023-07-25,Luis Fernandez,M,18-24
M00135,B01,2023-09-09,Camille Castro,M,35-44
M00136,B01,2022-12-02,Carlo Cruz,F,45+
M00137,B01,2024-08-20,Jasmine Gonzales,M,18-24
M00138,B01,2023-06-30,Kristine Belleza,F,35-44
M00139,B01,2022-09-20,John Garcia,F,25-34
M00140,B01,2024-05-09,Angel Reyes,M,25-34
M00141,B01,2024-03-25,Juan Reyes,F,25-34
M00142,B01,2024-11-07,Kristine Garcia,M,25-34
M00143,B01,2023-01-05,Ana Reyes,M,18-24
M00144,B01,2023-10-01,Juan Reyes,M,18-24
M00145,B01,2022-09-05,Paolo Aquino,M,25-34
M00146,B01,2024-03-28,Rafael Cruz,M,45+
M00147,B01,2023-01-29,Angel Navarro,M,18-24
M00148,B01,2022-09-25,John Reyes,M,25-34
M00149,B01,2023-07-15,Jasmine Dela Cruz,M,25-34
M00150,B01,2024-05-05,John Mendoza,F,18-24
M00151,B01,2023-12-15,Jasmine Villanueva,M,35-44
M00152,B01,2023-07-01,Juan Belleza,F,35-44
M00153,B01,2023-12-03,Rafael Gonzales,M,35-44
M00154,B01,2022-12-09,Nicole Castillo,F,18-24
M00155,B01,2023-02-02,Kristine Belleza,M,25-34
M00156,B01,2024-03-13,Kevin Castro,F,35-44
M00157,B01,2024-07-16,Nicole Arcenas,M,45+
M00158,B01,2022-12-13,Andrea Santos,F,25-34
M00159,B01,2023-06-04,Nicole Ramos,F,45+
M00160,B01,2024-09-11,Bea Torres,M,25-34
M00161,B01,2023-08-18,Angel Villanueva,M,18-24
M00162,B01,2022-10-27,Andrea Belleza,M,18-24
M00163,B01,2024-05-27,Rafael Villanueva,M,45+
M00164,B01,2023-03-11,Kevin Torres,F,35-44
M00165,B01,2024-11-09,Luis Arcenas,F,35-44
M00166,B01,2024-07-22,Ana Castillo,M,35-44
M00167,B01,2024-03-24,John Bautista,F,35-44
M00168,B01,2024-01-03,Kristine Cruz,F,25-34
M00169,B01,2024-06-18,John Castro,M,18-24
M00170,B01,2022-12-26,Joshua Santos,F,18-24
M00171,B01,2024-10-27,Kevin Aquino,F,25-34
M00172,B01,2023-09-03,Kristine Castro,M,18-24
M00173,B01,2023-09-09,Ramon Arcenas,M,18-24
M00174,B01,2022-07-24,Angel Lopez,F,25-34
M00175,B01,2024-04-09,Miguel Santos,F,25-34
M00176,B01,2022-09-01,Patricia Gonzales,M,18-24
M00177,B01,2024-11-13,Patricia Navarro,F,25-34
M00178,B01,2022-11-10,Juan Castro,M,18-24
M00179,B01,2023-09-25,Luis Cruz,F,18-24
M00180,B01,2022-10-29,Maria Belleza,F,18-24
M00181,B01,2023-07-09,Erika Cruz,M,18-24
M00182,B01,2024-06-21,Kevin Bautista,M,18-24
M00183,B01,2023-10-15,Joshua Aquino,F,25-34
M00184,B01,2023-10-11,Nicole Navarro,F,25-34
M00185,B01,2022-11-09,Jasmine Castro,F,25-34
M00186,B01,2023-04-29,Miguel Ramos,F,35-44
M00187,B01,2024-07-14,Andrea Belleza,M,18-24
M00188,B01,2023-01-11,Maria Garcia,F,18-24
M00189,B01,2023-01-24,Paolo Villanueva,M,18-24
M00190,B01,2023-05-19,Kevin Santos,F,25-34
M00191,B01,2024-11-15,Carlo Ramos,F,25-34
M00192,B01,2023-03-10,Patricia Fernandez,M,35-44
M00193,B01,2022-08-11,Ramon Fernandez,M,18-24
M00194,B01,2024-10-02,Kristine Aquino,M,18-24
M00195,B01,2023-07-05,Paolo Castro,M,18-24
M00196,B01,2024-03-08,John Bautista,M,25-34
M00197,B01,2024-01-04,Andrea Fernandez,M,35-44
M00198,B01,2024-03-07,Ana Belleza,M,25-34
M00199,B01,2024-10-18,Mark Dela Cruz,M,45+
M00200,B01,2024-01-13,John Gonzales,F,25-34
M00201,B01,2023-08-01,Bea Castro,F,18-24
M00202,B01,2022-09-19,Luis Ramos,M,25-34
M00203,B01,2024-08-04,Angel Castro,M,45+
M00204,B01,2023-08-28,Mark Navarro,F,35-44
M00205,B01,2024-08-05,Patricia Fernandez,M,35-44
M00206,B01,2024-11-08,Bea Villanueva,M,35-44
M00207,B01,2023-08-31,Juan Aquino,M,18-24
M00208,B01,2023-07-02,Mark Villanueva,M,18-24
M00209,B01,2023-04-29,Kevin Mendoza,F,18-24
M00210,B01,2023-04-28,Miguel Ramos,F,25-34
M00211,B01,2023-01-16,Erika Fernandez,F,35-44
M00212,B01,2022-09-18,Andrea Belleza,F,18-24
M00213,B01,2023-06-07,Angel Bautista,M,35-44
M00214,B01,2024-04-05,Ramon Dela Cruz,F,45+
M00215,B01,2023-07-03,Carlo Belleza,M,35-44
M00216,B01,2024-07-02,Rafael Aquino,F,18-24
M00217,B01,2024-09-10,Jasmine Garcia,M,35-44
M00218,B01,2022-12-18,Kristine Belleza,F,35-44
M00219,B01,2023-02-03,Erika Mendoza,F,18-24
M00220,B01,2022-08-20,Carlo Dela Cruz,F,25-34
M00221,B01,2023-01-20,Kristine Ramos,M,18-24
M00222,B01,2024-08-26,Rafael Ramos,M,18-24
M00223,B01,2024-09-25,Jose Dela Cruz,M,18-24
M00224,B01,2024-06-08,Angel Villanueva,F,18-24
M00225,B01,2024-04-29,Erika Ramos,M,25-34
M00226,B01,2024-04-06,Camille Castillo,F,25-34
M00227,B01,2024-02-24,Miguel Flores,F,35-44
M00228,B01,2022-12-03,Bea Reyes,M,18-24
M00229,B01,2022-09-11,Patricia Lopez,M,35-44
M00230,B01,2023-09-11,Carlo Navarro,M,18-24
M00231,B01,2024-06-11,Paolo Gonzales,M,35-44
M00232,B01,2024-07-27,Joshua Ramos,M,25-34
M00233,B01,2024-03-13,Kristine Villanueva,M,18-24
M00234,B01,2022-07-20,Bea Navarro,F,25-34
M00235,B01,2024-09-11,Andrea Bautista,M,35-44
M00236,B01,2024-09-05,Paolo Castillo,M,25-34
M00237,B01,2024-05-15,Kristine Belleza,M,35-44
M00238,B01,2024-11-25,Jose Aquino,F,18-24
M00239,B01,2023-08-17,Erika Mendoza,F,18-24
M00240,B01,2023-11-28,Ramon Castillo,M,45+
M00241,B01,2022-08-16,Jose Dela Cruz,M,25-34
M00242,B01,2022-09-20,Ramon Reyes,F,18-24
M00243,B01,2023-12-13,Carlo Cruz,M,25-34
M00244,B01,2023-06-03,Jose Bautista,M,18-24
M00245,B01,2024-03-23,Miguel Cruz,M,35-44
M00246,B01,2022-09-06,Kevin Castillo,M,35-44
M00247,B01,2022-11-19,Jose Castro,F,25-34
M00248,B01,2024-04-18,Miguel Gonzales,M,25-34
M00249,B01,2024-03-17,Joshua Castillo,F,35-44
M00250,B01,2024-07-09,Andrea Mendoza,F,18-24
M00251,B01,2023-03-01,Patricia Gonzales,M,45+
M00252,B01,2023-08-16,Juan Cruz,F,18-24
M00253,B01,2023-03-20,John Gonzales,F,35-44
M00254,B01,2022-09-27,Andrea Lopez,M,18-24
M00255,B01,2023-03-03,Maria Garcia,F,35-44
M00256,B01,2022-10-30,Joshua Castillo,F,18-24
M00257,B01,2024-07-20,Carlo Cruz,M,25-34
M00258,B01,2024-05-17,Ramon Garcia,F,35-44
M00259,B01,2023-08-26,John Villanueva,M,25-34
M00260,B01,2024-09-24,John Torres,M,18-24
M00261,B01,2022-11-10,Paolo Reyes,F,18-24
M00262,B01,2023-04-10,Maria Arcenas,M,25-34
M00263,B01,2023-07-23,Paolo Ramos,M,25-34
M00264,B01,2024-06-12,Juan Flores,F,18-24
M00265,B01,2023-03-24,Patricia Mendoza,M,18-24
M00266,B01,2022-11-18,John Gonzales,F,45+
M00267,B01,2024-10-13,Erika Torres,F,25-34
M00268,B01,2024-02-19,Trisha Reyes,F,18-24
M00269,B01,2023-07-27,Jasmine Aquino,F,25-34
M00270,B01,2023-01-25,Maria Lopez,F,45+
M00271,B01,2024-03-23,Bea Aquino,M,25-34
M00272,B01,2022-10-06,Luis Torres,F,25-34
M00273,B01,2024-04-14,Joshua Ramos,F,25-34
M00274,B01,2023-03-04,Luis Navarro,F,35-44
M00275,B01,2023-12-12,Mark Santos,F,25-34
M00276,B01,2022-08-04,Camille Bautista,M,25-34
M00277,B01,2023-01-26,Maria Dela Cruz,F,18-24
M00278,B01,2023-12-21,Ana Gonzales,M,25-34
M00279,B01,2023-08-15,Jose Castro,M,18-24
M00280,B01,2024-09-19,Paolo Arcenas,F,45+
M00281,B01,2023-09-25,Kristine Mendoza,F,18-24
M00282,B01,2023-04-19,Nicole Santos,F,18-24
M00283,B01,2023-09-13,Kristine Belleza,M,18-24
M00284,B01,2023-05-22,Luis Dela Cruz,M,25-34
M00285,B01,2023-08-09,Kevin Ramos,M,25-34
M00286,B01,2023-02-12,Luis Fernandez,F,25-34
M00287,B01,2023-06-20,Mark Lopez,F,25-34
M00288,B01,2024-05-10,Patricia Navarro,M,18-24
M00289,B01,2024-04-27,Carlo Ramos,M,35-44
M00290,B01,2024-05-04,Maria Castillo,F,25-34
M00291,B01,2024-06-19,Nicole Villanueva,F,25-34
M00292,B01,2023-06-02,Maria Navarro,F,25-34
M00293,B01,2023-04-12,Kevin Arcenas,M,18-24
M00294,B01,2023-01-09,Kristine Castillo,M,45+
M00295,B01,2024-02-17,Ana Villanueva,F,18-24
M00296,B01,2024-09-17,Joshua Mendoza,M,25-34
M00297,B01,2024-09-18,Rafael Lopez,M,18-24
M00298,B01,2024-04-02,Ana Navarro,M,18-24
M00299,B01,2022-11-29,Kevin Fernandez,M,35-44
M00300,B01,2024-01-04,Rafael Belleza,M,25-34
M00301,B01,2022-11-23,Juan Lopez,M,25-34
M00302,B01,2022-11-30,Miguel Fernandez,F,18-24
M00303,B01,2024-02-18,Kevin Navarro,M,35-44
M00304,B01,2023-07-10,Jasmine Lopez,F,18-24
M00305,B01,2023-08-20,Juan Dela Cruz,M,35-44
M00306,B01,2023-04-14,Carlo Arcenas,M,18-24
M00307,B01,2023-11-11,Andrea Ramos,M,18-24
M00308,B01,2022-11-23,Joshua Belleza,M,35-44
M00309,B01,2023-07-07,Andrea Torres,M,35-44
M00310,B01,2022-10-13,Joshua Castro,F,25-34
M00311,B01,2022-07-27,Maria Cruz,M,45+
M00312,B01,2023-11-03,Luis Bautista,F,18-24
M00313,B01,2022-11-10,Miguel Santos,F,25-34
M00314,B01,2022-10-23,Trisha Santos,F,25-34
M00315,B01,2023-08-23,Kristine Santos,F,45+
M00316,B01,2024-05-03,Patricia Aquino,F,25-34
M00317,B01,2024-09-27,Juan Castro,M,18-24
M00318,B01,2023-02-28,John Garcia,M,45+
M00319,B01,2022-10-25,Erika Cruz,F,25-34
M00320,B01,2023-06-13,Maria Dela Cruz,F,25-34
M00321,B01,2023-05-07,Juan Villanueva,M,18-24
M00322,B01,2024-02-01,Rafael Flores,F,25-34
M00323,B01,2023-11-06,Patricia Cruz,M,25-34
M00324,B01,2023-03-14,Jose Torres,M,25-34
M00325,B01,2022-08-03,Ana Gonzales,M,18-24
M00326,B01,2023-01-04,Ana Arcenas,F,18-24
M00327,B01,2024-01-21,Nicole Castro,M,25-34
M00328,B01,2024-04-16,Andrea Fernandez,M,25-34
M00329,B01,2023-05-03,Patricia Flores,M,18-24
M00330,B01,2024-07-17,Carlo Villanueva,M,35-44
M00331,B01,2024-01-23,Nicole Flores,F,18-24
M00332,B01,2023-10-08,John Villanueva,F,45+
M00333,B01,2024-10-07,Maria Lopez,F,25-34
M00334,B01,2023-03-28,Miguel Dela Cruz,M,25-34
M00335,B01,2023-06-25,John Fernandez,F,35-44
M00336,B01,2023-01-04,Trisha Flores,M,18-24
M00337,B01,2024-07-10,Angel Castro,F,45+
M00338,B01,2024-10-20,Nicole Navarro,F,35-44
M00339,B01,2024-07-05,Rafael Reyes,M,18-24
M00340,B01,2024-04-08,Angel Garcia,M,35-44
M00341,B01,2023-01-05,Carlo Belleza,M,25-34
M00342,B01,2023-05-12,Kristine Garcia,F,35-44
M00343,B01,2024-09-23,Erika Santos,M,45+
M00344,B01,2024-10-02,Bea Santos,F,18-24
M00345,B01,2022-12-20,Camille Ramos,F,25-34
M00346,B01,2023-10-16,Patricia Cruz,F,18-24
M00347,B01,2024-02-17,Trisha Cruz,M,45+
M00348,B01,2023-09-08,Mark Flores,F,35-44
M00349,B01,2023-12-16,Jose Aquino,M,25-34
M00350,B01,2022-11-17,Paolo Santos,M,25-34
M00351,B01,2024-10-16,Paolo Santos,F,25-34
M00352,B01,2024-09-03,Joshua Arcenas,F,18-24
M00353,B01,2022-10-03,Erika Navarro,M,45+
M00354,B01,2024-07-27,Mark Reyes,M,45+
M00355,B01,2022-12-11,Jasmine Ramos,M,25-34
M00356,B01,2022-09-14,Patricia Garcia,M,45+
M00357,B01,2023-06-28,Nicole Santos,M,18-24
M00358,B01,2024-08-31,John Fernandez,M,35-44
M00359,B01,2023-08-04,Carlo Belleza,F,18-24
M00360,B01,2024-03-19,Ana Fernandez,F,35-44
M00361,B01,2023-06-24,Patricia Cruz,F,25-34
M00362,B01,2022-10-25,Kevin Cruz,M,35-44
M00363,B01,2023-04-15,Camille Garcia,F,18-24
M00364,B01,2024-08-06,Kevin Bautista,M,25-34
M00365,B01,2024-05-06,Miguel Lopez,M,35-44
M00366,B01,2022-09-03,Carlo Lopez,F,25-34
M00367,B01,2022-11-22,John Fernandez,F,18-24
M00368,B01,2024-04-21,Jasmine Cruz,M,25-34
M00369,B01,2024-01-24,Patricia Castillo,F,25-34
M00370,B01,2022-11-29,John Navarro,F,35-44
M00371,B01,2022-09-23,Kevin Lopez,M,18-24
M00372,B01,2023-08-17,Luis Mendoza,M,18-24
M00373,B01,2023-04-06,Jose Cruz,M,45+
M00374,B01,2024-02-23,Jasmine Castillo,F,18-24
M00375,B01,2022-09-10,Joshua Gonzales,M,45+
M00376,B01,2024-11-12,Erika Mendoza,F,18-24
M00377,B01,2024-10-22,Carlo Belleza,M,25-34
M00378,B01,2024-05-13,Paolo Torres,M,18-24
M00379,B01,2024-05-21,Nicole Lopez,M,35-44
M00380,B01,2023-11-21,Carlo Ramos,M,25-34
M00381,B01,2022-09-18,Joshua Lopez,F,35-44
M00382,B01,2023-08-13,Trisha Garcia,M,35-44
M00383,B01,2024-07-22,Ramon Cruz,M,35-44
M00384,B01,2022-10-01,Angel Mendoza,M,45+
M00385,B01,2023-01-23,Joshua Torres,F,35-44
M00386,B01,2023-12-03,Ana Dela Cruz,F,25-34
M00387,B01,2022-08-04,Camille Lopez,M,18-24
M00388,B01,2023-05-01,Jose Santos,M,18-24
M00389,B01,2024-05-27,Joshua Navarro,F,35-44
M00390,B01,2023-10-11,John Fernandez,M,25-34
M00391,B01,2023-05-13,Luis Santos,F,35-44
M00392,B01,2023-01-07,Kevin Fernandez,M,18-24
M00393,B01,2023-02-26,Joshua Arcenas,M,35-44
M00394,B01,2024-09-30,Patricia Ramos,F,35-44
M00395,B01,2023-10-02,Juan Villanueva,M,18-24
M00396,B01,2023-04-14,Jasmine Lopez,F,35-44
M00397,B01,2023-02-25,Patricia Aquino,M,35-44
M00398,B01,2023-08-14,Luis Lopez,F,18-24
M00399,B01,2024-06-10,Maria Bautista,F,25-34
M00400,B01,2022-10-03,Bea Belleza,M,35-44
M00401,B01,2023-10-27,Bea Flores,F,18-24
M00402,B01,2024-02-29,Ramon Villanueva,M,45+
M00403,B01,2024-08-27,Angel Torres,M,25-34
M00404,B01,2023-01-13,Paolo Aquino,M,25-34
M00405,B01,2024-10-18,Kevin Fernandez,M,18-24
M00406,B01,2023-09-06,Trisha Bautista,M,25-34
M00407,B01,2022-10-31,Trisha Fernandez,F,18-24
M00408,B01,2022-12-15,Joshua Navarro,M,18-24
M00409,B01,2023-12-16,Angel Villanueva,F,25-34
M00410,B01,2023-06-06,Juan Garcia,F,25-34
M00411,B01,2022-11-30,Juan Bautista,M,18-24
M00412,B01,2023-07-28,Angel Flores,M,25-34
M00413,B01,2022-12-04,Carlo Cruz,M,45+
M00414,B01,2024-01-13,Kevin Ramos,F,45+
M00415,B01,2023-02-08,Jasmine Garcia,F,18-24
M00416,B01,2024-09-12,Joshua Bautista,M,35-44
M00417,B01,2022-11-21,Jose Lopez,F,35-44
M00418,B01,2023-11-26,Nicole Reyes,F,45+
M00419,B01,2022-09-09,Erika Aquino,M,25-34
M00420,B01,2024-03-17,Maria Gonzales,M,18-24
M00421,B01,2024-08-14,Miguel Reyes,M,45+
M00422,B01,2023-04-26,Patricia Gonzales,M,25-34
M00423,B01,2023-10-04,Ana Villanueva,M,25-34
M00424,B01,2022-08-24,Miguel Reyes,F,18-24
M00425,B01,2024-08-27,Trisha Castillo,M,25-34
M00426,B01,2023-11-01,Miguel Cruz,F,25-34
M00427,B01,2023-03-13,Trisha Torres,F,45+
M00428,B01,2024-04-08,John Cruz,M,25-34
M00429,B01,2022-08-15,Kevin Aquino,F,45+
M00430,B01,2024-07-24,Jasmine Castillo,F,45+
M00431,B01,2025-01-01,Patricia Cruz,F,18-24
M00432,B01,2025-01-22,Trisha Castro,M,18-24
M00433,B01,2025-01-23,Maria Belleza,F,18-24
M00434,B01,2025-01-15,Rafael Navarro,F,18-24
M00435,B01,2025-01-16,Mark Villanueva,M,35-44
M00436,B01,2025-01-23,Kevin Dela Cruz,M,18-24
M00437,B01,2025-01-24,Trisha Dela Cruz,M,18-24
M00438,B01,2025-01-29,Joshua Garcia,M,35-44
M00439,B01,2025-01-19,Juan Arcenas,F,25-34
M00440,B01,2025-01-08,Kristine Torres,F,18-24
M00441,B01,2025-01-14,Maria Torres,M,45+
M00442,B01,2025-01-20,Mark Fernandez,F,25-34
M00443,B01,2025-01-10,Joshua Garcia,M,18-24
M00444,B01,2025-01-09,Jasmine Villanueva,M,25-34
M00445,B01,2025-01-11,Trisha Arcenas,M,25-34
M00446,B01,2025-01-22,Luis Santos,F,35-44
M00447,B01,2025-01-04,Mark Ramos,F,35-44
M00448,B01,2025-01-24,Erika Dela Cruz,M,35-44
M00449,B01,2025-01-22,Jose Fernandez,M,25-34
M00450,B01,2025-01-20,Ramon Reyes,M,18-24
M00451,B01,2025-01-13,Nicole Torres,F,35-44
M00452,B01,2025-01-08,Joshua Fernandez,M,25-34
M00453,B01,2025-01-04,Rafael Lopez,F,25-34
M00454,B01,2025-01-07,Jasmine Bautista,M,45+
M00455,B01,2025-01-23,Maria Garcia,M,18-24
M00456,B01,2025-01-09,Camille Ramos,M,35-44
M00457,B01,2025-01-30,Carlo Cruz,F,35-44
M00458,B01,2025-01-28,Juan Castro,M,35-44
M00459,B01,2025-01-04,Mark Flores,F,25-34
M00460,B01,2025-01-13,Kevin Santos,M,45+
M00461,B01,2025-01-21,Kristine Torres,M,18-24
M00462,B01,2025-01-13,Carlo Cruz,F,18-24
M00463,B01,2025-01-27,Luis Fernandez,M,35-44
M00464,B01,2025-01-30,Carlo Garcia,M,25-34
M00465,B01,2025-01-02,Ramon Bautista,M,18-24
M00466,B01,2025-01-11,Juan Arcenas,F,18-24
M00467,B01,2025-01-20,Luis Mendoza,M,25-34
M00468,B01,2025-01-26,Maria Bautista,M,25-34
M00469,B01,2025-01-04,Joshua Fernandez,F,18-24
M00470,B01,2025-01-28,Kevin Dela Cruz,F,18-24
M00471,B01,2025-01-27,Nicole Santos,M,18-24
M00472,B01,2025-01-03,Trisha Bautista,M,45+
M00473,B01,2025-01-12,Carlo Cruz,M,45+
M00474,B01,2025-01-20,Kristine Cruz,F,18-24
M00475,B01,2025-01-10,Miguel Belleza,M,45+
M00476,B01,2025-01-12,John Gonzales,M,35-44
M00477,B01,2025-01-10,Bea Fernandez,M,35-44
M00478,B01,2025-01-17,Maria Belleza,F,35-44
M00479,B01,2025-01-29,Erika Castillo,M,18-24
M00480,B01,2025-01-28,Angel Mendoza,M,35-44
M00481,B01,2025-01-24,Angel Navarro,F,18-24
M00482,B01,2025-01-25,Erika Reyes,F,25-34
M00483,B01,2025-01-08,Rafael Navarro,F,25-34
M00484,B01,2025-01-31,Kevin Bautista,M,35-44
M00485,B01,2025-01-01,Miguel Cruz,M,25-34
M00486,B01,2025-01-26,Ramon Dela Cruz,F,18-24
M00487,B01,2025-01-23,Rafael Cruz,F,25-34
M00488,B01,2025-01-30,John Arcenas,M,35-44
M00489,B01,2025-01-12,Jose Santos,M,18-24
M00490,B01,2025-01-24,Nicole Garcia,F,18-24
M00491,B01,2025-02-08,Juan Flores,M,35-44
M00492,B01,2025-02-13,Bea Flores,F,18-24
M00493,B01,2025-02-12,Luis Gonzales,M,18-24
M00494,B01,2025-02-25,Erika Cruz,F,25-34
M00495,B01,2025-02-01,Ramon Villanueva,M,18-24
M00496,B01,2025-02-01,Luis Castro,M,45+
M00497,B01,2025-02-03,Kristine Bautista,M,45+
M00498,B01,2025-02-05,Jasmine Villanueva,M,25-34
M00499,B01,2025-02-20,Andrea Reyes,F,45+
M00500,B01,2025-02-24,Kevin Garcia,M,35-44
M00501,B01,2025-02-04,Angel Garcia,M,18-24
M00502,B01,2025-02-08,Kevin Flores,M,25-34
M00503,B01,2025-02-21,Jasmine Arcenas,M,25-34
M00504,B01,2025-02-01,Paolo Villanueva,F,35-44
M00505,B01,2025-02-04,Luis Castillo,F,25-34
M00506,B01,2025-02-22,Angel Reyes,M,18-24
M00507,B01,2025-02-08,Juan Castro,M,18-24
M00508,B01,2025-02-28,Nicole Belleza,F,25-34
M00509,B01,2025-02-18,Camille Castillo,M,45+
M00510,B01,2025-02-23,Paolo Belleza,M,25-34
M00511,B01,2025-02-09,Paolo Cruz,M,25-34
M00512,B01,2025-02-25,Bea Mendoza,F,25-34
M00513,B01,2025-02-22,Andrea Villanueva,M,18-24
M00514,B01,2025-02-03,Carlo Reyes,M,25-34
M00515,B01,2025-02-05,Bea Dela Cruz,F,18-24
M00516,B01,2025-02-18,Mark Santos,F,18-24
M00517,B01,2025-02-12,Erika Reyes,F,25-34
M00518,B01,2025-02-27,Kristine Mendoza,F,45+
M00519,B01,2025-02-23,Maria Castro,F,18-24
M00520,B01,2025-02-23,Ana Mendoza,F,25-34
M00521,B01,2025-02-01,Kevin Castillo,F,35-44
M00522,B01,2025-02-23,Jasmine Villanueva,F,35-44
M00523,B01,2025-02-05,Kristine Villanueva,M,35-44
M00524,B01,2025-02-10,Mark Belleza,F,45+
M00525,B01,2025-02-28,Ana Villanueva,F,18-24
M00526,B01,2025-02-24,Angel Fernandez,M,18-24
M00527,B01,2025-02-20,Andrea Aquino,F,25-34
M00528,B01,2025-02-24,Juan Navarro,M,18-24
M00529,B01,2025-02-26,Bea Ramos,F,45+
M00530,B01,2025-03-12,Angel Aquino,F,35-44
M00531,B01,2025-03-15,Juan Lopez,M,25-34
M00532,B01,2025-03-07,Mark Mendoza,F,35-44
M00533,B01,2025-03-27,Mark Lopez,F,18-24
M00534,B01,2025-03-24,Maria Belleza,M,35-44
M00535,B01,2025-03-25,Angel Torres,F,18-24
M00536,B01,2025-03-17,Paolo Reyes,M,25-34
M00537,B01,2025-03-24,Bea Santos,M,18-24
M00538,B01,2025-03-23,Carlo Santos,M,25-34
M00539,B01,2025-03-16,Camille Aquino,M,25-34
M00540,B01,2025-03-10,Nicole Fernandez,M,25-34
M00541,B01,2025-03-05,Joshua Cruz,F,18-24
M00542,B01,2025-03-14,Rafael Flores,M,25-34
M00543,B01,2025-03-26,Joshua Villanueva,M,18-24
M00544,B01,2025-03-12,Miguel Belleza,M,18-24
M00545,B01,2025-03-09,Jose Flores,F,35-44
M00546,B01,2025-03-14,Trisha Santos,M,25-34
M00547,B01,2025-03-23,Patricia Navarro,F,18-24
M00548,B01,2025-03-11,Miguel Gonzales,M,25-34
M00549,B01,2025-03-19,Trisha Villanueva,F,18-24
M00550,B01,2025-03-14,Jose Ramos,M,35-44
M00551,B01,2025-03-10,Mark Dela Cruz,F,25-34
M00552,B01,2025-03-12,Bea Lopez,M,25-34
M00553,B01,2025-03-13,Jose Arcenas,M,25-34
M00554,B01,2025-03-16,Maria Navarro,F,25-34
M00555,B01,2025-03-05,Paolo Belleza,M,35-44
M00556,B01,2025-03-25,Ramon Aquino,F,25-34
M00557,B01,2025-03-02,Camille Arcenas,M,25-34
M00558,B01,2025-03-05,Ana Bautista,M,25-34
M00559,B01,2025-03-10,Ana Villanueva,F,25-34
M00560,B01,2025-03-05,Rafael Flores,M,25-34
M00561,B01,2025-03-24,Ramon Gonzales,F,45+
M00562,B01,2025-03-06,Kevin Belleza,M,18-24
M00563,B01,2025-03-09,Maria Villanueva,M,35-44
M00564,B01,2025-03-12,Kevin Lopez,M,35-44
M00565,B01,2025-03-08,Patricia Lopez,M,25-34
M00566,B01,2025-03-06,Maria Villanueva,F,18-24
M00567,B01,2025-03-07,Carlo Fernandez,M,45+
M00568,B01,2025-03-27,Trisha Cruz,F,18-24
M00569,B01,2025-03-29,Carlo Santos,M,18-24
M00570,B01,2025-03-20,Paolo Arcenas,F,25-34
M00571,B01,2025-03-03,Patricia Flores,M,25-34
M00572,B01,2025-03-09,Erika Fernandez,M,18-24
M00573,B01,2025-03-03,Paolo Garcia,M,25-34
M00574,B01,2025-04-03,Luis Dela Cruz,F,18-24
M00575,B01,2025-04-29,Rafael Flores,F,18-24
M00576,B01,2025-04-12,Mark Castillo,F,35-44
M00577,B01,2025-04-18,Kristine Belleza,F,25-34
M00578,B01,2025-04-21,Ana Bautista,M,25-34
M00579,B01,2025-04-23,Maria Cruz,M,25-34
M00580,B01,2025-04-22,Patricia Gonzales,F,35-44
M00581,B01,2025-04-02,Jasmine Flores,F,25-34
M00582,B01,2025-04-12,Erika Santos,M,18-24
M00583,B01,2025-04-09,Juan Castro,M,18-24
M00584,B01,2025-04-09,Kevin Santos,M,25-34
M00585,B01,2025-04-30,Nicole Dela Cruz,M,18-24
M00586,B01,2025-04-02,Juan Arcenas,M,18-24
M00587,B01,2025-04-21,Andrea Fernandez,M,35-44
M00588,B01,2025-04-15,Ana Castro,F,18-24
M00589,B01,2025-04-05,Angel Arcenas,M,18-24
M00590,B01,2025-04-02,Joshua Gonzales,F,25-34
M00591,B01,2025-04-04,Jose Gonzales,F,45+
M00592,B01,2025-04-29,Jasmine Arcenas,F,45+
M00593,B01,2025-04-28,Carlo Gonzales,M,45+
M00594,B01,2025-04-28,Ana Villanueva,F,25-34
M00595,B01,2025-04-09,Kristine Flores,M,25-34
M00596,B01,2025-04-30,Rafael Aquino,F,25-34
M00597,B01,2025-04-01,Maria Aquino,F,25-34
M00598,B01,2025-04-27,Ramon Dela Cruz,F,18-24
M00599,B01,2025-04-04,Luis Castro,F,18-24
M00600,B01,2025-04-03,Maria Castro,F,18-24
M00601,B01,2025-04-22,Paolo Fernandez,M,35-44
M00602,B01,2025-04-11,Bea Flores,F,25-34
M00603,B01,2025-04-18,Rafael Flores,F,18-24
M00604,B01,2025-04-02,Andrea Flores,F,18-24
M00605,B01,2025-04-02,Ramon Cruz,M,35-44
M00606,B01,2025-04-23,Jose Santos,F,35-44
M00607,B01,2025-04-07,Jasmine Garcia,M,18-24
M00608,B01,2025-04-12,Juan Castillo,M,18-24
M00609,B01,2025-04-10,Nicole Reyes,F,45+
M00610,B01,2025-04-28,Camille Dela Cruz,M,45+
M00611,B01,2025-05-11,John Ramos,M,45+
M00612,B01,2025-05-14,Bea Castro,M,18-24
M00613,B01,2025-05-29,Bea Gonzales,M,18-24
M00614,B01,2025-05-15,Trisha Fernandez,M,18-24
M00615,B01,2025-05-28,Trisha Torres,M,18-24
M00616,B01,2025-05-09,Nicole Cruz,F,18-24
M00617,B01,2025-05-26,Ana Bautista,F,25-34
M00618,B01,2025-05-24,Mark Cruz,M,35-44
M00619,B01,2025-05-31,Rafael Santos,M,18-24
M00620,B01,2025-05-27,Jasmine Navarro,F,35-44
M00621,B01,2025-05-24,Trisha Ramos,M,35-44
M00622,B01,2025-05-19,Erika Navarro,F,45+
M00623,B01,2025-05-07,Camille Cruz,M,18-24
M00624,B01,2025-05-10,Rafael Garcia,M,35-44
M00625,B01,2025-05-14,Ana Castillo,M,18-24
M00626,B01,2025-05-23,Trisha Torres,F,25-34
M00627,B01,2025-05-23,Nicole Castillo,M,18-24
M00628,B01,2025-05-03,Bea Santos,M,25-34
M00629,B01,2025-05-04,Andrea Fernandez,F,18-24
M00630,B01,2025-05-05,Luis Mendoza,F,18-24
M00631,B01,2025-05-05,Nicole Torres,M,45+
M00632,B01,2025-05-06,Camille Gonzales,F,25-34
M00633,B01,2025-05-21,Paolo Gonzales,F,18-24
M00634,B01,2025-05-10,Miguel Santos,F,25-34
M00635,B01,2025-05-20,Patricia Dela Cruz,M,18-24
M00636,B01,2025-05-25,Jose Santos,F,35-44
M00637,B01,2025-05-21,Paolo Bautista,M,35-44
M00638,B01,2025-05-15,Miguel Santos,M,35-44
M00639,B01,2025-05-22,Patricia Arcenas,M,25-34
M00640,B01,2025-05-04,Joshua Dela Cruz,M,25-34
M00641,B01,2025-05-29,John Flores,F,18-24
M00642,B01,2025-05-02,Maria Castillo,F,25-34
M00643,B01,2025-05-02,Bea Belleza,F,35-44
M00644,B01,2025-05-08,Luis Dela Cruz,M,18-24
M00645,B01,2025-05-13,Paolo Mendoza,F,25-34
M00646,B01,2025-05-22,Andrea Castillo,M,18-24
M00647,B01,2025-05-26,Juan Villanueva,M,25-34
M00648,B01,2025-05-18,Carlo Dela Cruz,M,35-44
M00649,B01,2025-06-27,Mark Garcia,M,18-24
M00650,B01,2025-06-02,Joshua Bautista,F,25-34
M00651,B01,2025-06-25,Trisha Castro,M,45+
M00652,B01,2025-06-23,Kevin Santos,F,18-24
M00653,B01,2025-06-30,Jose Belleza,M,25-34
M00654,B01,2025-06-26,Erika Belleza,F,25-34
M00655,B01,2025-06-26,Luis Santos,M,25-34
M00656,B01,2025-06-06,Erika Fernandez,F,35-44
M00657,B01,2025-06-07,Rafael Reyes,M,18-24
M00658,B01,2025-06-22,John Villanueva,M,18-24
M00659,B01,2025-06-17,Patricia Castro,M,45+
M00660,B01,2025-06-23,Camille Flores,M,25-34
M00661,B01,2025-06-10,Jasmine Santos,M,25-34
M00662,B01,2025-06-19,Angel Navarro,M,45+
M00663,B01,2025-06-09,Andrea Mendoza,M,45+
M00664,B01,2025-06-29,Carlo Castro,M,25-34
M00665,B01,2025-06-05,Camille Torres,M,18-24
M00666,B01,2025-06-14,John Aquino,F,18-24
M00667,B01,2025-06-24,Paolo Garcia,M,25-34
M00668,B01,2025-06-10,Kevin Fernandez,M,25-34
M00669,B01,2025-06-12,Bea Gonzales,M,25-34
M00670,B01,2025-06-24,John Fernandez,M,35-44
M00671,B01,2025-06-25,Joshua Torres,F,25-34
M00672,B01,2025-06-08,Miguel Fernandez,M,45+
M00673,B01,2025-06-25,Angel Santos,F,25-34
M00674,B01,2025-06-29,Miguel Dela Cruz,F,35-44
M00675,B01,2025-06-23,Juan Bautista,M,18-24
M00676,B01,2025-06-19,Jose Lopez,M,35-44
M00677,B01,2025-06-17,Juan Fernandez,M,18-24
M00678,B01,2025-06-02,Ramon Arcenas,F,18-24
M00679,B01,2025-06-11,Kevin Mendoza,M,25-34
M00680,B01,2025-06-14,Paolo Aquino,F,25-34
M00681,B01,2025-06-24,Ramon Torres,F,25-34
M00682,B01,2025-06-09,Ramon Torres,M,25-34
M00683,B01,2025-06-24,Mark Villanueva,M,25-34
M00684,B01,2025-06-17,Patricia Navarro,F,18-24
M00685,B01,2025-07-25,John Arcenas,M,35-44
M00686,B01,2025-07-01,Luis Belleza,F,25-34
M00687,B01,2025-07-16,Ramon Flores,M,25-34
M00688,B01,2025-07-29,Camille Santos,F,25-34
M00689,B01,2025-07-02,Ramon Castro,F,35-44
M00690,B01,2025-07-13,John Belleza,M,45+
M00691,B01,2025-07-08,Maria Santos,M,35-44
M00692,B01,2025-07-13,Kristine Navarro,M,35-44
M00693,B01,2025-07-16,Kristine Reyes,F,25-34
M00694,B01,2025-07-08,Bea Lopez,M,18-24
M00695,B01,2025-07-07,Miguel Reyes,M,25-34
M00696,B01,2025-07-23,Trisha Aquino,M,25-34
M00697,B01,2025-07-18,Ana Santos,F,18-24
M00698,B01,2025-07-13,John Gonzales,M,18-24
M00699,B01,2025-07-04,Kevin Bautista,M,35-44
M00700,B01,2025-07-03,Luis Ramos,F,25-34
M00701,B01,2025-07-15,Mark Villanueva,F,25-34
M00702,B01,2025-07-25,Mark Reyes,F,35-44
M00703,B01,2025-07-04,Mark Reyes,M,18-24
M00704,B01,2025-07-11,Paolo Cruz,F,25-34
M00705,B01,2025-07-21,Miguel Dela Cruz,M,25-34
M00706,B01,2025-07-03,Nicole Reyes,M,25-34
M00707,B01,2025-07-10,Erika Cruz,F,18-24
M00708,B01,2025-07-18,Paolo Castro,F,18-24
M00709,B01,2025-07-07,Joshua Arcenas,M,35-44
M00710,B01,2025-07-22,Miguel Dela Cruz,F,25-34
M00711,B01,2025-08-13,Joshua Castillo,F,45+
M00712,B01,2025-08-14,Nicole Lopez,F,25-34
M00713,B01,2025-08-28,Erika Cruz,M,18-24
M00714,B01,2025-08-28,Kevin Dela Cruz,M,25-34
M00715,B01,2025-08-06,Rafael Navarro,M,18-24
M00716,B01,2025-08-13,Luis Castro,M,35-44
M00717,B01,2025-08-02,Carlo Santos,M,18-24
M00718,B01,2025-08-06,Bea Castro,M,18-24
M00719,B01,2025-08-20,Miguel Arcenas,M,25-34
M00720,B01,2025-08-31,Andrea Garcia,M,18-24
M00721,B01,2025-08-08,Rafael Villanueva,F,25-34
M00722,B01,2025-08-04,Bea Garcia,M,18-24
M00723,B01,2025-08-03,Paolo Mendoza,F,18-24
M00724,B01,2025-08-10,Nicole Flores,F,25-34
M00725,B01,2025-08-30,Nicole Ramos,M,45+
M00726,B01,2025-08-29,Trisha Dela Cruz,M,18-24
M00727,B01,2025-08-21,Miguel Belleza,F,45+
M00728,B01,2025-08-14,Carlo Torres,M,25-34
M00729,B01,2025-08-27,Camille Cruz,F,25-34
M00730,B01,2025-08-12,Maria Castro,M,18-24
M00731,B01,2025-08-27,Bea Aquino,M,25-34
M00732,B01,2025-08-21,Maria Belleza,M,18-24
M00733,B01,2025-08-11,Trisha Santos,M,18-24
M00734,B01,2025-08-17,Jose Navarro,M,18-24
M00735,B01,2025-08-28,Carlo Dela Cruz,M,25-34
M00736,B01,2025-08-15,Juan Lopez,F,25-34
M00737,B01,2025-08-15,Andrea Bautista,F,25-34
M00738,B01,2025-09-11,Miguel Torres,M,25-34
M00739,B01,2025-09-14,Ramon Arcenas,M,35-44
M00740,B01,2025-09-24,Angel Aquino,F,25-34
M00741,B01,2025-09-02,Mark Villanueva,M,25-34
M00742,B01,2025-09-06,Andrea Flores,M,25-34
M00743,B01,2025-09-29,Nicole Bautista,F,18-24
M00744,B01,2025-09-27,Joshua Garcia,M,35-44
M00745,B01,2025-09-04,Nicole Reyes,F,18-24
M00746,B01,2025-09-12,Rafael Santos,M,18-24
M00747,B01,2025-09-22,Mark Dela Cruz,M,18-24
M00748,B01,2025-09-03,Mark Belleza,F,25-34
M00749,B01,2025-09-11,Camille Navarro,F,18-24
M00750,B01,2025-09-21,Nicole Garcia,F,18-24
M00751,B01,2025-09-09,Jasmine Dela Cruz,M,25-34
M00752,B01,2025-09-12,Maria Belleza,M,18-24
M00753,B01,2025-09-27,Luis Mendoza,F,18-24
M00754,B01,2025-09-04,Ramon Cruz,M,25-34
M00755,B01,2025-09-14,Carlo Lopez,M,18-24
M00756,B01,2025-09-23,Maria Santos,M,35-44
M00757,B01,2025-09-06,Ana Cruz,M,18-24
M00758,B01,2025-09-29,Rafael Garcia,M,25-34
M00759,B01,2025-09-29,John Santos,M,25-34
M00760,B01,2025-09-15,Ana Navarro,F,18-24
M00761,B01,2025-09-28,Joshua Cruz,F,18-24
M00762,B01,2025-09-13,Maria Aquino,M,35-44
M00763,B01,2025-09-26,Paolo Ramos,M,35-44
M00764,B01,2025-09-03,Patricia Reyes,M,25-34
M00765,B01,2025-09-13,Erika Bautista,M,25-34
M00766,B01,2025-09-17,Jose Ramos,M,25-34
M00767,B01,2025-09-17,Rafael Ramos,F,18-24
M00768,B01,2025-09-29,Ramon Bautista,M,25-34
M00769,B01,2025-09-16,Juan Reyes,M,45+
M00770,B01,2025-09-28,Kristine Reyes,F,18-24
M00771,B01,2025-09-30,Nicole Cruz,F,25-34
M00772,B01,2025-09-25,Jasmine Lopez,M,45+
M00773,B01,2025-09-11,John Fernandez,M,25-34
M00774,B01,2025-09-12,Paolo Mendoza,F,35-44
M00775,B01,2025-10-22,Maria Ramos,F,35-44
M00776,B01,2025-10-23,Ramon Cruz,M,25-34
M00777,B01,2025-10-25,Jose Bautista,F,25-34
M00778,B01,2025-10-10,Camille Castillo,M,18-24
M00779,B01,2025-10-31,Jasmine Flores,M,18-24
M00780,B01,2025-10-18,Jose Navarro,M,45+
M00781,B01,2025-10-14,Juan Flores,M,35-44
M00782,B01,2025-10-05,Trisha Cruz,F,18-24
M00783,B01,2025-10-05,Ramon Lopez,M,45+
M00784,B01,2025-10-22,Angel Castro,F,45+
M00785,B01,2025-10-24,Bea Navarro,F,25-34
M00786,B01,2025-10-15,Maria Garcia,M,18-24
M00787,B01,2025-10-16,Kristine Mendoza,F,18-24
M00788,B01,2025-10-01,Erika Cruz,F,18-24
M00789,B01,2025-10-19,John Bautista,F,45+
M00790,B01,2025-10-30,Angel Ramos,M,18-24
M00791,B01,2025-10-24,Ana Navarro,F,18-24
M00792,B01,2025-10-27,Mark Navarro,M,18-24
M00793,B01,2025-10-05,Luis Dela Cruz,F,45+
M00794,B01,2025-10-21,Nicole Ramos,M,35-44
M00795,B01,2025-10-22,Camille Cruz,F,45+
M00796,B01,2025-10-16,Carlo Lopez,M,18-24
M00797,B01,2025-10-19,Joshua Torres,M,18-24
M00798,B01,2025-10-08,Miguel Garcia,F,18-24
M00799,B01,2025-10-04,John Navarro,M,25-34
M00800,B01,2025-10-12,Bea Garcia,F,45+
M00801,B01,2025-11-01,Miguel Castillo,M,25-34
M00802,B01,2025-11-01,Juan Bautista,F,18-24
M00803,B01,2025-11-23,Trisha Reyes,F,25-34
M00804,B01,2025-11-20,Andrea Bautista,M,35-44
M00805,B01,2025-11-11,Jose Arcenas,F,25-34
M00806,B01,2025-11-26,Erika Villanueva,F,18-24
M00807,B01,2025-11-05,Ramon Castro,F,25-34
M00808,B01,2025-11-21,John Fernandez,M,18-24
M00809,B01,2025-11-10,Maria Ramos,M,35-44
M00810,B01,2025-11-07,Nicole Arcenas,M,45+
M00811,B01,2025-11-07,Kevin Gonzales,F,25-34
M00812,B01,2025-11-14,Mark Ramos,F,18-24
M00813,B01,2025-11-29,Joshua Ramos,F,25-34
M00814,B01,2025-11-11,Mark Cruz,M,18-24
M00815,B01,2025-11-28,Jasmine Flores,M,25-34
M00816,B01,2025-11-05,Camille Flores,M,25-34
M00817,B01,2025-11-15,Erika Navarro,F,18-24
M00818,B01,2025-11-14,Angel Arcenas,F,25-34
M00819,B01,2025-11-17,John Garcia,F,18-24
M00820,B01,2025-11-07,Trisha Santos,F,25-34
M00821,B01,2025-11-17,Maria Reyes,F,35-44
M00822,B01,2025-11-16,Nicole Castillo,M,45+
M00823,B01,2025-11-28,Angel Bautista,M,35-44
M00824,B01,2025-11-24,Luis Fernandez,M,18-24
M00825,B01,2025-11-13,Paolo Torres,M,25-34
M00826,B01,2025-12-21,Maria Santos,F,25-34
M00827,B01,2025-12-10,Rafael Navarro,M,18-24
M00828,B01,2025-12-30,Paolo Arcenas,M,25-34
M00829,B01,2025-12-07,John Fernandez,M,35-44
M00830,B01,2025-12-19,Paolo Castillo,M,25-34
M00831,B01,2025-12-10,Patricia Navarro,M,45+
M00832,B01,2025-12-20,Kevin Arcenas,M,35-44
M00833,B01,2025-12-12,Andrea Mendoza,F,45+
M00834,B01,2025-12-10,Angel Arcenas,F,25-34
M00835,B01,2025-12-27,Joshua Reyes,F,25-34
M00836,B01,2025-12-30,Miguel Bautista,F,18-24
M00837,B01,2025-12-13,Ana Belleza,F,25-34
M00838,B01,2025-12-28,Jasmine Gonzales,M,25-34
M00839,B01,2025-12-07,John Gonzales,F,18-24
M00840,B01,2025-12-07,Mark Reyes,M,18-24
M00841,B01,2025-12-05,Jose Castillo,M,18-24
M00842,B01,2025-12-10,Trisha Reyes,M,45+
M00843,B01,2025-12-24,Ana Castro,M,35-44
M00844,B01,2025-12-23,Angel Lopez,F,25-34
M00845,B01,2025-12-05,Jose Belleza,M,45+
M00846,B01,2025-12-02,Patricia Castro,F,18-24
M00847,B01,2025-12-19,Camille Belleza,M,35-44
M00848,B01,2025-12-17,Bea Bautista,F,35-44
M00849,B01,2025-12-30,Andrea Mendoza,F,18-24
M00850,B01,2025-12-16,Maria Gonzales,M,25-34
M00851,B01,2025-12-28,Jose Flores,F,25-34
M00852,B01,2025-12-20,Jasmine Cruz,F,25-34
M00853,B01,2025-12-01,Juan Bautista,F,25-34
M00854,B01,2026-01-20,Nicole Aquino,M,18-24
M00855,B01,2026-01-02,John Gonzales,M,18-24
M00856,B01,2026-01-05,Erika Flores,F,25-34
M00857,B01,2026-01-30,Trisha Ramos,F,25-34
M00858,B01,2026-01-07,Paolo Arcenas,F,25-34
M00859,B01,2026-01-21,Luis Santos,M,35-44
M00860,B01,2026-01-15,Ana Gonzales,M,35-44
M00861,B01,2026-01-09,Rafael Arcenas,M,35-44
M00862,B01,2026-01-24,Miguel Garcia,F,18-24
M00863,B01,2026-01-01,Ramon Castro,F,25-34
M00864,B01,2026-01-21,Kevin Fernandez,F,35-44
M00865,B01,2026-01-03,Juan Navarro,M,35-44
M00866,B01,2026-01-05,Ramon Aquino,M,35-44
M00867,B01,2026-01-23,Trisha Fernandez,M,25-34
M00868,B01,2026-01-09,Kristine Garcia,F,25-34
M00869,B01,2026-01-31,Angel Castillo,F,25-34
M00870,B01,2026-01-02,John Reyes,F,45+
M00871,B01,2026-01-22,Joshua Aquino,M,35-44
M00872,B01,2026-01-02,Juan Arcenas,M,35-44
M00873,B01,2026-01-25,Nicole Torres,F,18-24
M00874,B01,2026-01-10,Carlo Castro,F,25-34
M00875,B01,2026-01-12,Maria Navarro,F,25-34
M00876,B01,2026-01-16,Paolo Ramos,F,25-34
M00877,B01,2026-01-29,Ramon Torres,M,25-34
M00878,B01,2026-01-02,Kevin Bautista,F,25-34
M00879,B01,2026-01-24,Trisha Reyes,M,25-34
M00880,B01,2026-01-01,Patricia Flores,M,18-24
M00881,B01,2026-01-17,Bea Castillo,F,18-24
M00882,B01,2026-01-18,Patricia Navarro,M,18-24
M00883,B01,2026-01-10,Andrea Torres,M,25-34
M00884,B01,2026-01-02,Rafael Gonzales,F,18-24
M00885,B01,2026-01-02,Jose Navarro,M,18-24
M00886,B01,2026-01-08,Trisha Torres,M,25-34
M00887,B01,2026-01-21,Patricia Cruz,M,35-44
M00888,B01,2026-01-13,Ana Mendoza,F,45+
M00889,B01,2026-01-29,Kevin Gonzales,M,18-24
M00890,B01,2026-01-06,Joshua Ramos,M,25-34
M00891,B01,2026-01-08,Jose Mendoza,M,35-44
M00892,B01,2026-01-12,Kristine Ramos,M,25-34
M00893,B01,2026-01-28,Angel Ramos,M,18-24
M00894,B01,2026-01-22,Angel Ramos,M,25-34
M00895,B01,2026-01-16,Carlo Garcia,F,18-24
M00896,B01,2026-01-21,Erika Arcenas,M,18-24
M00897,B01,2026-01-05,Luis Santos,M,45+
M00898,B01,2026-01-17,Luis Cruz,M,45+
M00899,B01,2026-01-30,Ana Lopez,M,18-24
M00900,B01,2026-01-23,Jasmine Reyes,F,25-34
M00901,B01,2026-01-24,Paolo Navarro,F,18-24
M00902,B01,2026-01-27,Nicole Navarro,F,25-34
M00903,B01,2026-01-09,Joshua Flores,M,25-34
M00904,B01,2026-01-31,Bea Bautista,M,18-24
M00905,B01,2026-01-04,Ramon Reyes,F,18-24
M00906,B01,2026-01-10,Angel Belleza,F,35-44
M00907,B01,2026-01-26,Jose Ramos,M,18-24
M00908,B01,2026-01-16,Trisha Reyes,M,25-34
M00909,B01,2026-02-01,Nicole Santos,F,25-34
M00910,B01,2026-02-18,Mark Aquino,M,35-44
M00911,B01,2026-02-20,Patricia Santos,M,18-24
M00912,B01,2026-02-20,Miguel Navarro,M,18-24
M00913,B01,2026-02-22,Luis Cruz,M,35-44
M00914,B01,2026-02-17,Bea Arcenas,F,35-44
M00915,B01,2026-02-10,Andrea Ramos,M,25-34
M00916,B01,2026-02-23,Juan Castro,M,18-24
M00917,B01,2026-02-03,Angel Dela Cruz,F,18-24
M00918,B01,2026-02-28,Andrea Villanueva,F,25-34
M00919,B01,2026-02-06,Camille Aquino,M,25-34
M00920,B01,2026-02-26,Camille Torres,M,18-24
M00921,B01,2026-02-01,Trisha Bautista,F,25-34
M00922,B01,2026-02-03,Carlo Ramos,F,25-34
M00923,B01,2026-02-11,John Lopez,M,25-34
M00924,B01,2026-02-08,Erika Ramos,F,25-34
M00925,B01,2026-02-26,Bea Cruz,M,25-34
M00926,B01,2026-02-27,Nicole Arcenas,M,35-44
M00927,B01,2026-02-12,Mark Castillo,M,45+
M00928,B01,2026-02-07,Kevin Fernandez,M,18-24
M00929,B01,2026-02-18,Kevin Belleza,M,45+
M00930,B01,2026-02-12,Jose Garcia,F,18-24
M00931,B01,2026-02-28,Patricia Lopez,M,25-34
M00932,B01,2026-02-18,Andrea Bautista,F,18-24
M00933,B01,2026-02-21,Jasmine Santos,M,18-24
M00934,B01,2026-02-11,Bea Mendoza,M,25-34
M00935,B01,2026-02-27,Ramon Belleza,F,35-44
M00936,B01,2026-02-18,Nicole Cruz,F,25-34
M00937,B01,2026-02-17,Juan Fernandez,M,18-24
M00938,B01,2026-02-18,Camille Gonzales,M,25-34
M00939,B01,2026-02-16,Juan Aquino,M,45+
M00940,B01,2026-02-14,Jasmine Villanueva,F,25-34
M00941,B01,2026-02-04,Paolo Mendoza,M,35-44
M00942,B01,2026-02-14,Luis Ramos,M,35-44
M00943,B01,2026-02-03,Andrea Navarro,M,18-24
M00944,B01,2026-02-17,Kristine Bautista,M,25-34
M00945,B01,2026-02-17,Nicole Bautista,M,25-34
M00946,B01,2026-02-10,Trisha Cruz,M,18-24
M00947,B01,2026-02-23,Trisha Mendoza,M,18-24
M00948,B01,2026-02-11,Ana Navarro,F,35-44
M00949,B01,2026-02-04,Ramon Cruz,M,25-34
M00950,B01,2026-02-23,Kevin Aquino,F,18-24
M00951,B01,2026-02-28,Rafael Fernandez,M,25-34
M00952,B01,2026-02-19,Jose Villanueva,F,25-34
M00953,B01,2026-02-15,Camille Dela Cruz,M,25-34
M00954,B01,2026-02-02,Ana Lopez,F,25-34
M00955,B01,2026-02-25,Mark Castillo,F,45+
M00956,B01,2026-02-13,Jasmine Fernandez,M,35-44
M00957,B01,2026-02-11,Bea Aquino,F,18-24
M00958,B01,2026-02-27,Camille Fernandez,M,25-34
M00959,B01,2026-02-04,Paolo Dela Cruz,F,25-34
M00960,B01,2026-02-21,Bea Gonzales,M,18-24
M00961,B01,2026-02-13,Kevin Villanueva,M,25-34
M00962,B01,2026-03-05,Luis Bautista,M,25-34
M00963,B01,2026-03-10,Mark Castro,M,25-34
M00964,B01,2026-03-27,Erika Fernandez,M,45+
M00965,B01,2026-03-28,Bea Torres,M,35-44
M00966,B01,2026-03-15,Nicole Reyes,M,25-34
M00967,B01,2026-03-11,Andrea Belleza,F,35-44
M00968,B01,2026-03-11,Carlo Santos,M,25-34
M00969,B01,2026-03-25,John Aquino,F,25-34
M00970,B01,2026-03-22,Carlo Castillo,F,18-24
M00971,B01,2026-03-23,Luis Dela Cruz,M,18-24
M00972,B01,2026-03-12,Ana Flores,M,18-24
M00973,B01,2026-03-16,Joshua Lopez,F,25-34
M00974,B01,2026-03-07,Angel Ramos,M,25-34
M00975,B01,2026-03-25,Joshua Bautista,F,45+
M00976,B01,2026-03-20,Mark Bautista,M,18-24
M00977,B01,2026-03-01,John Garcia,M,18-24
M00978,B01,2026-03-17,Erika Arcenas,M,25-34
M00979,B01,2026-03-07,Ana Torres,M,25-34
M00980,B01,2026-03-25,Patricia Aquino,M,25-34
M00981,B01,2026-03-08,Trisha Ramos,F,25-34
M00982,B01,2026-03-16,Kevin Cruz,F,25-34
M00983,B01,2026-03-15,Patricia Flores,M,25-34
M00984,B01,2026-03-28,Kevin Bautista,M,18-24
M00985,B01,2026-03-26,Trisha Castillo,M,18-24
M00986,B01,2026-03-07,Paolo Bautista,M,25-34
M00987,B01,2026-03-18,Jose Arcenas,M,25-34
M00988,B01,2026-03-19,Miguel Castro,M,45+
M00989,B01,2026-03-04,Bea Cruz,F,25-34
M00990,B01,2026-03-27,Paolo Reyes,M,25-34
M00991,B01,2026-03-14,Jasmine Villanueva,F,45+
M00992,B01,2026-03-29,Miguel Fernandez,F,35-44
M00993,B01,2026-03-11,Trisha Castillo,M,25-34
M00994,B01,2026-03-17,Paolo Reyes,F,18-24
M00995,B01,2026-03-09,Angel Bautista,M,18-24
M00996,B01,2026-03-26,Joshua Aquino,F,18-24
M00997,B01,2026-03-21,Kristine Fernandez,M,25-34
M00998,B01,2026-03-10,Jose Torres,M,25-34
M00999,B01,2026-03-10,Rafael Cruz,M,25-34
M01000,B01,2026-03-17,Ramon Reyes,M,25-34
M01001,B01,2026-03-19,John Bautista,M,25-34
M01002,B01,2026-03-23,Rafael Arcenas,F,25-34
M01003,B01,2026-03-13,Carlo Arcenas,M,25-34
M01004,B01,2026-03-05,Patricia Castillo,M,25-34
M01005,B01,2026-03-27,Luis Cruz,M,35-44
M01006,B01,2026-03-19,Kristine Flores,M,35-44
M01007,B01,2026-03-09,Patricia Cruz,F,25-34
M01008,B01,2026-03-05,Miguel Belleza,M,35-44
M01009,B01,2026-03-02,Mark Cruz,F,18-24
M01010,B01,2026-03-09,Carlo Lopez,F,25-34
M01011,B01,2026-03-15,Patricia Santos,M,25-34
M01012,B01,2026-03-27,Andrea Navarro,M,25-34
M01013,B01,2026-03-02,Nicole Santos,F,35-44
M01014,B01,2026-04-26,Trisha Reyes,M,35-44
M01015,B01,2026-04-01,Mark Arcenas,F,35-44
M01016,B01,2026-04-24,Ana Torres,M,18-24
M01017,B01,2026-04-23,Rafael Santos,F,25-34
M01018,B01,2026-04-13,Mark Lopez,F,25-34
M01019,B01,2026-04-19,Joshua Castro,M,18-24
M01020,B01,2026-04-18,Rafael Gonzales,F,35-44
M01021,B01,2026-04-18,Nicole Arcenas,M,45+
M01022,B01,2026-04-21,John Villanueva,M,18-24
M01023,B01,2026-04-24,Maria Arcenas,M,25-34
M01024,B01,2026-04-19,Ramon Santos,M,35-44
M01025,B01,2026-04-13,Andrea Fernandez,F,45+
M01026,B01,2026-04-12,Patricia Garcia,F,35-44
M01027,B01,2026-04-03,Andrea Santos,F,25-34
M01028,B01,2026-04-14,John Cruz,M,25-34
M01029,B01,2026-04-21,Paolo Castro,F,25-34
M01030,B01,2026-04-17,Patricia Flores,F,35-44
M01031,B01,2026-04-24,Ramon Dela Cruz,F,25-34
M01032,B01,2026-04-17,Ramon Ramos,M,18-24
M01033,B01,2026-04-11,Ramon Bautista,M,18-24
M01034,B01,2026-04-16,Jose Dela Cruz,F,18-24
M01035,B01,2026-04-09,Bea Ramos,F,25-34
M01036,B01,2026-04-24,Paolo Dela Cruz,F,18-24
M01037,B01,2026-04-26,Camille Castro,F,18-24
M01038,B01,2026-04-01,Jose Flores,F,25-34
M01039,B01,2026-04-04,Kristine Aquino,M,18-24
M01040,B01,2026-04-06,Joshua Belleza,F,25-34
M01041,B01,2026-04-09,John Castillo,M,25-34
M01042,B01,2026-04-12,Juan Bautista,M,18-24
M01043,B01,2026-04-27,Ramon Reyes,F,25-34
M01044,B01,2026-04-13,Erika Mendoza,F,25-34
M01045,B01,2026-04-24,Maria Villanueva,M,18-24
M01046,B01,2026-04-06,Ramon Bautista,M,25-34
M01047,B01,2026-04-19,Patricia Villanueva,M,18-24
M01048,B01,2026-04-07,Erika Mendoza,M,45+
M01049,B01,2026-04-05,Andrea Villanueva,M,18-24
M01050,B01,2026-04-19,Miguel Navarro,M,25-34
M01051,B01,2026-04-23,Camille Castro,F,18-24
M01052,B01,2026-04-05,Luis Mendoza,M,18-24
M01053,B01,2026-04-12,Camille Lopez,M,35-44
M01054,B01,2026-04-06,Rafael Arcenas,M,25-34
M01055,B01,2026-04-29,Angel Ramos,M,25-34
M01056,B01,2026-04-16,Miguel Cruz,F,35-44
M01057,B01,2026-04-26,Patricia Santos,M,25-34
M01058,B01,2026-04-07,Joshua Belleza,M,18-24
M01059,B01,2026-04-06,Bea Villanueva,M,18-24
M01060,B01,2026-04-17,Juan Ramos,F,18-24
M01061,B01,2026-04-24,Maria Aquino,M,25-34
M01062,B01,2026-04-19,Miguel Cruz,M,35-44
M01063,B01,2026-04-04,Angel Cruz,F,18-24
M01064,B01,2026-04-23,John Lopez,M,25-34
M01065,B01,2026-04-05,Trisha Reyes,F,18-24
M01066,B01,2026-04-06,Nicole Villanueva,M,18-24
M01067,B01,2026-04-20,Angel Cruz,F,35-44
M01068,B01,2026-05-24,Patricia Gonzales,F,25-34
M01069,B01,2026-05-18,Nicole Garcia,F,25-34
M01070,B01,2026-05-30,Jasmine Belleza,M,25-34
M01071,B01,2026-05-26,Carlo Navarro,M,45+
M01072,B01,2026-05-09,Jose Garcia,F,18-24
M01073,B01,2026-05-23,Patricia Aquino,M,25-34
M01074,B01,2026-05-04,Rafael Villanueva,F,18-24
M01075,B01,2026-05-28,Nicole Belleza,M,25-34
M01076,B01,2026-05-03,Jose Mendoza,F,18-24
M01077,B01,2026-05-22,Kevin Fernandez,F,35-44
M01078,B01,2026-05-19,Camille Cruz,M,18-24
M01079,B01,2026-05-23,Rafael Bautista,F,18-24
M01080,B01,2026-05-04,Juan Belleza,F,18-24
M01081,B01,2026-05-11,Jose Aquino,F,35-44
M01082,B01,2026-05-11,Rafael Mendoza,M,18-24
M01083,B01,2026-05-08,Joshua Belleza,M,45+
M01084,B01,2026-05-31,John Fernandez,M,18-24
M01085,B01,2026-05-02,Carlo Aquino,M,25-34
M01086,B01,2026-05-12,Mark Castro,M,25-34
M01087,B01,2026-05-01,Juan Arcenas,M,25-34
M01088,B01,2026-05-12,Kevin Santos,F,25-34
M01089,B01,2026-05-24,Bea Bautista,F,25-34
M01090,B01,2026-05-20,Ana Castillo,F,25-34
M01091,B01,2026-05-05,Ramon Santos,M,35-44
M01092,B01,2026-05-14,Miguel Mendoza,F,18-24
M01093,B01,2026-05-11,Angel Cruz,F,25-34
M01094,B01,2026-05-07,Luis Ramos,M,18-24
M01095,B01,2026-05-11,Juan Aquino,F,25-34
M01096,B01,2026-05-23,Luis Gonzales,M,18-24
M01097,B01,2026-05-30,Angel Belleza,M,25-34
M01098,B01,2026-05-02,Juan Dela Cruz,M,25-34
M01099,B01,2026-05-25,Jose Garcia,M,25-34
M01100,B01,2026-05-21,Kevin Flores,F,18-24
M01101,B01,2026-05-18,Nicole Torres,M,18-24
M01102,B01,2026-05-24,Ramon Bautista,M,25-34
M01103,B01,2026-05-19,Juan Fernandez,M,18-24
M01104,B01,2026-05-19,Patricia Torres,M,25-34
M01105,B01,2026-05-12,Miguel Fernandez,M,25-34
M01106,B01,2026-05-23,Paolo Cruz,F,18-24
M01107,B01,2026-05-16,Joshua Navarro,M,45+
M01108,B01,2026-05-02,Erika Aquino,F,45+
M01109,B01,2026-05-24,Maria Flores,M,45+
M01110,B01,2026-05-25,Luis Belleza,M,25-34
M01111,B01,2026-05-19,Camille Navarro,M,25-34
M01112,B01,2026-05-10,Paolo Cruz,F,25-34
M01113,B01,2026-05-15,Kristine Aquino,M,25-34
M01114,B01,2026-05-23,Rafael Reyes,M,18-24
M01115,B01,2026-05-19,Mark Reyes,M,45+
M01116,B01,2026-05-26,Jasmine Navarro,M,18-24
M01117,B01,2026-05-15,Miguel Flores,F,25-34
M01118,B01,2026-06-04,Trisha Fernandez,M,18-24
M01119,B01,2026-06-27,Mark Lopez,M,25-34
M01120,B01,2026-06-18,Trisha Mendoza,F,25-34
M01121,B01,2026-06-25,Nicole Castro,F,25-34
M01122,B01,2026-06-30,Kevin Reyes,M,35-44
M01123,B01,2026-06-17,Ramon Arcenas,F,25-34
M01124,B01,2026-06-17,Jasmine Santos,F,25-34
M01125,B01,2026-06-04,Mark Aquino,F,25-34
M01126,B01,2026-06-28,Nicole Cruz,M,35-44
M01127,B01,2026-06-22,Trisha Torres,M,35-44
M01128,B01,2026-06-28,Ana Garcia,M,35-44
M01129,B01,2026-06-28,Trisha Navarro,M,35-44
M01130,B01,2026-06-25,Andrea Villanueva,F,18-24
M01131,B01,2026-06-30,Luis Villanueva,M,25-34
M01132,B01,2026-06-13,Rafael Castro,F,45+
M01133,B01,2026-06-07,John Gonzales,F,35-44
M01134,B01,2026-06-13,Andrea Aquino,F,45+
M01135,B01,2026-06-22,Angel Flores,F,35-44
M01136,B01,2026-06-01,Jose Aquino,M,25-34
M01137,B01,2026-06-29,Kristine Dela Cruz,M,18-24
M01138,B01,2026-06-30,Rafael Fernandez,F,25-34
M01139,B01,2026-06-21,Trisha Torres,M,35-44
M01140,B01,2026-06-19,Maria Belleza,M,25-34
M01141,B01,2026-06-13,Trisha Torres,M,25-34
M01142,B01,2026-06-22,Rafael Lopez,F,25-34
M01143,B01,2026-06-25,Trisha Dela Cruz,M,18-24
M01144,B01,2026-06-21,Joshua Flores,M,25-34
M01145,B01,2026-06-27,Erika Arcenas,F,45+
M01146,B01,2026-06-19,Camille Gonzales,M,25-34
M01147,B01,2026-06-20,Juan Belleza,F,25-34
M01148,B01,2026-06-14,Bea Castro,F,18-24
M01149,B01,2026-06-26,Maria Santos,M,18-24
M01150,B01,2026-06-05,Paolo Reyes,M,25-34
M01151,B01,2026-06-10,Angel Gonzales,M,45+
M01152,B01,2026-06-28,Kristine Castillo,M,18-24
M01153,B01,2026-06-01,Joshua Arcenas,M,18-24
M01154,B01,2026-06-30,Paolo Reyes,F,35-44
M01155,B01,2026-06-30,Bea Aquino,M,35-44
M01156,B02,2024-07-25,Trisha Fernandez,F,35-44
M01157,B02,2022-11-10,Angel Bautista,M,35-44
M01158,B02,2024-07-05,Angel Aquino,M,25-34
M01159,B02,2024-10-18,Miguel Flores,M,45+
M01160,B02,2024-01-06,Jasmine Castillo,F,45+
M01161,B02,2023-06-15,John Castillo,F,45+
M01162,B02,2024-01-04,Erika Flores,M,45+
M01163,B02,2024-05-18,Trisha Garcia,M,18-24
M01164,B02,2023-03-20,Jasmine Ramos,M,35-44
M01165,B02,2024-01-18,Ramon Ramos,F,35-44
M01166,B02,2023-07-28,Miguel Belleza,F,25-34
M01167,B02,2023-08-03,Maria Bautista,M,18-24
M01168,B02,2024-11-01,Mark Mendoza,M,35-44
M01169,B02,2023-09-19,Kristine Gonzales,F,18-24
M01170,B02,2024-03-06,Maria Reyes,F,18-24
M01171,B02,2023-10-21,Trisha Villanueva,F,18-24
M01172,B02,2022-09-29,John Navarro,F,25-34
M01173,B02,2022-10-17,Nicole Torres,M,45+
M01174,B02,2023-06-07,Jose Belleza,M,35-44
M01175,B02,2022-07-18,Ana Castro,F,25-34
M01176,B02,2023-08-11,Ana Mendoza,M,45+
M01177,B02,2023-04-09,Luis Flores,F,45+
M01178,B02,2024-09-03,Jasmine Dela Cruz,M,35-44
M01179,B02,2024-08-02,Ramon Ramos,F,35-44
M01180,B02,2023-09-18,Trisha Lopez,M,35-44
M01181,B02,2024-10-08,Rafael Torres,M,45+
M01182,B02,2023-03-05,Ana Reyes,F,25-34
M01183,B02,2022-12-07,Andrea Santos,M,18-24
M01184,B02,2022-12-29,Mark Fernandez,M,35-44
M01185,B02,2023-11-28,Mark Castro,F,35-44
M01186,B02,2023-12-01,Nicole Dela Cruz,M,18-24
M01187,B02,2024-03-26,Camille Ramos,M,18-24
M01188,B02,2024-09-30,Angel Navarro,M,25-34
M01189,B02,2024-08-06,Mark Torres,M,25-34
M01190,B02,2024-04-06,Ramon Castillo,M,25-34
M01191,B02,2024-05-18,Juan Ramos,F,45+
M01192,B02,2023-11-05,Kristine Dela Cruz,F,25-34
M01193,B02,2024-05-27,Kristine Garcia,M,25-34
M01194,B02,2024-11-04,Ramon Navarro,M,25-34
M01195,B02,2023-02-25,Joshua Gonzales,M,25-34
M01196,B02,2024-05-25,John Gonzales,M,18-24
M01197,B02,2023-07-09,Angel Gonzales,M,25-34
M01198,B02,2024-01-28,Camille Dela Cruz,F,35-44
M01199,B02,2024-04-02,Jasmine Fernandez,F,35-44
M01200,B02,2024-07-22,Kristine Navarro,F,25-34
M01201,B02,2024-05-10,Maria Lopez,F,18-24
M01202,B02,2024-05-26,Juan Castro,M,45+
M01203,B02,2024-06-14,Bea Fernandez,F,35-44
M01204,B02,2024-07-02,Andrea Navarro,M,18-24
M01205,B02,2023-07-14,Joshua Garcia,F,18-24
M01206,B02,2022-11-29,Kevin Castro,F,18-24
M01207,B02,2023-10-17,Rafael Lopez,F,35-44
M01208,B02,2023-08-06,Kevin Ramos,M,18-24
M01209,B02,2024-10-07,Jasmine Villanueva,M,35-44
M01210,B02,2024-04-15,Ramon Fernandez,F,35-44
M01211,B02,2023-07-18,Camille Garcia,F,18-24
M01212,B02,2023-07-19,Miguel Aquino,F,25-34
M01213,B02,2023-06-26,Trisha Torres,M,18-24
M01214,B02,2022-11-25,Bea Gonzales,M,25-34
M01215,B02,2024-06-19,Kristine Castillo,F,18-24
M01216,B02,2024-08-13,Andrea Navarro,F,45+
M01217,B02,2023-08-10,Miguel Flores,M,18-24
M01218,B02,2024-03-20,Mark Fernandez,M,18-24
M01219,B02,2024-04-06,Kristine Castro,M,35-44
M01220,B02,2023-11-25,Luis Reyes,M,18-24
M01221,B02,2022-08-07,Jose Belleza,F,25-34
M01222,B02,2023-10-20,Andrea Lopez,F,25-34
M01223,B02,2024-07-18,Mark Aquino,M,18-24
M01224,B02,2023-07-17,Ramon Navarro,M,18-24
M01225,B02,2022-12-23,Juan Reyes,F,35-44
M01226,B02,2023-02-21,Rafael Dela Cruz,M,35-44
M01227,B02,2023-05-11,Ana Belleza,M,35-44
M01228,B02,2023-08-28,Carlo Santos,F,18-24
M01229,B02,2024-04-26,Ana Reyes,M,18-24
M01230,B02,2023-09-15,Nicole Flores,M,25-34
M01231,B02,2024-03-19,Patricia Bautista,M,18-24
M01232,B02,2024-07-30,Maria Villanueva,M,25-34
M01233,B02,2022-07-25,Luis Aquino,M,18-24
M01234,B02,2024-05-24,Maria Torres,F,18-24
M01235,B02,2023-10-15,Carlo Aquino,M,25-34
M01236,B02,2024-11-28,Angel Villanueva,F,25-34
M01237,B02,2023-03-22,Jose Villanueva,F,45+
M01238,B02,2023-07-11,Bea Ramos,F,18-24
M01239,B02,2023-10-11,Angel Gonzales,M,45+
M01240,B02,2024-10-08,Nicole Villanueva,M,25-34
M01241,B02,2024-03-24,Camille Castro,F,25-34
M01242,B02,2022-11-22,Angel Ramos,M,25-34
M01243,B02,2022-12-04,John Mendoza,F,35-44
M01244,B02,2024-09-04,Ramon Fernandez,M,18-24
M01245,B02,2024-07-03,Ana Dela Cruz,M,18-24
M01246,B02,2023-08-05,Ramon Cruz,M,18-24
M01247,B02,2024-07-21,Jose Santos,M,45+
M01248,B02,2022-12-05,Kevin Gonzales,F,35-44
M01249,B02,2024-11-30,Ana Mendoza,F,18-24
M01250,B02,2024-04-30,Rafael Fernandez,F,18-24
M01251,B02,2024-04-07,Rafael Arcenas,F,18-24
M01252,B02,2024-03-15,Ramon Garcia,F,18-24
M01253,B02,2024-10-29,Mark Santos,M,45+
M01254,B02,2023-03-23,Kristine Santos,M,35-44
M01255,B02,2023-02-05,Kristine Cruz,M,18-24
M01256,B02,2022-10-22,Rafael Cruz,M,35-44
M01257,B02,2023-08-31,Juan Dela Cruz,F,18-24
M01258,B02,2024-01-06,Miguel Fernandez,M,25-34
M01259,B02,2024-11-07,Patricia Mendoza,F,18-24
M01260,B02,2024-09-13,Patricia Santos,M,45+
M01261,B02,2024-05-10,Angel Cruz,M,18-24
M01262,B02,2023-11-30,Luis Gonzales,M,35-44
M01263,B02,2024-10-17,Patricia Castro,M,25-34
M01264,B02,2024-05-14,Carlo Belleza,F,18-24
M01265,B02,2023-03-19,Miguel Garcia,M,18-24
M01266,B02,2023-03-10,Nicole Arcenas,M,25-34
M01267,B02,2024-05-31,Andrea Santos,M,25-34
M01268,B02,2024-01-14,Carlo Aquino,M,18-24
M01269,B02,2023-01-11,Bea Torres,F,25-34
M01270,B02,2023-01-12,Luis Mendoza,M,35-44
M01271,B02,2022-10-13,Angel Navarro,M,35-44
M01272,B02,2022-08-14,Camille Fernandez,F,18-24
M01273,B02,2024-07-10,Miguel Reyes,F,35-44
M01274,B02,2022-07-23,Angel Lopez,M,18-24
M01275,B02,2024-08-10,Kristine Gonzales,F,45+
M01276,B02,2024-08-16,Carlo Gonzales,F,35-44
M01277,B02,2024-12-02,Jose Garcia,F,35-44
M01278,B02,2023-03-17,Juan Santos,F,35-44
M01279,B02,2024-03-22,Kevin Castro,F,35-44
M01280,B02,2022-10-20,Trisha Fernandez,F,35-44
M01281,B02,2023-07-29,Maria Mendoza,M,25-34
M01282,B02,2024-07-15,Patricia Aquino,M,18-24
M01283,B02,2024-08-25,John Ramos,M,25-34
M01284,B02,2023-06-12,Camille Bautista,M,35-44
M01285,B02,2022-12-07,Kristine Cruz,M,25-34
M01286,B02,2023-01-17,Ana Flores,M,35-44
M01287,B02,2023-09-19,Rafael Lopez,M,25-34
M01288,B02,2023-07-04,Erika Castro,M,25-34
M01289,B02,2022-12-01,Joshua Castillo,M,25-34
M01290,B02,2024-05-14,Ana Belleza,F,45+
M01291,B02,2022-11-14,Paolo Navarro,F,35-44
M01292,B02,2022-11-18,Rafael Navarro,M,18-24
M01293,B02,2023-10-01,Ana Arcenas,F,35-44
M01294,B02,2024-01-17,Bea Aquino,M,35-44
M01295,B02,2024-06-29,Bea Villanueva,M,25-34
M01296,B02,2024-02-06,Jasmine Fernandez,F,18-24
M01297,B02,2023-08-29,Patricia Garcia,F,35-44
M01298,B02,2024-01-25,Bea Castro,F,35-44
M01299,B02,2024-02-20,John Flores,F,25-34
M01300,B02,2023-03-21,Kevin Ramos,M,25-34
M01301,B02,2024-10-08,Ana Castro,F,18-24
M01302,B02,2022-08-15,Erika Ramos,F,25-34
M01303,B02,2023-07-16,Kristine Ramos,F,18-24
M01304,B02,2023-04-18,Ramon Mendoza,M,25-34
M01305,B02,2023-12-12,Ramon Reyes,M,25-34
M01306,B02,2022-11-09,Ramon Belleza,F,35-44
M01307,B02,2023-08-16,Jose Reyes,M,18-24
M01308,B02,2023-05-27,Carlo Bautista,M,25-34
M01309,B02,2022-11-09,Jasmine Lopez,M,25-34
M01310,B02,2023-05-26,Miguel Dela Cruz,M,25-34
M01311,B02,2023-03-20,Juan Navarro,F,18-24
M01312,B02,2024-03-17,Andrea Reyes,F,25-34
M01313,B02,2024-03-17,Ramon Navarro,F,18-24
M01314,B02,2024-01-11,Ramon Arcenas,M,25-34
M01315,B02,2023-06-13,Joshua Flores,M,18-24
M01316,B02,2024-01-09,Andrea Aquino,F,35-44
M01317,B02,2023-10-10,Trisha Arcenas,M,18-24
M01318,B02,2024-04-23,Maria Reyes,M,25-34
M01319,B02,2024-10-28,Nicole Bautista,F,35-44
M01320,B02,2023-04-10,Patricia Villanueva,M,45+
M01321,B02,2024-04-06,Camille Reyes,F,25-34
M01322,B02,2022-12-15,Jose Gonzales,M,25-34
M01323,B02,2024-07-09,Kristine Castillo,M,35-44
M01324,B02,2024-04-07,Bea Gonzales,F,35-44
M01325,B02,2024-04-27,Jasmine Reyes,M,18-24
M01326,B02,2024-05-08,Joshua Belleza,M,35-44
M01327,B02,2022-12-06,Erika Castro,M,25-34
M01328,B02,2024-08-02,Luis Lopez,M,35-44
M01329,B02,2022-09-12,Camille Garcia,F,18-24
M01330,B02,2022-09-08,Andrea Navarro,F,45+
M01331,B02,2024-07-15,Kevin Castro,M,18-24
M01332,B02,2023-06-19,Jasmine Lopez,M,18-24
M01333,B02,2023-05-05,Jasmine Villanueva,F,35-44
M01334,B02,2023-06-20,Camille Fernandez,M,45+
M01335,B02,2024-04-30,Kristine Garcia,F,35-44
M01336,B02,2024-03-12,Trisha Castillo,F,25-34
M01337,B02,2023-02-13,Andrea Gonzales,F,18-24
M01338,B02,2024-03-04,Trisha Flores,F,25-34
M01339,B02,2023-07-26,Angel Reyes,F,25-34
M01340,B02,2022-09-30,Joshua Castro,F,35-44
M01341,B02,2022-09-14,Luis Gonzales,F,25-34
M01342,B02,2023-04-24,Nicole Reyes,M,25-34
M01343,B02,2023-02-07,Rafael Gonzales,F,18-24
M01344,B02,2024-08-27,Camille Gonzales,F,35-44
M01345,B02,2023-04-29,Mark Arcenas,M,18-24
M01346,B02,2024-09-03,Andrea Gonzales,F,45+
M01347,B02,2023-10-19,Erika Flores,M,25-34
M01348,B02,2022-09-02,Mark Navarro,M,35-44
M01349,B02,2023-03-01,Luis Castro,F,18-24
M01350,B02,2024-02-06,Angel Navarro,M,25-34
M01351,B02,2024-08-19,Patricia Santos,M,25-34
M01352,B02,2024-06-01,Trisha Castillo,F,18-24
M01353,B02,2024-02-24,Angel Cruz,M,18-24
M01354,B02,2022-10-06,Trisha Cruz,M,18-24
M01355,B02,2024-11-07,Paolo Ramos,F,35-44
M01356,B02,2024-03-13,Kevin Fernandez,F,35-44
M01357,B02,2023-11-29,Maria Navarro,F,18-24
M01358,B02,2022-12-16,Rafael Flores,F,45+
M01359,B02,2024-11-23,Patricia Castro,F,18-24
M01360,B02,2024-05-16,Nicole Reyes,M,25-34
M01361,B02,2024-06-04,Maria Dela Cruz,F,18-24
M01362,B02,2024-10-11,Andrea Garcia,F,25-34
M01363,B02,2022-10-12,Mark Castillo,F,25-34
M01364,B02,2023-04-15,Nicole Arcenas,M,35-44
M01365,B02,2023-08-13,John Villanueva,F,25-34
M01366,B02,2023-08-29,Joshua Santos,M,25-34
M01367,B02,2023-04-14,Paolo Santos,F,45+
M01368,B02,2024-04-19,Ramon Cruz,M,45+
M01369,B02,2023-08-26,Mark Cruz,M,25-34
M01370,B02,2022-09-02,Kevin Mendoza,M,25-34
M01371,B02,2024-07-08,Andrea Dela Cruz,F,18-24
M01372,B02,2022-08-15,Ana Ramos,M,18-24
M01373,B02,2024-03-06,Carlo Fernandez,M,25-34
M01374,B02,2024-03-31,Paolo Lopez,F,25-34
M01375,B02,2023-10-08,Mark Aquino,M,25-34
M01376,B02,2023-11-18,Joshua Ramos,F,45+
M01377,B02,2024-08-31,Camille Flores,M,18-24
M01378,B02,2023-12-09,Camille Dela Cruz,M,35-44
M01379,B02,2023-05-20,Miguel Cruz,M,18-24
M01380,B02,2023-01-24,Patricia Villanueva,F,25-34
M01381,B02,2024-09-25,Jasmine Belleza,F,18-24
M01382,B02,2023-06-21,Mark Dela Cruz,M,25-34
M01383,B02,2023-01-14,Kristine Flores,M,18-24
M01384,B02,2023-07-26,Nicole Navarro,F,45+
M01385,B02,2024-06-27,Patricia Garcia,M,25-34
M01386,B02,2022-11-20,Kevin Cruz,F,18-24
M01387,B02,2024-05-25,Juan Castro,M,35-44
M01388,B02,2023-08-20,Paolo Dela Cruz,F,25-34
M01389,B02,2022-10-06,Maria Torres,F,35-44
M01390,B02,2023-04-29,Maria Reyes,M,25-34
M01391,B02,2023-01-12,Kristine Belleza,M,18-24
M01392,B02,2023-05-09,Luis Castro,M,25-34
M01393,B02,2023-11-17,Carlo Belleza,M,18-24
M01394,B02,2024-04-12,Kristine Mendoza,F,18-24
M01395,B02,2024-04-10,Angel Castro,F,25-34
M01396,B02,2023-04-14,Patricia Torres,M,25-34
M01397,B02,2022-12-06,Bea Navarro,F,18-24
M01398,B02,2023-05-17,Luis Ramos,F,25-34
M01399,B02,2022-11-25,Trisha Santos,M,25-34
M01400,B02,2024-08-13,Trisha Flores,M,25-34
M01401,B02,2023-08-20,Kristine Castro,M,18-24
M01402,B02,2022-12-01,Erika Dela Cruz,M,18-24
M01403,B02,2023-12-17,Erika Gonzales,M,25-34
M01404,B02,2023-10-11,Bea Gonzales,F,35-44
M01405,B02,2023-02-01,Luis Cruz,M,25-34
M01406,B02,2024-09-29,Carlo Ramos,F,35-44
M01407,B02,2024-11-13,Luis Ramos,F,25-34
M01408,B02,2024-11-27,Paolo Gonzales,M,18-24
M01409,B02,2024-11-16,John Fernandez,F,25-34
M01410,B02,2023-08-20,Trisha Lopez,M,45+
M01411,B02,2022-09-09,Bea Aquino,F,25-34
M01412,B02,2024-02-24,Angel Castillo,F,18-24
M01413,B02,2023-10-30,Paolo Castro,F,25-34
M01414,B02,2022-08-02,Mark Fernandez,F,35-44
M01415,B02,2023-09-14,Bea Santos,F,45+
M01416,B02,2024-06-23,Kevin Fernandez,M,25-34
M01417,B02,2023-05-10,Patricia Castillo,F,25-34
M01418,B02,2023-05-15,Paolo Ramos,M,25-34
M01419,B02,2022-12-17,Kevin Ramos,M,25-34
M01420,B02,2023-01-27,Ana Villanueva,F,25-34
M01421,B02,2022-11-01,Andrea Reyes,F,25-34
M01422,B02,2023-02-01,Kristine Lopez,M,25-34
M01423,B02,2022-11-05,Nicole Villanueva,F,35-44
M01424,B02,2024-05-13,Paolo Castro,M,18-24
M01425,B02,2023-04-12,Jose Villanueva,F,18-24
M01426,B02,2023-03-17,Camille Reyes,M,45+
M01427,B02,2022-09-23,Mark Santos,M,25-34
M01428,B02,2024-04-01,Trisha Castro,F,25-34
M01429,B02,2023-08-22,Patricia Navarro,F,18-24
M01430,B02,2022-12-31,Juan Dela Cruz,F,25-34
M01431,B02,2022-12-03,Patricia Arcenas,F,18-24
M01432,B02,2022-08-20,John Lopez,F,25-34
M01433,B02,2024-05-27,Juan Torres,M,25-34
M01434,B02,2022-09-13,Maria Gonzales,M,18-24
M01435,B02,2024-01-15,Trisha Ramos,M,35-44
M01436,B02,2024-06-10,Ramon Santos,F,45+
M01437,B02,2024-05-22,Juan Villanueva,M,45+
M01438,B02,2024-04-07,Erika Villanueva,M,45+
M01439,B02,2023-08-08,Carlo Fernandez,M,25-34
M01440,B02,2024-09-04,Carlo Navarro,F,25-34
M01441,B02,2023-05-07,Jasmine Cruz,F,18-24
M01442,B02,2024-05-22,Camille Belleza,F,18-24
M01443,B02,2023-11-17,Joshua Lopez,M,25-34
M01444,B02,2023-03-18,Ana Torres,F,18-24
M01445,B02,2022-11-16,Juan Villanueva,F,25-34
M01446,B02,2023-02-28,Juan Belleza,F,35-44
M01447,B02,2024-02-04,Paolo Dela Cruz,F,18-24
M01448,B02,2024-06-20,Luis Santos,M,35-44
M01449,B02,2024-09-15,Mark Aquino,M,18-24
M01450,B02,2023-06-21,Angel Santos,M,45+
M01451,B02,2024-09-24,Jasmine Cruz,M,25-34
M01452,B02,2024-04-10,Nicole Lopez,M,25-34
M01453,B02,2023-11-05,Nicole Reyes,M,35-44
M01454,B02,2023-03-05,Rafael Ramos,M,25-34
M01455,B02,2024-04-12,Jasmine Garcia,M,25-34
M01456,B02,2022-10-03,Joshua Fernandez,F,25-34
M01457,B02,2024-02-02,John Bautista,F,35-44
M01458,B02,2023-07-11,Ramon Navarro,M,25-34
M01459,B02,2023-12-29,Camille Aquino,M,25-34
M01460,B02,2023-05-22,Kevin Flores,F,18-24
M01461,B02,2024-09-19,Mark Dela Cruz,F,35-44
M01462,B02,2024-04-18,Angel Cruz,M,18-24
M01463,B02,2023-02-21,Erika Bautista,M,18-24
M01464,B02,2024-09-17,Angel Belleza,M,35-44
M01465,B02,2024-07-22,Jose Mendoza,M,45+
M01466,B02,2023-09-04,Kevin Navarro,F,25-34
M01467,B02,2023-07-06,Luis Mendoza,F,25-34
M01468,B02,2022-08-23,Jasmine Lopez,M,18-24
M01469,B02,2023-03-22,Jasmine Aquino,M,25-34
M01470,B02,2022-11-20,Camille Castro,F,35-44
M01471,B02,2024-08-15,Ana Belleza,M,45+
M01472,B02,2023-01-22,Camille Mendoza,M,25-34
M01473,B02,2024-10-19,Ana Flores,F,25-34
M01474,B02,2023-04-20,Luis Aquino,M,25-34
M01475,B02,2024-01-11,Juan Castro,M,25-34
M01476,B02,2023-04-03,John Dela Cruz,M,25-34
M01477,B02,2022-10-31,Ramon Arcenas,M,18-24
M01478,B02,2023-09-12,Luis Mendoza,M,25-34
M01479,B02,2023-02-26,Ana Garcia,F,25-34
M01480,B02,2022-07-19,Paolo Cruz,F,35-44
M01481,B02,2023-09-23,Angel Mendoza,M,35-44
M01482,B02,2023-03-26,Ramon Dela Cruz,M,25-34
M01483,B02,2023-07-18,Bea Dela Cruz,M,25-34
M01484,B02,2023-04-30,Jose Gonzales,M,18-24
M01485,B02,2022-10-08,Andrea Fernandez,F,18-24
M01486,B02,2023-12-04,Erika Gonzales,F,25-34
M01487,B02,2024-03-27,Luis Reyes,M,25-34
M01488,B02,2023-11-16,Ramon Aquino,M,18-24
M01489,B02,2024-08-26,Rafael Castro,M,18-24
M01490,B02,2024-03-31,Joshua Castillo,M,25-34
M01491,B02,2024-11-29,Bea Belleza,M,35-44
M01492,B02,2023-09-27,Erika Belleza,M,25-34
M01493,B02,2024-05-03,Paolo Navarro,M,18-24
M01494,B02,2023-10-18,Erika Aquino,F,25-34
M01495,B02,2022-09-22,Patricia Fernandez,M,45+
M01496,B02,2023-06-19,Luis Arcenas,F,35-44
M01497,B02,2023-05-12,Angel Santos,M,25-34
M01498,B02,2022-10-08,Rafael Fernandez,M,18-24
M01499,B02,2023-12-04,Ramon Ramos,M,18-24
M01500,B02,2023-08-04,Miguel Garcia,F,25-34
M01501,B02,2022-11-03,John Reyes,M,25-34
M01502,B02,2023-07-16,Juan Lopez,F,45+
M01503,B02,2023-09-24,John Mendoza,F,18-24
M01504,B02,2024-06-22,Carlo Torres,F,35-44
M01505,B02,2024-06-16,Erika Torres,F,18-24
M01506,B02,2023-11-26,Paolo Castillo,M,18-24
M01507,B02,2023-03-20,Camille Castro,F,25-34
M01508,B02,2023-06-09,Ramon Castillo,M,35-44
M01509,B02,2024-02-11,Luis Aquino,F,25-34
M01510,B02,2024-03-26,Joshua Cruz,M,25-34
M01511,B02,2023-11-25,Carlo Villanueva,F,25-34
M01512,B02,2023-02-09,Mark Ramos,F,18-24
M01513,B02,2024-08-12,Andrea Reyes,M,25-34
M01514,B02,2022-08-15,Camille Cruz,F,25-34
M01515,B02,2024-08-23,Jasmine Santos,F,35-44
M01516,B02,2024-10-26,Trisha Fernandez,M,18-24
M01517,B02,2023-10-18,Miguel Bautista,F,25-34
M01518,B02,2024-01-21,Kevin Santos,F,18-24
M01519,B02,2024-09-18,Ramon Aquino,M,35-44
M01520,B02,2023-05-02,Maria Flores,M,35-44
M01521,B02,2023-06-26,Paolo Torres,M,45+
M01522,B02,2024-01-11,Ana Dela Cruz,M,18-24
M01523,B02,2022-09-22,Erika Gonzales,M,35-44
M01524,B02,2023-02-02,Carlo Ramos,F,18-24
M01525,B02,2023-04-13,Jasmine Castillo,M,18-24
M01526,B02,2024-02-20,Ana Torres,F,18-24
M01527,B02,2024-08-07,Nicole Garcia,F,18-24
M01528,B02,2023-12-14,Joshua Dela Cruz,M,18-24
M01529,B02,2023-01-12,Mark Villanueva,F,18-24
M01530,B02,2023-10-10,Angel Aquino,F,35-44
M01531,B02,2023-07-11,Jasmine Belleza,M,25-34
M01532,B02,2023-10-20,Mark Navarro,M,25-34
M01533,B02,2024-11-03,Ramon Garcia,F,25-34
M01534,B02,2024-02-13,Carlo Castro,M,35-44
M01535,B02,2024-08-24,Erika Villanueva,M,25-34
M01536,B02,2024-10-02,Camille Bautista,M,18-24
M01537,B02,2024-10-29,Jose Lopez,M,25-34
M01538,B02,2024-02-23,Maria Belleza,M,25-34
M01539,B02,2023-03-08,Rafael Dela Cruz,M,18-24
M01540,B02,2022-11-09,Juan Arcenas,M,25-34
M01541,B02,2023-06-22,Bea Dela Cruz,M,18-24
M01542,B02,2024-08-17,Ramon Arcenas,M,18-24
M01543,B02,2023-04-01,Mark Ramos,M,25-34
M01544,B02,2023-01-19,Angel Mendoza,F,25-34
M01545,B02,2022-12-19,Maria Santos,M,45+
M01546,B02,2024-02-01,Carlo Reyes,M,25-34
M01547,B02,2022-10-19,John Navarro,F,18-24
M01548,B02,2024-08-10,John Belleza,F,25-34
M01549,B02,2023-08-04,Maria Villanueva,F,25-34
M01550,B02,2024-02-05,Jose Navarro,F,45+
M01551,B02,2023-01-18,John Castro,M,45+
M01552,B02,2023-11-25,Rafael Gonzales,M,25-34
M01553,B02,2023-07-13,Ramon Arcenas,M,25-34
M01554,B02,2023-01-28,Ramon Flores,M,25-34
M01555,B02,2024-08-09,Rafael Castillo,F,18-24
M01556,B02,2023-08-14,Jose Arcenas,F,25-34
M01557,B02,2023-07-01,Camille Castro,M,25-34
M01558,B02,2022-07-26,Bea Garcia,M,18-24
M01559,B02,2024-06-27,Maria Fernandez,M,25-34
M01560,B02,2023-07-20,Joshua Lopez,M,18-24
M01561,B02,2024-07-07,Andrea Castro,M,25-34
M01562,B02,2023-01-09,Trisha Arcenas,F,35-44
M01563,B02,2023-12-07,John Gonzales,F,35-44
M01564,B02,2023-07-18,Trisha Ramos,F,25-34
M01565,B02,2023-11-30,Andrea Flores,M,25-34
M01566,B02,2022-10-15,Maria Aquino,M,18-24
M01567,B02,2024-08-09,Jasmine Torres,M,25-34
M01568,B02,2023-09-19,Angel Santos,F,18-24
M01569,B02,2024-08-11,Nicole Dela Cruz,M,18-24
M01570,B02,2024-04-22,Andrea Cruz,M,35-44
M01571,B02,2024-10-18,Rafael Dela Cruz,M,25-34
M01572,B02,2022-10-05,Angel Flores,M,25-34
M01573,B02,2023-11-27,Camille Santos,M,18-24
M01574,B02,2022-11-15,Kevin Villanueva,F,18-24
M01575,B02,2022-11-07,Jasmine Navarro,M,25-34
M01576,B02,2022-07-19,Juan Castro,F,18-24
M01577,B02,2023-09-08,Nicole Lopez,M,25-34
M01578,B02,2024-10-05,Bea Bautista,F,18-24
M01579,B02,2023-12-27,Ana Dela Cruz,M,25-34
M01580,B02,2024-08-31,Kristine Fernandez,F,18-24
M01581,B02,2023-03-22,Miguel Torres,F,25-34
M01582,B02,2024-05-30,Patricia Flores,F,18-24
M01583,B02,2024-01-05,John Gonzales,F,25-34
M01584,B02,2023-09-16,Rafael Torres,F,25-34
M01585,B02,2022-11-20,Jose Bautista,F,25-34
M01586,B02,2022-09-12,Jasmine Villanueva,M,35-44
M01587,B02,2024-01-13,Trisha Navarro,F,18-24
M01588,B02,2024-06-03,Rafael Gonzales,F,25-34
M01589,B02,2024-04-12,Patricia Dela Cruz,M,18-24
M01590,B02,2024-05-22,Angel Castro,M,25-34
M01591,B02,2023-02-02,Joshua Cruz,M,35-44
M01592,B02,2023-01-04,John Lopez,F,45+
M01593,B02,2022-09-16,Erika Gonzales,M,18-24
M01594,B02,2024-03-31,Kristine Aquino,M,35-44
M01595,B02,2024-05-06,Andrea Belleza,M,18-24
M01596,B02,2023-10-25,Carlo Lopez,M,45+
M01597,B02,2024-08-11,Patricia Torres,F,45+
M01598,B02,2023-02-19,Patricia Castro,M,45+
M01599,B02,2023-11-20,Kevin Gonzales,F,35-44
M01600,B02,2023-07-29,Mark Arcenas,M,25-34
M01601,B02,2023-01-16,Rafael Mendoza,M,45+
M01602,B02,2024-01-13,Paolo Castro,F,25-34
M01603,B02,2023-06-15,Carlo Lopez,M,25-34
M01604,B02,2023-02-02,Jasmine Dela Cruz,F,35-44
M01605,B02,2022-09-05,Camille Castillo,M,18-24
M01606,B02,2023-09-15,Mark Cruz,M,35-44
M01607,B02,2023-11-17,Nicole Aquino,F,35-44
M01608,B02,2022-10-17,Ramon Torres,M,18-24
M01609,B02,2023-11-15,Camille Bautista,F,25-34
M01610,B02,2024-09-24,Luis Belleza,M,25-34
M01611,B02,2023-03-30,Camille Castro,F,25-34
M01612,B02,2023-10-03,Andrea Castillo,M,25-34
M01613,B02,2024-07-15,Trisha Fernandez,F,35-44
M01614,B02,2023-06-07,Erika Dela Cruz,F,25-34
M01615,B02,2024-05-23,Kristine Ramos,M,18-24
M01616,B02,2022-09-20,Bea Castillo,F,18-24
M01617,B02,2022-08-27,Paolo Castillo,M,25-34
M01618,B02,2024-07-04,Luis Garcia,F,25-34
M01619,B02,2024-07-22,Nicole Gonzales,F,35-44
M01620,B02,2024-06-26,Andrea Belleza,F,25-34
M01621,B02,2024-05-09,Angel Lopez,M,25-34
M01622,B02,2022-08-14,Erika Cruz,F,18-24
M01623,B02,2023-01-11,Bea Mendoza,M,25-34
M01624,B02,2024-07-22,Andrea Villanueva,M,45+
M01625,B02,2023-06-27,Nicole Santos,F,45+
M01626,B02,2022-08-11,Rafael Fernandez,M,35-44
M01627,B02,2024-05-24,Rafael Gonzales,M,35-44
M01628,B02,2023-10-15,Luis Belleza,F,18-24
M01629,B02,2023-01-29,Luis Villanueva,F,25-34
M01630,B02,2022-10-05,Trisha Garcia,M,25-34
M01631,B02,2024-10-07,Andrea Ramos,M,45+
M01632,B02,2023-03-20,Bea Lopez,M,18-24
M01633,B02,2023-09-22,Jose Arcenas,M,18-24
M01634,B02,2023-08-28,Rafael Torres,M,45+
M01635,B02,2024-04-17,John Garcia,M,25-34
M01636,B02,2022-12-29,Kristine Lopez,F,18-24
M01637,B02,2024-05-13,Patricia Aquino,F,18-24
M01638,B02,2023-09-01,Ana Torres,M,25-34
M01639,B02,2023-04-14,Trisha Flores,M,25-34
M01640,B02,2023-07-13,Ramon Fernandez,F,25-34
M01641,B02,2024-01-24,Juan Villanueva,M,35-44
M01642,B02,2024-02-18,Camille Dela Cruz,F,18-24
M01643,B02,2023-01-05,Bea Flores,M,18-24
M01644,B02,2024-11-30,Miguel Ramos,F,18-24
M01645,B02,2022-11-23,Bea Cruz,F,18-24
M01646,B02,2024-06-18,Jasmine Flores,F,35-44
M01647,B02,2023-06-30,Erika Lopez,M,35-44
M01648,B02,2023-03-03,Juan Lopez,F,18-24
M01649,B02,2024-07-15,Ramon Garcia,F,25-34
M01650,B02,2022-11-21,Nicole Garcia,M,18-24
M01651,B02,2023-01-12,Jose Torres,M,25-34
M01652,B02,2023-04-20,Camille Bautista,M,18-24
M01653,B02,2024-04-04,Patricia Arcenas,F,35-44
M01654,B02,2022-12-20,John Santos,F,25-34
M01655,B02,2022-10-31,Jasmine Cruz,M,35-44
M01656,B02,2025-01-06,Angel Reyes,F,18-24
M01657,B02,2025-01-02,Patricia Torres,F,35-44
M01658,B02,2025-01-21,Angel Arcenas,F,18-24
M01659,B02,2025-01-09,Paolo Villanueva,M,25-34
M01660,B02,2025-01-12,Kevin Arcenas,F,45+
M01661,B02,2025-01-08,Nicole Gonzales,M,25-34
M01662,B02,2025-01-04,Jose Garcia,F,35-44
M01663,B02,2025-01-20,Patricia Arcenas,M,18-24
M01664,B02,2025-01-21,Joshua Lopez,F,35-44
M01665,B02,2025-01-31,Joshua Fernandez,M,18-24
M01666,B02,2025-01-27,Erika Garcia,F,18-24
M01667,B02,2025-01-29,Maria Arcenas,M,18-24
M01668,B02,2025-01-03,Nicole Ramos,F,25-34
M01669,B02,2025-01-30,Camille Castillo,M,18-24
M01670,B02,2025-01-03,Joshua Santos,M,18-24
M01671,B02,2025-01-31,Nicole Gonzales,M,25-34
M01672,B02,2025-01-05,John Castillo,F,18-24
M01673,B02,2025-01-11,Nicole Castro,M,25-34
M01674,B02,2025-01-29,Kevin Lopez,F,35-44
M01675,B02,2025-01-16,Juan Torres,M,25-34
M01676,B02,2025-01-01,Camille Flores,F,25-34
M01677,B02,2025-01-18,Juan Gonzales,M,25-34
M01678,B02,2025-01-24,Rafael Cruz,F,35-44
M01679,B02,2025-01-30,Jasmine Cruz,F,25-34
M01680,B02,2025-01-11,Carlo Torres,F,25-34
M01681,B02,2025-01-25,Maria Arcenas,M,35-44
M01682,B02,2025-01-02,Kristine Reyes,F,45+
M01683,B02,2025-01-20,Rafael Ramos,M,18-24
M01684,B02,2025-01-15,Camille Belleza,M,35-44
M01685,B02,2025-01-03,Ramon Flores,M,45+
M01686,B02,2025-01-01,Nicole Fernandez,F,25-34
M01687,B02,2025-01-07,Paolo Flores,F,25-34
M01688,B02,2025-01-04,Kevin Gonzales,F,45+
M01689,B02,2025-01-22,Jose Lopez,M,18-24
M01690,B02,2025-01-11,Camille Santos,M,45+
M01691,B02,2025-01-10,Luis Lopez,F,35-44
M01692,B02,2025-01-28,Jose Mendoza,F,25-34
M01693,B02,2025-01-12,Juan Santos,M,35-44
M01694,B02,2025-01-01,Carlo Lopez,M,35-44
M01695,B02,2025-01-21,Patricia Ramos,F,18-24
M01696,B02,2025-01-23,Rafael Santos,F,35-44
M01697,B02,2025-01-03,Ramon Fernandez,M,35-44
M01698,B02,2025-01-21,Carlo Bautista,F,18-24
M01699,B02,2025-01-28,Andrea Castillo,M,18-24
M01700,B02,2025-01-08,Jose Flores,F,45+
M01701,B02,2025-01-30,John Dela Cruz,M,25-34
M01702,B02,2025-01-15,Andrea Arcenas,M,18-24
M01703,B02,2025-01-03,Trisha Dela Cruz,F,25-34
M01704,B02,2025-01-25,Maria Mendoza,M,18-24
M01705,B02,2025-01-09,Erika Castillo,F,35-44
M01706,B02,2025-01-22,Miguel Gonzales,F,18-24
M01707,B02,2025-01-19,Jose Castillo,M,35-44
M01708,B02,2025-01-20,Joshua Navarro,F,35-44
M01709,B02,2025-01-17,Kristine Bautista,M,45+
M01710,B02,2025-01-18,Luis Torres,F,25-34
M01711,B02,2025-01-31,Luis Castillo,M,25-34
M01712,B02,2025-01-02,Andrea Lopez,M,18-24
M01713,B02,2025-01-13,Luis Lopez,M,25-34
M01714,B02,2025-01-05,Angel Gonzales,F,45+
M01715,B02,2025-01-25,Ramon Fernandez,F,25-34
M01716,B02,2025-01-07,Patricia Cruz,M,25-34
M01717,B02,2025-01-08,Maria Arcenas,M,35-44
M01718,B02,2025-01-28,John Cruz,F,18-24
M01719,B02,2025-01-13,Luis Lopez,F,18-24
M01720,B02,2025-02-09,Patricia Gonzales,M,25-34
M01721,B02,2025-02-05,Mark Flores,M,18-24
M01722,B02,2025-02-01,Luis Castro,M,45+
M01723,B02,2025-02-08,Miguel Cruz,M,18-24
M01724,B02,2025-02-05,Ramon Lopez,M,25-34
M01725,B02,2025-02-05,Trisha Mendoza,M,25-34
M01726,B02,2025-02-06,Camille Reyes,M,25-34
M01727,B02,2025-02-11,Ramon Santos,F,45+
M01728,B02,2025-02-03,Joshua Reyes,M,18-24
M01729,B02,2025-02-14,Camille Torres,M,18-24
M01730,B02,2025-02-07,Luis Castro,M,18-24
M01731,B02,2025-02-10,Jasmine Villanueva,M,35-44
M01732,B02,2025-02-28,Jose Flores,F,35-44
M01733,B02,2025-02-17,Rafael Aquino,M,18-24
M01734,B02,2025-02-06,Jose Cruz,F,35-44
M01735,B02,2025-02-14,Miguel Bautista,M,25-34
M01736,B02,2025-02-14,Paolo Gonzales,M,25-34
M01737,B02,2025-02-26,Jasmine Santos,F,18-24
M01738,B02,2025-02-14,Andrea Torres,M,18-24
M01739,B02,2025-02-22,Juan Santos,F,25-34
M01740,B02,2025-02-16,Ana Lopez,F,18-24
M01741,B02,2025-02-02,Maria Castillo,M,18-24
M01742,B02,2025-02-10,Patricia Dela Cruz,M,25-34
M01743,B02,2025-02-28,Camille Fernandez,M,35-44
M01744,B02,2025-02-28,Kristine Aquino,M,25-34
M01745,B02,2025-02-23,Andrea Mendoza,M,18-24
M01746,B02,2025-02-11,Luis Gonzales,F,18-24
M01747,B02,2025-02-02,Miguel Arcenas,M,35-44
M01748,B02,2025-02-08,Patricia Mendoza,M,18-24
M01749,B02,2025-02-09,Trisha Belleza,M,18-24
M01750,B02,2025-02-04,Camille Dela Cruz,M,35-44
M01751,B02,2025-02-25,Paolo Belleza,M,18-24
M01752,B02,2025-02-08,Erika Gonzales,M,25-34
M01753,B02,2025-02-27,Mark Aquino,M,18-24
M01754,B02,2025-02-04,Ramon Fernandez,F,35-44
M01755,B02,2025-02-12,Erika Arcenas,M,25-34
M01756,B02,2025-02-07,Miguel Cruz,M,18-24
M01757,B02,2025-02-21,Erika Navarro,M,18-24
M01758,B02,2025-02-24,Maria Bautista,M,18-24
M01759,B02,2025-02-19,Mark Arcenas,M,35-44
M01760,B02,2025-02-13,Jose Bautista,F,25-34
M01761,B02,2025-02-04,Ana Navarro,F,18-24
M01762,B02,2025-02-08,Mark Lopez,F,35-44
M01763,B02,2025-02-26,Paolo Villanueva,F,35-44
M01764,B02,2025-02-15,Kristine Reyes,M,18-24
M01765,B02,2025-02-18,Rafael Ramos,M,35-44
M01766,B02,2025-02-19,Mark Flores,F,35-44
M01767,B02,2025-02-21,Erika Santos,M,18-24
M01768,B02,2025-02-07,Luis Lopez,F,25-34
M01769,B02,2025-02-18,Paolo Fernandez,F,25-34
M01770,B02,2025-02-04,Angel Cruz,M,25-34
M01771,B02,2025-02-15,Jasmine Belleza,M,18-24
M01772,B02,2025-02-15,Kristine Arcenas,M,45+
M01773,B02,2025-02-09,Kevin Navarro,M,25-34
M01774,B02,2025-02-20,Kristine Torres,M,25-34
M01775,B02,2025-03-06,Miguel Gonzales,M,25-34
M01776,B02,2025-03-15,Juan Navarro,F,35-44
M01777,B02,2025-03-25,Maria Gonzales,M,45+
M01778,B02,2025-03-24,Nicole Mendoza,F,45+
M01779,B02,2025-03-23,Juan Castro,F,18-24
M01780,B02,2025-03-12,Camille Fernandez,M,18-24
M01781,B02,2025-03-25,Camille Reyes,M,18-24
M01782,B02,2025-03-26,Rafael Reyes,F,25-34
M01783,B02,2025-03-01,Miguel Dela Cruz,M,18-24
M01784,B02,2025-03-26,Juan Santos,F,35-44
M01785,B02,2025-03-29,Rafael Reyes,F,25-34
M01786,B02,2025-03-17,Rafael Flores,M,25-34
M01787,B02,2025-03-21,Rafael Santos,F,18-24
M01788,B02,2025-03-11,Joshua Santos,M,25-34
M01789,B02,2025-03-24,Rafael Lopez,M,18-24
M01790,B02,2025-03-13,Luis Gonzales,F,18-24
M01791,B02,2025-03-19,Jasmine Flores,F,25-34
M01792,B02,2025-03-11,John Gonzales,M,45+
M01793,B02,2025-03-31,Kevin Gonzales,M,25-34
M01794,B02,2025-03-02,Kevin Aquino,F,18-24
M01795,B02,2025-03-16,Maria Cruz,M,25-34
M01796,B02,2025-03-13,Luis Reyes,M,18-24
M01797,B02,2025-03-14,Rafael Lopez,M,18-24
M01798,B02,2025-03-12,Ramon Villanueva,M,35-44
M01799,B02,2025-03-12,Miguel Arcenas,F,25-34
M01800,B02,2025-03-09,Erika Torres,F,25-34
M01801,B02,2025-03-11,Erika Mendoza,M,35-44
M01802,B02,2025-03-06,Angel Navarro,M,25-34
M01803,B02,2025-03-17,Rafael Castillo,F,18-24
M01804,B02,2025-03-14,Luis Santos,M,25-34
M01805,B02,2025-03-07,Carlo Garcia,M,35-44
M01806,B02,2025-03-26,Jasmine Mendoza,M,25-34
M01807,B02,2025-03-20,Kristine Villanueva,F,35-44
M01808,B02,2025-03-02,Andrea Castillo,M,25-34
M01809,B02,2025-03-29,Bea Flores,M,18-24
M01810,B02,2025-03-30,Rafael Ramos,M,18-24
M01811,B02,2025-03-05,Trisha Castro,F,35-44
M01812,B02,2025-03-28,Bea Reyes,M,25-34
M01813,B02,2025-03-16,Erika Navarro,M,25-34
M01814,B02,2025-03-30,Ana Gonzales,M,35-44
M01815,B02,2025-03-16,Luis Ramos,F,45+
M01816,B02,2025-03-27,Trisha Lopez,M,18-24
M01817,B02,2025-03-21,Kristine Navarro,F,45+
M01818,B02,2025-03-29,Trisha Gonzales,M,35-44
M01819,B02,2025-03-20,Kristine Flores,M,25-34
M01820,B02,2025-03-02,Erika Aquino,M,18-24
M01821,B02,2025-03-28,Nicole Torres,F,25-34
M01822,B02,2025-04-26,Paolo Bautista,F,18-24
M01823,B02,2025-04-01,Nicole Cruz,M,18-24
M01824,B02,2025-04-04,Luis Castillo,M,45+
M01825,B02,2025-04-04,Carlo Belleza,F,25-34
M01826,B02,2025-04-27,Rafael Villanueva,M,45+
M01827,B02,2025-04-27,Erika Gonzales,M,45+
M01828,B02,2025-04-15,Rafael Mendoza,F,25-34
M01829,B02,2025-04-05,Ramon Cruz,M,18-24
M01830,B02,2025-04-08,Rafael Belleza,M,35-44
M01831,B02,2025-04-11,Erika Fernandez,F,18-24
M01832,B02,2025-04-17,Maria Santos,F,25-34
M01833,B02,2025-04-17,Mark Fernandez,M,18-24
M01834,B02,2025-04-23,Kristine Reyes,F,25-34
M01835,B02,2025-04-14,Miguel Fernandez,F,25-34
M01836,B02,2025-04-04,Juan Belleza,F,25-34
M01837,B02,2025-04-19,Trisha Cruz,F,25-34
M01838,B02,2025-04-26,Jose Flores,F,25-34
M01839,B02,2025-04-04,Trisha Villanueva,F,45+
M01840,B02,2025-04-21,Patricia Villanueva,F,25-34
M01841,B02,2025-04-16,Nicole Castillo,F,18-24
M01842,B02,2025-04-20,Patricia Navarro,M,45+
M01843,B02,2025-04-07,Andrea Arcenas,F,25-34
M01844,B02,2025-04-19,Nicole Arcenas,F,18-24
M01845,B02,2025-04-14,Patricia Villanueva,F,25-34
M01846,B02,2025-04-22,Camille Bautista,F,18-24
M01847,B02,2025-04-26,Joshua Bautista,M,35-44
M01848,B02,2025-04-08,Ramon Fernandez,M,18-24
M01849,B02,2025-04-24,Jose Fernandez,M,35-44
M01850,B02,2025-04-07,Erika Flores,F,45+
M01851,B02,2025-04-20,Jose Belleza,F,25-34
M01852,B02,2025-04-12,Kristine Castillo,M,25-34
M01853,B02,2025-04-28,Joshua Dela Cruz,F,35-44
M01854,B02,2025-04-03,Ana Ramos,M,25-34
M01855,B02,2025-04-20,Erika Mendoza,M,18-24
M01856,B02,2025-04-23,Juan Navarro,M,18-24
M01857,B02,2025-04-10,Ramon Lopez,M,25-34
M01858,B02,2025-04-18,John Arcenas,M,18-24
M01859,B02,2025-05-12,Ramon Belleza,M,45+
M01860,B02,2025-05-25,Miguel Flores,F,45+
M01861,B02,2025-05-03,Carlo Navarro,M,35-44
M01862,B02,2025-05-18,Kevin Flores,F,45+
M01863,B02,2025-05-11,Patricia Santos,F,25-34
M01864,B02,2025-05-23,Jose Arcenas,F,25-34
M01865,B02,2025-05-17,Luis Castillo,M,45+
M01866,B02,2025-05-25,Trisha Castillo,F,25-34
M01867,B02,2025-05-29,Jasmine Arcenas,M,18-24
M01868,B02,2025-05-25,Miguel Belleza,M,18-24
M01869,B02,2025-05-13,Miguel Villanueva,M,18-24
M01870,B02,2025-05-03,Bea Bautista,M,18-24
M01871,B02,2025-05-24,Nicole Cruz,M,18-24
M01872,B02,2025-05-19,Jose Mendoza,M,25-34
M01873,B02,2025-05-06,Jasmine Dela Cruz,M,35-44
M01874,B02,2025-05-08,Maria Ramos,M,18-24
M01875,B02,2025-05-01,Mark Mendoza,M,45+
M01876,B02,2025-05-21,Andrea Mendoza,F,25-34
M01877,B02,2025-05-06,Kristine Belleza,F,45+
M01878,B02,2025-05-28,Jasmine Mendoza,M,18-24
M01879,B02,2025-05-16,Miguel Villanueva,F,25-34
M01880,B02,2025-05-26,Mark Santos,F,25-34
M01881,B02,2025-05-01,Bea Castro,M,18-24
M01882,B02,2025-05-25,Miguel Torres,M,45+
M01883,B02,2025-05-27,Paolo Gonzales,M,18-24
M01884,B02,2025-05-28,Andrea Ramos,F,25-34
M01885,B02,2025-05-14,Kristine Mendoza,M,35-44
M01886,B02,2025-05-20,Carlo Belleza,M,25-34
M01887,B02,2025-05-11,Mark Lopez,M,18-24
M01888,B02,2025-05-12,Andrea Arcenas,M,25-34
M01889,B02,2025-05-25,Kristine Santos,M,18-24
M01890,B02,2025-05-26,Rafael Bautista,M,25-34
M01891,B02,2025-05-07,Jasmine Santos,M,45+
M01892,B02,2025-05-23,Ramon Garcia,F,18-24
M01893,B02,2025-05-28,Nicole Castro,F,25-34
M01894,B02,2025-05-13,Jose Garcia,F,25-34
M01895,B02,2025-05-04,Juan Villanueva,F,25-34
M01896,B02,2025-05-23,Ana Reyes,M,35-44
M01897,B02,2025-05-29,Juan Ramos,F,25-34
M01898,B02,2025-05-15,Mark Castro,M,25-34
M01899,B02,2025-05-19,Trisha Flores,M,18-24
M01900,B02,2025-05-14,Rafael Lopez,F,25-34
M01901,B02,2025-06-17,Nicole Garcia,F,18-24
M01902,B02,2025-06-23,Erika Reyes,M,25-34
M01903,B02,2025-06-13,Bea Villanueva,M,35-44
M01904,B02,2025-06-04,Ana Castro,M,25-34
M01905,B02,2025-06-05,Kevin Ramos,M,18-24
M01906,B02,2025-06-26,Rafael Mendoza,M,45+
M01907,B02,2025-06-01,Luis Mendoza,M,25-34
M01908,B02,2025-06-30,Paolo Belleza,F,18-24
M01909,B02,2025-06-22,Joshua Garcia,M,18-24
M01910,B02,2025-06-10,Kevin Belleza,M,18-24
M01911,B02,2025-06-12,Luis Arcenas,M,25-34
M01912,B02,2025-06-03,Camille Lopez,M,35-44
M01913,B02,2025-06-15,Trisha Belleza,M,35-44
M01914,B02,2025-06-17,Erika Torres,F,35-44
M01915,B02,2025-06-26,Maria Dela Cruz,M,25-34
M01916,B02,2025-06-20,Paolo Belleza,M,45+
M01917,B02,2025-06-22,Luis Mendoza,M,35-44
M01918,B02,2025-06-21,John Belleza,M,35-44
M01919,B02,2025-06-03,Luis Ramos,F,18-24
M01920,B02,2025-06-10,Miguel Arcenas,F,35-44
M01921,B02,2025-06-23,Erika Gonzales,M,45+
M01922,B02,2025-06-12,Rafael Mendoza,F,25-34
M01923,B02,2025-06-17,Luis Flores,M,25-34
M01924,B02,2025-06-28,Joshua Arcenas,M,25-34
M01925,B02,2025-06-13,Angel Dela Cruz,F,45+
M01926,B02,2025-06-20,Juan Flores,M,35-44
M01927,B02,2025-06-24,Joshua Castro,F,25-34
M01928,B02,2025-06-18,Paolo Castro,M,18-24
M01929,B02,2025-06-20,Nicole Arcenas,F,35-44
M01930,B02,2025-06-05,Ana Bautista,F,25-34
M01931,B02,2025-06-29,Joshua Lopez,M,18-24
M01932,B02,2025-06-29,Camille Belleza,M,25-34
M01933,B02,2025-06-29,Ramon Torres,M,35-44
M01934,B02,2025-06-24,Bea Lopez,F,25-34
M01935,B02,2025-06-06,Miguel Fernandez,F,18-24
M01936,B02,2025-06-27,John Lopez,F,35-44
M01937,B02,2025-06-28,Nicole Ramos,F,25-34
M01938,B02,2025-06-13,Nicole Ramos,M,25-34
M01939,B02,2025-06-03,Kristine Bautista,M,25-34
M01940,B02,2025-06-19,Ana Ramos,M,25-34
M01941,B02,2025-07-30,Camille Arcenas,F,18-24
M01942,B02,2025-07-06,Juan Dela Cruz,M,25-34
M01943,B02,2025-07-18,Kevin Ramos,M,18-24
M01944,B02,2025-07-24,Trisha Villanueva,M,25-34
M01945,B02,2025-07-15,Patricia Dela Cruz,M,18-24
M01946,B02,2025-07-18,Nicole Castro,M,45+
M01947,B02,2025-07-05,Juan Bautista,M,25-34
M01948,B02,2025-07-25,Carlo Belleza,M,18-24
M01949,B02,2025-07-29,Kevin Belleza,F,25-34
M01950,B02,2025-07-26,Erika Bautista,M,25-34
M01951,B02,2025-07-19,Maria Castillo,F,18-24
M01952,B02,2025-07-30,Jasmine Fernandez,M,45+
M01953,B02,2025-07-21,Miguel Garcia,M,35-44
M01954,B02,2025-07-21,Jasmine Dela Cruz,F,18-24
M01955,B02,2025-07-05,Jasmine Gonzales,F,18-24
M01956,B02,2025-07-17,Nicole Villanueva,F,45+
M01957,B02,2025-07-09,Erika Dela Cruz,M,35-44
M01958,B02,2025-07-16,Patricia Castro,F,18-24
M01959,B02,2025-07-26,Camille Torres,M,35-44
M01960,B02,2025-07-31,Ramon Castro,M,25-34
M01961,B02,2025-07-27,Juan Aquino,F,35-44
M01962,B02,2025-07-23,Mark Castillo,M,25-34
M01963,B02,2025-07-30,Mark Garcia,F,25-34
M01964,B02,2025-07-30,Kristine Flores,M,25-34
M01965,B02,2025-07-22,Nicole Flores,M,18-24
M01966,B02,2025-07-16,Kristine Cruz,F,18-24
M01967,B02,2025-07-18,Jose Mendoza,M,18-24
M01968,B02,2025-07-22,Miguel Arcenas,M,35-44
M01969,B02,2025-07-21,Carlo Aquino,F,25-34
M01970,B02,2025-07-27,Ramon Castillo,F,25-34
M01971,B02,2025-07-05,Trisha Garcia,F,45+
M01972,B02,2025-07-09,Andrea Fernandez,M,25-34
M01973,B02,2025-07-09,Kevin Santos,F,25-34
M01974,B02,2025-08-24,Patricia Reyes,M,25-34
M01975,B02,2025-08-08,Maria Fernandez,M,18-24
M01976,B02,2025-08-08,Camille Reyes,M,45+
M01977,B02,2025-08-23,Maria Flores,F,18-24
M01978,B02,2025-08-14,Juan Belleza,M,18-24
M01979,B02,2025-08-17,Kevin Lopez,F,18-24
M01980,B02,2025-08-06,Carlo Santos,F,45+
M01981,B02,2025-08-16,Luis Fernandez,F,25-34
M01982,B02,2025-08-08,Jose Arcenas,F,45+
M01983,B02,2025-08-20,John Lopez,M,25-34
M01984,B02,2025-08-09,Luis Aquino,M,18-24
M01985,B02,2025-08-05,Angel Reyes,F,35-44
M01986,B02,2025-08-07,Andrea Ramos,F,25-34
M01987,B02,2025-08-13,Erika Arcenas,M,45+
M01988,B02,2025-08-14,Paolo Villanueva,F,25-34
M01989,B02,2025-08-16,Jose Navarro,M,35-44
M01990,B02,2025-08-13,Angel Flores,M,25-34
M01991,B02,2025-08-13,Trisha Arcenas,F,35-44
M01992,B02,2025-08-07,Ana Mendoza,M,35-44
M01993,B02,2025-08-16,Paolo Garcia,M,25-34
M01994,B02,2025-08-22,Ana Fernandez,F,45+
M01995,B02,2025-08-17,Kevin Bautista,M,25-34
M01996,B02,2025-08-12,Ramon Mendoza,M,25-34
M01997,B02,2025-08-28,Kevin Dela Cruz,M,45+
M01998,B02,2025-08-16,Bea Mendoza,M,25-34
M01999,B02,2025-08-05,Kristine Reyes,M,25-34
M02000,B02,2025-08-26,Trisha Santos,F,35-44
M02001,B02,2025-08-20,Rafael Reyes,M,35-44
M02002,B02,2025-08-25,Kristine Cruz,M,18-24
M02003,B02,2025-08-07,Carlo Santos,M,25-34
M02004,B02,2025-08-08,Kristine Villanueva,F,18-24
M02005,B02,2025-08-03,Nicole Castillo,M,18-24
M02006,B02,2025-08-16,Rafael Bautista,M,18-24
M02007,B02,2025-08-28,Carlo Gonzales,M,25-34
M02008,B02,2025-08-01,Ramon Mendoza,F,18-24
M02009,B02,2025-08-04,Jose Navarro,M,25-34
M02010,B02,2025-08-21,Joshua Flores,M,35-44
M02011,B02,2025-08-26,Angel Dela Cruz,F,25-34
M02012,B02,2025-08-27,Maria Flores,M,18-24
M02013,B02,2025-08-18,Trisha Cruz,M,18-24
M02014,B02,2025-09-10,Nicole Castro,M,35-44
M02015,B02,2025-09-26,Ana Navarro,M,45+
M02016,B02,2025-09-30,Erika Arcenas,F,35-44
M02017,B02,2025-09-01,Luis Villanueva,M,25-34
M02018,B02,2025-09-24,Miguel Garcia,M,25-34
M02019,B02,2025-09-06,Carlo Ramos,M,25-34
M02020,B02,2025-09-23,Juan Santos,M,25-34
M02021,B02,2025-09-15,John Arcenas,F,25-34
M02022,B02,2025-09-15,Kristine Reyes,M,35-44
M02023,B02,2025-09-01,Trisha Belleza,M,25-34
M02024,B02,2025-09-05,Carlo Villanueva,F,18-24
M02025,B02,2025-09-30,Luis Gonzales,M,18-24
M02026,B02,2025-09-07,Ana Bautista,F,25-34
M02027,B02,2025-09-01,Trisha Torres,M,18-24
M02028,B02,2025-09-08,Nicole Reyes,F,25-34
M02029,B02,2025-09-14,Rafael Belleza,F,18-24
M02030,B02,2025-09-26,Kristine Castro,M,18-24
M02031,B02,2025-09-26,John Belleza,F,35-44
M02032,B02,2025-09-27,Jose Villanueva,M,45+
M02033,B02,2025-09-13,Camille Dela Cruz,F,25-34
M02034,B02,2025-09-07,John Santos,M,45+
M02035,B02,2025-09-22,Kevin Cruz,M,18-24
M02036,B02,2025-09-16,Bea Flores,M,25-34
M02037,B02,2025-09-27,Jasmine Villanueva,M,45+
M02038,B02,2025-09-07,Mark Castro,F,25-34
M02039,B02,2025-09-01,Miguel Fernandez,F,35-44
M02040,B02,2025-09-20,Trisha Lopez,M,18-24
M02041,B02,2025-09-02,Juan Castro,M,45+
M02042,B02,2025-09-25,John Fernandez,F,25-34
M02043,B02,2025-09-14,Nicole Santos,M,35-44
M02044,B02,2025-09-29,Joshua Reyes,F,35-44
M02045,B02,2025-09-17,Camille Villanueva,F,18-24
M02046,B02,2025-09-15,Trisha Bautista,F,25-34
M02047,B02,2025-09-14,Kristine Belleza,F,18-24
M02048,B02,2025-09-14,Bea Dela Cruz,M,18-24
M02049,B02,2025-09-15,Nicole Torres,F,18-24
M02050,B02,2025-09-09,Carlo Reyes,M,25-34
M02051,B02,2025-09-20,Miguel Santos,M,35-44
M02052,B02,2025-09-18,Luis Mendoza,F,25-34
M02053,B02,2025-09-11,Kevin Bautista,F,18-24
M02054,B02,2025-09-18,Luis Dela Cruz,M,18-24
M02055,B02,2025-09-27,Jose Reyes,F,18-24
M02056,B02,2025-10-20,Kevin Arcenas,M,25-34
M02057,B02,2025-10-16,Patricia Belleza,F,18-24
M02058,B02,2025-10-17,Miguel Navarro,M,25-34
M02059,B02,2025-10-31,Juan Bautista,F,25-34
M02060,B02,2025-10-30,Kevin Dela Cruz,M,25-34
M02061,B02,2025-10-11,Paolo Castillo,M,25-34
M02062,B02,2025-10-27,Andrea Torres,F,25-34
M02063,B02,2025-10-08,Kevin Belleza,M,18-24
M02064,B02,2025-10-11,Kevin Lopez,F,35-44
M02065,B02,2025-10-14,Rafael Cruz,M,35-44
M02066,B02,2025-10-07,Maria Villanueva,F,18-24
M02067,B02,2025-10-21,Maria Reyes,M,18-24
M02068,B02,2025-10-13,Erika Dela Cruz,M,25-34
M02069,B02,2025-10-11,Bea Belleza,F,35-44
M02070,B02,2025-10-01,Jasmine Castillo,M,25-34
M02071,B02,2025-10-15,Paolo Ramos,F,25-34
M02072,B02,2025-10-09,Miguel Castro,F,18-24
M02073,B02,2025-10-24,Luis Castro,M,18-24
M02074,B02,2025-10-04,Kevin Lopez,M,18-24
M02075,B02,2025-10-18,Nicole Arcenas,F,25-34
M02076,B02,2025-10-16,Trisha Gonzales,M,25-34
M02077,B02,2025-10-18,Maria Mendoza,F,18-24
M02078,B02,2025-10-09,Trisha Garcia,M,45+
M02079,B02,2025-10-13,Miguel Castro,F,25-34
M02080,B02,2025-10-01,Paolo Mendoza,M,25-34
M02081,B02,2025-10-19,Trisha Navarro,F,25-34
M02082,B02,2025-10-06,Miguel Navarro,M,45+
M02083,B02,2025-10-05,Ramon Garcia,F,25-34
M02084,B02,2025-10-11,John Villanueva,F,25-34
M02085,B02,2025-10-29,Ramon Flores,F,35-44
M02086,B02,2025-10-15,Rafael Garcia,F,35-44
M02087,B02,2025-10-05,Mark Bautista,M,18-24
M02088,B02,2025-10-21,Maria Belleza,F,18-24
M02089,B02,2025-10-02,John Belleza,M,45+
M02090,B02,2025-10-04,Carlo Belleza,M,25-34
M02091,B02,2025-10-06,Miguel Dela Cruz,M,25-34
M02092,B02,2025-10-28,Andrea Garcia,M,18-24
M02093,B02,2025-10-23,Ana Santos,F,35-44
M02094,B02,2025-10-17,Camille Torres,M,25-34
M02095,B02,2025-10-05,Kevin Castillo,F,35-44
M02096,B02,2025-11-19,Carlo Castillo,M,18-24
M02097,B02,2025-11-22,Rafael Fernandez,F,25-34
M02098,B02,2025-11-27,Carlo Torres,F,35-44
M02099,B02,2025-11-30,Carlo Belleza,F,35-44
M02100,B02,2025-11-14,Rafael Arcenas,M,25-34
M02101,B02,2025-11-25,Kristine Lopez,M,35-44
M02102,B02,2025-11-27,Bea Bautista,M,35-44
M02103,B02,2025-11-20,Mark Lopez,M,18-24
M02104,B02,2025-11-08,Miguel Aquino,F,25-34
M02105,B02,2025-11-13,Juan Gonzales,F,18-24
M02106,B02,2025-11-12,Jose Lopez,F,25-34
M02107,B02,2025-11-16,Andrea Belleza,F,25-34
M02108,B02,2025-11-10,Erika Torres,M,25-34
M02109,B02,2025-11-15,Erika Arcenas,F,25-34
M02110,B02,2025-11-26,Jasmine Arcenas,F,18-24
M02111,B02,2025-11-18,Rafael Aquino,M,45+
M02112,B02,2025-11-05,John Flores,M,18-24
M02113,B02,2025-11-27,Maria Navarro,M,18-24
M02114,B02,2025-11-30,Luis Ramos,F,45+
M02115,B02,2025-11-02,Jasmine Dela Cruz,M,25-34
M02116,B02,2025-11-26,Erika Dela Cruz,M,18-24
M02117,B02,2025-11-05,Ana Flores,F,25-34
M02118,B02,2025-11-30,Joshua Aquino,M,18-24
M02119,B02,2025-11-26,Paolo Torres,M,25-34
M02120,B02,2025-11-14,Ana Dela Cruz,F,18-24
M02121,B02,2025-11-26,Rafael Ramos,M,25-34
M02122,B02,2025-11-09,Luis Cruz,F,25-34
M02123,B02,2025-11-26,Patricia Arcenas,M,25-34
M02124,B02,2025-11-16,John Reyes,F,35-44
M02125,B02,2025-11-15,Kevin Arcenas,M,18-24
M02126,B02,2025-11-27,Bea Cruz,M,25-34
M02127,B02,2025-11-14,Kristine Belleza,F,45+
M02128,B02,2025-11-05,Bea Arcenas,M,35-44
M02129,B02,2025-11-29,Camille Garcia,M,35-44
M02130,B02,2025-11-28,Miguel Arcenas,M,18-24
M02131,B02,2025-11-20,Joshua Mendoza,M,25-34
M02132,B02,2025-11-26,Ana Castro,F,18-24
M02133,B02,2025-11-12,Kevin Mendoza,M,35-44
M02134,B02,2025-11-03,Luis Mendoza,M,25-34
M02135,B02,2025-11-23,Erika Cruz,M,35-44
M02136,B02,2025-12-24,Carlo Dela Cruz,M,18-24
M02137,B02,2025-12-22,Juan Torres,M,35-44
M02138,B02,2025-12-27,Trisha Cruz,F,35-44
M02139,B02,2025-12-10,Ramon Dela Cruz,F,18-24
M02140,B02,2025-12-17,Maria Cruz,M,25-34
M02141,B02,2025-12-24,Ana Gonzales,M,45+
M02142,B02,2025-12-13,Kevin Torres,F,35-44
M02143,B02,2025-12-12,Bea Belleza,F,25-34
M02144,B02,2025-12-18,Joshua Gonzales,F,18-24
M02145,B02,2025-12-09,Ramon Villanueva,M,45+
M02146,B02,2025-12-09,Nicole Aquino,F,25-34
M02147,B02,2025-12-14,Jasmine Belleza,M,35-44
M02148,B02,2025-12-30,Patricia Navarro,M,35-44
M02149,B02,2025-12-16,Kevin Arcenas,M,25-34
M02150,B02,2025-12-26,Luis Aquino,M,45+
M02151,B02,2025-12-09,Juan Arcenas,M,25-34
M02152,B02,2025-12-12,Andrea Bautista,F,25-34
M02153,B02,2025-12-20,Joshua Torres,F,35-44
M02154,B02,2025-12-13,Juan Ramos,M,18-24
M02155,B02,2025-12-27,John Villanueva,M,25-34
M02156,B02,2025-12-22,Jasmine Cruz,F,45+
M02157,B02,2025-12-04,Carlo Flores,M,25-34
M02158,B02,2025-12-05,Jasmine Belleza,M,35-44
M02159,B02,2025-12-07,John Arcenas,F,18-24
M02160,B02,2025-12-29,Angel Lopez,M,18-24
M02161,B02,2025-12-30,Angel Garcia,M,18-24
M02162,B02,2025-12-09,Miguel Lopez,F,45+
M02163,B02,2025-12-11,Ramon Fernandez,M,18-24
M02164,B02,2025-12-15,Juan Torres,F,25-34
M02165,B02,2025-12-17,Andrea Torres,M,18-24
M02166,B02,2025-12-09,Juan Belleza,M,18-24
M02167,B02,2025-12-09,Luis Reyes,M,25-34
M02168,B02,2025-12-26,Erika Arcenas,M,45+
M02169,B02,2025-12-28,John Bautista,M,25-34
M02170,B02,2025-12-21,Andrea Torres,F,18-24
M02171,B02,2025-12-22,Camille Cruz,M,18-24
M02172,B02,2025-12-03,Andrea Fernandez,F,25-34
M02173,B02,2025-12-24,Nicole Castillo,F,25-34
M02174,B02,2025-12-06,Erika Villanueva,M,18-24
M02175,B02,2026-01-27,Trisha Reyes,F,45+
M02176,B02,2026-01-11,Nicole Castro,F,25-34
M02177,B02,2026-01-18,Trisha Castillo,M,18-24
M02178,B02,2026-01-15,Luis Gonzales,F,18-24
M02179,B02,2026-01-05,Rafael Flores,F,18-24
M02180,B02,2026-01-07,Kristine Dela Cruz,F,25-34
M02181,B02,2026-01-25,Mark Garcia,F,18-24
M02182,B02,2026-01-23,Juan Bautista,F,25-34
M02183,B02,2026-01-30,Trisha Arcenas,M,35-44
M02184,B02,2026-01-07,Angel Torres,F,45+
M02185,B02,2026-01-08,Miguel Belleza,M,18-24
M02186,B02,2026-01-17,Bea Garcia,M,18-24
M02187,B02,2026-01-18,Maria Flores,M,25-34
M02188,B02,2026-01-25,Erika Flores,M,35-44
M02189,B02,2026-01-25,Erika Navarro,M,25-34
M02190,B02,2026-01-12,Jasmine Ramos,M,25-34
M02191,B02,2026-01-13,Patricia Garcia,M,25-34
M02192,B02,2026-01-21,Ana Cruz,F,25-34
M02193,B02,2026-01-30,Carlo Belleza,M,18-24
M02194,B02,2026-01-24,Carlo Ramos,F,25-34
M02195,B02,2026-01-29,Mark Flores,M,35-44
M02196,B02,2026-01-21,Joshua Arcenas,M,18-24
M02197,B02,2026-01-08,Kevin Aquino,M,35-44
M02198,B02,2026-01-29,Kevin Belleza,F,35-44
M02199,B02,2026-01-16,Angel Lopez,M,18-24
M02200,B02,2026-01-10,Ramon Ramos,M,35-44
M02201,B02,2026-01-18,Nicole Garcia,M,18-24
M02202,B02,2026-01-10,Erika Castillo,F,45+
M02203,B02,2026-01-19,Joshua Arcenas,M,35-44
M02204,B02,2026-01-24,Andrea Fernandez,F,18-24
M02205,B02,2026-01-19,Erika Reyes,F,25-34
M02206,B02,2026-01-31,Angel Cruz,F,35-44
M02207,B02,2026-01-09,Kevin Lopez,F,25-34
M02208,B02,2026-01-20,Trisha Flores,F,18-24
M02209,B02,2026-01-18,Luis Castillo,F,25-34
M02210,B02,2026-01-15,Trisha Mendoza,F,45+
M02211,B02,2026-01-05,Kevin Ramos,F,45+
M02212,B02,2026-01-06,Rafael Arcenas,F,25-34
M02213,B02,2026-01-20,Kevin Gonzales,M,25-34
M02214,B02,2026-01-25,Jose Mendoza,M,25-34
M02215,B02,2026-01-15,Trisha Navarro,F,45+
M02216,B02,2026-01-22,Mark Torres,M,35-44
M02217,B02,2026-01-23,Mark Cruz,F,25-34
M02218,B02,2026-01-21,Mark Gonzales,M,18-24
M02219,B02,2026-01-22,Mark Arcenas,M,25-34
M02220,B02,2026-01-14,Miguel Gonzales,M,35-44
M02221,B02,2026-01-29,John Bautista,F,35-44
M02222,B02,2026-01-21,Ramon Belleza,F,18-24
M02223,B02,2026-01-21,Carlo Bautista,F,25-34
M02224,B02,2026-01-27,Jasmine Torres,F,25-34
M02225,B02,2026-01-19,Nicole Flores,M,18-24
M02226,B02,2026-01-01,Luis Fernandez,F,18-24
M02227,B02,2026-01-01,Mark Villanueva,M,35-44
M02228,B02,2026-01-05,Rafael Belleza,M,35-44
M02229,B02,2026-01-26,Mark Cruz,M,18-24
M02230,B02,2026-01-25,Ana Fernandez,M,18-24
M02231,B02,2026-01-14,Angel Cruz,M,18-24
M02232,B02,2026-01-22,Jasmine Gonzales,M,25-34
M02233,B02,2026-01-17,Angel Villanueva,M,18-24
M02234,B02,2026-01-22,Camille Villanueva,M,18-24
M02235,B02,2026-01-02,Patricia Cruz,F,18-24
M02236,B02,2026-01-29,Luis Lopez,M,35-44
M02237,B02,2026-01-16,Joshua Navarro,M,45+
M02238,B02,2026-01-09,Maria Mendoza,M,25-34
M02239,B02,2026-01-04,Erika Cruz,F,18-24
M02240,B02,2026-01-18,Bea Arcenas,F,45+
M02241,B02,2026-01-05,Mark Lopez,M,25-34
M02242,B02,2026-01-14,John Ramos,F,25-34
M02243,B02,2026-01-20,Juan Belleza,M,18-24
M02244,B02,2026-01-23,Jose Mendoza,M,25-34
M02245,B02,2026-01-06,Kristine Fernandez,M,25-34
M02246,B02,2026-02-10,Kevin Lopez,F,25-34
M02247,B02,2026-02-03,Mark Mendoza,F,25-34
M02248,B02,2026-02-12,Rafael Garcia,M,35-44
M02249,B02,2026-02-02,Camille Reyes,M,25-34
M02250,B02,2026-02-23,Maria Reyes,M,25-34
M02251,B02,2026-02-06,Paolo Torres,F,25-34
M02252,B02,2026-02-14,Kristine Cruz,M,25-34
M02253,B02,2026-02-17,Joshua Cruz,M,45+
M02254,B02,2026-02-20,Angel Mendoza,F,18-24
M02255,B02,2026-02-19,Maria Flores,F,25-34
M02256,B02,2026-02-13,Jose Castro,M,35-44
M02257,B02,2026-02-14,Miguel Belleza,M,25-34
M02258,B02,2026-02-26,Kristine Belleza,M,25-34
M02259,B02,2026-02-14,Patricia Torres,F,25-34
M02260,B02,2026-02-14,Miguel Belleza,M,25-34
M02261,B02,2026-02-14,Jasmine Navarro,M,35-44
M02262,B02,2026-02-15,Ramon Ramos,F,45+
M02263,B02,2026-02-07,Trisha Castillo,F,18-24
M02264,B02,2026-02-26,Paolo Flores,M,35-44
M02265,B02,2026-02-16,Joshua Aquino,M,18-24
M02266,B02,2026-02-10,Carlo Fernandez,M,25-34
M02267,B02,2026-02-11,Erika Reyes,F,25-34
M02268,B02,2026-02-23,Carlo Villanueva,F,18-24
M02269,B02,2026-02-10,Ana Castro,M,18-24
M02270,B02,2026-02-28,Jasmine Lopez,M,25-34
M02271,B02,2026-02-16,Erika Dela Cruz,F,18-24
M02272,B02,2026-02-19,Luis Aquino,M,18-24
M02273,B02,2026-02-27,Erika Lopez,M,25-34
M02274,B02,2026-02-18,Kristine Gonzales,M,35-44
M02275,B02,2026-02-15,Miguel Mendoza,F,25-34
M02276,B02,2026-02-04,Carlo Castro,M,25-34
M02277,B02,2026-02-16,Kevin Belleza,M,45+
M02278,B02,2026-02-12,Angel Mendoza,M,18-24
M02279,B02,2026-02-12,Carlo Belleza,M,25-34
M02280,B02,2026-02-16,Miguel Belleza,F,18-24
M02281,B02,2026-02-20,Paolo Ramos,F,18-24
M02282,B02,2026-02-25,Camille Gonzales,F,18-24
M02283,B02,2026-02-24,Luis Villanueva,F,25-34
M02284,B02,2026-02-04,Miguel Navarro,F,18-24
M02285,B02,2026-02-05,Joshua Cruz,M,35-44
M02286,B02,2026-02-17,Juan Mendoza,F,35-44
M02287,B02,2026-02-17,Rafael Bautista,F,35-44
M02288,B02,2026-02-01,John Lopez,M,35-44
M02289,B02,2026-02-20,Juan Fernandez,M,18-24
M02290,B02,2026-02-01,Patricia Cruz,M,45+
M02291,B02,2026-03-02,Jose Gonzales,M,35-44
M02292,B02,2026-03-14,Mark Lopez,F,25-34
M02293,B02,2026-03-29,Bea Santos,M,45+
M02294,B02,2026-03-16,Paolo Ramos,M,25-34
M02295,B02,2026-03-05,Nicole Lopez,F,18-24
M02296,B02,2026-03-13,Nicole Ramos,F,25-34
M02297,B02,2026-03-18,Kevin Ramos,M,18-24
M02298,B02,2026-03-28,Kevin Garcia,F,25-34
M02299,B02,2026-03-02,Erika Cruz,M,18-24
M02300,B02,2026-03-26,Carlo Bautista,M,35-44
M02301,B02,2026-03-13,Joshua Santos,F,25-34
M02302,B02,2026-03-03,Miguel Lopez,M,18-24
M02303,B02,2026-03-07,Maria Dela Cruz,M,18-24
M02304,B02,2026-03-16,Miguel Santos,F,25-34
M02305,B02,2026-03-26,Luis Villanueva,M,25-34
M02306,B02,2026-03-17,Mark Mendoza,F,25-34
M02307,B02,2026-03-03,John Cruz,F,35-44
M02308,B02,2026-03-01,Rafael Reyes,M,25-34
M02309,B02,2026-03-03,Paolo Cruz,M,18-24
M02310,B02,2026-03-08,Maria Dela Cruz,M,35-44
M02311,B02,2026-03-27,Camille Cruz,F,25-34
M02312,B02,2026-03-12,Camille Santos,F,18-24
M02313,B02,2026-03-16,Patricia Villanueva,M,18-24
M02314,B02,2026-03-16,Ana Aquino,M,25-34
M02315,B02,2026-03-25,Erika Lopez,F,25-34
M02316,B02,2026-03-13,Ana Reyes,F,25-34
M02317,B02,2026-03-11,Joshua Belleza,M,35-44
M02318,B02,2026-03-09,Jasmine Arcenas,M,25-34
M02319,B02,2026-03-13,Ramon Castro,M,25-34
M02320,B02,2026-03-30,Nicole Mendoza,F,25-34
M02321,B02,2026-03-19,Erika Aquino,F,35-44
M02322,B02,2026-03-20,Nicole Reyes,M,45+
M02323,B02,2026-03-07,Kevin Belleza,F,25-34
M02324,B02,2026-03-21,Bea Castillo,M,45+
M02325,B02,2026-03-10,Nicole Cruz,F,25-34
M02326,B02,2026-03-20,Maria Lopez,F,45+
M02327,B02,2026-03-31,Patricia Santos,M,35-44
M02328,B02,2026-03-02,Kevin Gonzales,F,18-24
M02329,B02,2026-03-02,Carlo Flores,F,18-24
M02330,B02,2026-03-05,Ramon Bautista,M,45+
M02331,B02,2026-03-17,Nicole Torres,M,35-44
M02332,B02,2026-03-16,Jose Garcia,F,25-34
M02333,B02,2026-03-13,Luis Gonzales,M,18-24
M02334,B02,2026-03-05,Patricia Torres,F,18-24
M02335,B02,2026-03-16,Nicole Torres,F,25-34
M02336,B02,2026-03-28,Joshua Torres,M,25-34
M02337,B02,2026-03-03,John Lopez,F,25-34
M02338,B02,2026-03-09,Luis Bautista,F,35-44
M02339,B02,2026-03-02,Carlo Fernandez,M,45+
M02340,B02,2026-03-12,Camille Ramos,M,25-34
M02341,B02,2026-03-16,Andrea Aquino,M,35-44
M02342,B02,2026-04-25,Miguel Castillo,M,18-24
M02343,B02,2026-04-08,Jasmine Belleza,F,45+
M02344,B02,2026-04-26,Patricia Villanueva,M,18-24
M02345,B02,2026-04-09,Trisha Torres,M,35-44
M02346,B02,2026-04-15,Paolo Torres,F,18-24
M02347,B02,2026-04-01,Rafael Aquino,F,18-24
M02348,B02,2026-04-17,Andrea Castro,F,35-44
M02349,B02,2026-04-29,Kristine Castillo,M,18-24
M02350,B02,2026-04-10,John Castillo,F,25-34
M02351,B02,2026-04-02,Juan Arcenas,M,25-34
M02352,B02,2026-04-01,Maria Gonzales,F,25-34
M02353,B02,2026-04-21,Kristine Belleza,M,18-24
M02354,B02,2026-04-13,Bea Garcia,M,35-44
M02355,B02,2026-04-09,Trisha Belleza,M,35-44
M02356,B02,2026-04-12,Ana Flores,F,18-24
M02357,B02,2026-04-24,Luis Mendoza,M,45+
M02358,B02,2026-04-26,Angel Cruz,M,18-24
M02359,B02,2026-04-24,Miguel Cruz,M,18-24
M02360,B02,2026-04-25,Mark Ramos,M,35-44
M02361,B02,2026-04-23,Rafael Fernandez,M,25-34
M02362,B02,2026-04-27,Paolo Lopez,M,18-24
M02363,B02,2026-04-10,Patricia Cruz,F,45+
M02364,B02,2026-04-21,Nicole Belleza,M,35-44
M02365,B02,2026-04-06,Luis Santos,F,25-34
M02366,B02,2026-04-19,Angel Torres,M,18-24
M02367,B02,2026-04-16,Angel Santos,F,25-34
M02368,B02,2026-04-04,Joshua Torres,F,18-24
M02369,B02,2026-04-02,Ana Mendoza,F,18-24
M02370,B02,2026-04-04,Ramon Castillo,M,25-34
M02371,B02,2026-04-21,Miguel Flores,F,18-24
M02372,B02,2026-04-04,Ramon Torres,F,35-44
M02373,B02,2026-04-15,Ana Reyes,M,25-34
M02374,B02,2026-04-26,Camille Gonzales,M,35-44
M02375,B02,2026-04-28,Juan Ramos,M,25-34
M02376,B02,2026-04-11,Jasmine Arcenas,M,25-34
M02377,B02,2026-04-14,Bea Navarro,F,18-24
M02378,B02,2026-04-17,Nicole Flores,M,25-34
M02379,B02,2026-04-29,Patricia Bautista,F,18-24
M02380,B02,2026-04-12,Paolo Santos,M,45+
M02381,B02,2026-04-10,Camille Flores,F,18-24
M02382,B02,2026-04-20,Jose Mendoza,F,35-44
M02383,B02,2026-04-24,Kristine Aquino,F,18-24
M02384,B02,2026-04-18,Ramon Flores,M,35-44
M02385,B02,2026-04-11,Joshua Ramos,F,25-34
M02386,B02,2026-04-01,Maria Bautista,M,25-34
M02387,B02,2026-04-18,Camille Castro,M,45+
M02388,B02,2026-04-23,Camille Cruz,F,25-34
M02389,B02,2026-04-24,Mark Garcia,F,18-24
M02390,B02,2026-04-06,Erika Gonzales,M,25-34
M02391,B02,2026-04-20,Angel Flores,F,18-24
M02392,B02,2026-04-27,Kevin Bautista,F,18-24
M02393,B02,2026-04-16,Maria Reyes,M,25-34
M02394,B02,2026-05-20,Paolo Gonzales,M,35-44
M02395,B02,2026-05-05,John Arcenas,F,35-44
M02396,B02,2026-05-27,Erika Aquino,M,25-34
M02397,B02,2026-05-30,Kristine Arcenas,M,25-34
M02398,B02,2026-05-25,Maria Arcenas,M,35-44
M02399,B02,2026-05-22,Ana Bautista,F,35-44
M02400,B02,2026-05-04,Carlo Gonzales,M,25-34
M02401,B02,2026-05-28,Andrea Cruz,M,35-44
M02402,B02,2026-05-07,Carlo Navarro,F,18-24
M02403,B02,2026-05-04,Angel Garcia,F,25-34
M02404,B02,2026-05-03,John Reyes,M,45+
M02405,B02,2026-05-02,Kristine Torres,M,45+
M02406,B02,2026-05-08,Angel Cruz,F,25-34
M02407,B02,2026-05-27,Erika Flores,M,18-24
M02408,B02,2026-05-04,Patricia Ramos,M,45+
M02409,B02,2026-05-03,Rafael Ramos,F,18-24
M02410,B02,2026-05-25,Bea Garcia,M,45+
M02411,B02,2026-05-14,Miguel Villanueva,M,25-34
M02412,B02,2026-05-02,Camille Castillo,F,18-24
M02413,B02,2026-05-26,Kevin Dela Cruz,F,25-34
M02414,B02,2026-05-28,Camille Aquino,F,25-34
M02415,B02,2026-05-17,Juan Fernandez,F,18-24
M02416,B02,2026-05-21,Erika Dela Cruz,F,35-44
M02417,B02,2026-05-16,Miguel Aquino,F,45+
M02418,B02,2026-05-17,Rafael Gonzales,M,25-34
M02419,B02,2026-05-27,Erika Flores,F,18-24
M02420,B02,2026-05-02,Rafael Fernandez,M,45+
M02421,B02,2026-05-10,Carlo Cruz,M,35-44
M02422,B02,2026-05-13,Joshua Gonzales,M,35-44
M02423,B02,2026-05-06,Ana Fernandez,F,18-24
M02424,B02,2026-05-29,Andrea Aquino,F,25-34
M02425,B02,2026-05-19,Erika Dela Cruz,M,18-24
M02426,B02,2026-05-13,Paolo Gonzales,F,25-34
M02427,B02,2026-05-06,Paolo Ramos,M,45+
M02428,B02,2026-05-03,Kevin Bautista,F,35-44
M02429,B02,2026-05-03,Mark Lopez,M,45+
M02430,B02,2026-05-23,Trisha Fernandez,M,18-24
M02431,B02,2026-05-21,Ana Dela Cruz,F,18-24
M02432,B02,2026-05-15,Andrea Reyes,F,25-34
M02433,B02,2026-05-31,Paolo Aquino,M,18-24
M02434,B02,2026-05-05,Juan Ramos,F,35-44
M02435,B02,2026-05-30,Rafael Ramos,M,45+
M02436,B02,2026-05-21,Andrea Reyes,F,45+
M02437,B02,2026-05-26,Erika Cruz,M,18-24
M02438,B02,2026-05-09,Rafael Cruz,M,25-34
M02439,B02,2026-05-14,Bea Santos,F,35-44
M02440,B02,2026-05-16,Camille Villanueva,F,25-34
M02441,B02,2026-05-04,Trisha Santos,F,25-34
M02442,B02,2026-05-13,Maria Mendoza,F,25-34
M02443,B02,2026-06-30,Ramon Torres,F,35-44
M02444,B02,2026-06-04,Paolo Flores,F,25-34
M02445,B02,2026-06-18,Joshua Santos,F,35-44
M02446,B02,2026-06-05,Angel Garcia,M,35-44
M02447,B02,2026-06-18,Nicole Navarro,M,25-34
M02448,B02,2026-06-12,Jasmine Arcenas,M,18-24
M02449,B02,2026-06-29,Ana Aquino,M,25-34
M02450,B02,2026-06-01,Rafael Gonzales,M,35-44
M02451,B02,2026-06-04,Ana Villanueva,M,45+
M02452,B02,2026-06-11,Paolo Torres,F,25-34
M02453,B02,2026-06-01,Ana Belleza,F,18-24
M02454,B02,2026-06-25,Juan Castro,M,18-24
M02455,B02,2026-06-07,Erika Fernandez,M,18-24
M02456,B02,2026-06-19,Trisha Garcia,F,25-34
M02457,B02,2026-06-17,Ana Mendoza,F,45+
M02458,B02,2026-06-16,Jasmine Cruz,M,18-24
M02459,B02,2026-06-02,Patricia Fernandez,F,35-44
M02460,B02,2026-06-11,Andrea Lopez,M,25-34
M02461,B02,2026-06-19,Ramon Reyes,M,18-24
M02462,B02,2026-06-15,Carlo Dela Cruz,M,25-34
M02463,B02,2026-06-18,Maria Fernandez,M,35-44
M02464,B02,2026-06-28,Kevin Bautista,F,25-34
M02465,B02,2026-06-02,Luis Fernandez,F,35-44
M02466,B02,2026-06-11,Kristine Castillo,F,18-24
M02467,B02,2026-06-24,Erika Gonzales,M,18-24
M02468,B02,2026-06-14,Trisha Gonzales,M,25-34
M02469,B02,2026-06-03,John Cruz,M,25-34
M02470,B02,2026-06-05,Patricia Belleza,M,18-24
M02471,B02,2026-06-08,Trisha Lopez,M,25-34
M02472,B02,2026-06-17,Jose Flores,M,25-34
M02473,B02,2026-06-28,Kristine Dela Cruz,F,45+
M02474,B02,2026-06-26,Patricia Flores,M,35-44
M02475,B02,2026-06-24,Patricia Mendoza,F,25-34
M02476,B02,2026-06-25,John Castillo,M,25-34
M02477,B02,2026-06-24,Ana Santos,F,18-24
M02478,B02,2026-06-10,Jose Flores,F,35-44
M02479,B02,2026-06-23,Patricia Dela Cruz,F,25-34
M02480,B02,2026-06-04,Paolo Lopez,F,25-34
M02481,B02,2026-06-19,Rafael Garcia,M,25-34
M02482,B02,2026-06-14,Maria Navarro,F,25-34
M02483,B02,2026-06-16,Miguel Torres,M,18-24
M02484,B02,2026-06-13,John Lopez,M,18-24
M02485,B02,2026-06-08,Camille Ramos,M,18-24
M02486,B02,2026-06-25,Patricia Garcia,F,25-34
M02487,B02,2026-06-16,Rafael Arcenas,M,18-24
M02488,B03,2024-01-12,Mark Mendoza,M,25-34
M02489,B03,2024-01-24,Angel Navarro,F,25-34
M02490,B03,2023-03-23,Jasmine Castro,M,25-34
M02491,B03,2023-08-01,Juan Ramos,F,25-34
M02492,B03,2022-09-06,Nicole Castro,F,25-34
M02493,B03,2023-11-23,Bea Navarro,F,35-44
M02494,B03,2022-10-06,Rafael Villanueva,F,18-24
M02495,B03,2024-03-17,Patricia Navarro,F,18-24
M02496,B03,2024-10-06,Kristine Dela Cruz,M,18-24
M02497,B03,2022-07-25,Patricia Gonzales,M,45+
M02498,B03,2024-08-23,Miguel Cruz,M,35-44
M02499,B03,2022-12-10,Andrea Castillo,M,25-34
M02500,B03,2022-08-03,Miguel Fernandez,M,25-34
M02501,B03,2023-05-18,John Santos,M,18-24
M02502,B03,2022-08-04,Miguel Mendoza,M,25-34
M02503,B03,2023-01-29,Angel Reyes,M,45+
M02504,B03,2024-03-04,Andrea Flores,M,18-24
M02505,B03,2022-08-10,Jose Navarro,M,18-24
M02506,B03,2024-07-08,Bea Ramos,M,25-34
M02507,B03,2024-04-24,Erika Fernandez,M,25-34
M02508,B03,2024-03-09,Bea Torres,M,25-34
M02509,B03,2024-06-22,Jasmine Bautista,M,25-34
M02510,B03,2023-02-08,Mark Castillo,F,35-44
M02511,B03,2023-10-04,Kevin Mendoza,F,25-34
M02512,B03,2023-02-13,Jose Mendoza,M,25-34
M02513,B03,2024-05-21,Luis Mendoza,F,25-34
M02514,B03,2024-04-27,Luis Bautista,F,45+
M02515,B03,2024-06-04,Patricia Ramos,M,18-24
M02516,B03,2023-08-14,Carlo Castro,F,25-34
M02517,B03,2023-11-03,Ana Flores,F,18-24
M02518,B03,2024-01-20,Angel Bautista,M,35-44
M02519,B03,2024-01-12,Ana Reyes,F,35-44
M02520,B03,2024-04-13,Miguel Santos,M,35-44
M02521,B03,2023-01-12,Ramon Bautista,M,25-34
M02522,B03,2022-11-12,Trisha Belleza,F,35-44
M02523,B03,2022-07-25,Luis Flores,F,25-34
M02524,B03,2023-05-14,Rafael Santos,M,18-24
M02525,B03,2023-02-12,Bea Bautista,M,25-34
M02526,B03,2024-04-13,Mark Gonzales,F,18-24
M02527,B03,2023-03-26,Jose Santos,M,25-34
M02528,B03,2024-08-11,Rafael Fernandez,M,25-34
M02529,B03,2022-09-10,Andrea Navarro,F,18-24
M02530,B03,2023-10-22,Patricia Villanueva,F,35-44
M02531,B03,2023-11-09,Maria Reyes,F,25-34
M02532,B03,2024-04-15,Carlo Reyes,M,25-34
M02533,B03,2024-08-22,Angel Santos,F,25-34
M02534,B03,2023-09-14,Carlo Castro,M,35-44
M02535,B03,2023-05-08,Carlo Garcia,M,25-34
M02536,B03,2024-06-22,Patricia Gonzales,M,18-24
M02537,B03,2024-07-31,Erika Lopez,M,18-24
M02538,B03,2023-11-03,Kevin Castillo,M,25-34
M02539,B03,2023-02-25,Bea Arcenas,M,45+
M02540,B03,2023-03-28,Luis Villanueva,M,25-34
M02541,B03,2024-08-24,Nicole Gonzales,F,18-24
M02542,B03,2023-10-31,Kristine Villanueva,M,18-24
M02543,B03,2023-08-12,John Lopez,F,45+
M02544,B03,2023-05-02,Maria Reyes,M,45+
M02545,B03,2024-05-23,Paolo Gonzales,F,35-44
M02546,B03,2023-02-08,Angel Arcenas,F,35-44
M02547,B03,2024-02-18,Kristine Fernandez,M,35-44
M02548,B03,2024-04-21,Andrea Reyes,M,25-34
M02549,B03,2023-04-10,Juan Garcia,F,35-44
M02550,B03,2023-01-28,Angel Fernandez,M,25-34
M02551,B03,2023-01-16,Joshua Flores,M,45+
M02552,B03,2024-09-17,Patricia Reyes,F,25-34
M02553,B03,2023-08-02,Jasmine Castro,M,25-34
M02554,B03,2024-02-29,Angel Reyes,M,25-34
M02555,B03,2024-03-09,Rafael Mendoza,M,25-34
M02556,B03,2023-06-28,Rafael Gonzales,F,45+
M02557,B03,2023-10-11,Mark Gonzales,F,18-24
M02558,B03,2024-03-17,Paolo Belleza,M,25-34
M02559,B03,2023-04-10,Angel Villanueva,M,25-34
M02560,B03,2024-10-22,Kristine Mendoza,F,18-24
M02561,B03,2022-12-03,Camille Torres,F,35-44
M02562,B03,2024-11-23,Paolo Garcia,M,25-34
M02563,B03,2024-06-13,Mark Garcia,F,45+
M02564,B03,2023-11-25,Ramon Gonzales,M,35-44
M02565,B03,2024-03-22,Miguel Lopez,M,35-44
M02566,B03,2022-10-31,Joshua Flores,F,18-24
M02567,B03,2023-02-08,Andrea Navarro,M,25-34
M02568,B03,2023-10-31,John Gonzales,F,18-24
M02569,B03,2024-02-26,Luis Ramos,F,45+
M02570,B03,2023-09-02,Maria Santos,M,18-24
M02571,B03,2023-02-09,Carlo Reyes,F,25-34
M02572,B03,2022-10-03,Rafael Mendoza,M,25-34
M02573,B03,2023-01-30,Kristine Flores,M,18-24
M02574,B03,2024-05-22,Bea Torres,F,18-24
M02575,B03,2024-04-15,Nicole Santos,M,25-34
M02576,B03,2024-06-13,Jasmine Villanueva,M,25-34
M02577,B03,2024-01-29,Kristine Villanueva,F,35-44
M02578,B03,2023-03-08,Erika Fernandez,F,35-44
M02579,B03,2023-09-09,Kevin Fernandez,M,35-44
M02580,B03,2023-07-29,Juan Castillo,F,35-44
M02581,B03,2024-04-16,Trisha Villanueva,F,18-24
M02582,B03,2024-01-17,Jose Garcia,F,35-44
M02583,B03,2022-07-27,Jasmine Belleza,M,18-24
M02584,B03,2024-10-19,Miguel Reyes,M,25-34
M02585,B03,2023-03-31,Andrea Flores,M,35-44
M02586,B03,2024-11-16,Andrea Gonzales,F,25-34
M02587,B03,2024-04-21,Rafael Belleza,M,25-34
M02588,B03,2022-12-22,Paolo Torres,M,35-44
M02589,B03,2023-11-30,Nicole Ramos,F,25-34
M02590,B03,2023-04-16,Maria Villanueva,M,45+
M02591,B03,2024-07-01,Jose Flores,M,25-34
M02592,B03,2024-02-15,Nicole Navarro,F,18-24
M02593,B03,2023-06-20,Angel Dela Cruz,F,25-34
M02594,B03,2023-07-11,Rafael Garcia,F,25-34
M02595,B03,2024-11-24,Mark Belleza,F,18-24
M02596,B03,2023-08-29,Andrea Torres,F,18-24
M02597,B03,2022-10-26,Joshua Santos,M,18-24
M02598,B03,2023-02-01,Angel Arcenas,M,18-24
M02599,B03,2024-01-16,Trisha Mendoza,M,18-24
M02600,B03,2023-02-11,Nicole Castillo,M,25-34
M02601,B03,2023-01-31,Carlo Ramos,F,25-34
M02602,B03,2023-08-04,Angel Castillo,M,25-34
M02603,B03,2024-02-19,Ramon Cruz,M,25-34
M02604,B03,2023-10-29,Paolo Flores,M,25-34
M02605,B03,2022-12-23,Ramon Navarro,M,18-24
M02606,B03,2024-05-11,Rafael Castillo,M,18-24
M02607,B03,2022-10-08,Juan Cruz,M,18-24
M02608,B03,2024-02-06,Joshua Reyes,F,25-34
M02609,B03,2024-10-24,Camille Arcenas,M,35-44
M02610,B03,2023-08-05,Kevin Fernandez,F,18-24
M02611,B03,2023-12-17,Juan Bautista,M,18-24
M02612,B03,2023-05-12,Juan Lopez,F,25-34
M02613,B03,2023-07-10,Erika Arcenas,F,35-44
M02614,B03,2023-02-05,Mark Aquino,F,18-24
M02615,B03,2023-11-21,Ana Flores,F,25-34
M02616,B03,2023-09-18,Rafael Arcenas,F,18-24
M02617,B03,2023-12-25,Andrea Cruz,M,25-34
M02618,B03,2023-04-08,Carlo Dela Cruz,F,18-24
M02619,B03,2024-10-18,Paolo Cruz,F,18-24
M02620,B03,2022-10-04,Maria Reyes,F,25-34
M02621,B03,2024-10-15,Kevin Fernandez,M,18-24
M02622,B03,2022-11-26,Angel Flores,M,18-24
M02623,B03,2023-01-31,Trisha Aquino,F,18-24
M02624,B03,2024-04-03,Andrea Mendoza,M,18-24
M02625,B03,2024-07-14,Kristine Gonzales,M,25-34
M02626,B03,2024-10-04,Kristine Santos,M,25-34
M02627,B03,2023-07-09,Ana Reyes,F,25-34
M02628,B03,2023-02-13,Jose Belleza,F,25-34
M02629,B03,2023-04-06,Mark Bautista,M,35-44
M02630,B03,2023-08-18,Andrea Dela Cruz,M,35-44
M02631,B03,2023-01-09,Luis Garcia,F,18-24
M02632,B03,2024-08-12,Angel Reyes,M,35-44
M02633,B03,2023-08-09,Rafael Aquino,M,25-34
M02634,B03,2024-07-31,John Villanueva,M,25-34
M02635,B03,2023-04-02,Juan Santos,M,25-34
M02636,B03,2024-06-24,Mark Navarro,M,45+
M02637,B03,2023-12-06,Angel Dela Cruz,F,18-24
M02638,B03,2024-10-02,Erika Castro,F,25-34
M02639,B03,2023-03-15,Jasmine Aquino,M,25-34
M02640,B03,2023-02-22,Ramon Aquino,M,18-24
M02641,B03,2024-08-19,Rafael Ramos,F,35-44
M02642,B03,2024-09-22,Kristine Villanueva,M,45+
M02643,B03,2023-12-19,John Mendoza,F,25-34
M02644,B03,2022-11-12,Kevin Reyes,F,45+
M02645,B03,2022-12-06,Carlo Aquino,F,18-24
M02646,B03,2023-07-14,Andrea Navarro,M,18-24
M02647,B03,2023-05-15,Kevin Castillo,M,35-44
M02648,B03,2023-06-03,Bea Garcia,M,25-34
M02649,B03,2023-02-24,Andrea Reyes,M,18-24
M02650,B03,2024-01-05,Ramon Fernandez,M,45+
M02651,B03,2023-04-23,Angel Arcenas,F,45+
M02652,B03,2023-03-14,Camille Flores,F,18-24
M02653,B03,2023-08-27,Bea Villanueva,F,25-34
M02654,B03,2023-07-14,Jose Cruz,M,25-34
M02655,B03,2023-08-16,Andrea Flores,F,25-34
M02656,B03,2023-01-16,Erika Dela Cruz,F,18-24
M02657,B03,2023-12-20,Rafael Fernandez,M,18-24
M02658,B03,2024-08-24,Maria Reyes,M,18-24
M02659,B03,2024-03-02,Ana Ramos,M,25-34
M02660,B03,2023-10-27,Jose Santos,M,25-34
M02661,B03,2023-04-24,Jasmine Gonzales,M,25-34
M02662,B03,2022-08-28,Nicole Ramos,M,25-34
M02663,B03,2022-09-12,Paolo Flores,F,25-34
M02664,B03,2024-02-12,Ramon Cruz,F,18-24
M02665,B03,2024-06-01,Miguel Cruz,M,25-34
M02666,B03,2024-10-21,Paolo Gonzales,F,45+
M02667,B03,2023-12-19,Mark Castillo,M,45+
M02668,B03,2024-10-10,Kevin Arcenas,M,25-34
M02669,B03,2022-08-18,Paolo Bautista,M,35-44
M02670,B03,2024-09-12,Juan Reyes,F,45+
M02671,B03,2022-10-01,Angel Lopez,M,25-34
M02672,B03,2023-04-29,Kevin Fernandez,F,25-34
M02673,B03,2023-10-23,Mark Mendoza,M,18-24
M02674,B03,2024-07-04,John Villanueva,M,25-34
M02675,B03,2023-12-24,Jasmine Fernandez,F,25-34
M02676,B03,2023-04-29,Miguel Garcia,F,45+
M02677,B03,2022-11-22,Angel Lopez,F,25-34
M02678,B03,2023-03-27,Trisha Villanueva,M,18-24
M02679,B03,2023-11-05,Carlo Aquino,F,18-24
M02680,B03,2023-05-11,Carlo Castro,M,35-44
M02681,B03,2023-02-19,Jose Castillo,M,25-34
M02682,B03,2023-12-01,Camille Cruz,M,35-44
M02683,B03,2024-01-11,Angel Castillo,M,25-34
M02684,B03,2023-02-14,Patricia Fernandez,M,18-24
M02685,B03,2024-08-01,Carlo Belleza,F,18-24
M02686,B03,2023-06-19,Mark Aquino,M,18-24
M02687,B03,2024-01-13,Luis Fernandez,M,25-34
M02688,B03,2022-09-06,Camille Arcenas,M,18-24
M02689,B03,2024-03-25,Andrea Torres,M,25-34
M02690,B03,2023-03-30,Joshua Flores,F,18-24
M02691,B03,2024-05-25,Angel Cruz,F,25-34
M02692,B03,2023-01-06,Juan Castro,M,18-24
M02693,B03,2023-07-26,Maria Flores,F,25-34
M02694,B03,2024-09-07,Jose Santos,M,18-24
M02695,B03,2022-12-10,Joshua Lopez,M,25-34
M02696,B03,2023-03-13,Andrea Cruz,F,35-44
M02697,B03,2024-02-11,Erika Torres,M,45+
M02698,B03,2023-08-01,Paolo Castro,F,45+
M02699,B03,2024-08-14,Luis Cruz,F,18-24
M02700,B03,2023-09-30,John Villanueva,F,18-24
M02701,B03,2024-07-21,Trisha Reyes,M,35-44
M02702,B03,2024-02-04,Juan Aquino,F,35-44
M02703,B03,2024-01-10,Luis Santos,F,25-34
M02704,B03,2023-10-20,Maria Aquino,F,25-34
M02705,B03,2024-04-06,Nicole Belleza,M,25-34
M02706,B03,2023-05-16,Ana Torres,M,25-34
M02707,B03,2023-10-15,Nicole Mendoza,F,18-24
M02708,B03,2023-09-01,Mark Navarro,F,18-24
M02709,B03,2023-02-25,Paolo Navarro,M,25-34
M02710,B03,2022-10-18,Joshua Gonzales,M,25-34
M02711,B03,2022-10-25,Andrea Reyes,F,25-34
M02712,B03,2023-06-10,Paolo Gonzales,F,25-34
M02713,B03,2024-05-03,Kristine Garcia,F,18-24
M02714,B03,2022-10-04,Paolo Mendoza,F,25-34
M02715,B03,2023-12-06,Trisha Gonzales,M,25-34
M02716,B03,2023-11-07,Trisha Castro,M,18-24
M02717,B03,2023-03-13,Rafael Lopez,F,25-34
M02718,B03,2022-10-11,Patricia Navarro,F,18-24
M02719,B03,2024-05-15,Bea Mendoza,F,25-34
M02720,B03,2024-07-31,Trisha Villanueva,M,25-34
M02721,B03,2023-10-11,Juan Reyes,F,35-44
M02722,B03,2022-12-15,Jasmine Flores,M,25-34
M02723,B03,2023-06-23,Rafael Fernandez,F,25-34
M02724,B03,2023-03-12,Carlo Ramos,F,18-24
M02725,B03,2023-09-06,John Castro,M,18-24
M02726,B03,2023-02-15,Paolo Gonzales,M,25-34
M02727,B03,2023-03-20,Mark Lopez,M,18-24
M02728,B03,2025-01-09,Erika Garcia,F,25-34
M02729,B03,2025-01-04,Maria Cruz,M,18-24
M02730,B03,2025-01-16,Kevin Bautista,M,45+
M02731,B03,2025-01-21,Bea Flores,M,25-34
M02732,B03,2025-01-20,Jasmine Torres,M,35-44
M02733,B03,2025-01-28,Rafael Cruz,M,45+
M02734,B03,2025-01-29,Nicole Bautista,M,25-34
M02735,B03,2025-01-28,Carlo Navarro,M,18-24
M02736,B03,2025-01-18,Maria Mendoza,F,35-44
M02737,B03,2025-01-20,Juan Fernandez,F,18-24
M02738,B03,2025-01-02,Patricia Cruz,F,35-44
M02739,B03,2025-01-25,Paolo Navarro,F,25-34
M02740,B03,2025-01-14,Kristine Lopez,M,35-44
M02741,B03,2025-01-22,Maria Mendoza,M,35-44
M02742,B03,2025-01-28,Andrea Cruz,F,45+
M02743,B03,2025-01-11,Paolo Dela Cruz,F,18-24
M02744,B03,2025-01-24,John Santos,M,25-34
M02745,B03,2025-01-18,Mark Navarro,M,18-24
M02746,B03,2025-01-11,Carlo Torres,M,18-24
M02747,B03,2025-01-30,Maria Fernandez,F,18-24
M02748,B03,2025-01-03,Trisha Villanueva,M,25-34
M02749,B03,2025-01-18,Ana Villanueva,M,35-44
M02750,B03,2025-01-05,Andrea Lopez,M,35-44
M02751,B03,2025-01-30,Andrea Garcia,M,25-34
M02752,B03,2025-01-13,Mark Garcia,M,25-34
M02753,B03,2025-01-29,Ramon Dela Cruz,M,35-44
M02754,B03,2025-01-22,Maria Fernandez,M,25-34
M02755,B03,2025-01-23,Camille Mendoza,M,25-34
M02756,B03,2025-01-02,Bea Dela Cruz,M,18-24
M02757,B03,2025-02-14,Ana Ramos,M,35-44
M02758,B03,2025-02-11,Maria Castro,M,18-24
M02759,B03,2025-02-14,Paolo Garcia,M,18-24
M02760,B03,2025-02-04,Jose Reyes,F,35-44
M02761,B03,2025-02-10,Bea Mendoza,M,45+
M02762,B03,2025-02-09,Bea Belleza,F,25-34
M02763,B03,2025-02-03,Miguel Castillo,M,18-24
M02764,B03,2025-02-08,Nicole Fernandez,M,35-44
M02765,B03,2025-02-17,Maria Mendoza,M,35-44
M02766,B03,2025-02-25,Joshua Villanueva,F,18-24
M02767,B03,2025-02-16,Nicole Belleza,F,18-24
M02768,B03,2025-02-13,Juan Reyes,F,35-44
M02769,B03,2025-02-11,Bea Belleza,M,18-24
M02770,B03,2025-02-04,Trisha Santos,M,25-34
M02771,B03,2025-02-24,Nicole Aquino,M,45+
M02772,B03,2025-02-12,Jasmine Santos,F,45+
M02773,B03,2025-02-24,Jose Villanueva,M,35-44
M02774,B03,2025-02-18,John Lopez,F,25-34
M02775,B03,2025-02-11,Jasmine Garcia,F,18-24
M02776,B03,2025-02-08,Maria Aquino,M,18-24
M02777,B03,2025-02-03,Angel Gonzales,F,25-34
M02778,B03,2025-03-20,Paolo Mendoza,F,35-44
M02779,B03,2025-03-03,Ana Dela Cruz,M,25-34
M02780,B03,2025-03-22,Patricia Navarro,M,18-24
M02781,B03,2025-03-14,Kevin Mendoza,F,25-34
M02782,B03,2025-03-09,Andrea Belleza,F,25-34
M02783,B03,2025-03-23,Jose Torres,M,18-24
M02784,B03,2025-03-23,John Arcenas,M,35-44
M02785,B03,2025-03-10,Kristine Flores,M,25-34
M02786,B03,2025-03-28,Rafael Lopez,F,18-24
M02787,B03,2025-03-09,Juan Flores,M,18-24
M02788,B03,2025-03-03,Erika Navarro,F,25-34
M02789,B03,2025-03-11,Erika Navarro,M,25-34
M02790,B03,2025-03-25,Bea Ramos,F,25-34
M02791,B03,2025-03-26,Kevin Torres,M,18-24
M02792,B03,2025-03-09,Ramon Torres,F,18-24
M02793,B03,2025-03-01,Juan Fernandez,M,25-34
M02794,B03,2025-03-08,Trisha Lopez,F,18-24
M02795,B03,2025-03-05,Nicole Castillo,F,25-34
M02796,B03,2025-03-22,Bea Navarro,F,25-34
M02797,B03,2025-03-21,Nicole Castro,F,18-24
M02798,B03,2025-03-04,Ramon Garcia,M,25-34
M02799,B03,2025-03-05,Juan Villanueva,M,18-24
M02800,B03,2025-03-13,Mark Torres,F,18-24
M02801,B03,2025-03-16,Kristine Lopez,M,18-24
M02802,B03,2025-03-11,Mark Reyes,M,18-24
M02803,B03,2025-03-24,Bea Mendoza,M,25-34
M02804,B03,2025-03-14,Miguel Lopez,M,25-34
M02805,B03,2025-03-21,Nicole Aquino,M,35-44
M02806,B03,2025-04-29,Ana Fernandez,M,18-24
M02807,B03,2025-04-02,Mark Ramos,M,25-34
M02808,B03,2025-04-20,Jasmine Fernandez,M,18-24
M02809,B03,2025-04-07,Juan Castillo,M,25-34
M02810,B03,2025-04-09,Bea Navarro,F,18-24
M02811,B03,2025-04-22,Bea Bautista,F,45+
M02812,B03,2025-04-02,Carlo Ramos,M,35-44
M02813,B03,2025-04-28,Kevin Lopez,M,18-24
M02814,B03,2025-04-26,Kevin Cruz,M,18-24
M02815,B03,2025-04-07,Rafael Fernandez,F,35-44
M02816,B03,2025-04-08,Joshua Santos,F,18-24
M02817,B03,2025-04-14,John Reyes,M,18-24
M02818,B03,2025-04-10,Camille Aquino,M,25-34
M02819,B03,2025-04-17,Luis Aquino,F,25-34
M02820,B03,2025-04-25,Erika Dela Cruz,F,45+
M02821,B03,2025-04-14,Carlo Navarro,M,25-34
M02822,B03,2025-04-02,Jasmine Dela Cruz,M,35-44
M02823,B03,2025-04-20,Andrea Castillo,F,18-24
M02824,B03,2025-04-15,Patricia Garcia,F,25-34
M02825,B03,2025-04-02,Luis Lopez,M,18-24
M02826,B03,2025-04-03,Jose Arcenas,F,25-34
M02827,B03,2025-04-05,Nicole Flores,M,45+
M02828,B03,2025-04-20,Angel Navarro,F,25-34
M02829,B03,2025-04-19,Kristine Santos,M,25-34
M02830,B03,2025-04-22,Juan Flores,M,25-34
M02831,B03,2025-04-30,Nicole Garcia,M,18-24
M02832,B03,2025-04-13,Luis Castro,F,18-24
M02833,B03,2025-05-01,Juan Castro,M,18-24
M02834,B03,2025-05-01,Juan Lopez,F,35-44
M02835,B03,2025-05-12,Mark Belleza,F,45+
M02836,B03,2025-05-16,Jose Ramos,F,25-34
M02837,B03,2025-05-04,Carlo Flores,F,18-24
M02838,B03,2025-05-04,Mark Bautista,M,35-44
M02839,B03,2025-05-10,Paolo Torres,F,18-24
M02840,B03,2025-05-08,Ramon Belleza,F,25-34
M02841,B03,2025-05-28,Erika Arcenas,M,18-24
M02842,B03,2025-05-14,Angel Santos,F,35-44
M02843,B03,2025-05-10,Camille Flores,F,25-34
M02844,B03,2025-05-13,Mark Lopez,F,45+
M02845,B03,2025-05-23,Andrea Navarro,M,18-24
M02846,B03,2025-05-31,Kristine Fernandez,M,25-34
M02847,B03,2025-05-03,Jasmine Cruz,M,25-34
M02848,B03,2025-05-21,Joshua Aquino,M,18-24
M02849,B03,2025-05-26,Trisha Torres,F,18-24
M02850,B03,2025-05-30,Ramon Mendoza,F,25-34
M02851,B03,2025-05-20,Maria Lopez,M,25-34
M02852,B03,2025-05-27,Patricia Ramos,M,25-34
M02853,B03,2025-05-23,Erika Torres,F,35-44
M02854,B03,2025-05-31,Juan Castro,M,45+
M02855,B03,2025-05-22,Kristine Navarro,M,35-44
M02856,B03,2025-06-25,Patricia Torres,M,25-34
M02857,B03,2025-06-27,Luis Ramos,M,25-34
M02858,B03,2025-06-27,Joshua Lopez,M,18-24
M02859,B03,2025-06-04,Jasmine Reyes,F,25-34
M02860,B03,2025-06-01,Trisha Lopez,F,25-34
M02861,B03,2025-06-21,Paolo Dela Cruz,M,18-24
M02862,B03,2025-06-25,John Cruz,M,18-24
M02863,B03,2025-06-06,Angel Torres,M,25-34
M02864,B03,2025-06-02,Erika Navarro,M,18-24
M02865,B03,2025-06-08,Camille Garcia,M,25-34
M02866,B03,2025-06-25,Miguel Bautista,F,25-34
M02867,B03,2025-06-03,Ana Cruz,F,25-34
M02868,B03,2025-06-19,Mark Navarro,M,25-34
M02869,B03,2025-06-26,Kristine Mendoza,F,35-44
M02870,B03,2025-06-07,Joshua Garcia,M,45+
M02871,B03,2025-06-24,Mark Bautista,M,25-34
M02872,B03,2025-06-08,Bea Flores,M,18-24
M02873,B03,2025-07-18,Trisha Garcia,F,35-44
M02874,B03,2025-07-13,Erika Flores,M,35-44
M02875,B03,2025-07-13,Kevin Aquino,F,18-24
M02876,B03,2025-07-12,Jose Mendoza,M,18-24
M02877,B03,2025-07-22,Jasmine Castillo,M,45+
M02878,B03,2025-07-15,Patricia Ramos,F,18-24
M02879,B03,2025-07-25,Jose Cruz,F,25-34
M02880,B03,2025-07-12,Maria Navarro,F,25-34
M02881,B03,2025-07-14,Jasmine Cruz,M,18-24
M02882,B03,2025-07-06,Andrea Ramos,M,18-24
M02883,B03,2025-07-09,Rafael Flores,M,18-24
M02884,B03,2025-07-14,Trisha Dela Cruz,M,18-24
M02885,B03,2025-07-12,Paolo Villanueva,M,18-24
M02886,B03,2025-07-09,Jose Bautista,F,25-34
M02887,B03,2025-07-12,Jose Mendoza,F,35-44
M02888,B03,2025-07-26,Patricia Lopez,F,18-24
M02889,B03,2025-07-14,Luis Flores,F,35-44
M02890,B03,2025-07-20,Carlo Aquino,M,25-34
M02891,B03,2025-07-16,Juan Bautista,M,18-24
M02892,B03,2025-07-28,Carlo Belleza,F,25-34
M02893,B03,2025-07-04,Kevin Arcenas,F,45+
M02894,B03,2025-07-27,Trisha Cruz,M,25-34
M02895,B03,2025-08-16,Joshua Dela Cruz,M,45+
M02896,B03,2025-08-15,Paolo Dela Cruz,F,25-34
M02897,B03,2025-08-08,Trisha Belleza,M,18-24
M02898,B03,2025-08-05,Nicole Villanueva,M,18-24
M02899,B03,2025-08-28,Paolo Arcenas,M,25-34
M02900,B03,2025-08-20,Juan Castillo,F,25-34
M02901,B03,2025-08-16,Rafael Arcenas,M,45+
M02902,B03,2025-08-15,Angel Castillo,M,45+
M02903,B03,2025-08-19,Juan Castro,F,18-24
M02904,B03,2025-08-22,Jasmine Lopez,M,35-44
M02905,B03,2025-08-25,Maria Cruz,M,18-24
M02906,B03,2025-08-24,Rafael Mendoza,M,18-24
M02907,B03,2025-08-30,Rafael Reyes,M,18-24
M02908,B03,2025-08-05,John Villanueva,M,45+
M02909,B03,2025-08-13,Paolo Mendoza,M,35-44
M02910,B03,2025-08-27,Jose Castillo,M,18-24
M02911,B03,2025-08-07,Carlo Ramos,M,25-34
M02912,B03,2025-09-15,Nicole Castro,M,45+
M02913,B03,2025-09-19,Trisha Santos,M,35-44
M02914,B03,2025-09-05,Kristine Gonzales,M,35-44
M02915,B03,2025-09-23,Rafael Santos,M,25-34
M02916,B03,2025-09-06,Ramon Garcia,M,18-24
M02917,B03,2025-09-04,Rafael Reyes,M,45+
M02918,B03,2025-09-10,Joshua Bautista,F,18-24
M02919,B03,2025-09-01,Paolo Garcia,M,25-34
M02920,B03,2025-09-10,Ana Lopez,F,25-34
M02921,B03,2025-09-27,Kevin Navarro,F,25-34
M02922,B03,2025-09-06,Joshua Garcia,M,18-24
M02923,B03,2025-09-09,Mark Reyes,M,18-24
M02924,B03,2025-09-12,Trisha Fernandez,F,25-34
M02925,B03,2025-09-01,Carlo Bautista,M,35-44
M02926,B03,2025-09-13,Rafael Cruz,F,35-44
M02927,B03,2025-09-03,Angel Torres,M,45+
M02928,B03,2025-09-06,Kristine Villanueva,F,25-34
M02929,B03,2025-09-25,Paolo Aquino,M,18-24
M02930,B03,2025-09-20,Carlo Arcenas,M,25-34
M02931,B03,2025-10-12,John Bautista,F,45+
M02932,B03,2025-10-10,Jasmine Flores,M,35-44
M02933,B03,2025-10-07,Mark Lopez,F,18-24
M02934,B03,2025-10-18,Jasmine Castro,M,35-44
M02935,B03,2025-10-23,Nicole Gonzales,M,18-24
M02936,B03,2025-10-15,Jose Lopez,M,18-24
M02937,B03,2025-10-20,Mark Fernandez,F,35-44
M02938,B03,2025-10-29,Angel Lopez,M,25-34
M02939,B03,2025-10-07,Miguel Mendoza,M,25-34
M02940,B03,2025-10-06,Paolo Torres,M,25-34
M02941,B03,2025-10-23,Ramon Flores,F,25-34
M02942,B03,2025-11-09,Kevin Gonzales,M,25-34
M02943,B03,2025-11-16,Angel Gonzales,M,18-24
M02944,B03,2025-11-24,Angel Mendoza,M,35-44
M02945,B03,2025-11-05,Kristine Gonzales,M,25-34
M02946,B03,2025-11-24,Mark Villanueva,M,25-34
M02947,B03,2025-11-27,Camille Reyes,M,25-34
M02948,B03,2025-11-05,Ramon Fernandez,F,18-24
M02949,B03,2025-11-08,Paolo Flores,M,25-34
M02950,B03,2025-11-17,Erika Villanueva,F,25-34
M02951,B03,2025-11-16,Trisha Reyes,F,25-34
M02952,B03,2025-11-06,Carlo Cruz,M,35-44
M02953,B03,2025-11-13,John Fernandez,M,18-24
M02954,B03,2025-11-22,Luis Garcia,M,35-44
M02955,B03,2025-11-25,Miguel Aquino,M,45+
M02956,B03,2025-11-25,Patricia Villanueva,M,25-34
M02957,B03,2025-11-17,Maria Castro,M,18-24
M02958,B03,2025-11-07,Jasmine Castro,M,35-44
M02959,B03,2025-12-21,Luis Castro,M,45+
M02960,B03,2025-12-19,Miguel Gonzales,M,18-24
M02961,B03,2025-12-06,Andrea Belleza,M,35-44
M02962,B03,2025-12-14,Mark Cruz,M,45+
M02963,B03,2025-12-13,Kristine Ramos,F,18-24
M02964,B03,2025-12-02,Luis Mendoza,F,18-24
M02965,B03,2025-12-28,Maria Santos,F,18-24
M02966,B03,2025-12-22,Kristine Villanueva,M,25-34
M02967,B03,2025-12-03,Luis Castillo,M,35-44
M02968,B03,2025-12-28,Kristine Dela Cruz,F,18-24
M02969,B03,2025-12-16,John Castro,M,45+
M02970,B03,2025-12-29,Rafael Lopez,F,18-24
M02971,B03,2025-12-14,Kristine Cruz,M,25-34
M02972,B03,2025-12-30,Juan Lopez,F,25-34
M02973,B03,2025-12-20,Carlo Navarro,M,35-44
M02974,B03,2026-01-29,Mark Cruz,F,18-24
M02975,B03,2026-01-22,Mark Ramos,M,18-24
M02976,B03,2026-01-19,Andrea Navarro,F,25-34
M02977,B03,2026-01-19,Maria Belleza,M,35-44
M02978,B03,2026-01-18,Miguel Torres,F,25-34
M02979,B03,2026-01-18,Miguel Santos,M,18-24
M02980,B03,2026-01-25,Maria Ramos,M,25-34
M02981,B03,2026-01-13,Erika Castro,M,35-44
M02982,B03,2026-01-17,Trisha Santos,M,18-24
M02983,B03,2026-01-20,Ana Lopez,M,18-24
M02984,B03,2026-01-09,Ana Ramos,M,25-34
M02985,B03,2026-01-31,Jose Aquino,F,18-24
M02986,B03,2026-01-23,Ana Gonzales,M,25-34
M02987,B03,2026-01-30,Jasmine Garcia,M,18-24
M02988,B03,2026-01-04,Patricia Aquino,F,25-34
M02989,B03,2026-01-07,Kevin Dela Cruz,F,18-24
M02990,B03,2026-01-18,Patricia Mendoza,M,25-34
M02991,B03,2026-01-08,Carlo Castro,F,18-24
M02992,B03,2026-01-18,Andrea Castro,F,18-24
M02993,B03,2026-01-31,Luis Ramos,M,25-34
M02994,B03,2026-01-12,Maria Ramos,M,18-24
M02995,B03,2026-01-06,Erika Arcenas,M,18-24
M02996,B03,2026-01-22,Bea Aquino,F,25-34
M02997,B03,2026-01-23,Ana Belleza,M,35-44
M02998,B03,2026-01-24,Kristine Belleza,M,18-24
M02999,B03,2026-01-10,Carlo Aquino,M,45+
M03000,B03,2026-01-17,Bea Torres,F,18-24
M03001,B03,2026-01-02,Miguel Aquino,M,18-24
M03002,B03,2026-01-26,Bea Flores,M,25-34
M03003,B03,2026-02-26,Patricia Ramos,M,45+
M03004,B03,2026-02-18,Kristine Torres,M,45+
M03005,B03,2026-02-15,Trisha Villanueva,F,25-34
M03006,B03,2026-02-15,Rafael Fernandez,F,35-44
M03007,B03,2026-02-03,Miguel Reyes,F,25-34
M03008,B03,2026-02-05,Paolo Lopez,M,25-34
M03009,B03,2026-02-12,Paolo Ramos,F,45+
M03010,B03,2026-02-16,Maria Gonzales,M,18-24
M03011,B03,2026-02-17,Juan Ramos,F,18-24
M03012,B03,2026-02-02,Kristine Santos,F,25-34
M03013,B03,2026-02-27,Carlo Ramos,M,25-34
M03014,B03,2026-02-26,Carlo Belleza,F,25-34
M03015,B03,2026-02-11,John Fernandez,M,35-44
M03016,B03,2026-02-10,Patricia Lopez,M,35-44
M03017,B03,2026-02-03,Andrea Navarro,F,25-34
M03018,B03,2026-02-25,Carlo Castillo,M,45+
M03019,B03,2026-02-19,Erika Castro,M,25-34
M03020,B03,2026-02-10,Andrea Arcenas,M,25-34
M03021,B03,2026-02-09,Miguel Aquino,M,18-24
M03022,B03,2026-02-22,Angel Belleza,M,18-24
M03023,B03,2026-02-18,Erika Castillo,F,18-24
M03024,B03,2026-02-11,Bea Aquino,M,18-24
M03025,B03,2026-02-04,Erika Reyes,M,25-34
M03026,B03,2026-02-06,Luis Aquino,F,25-34
M03027,B03,2026-02-14,Carlo Santos,M,18-24
M03028,B03,2026-02-28,Angel Fernandez,M,18-24
M03029,B03,2026-02-06,Ramon Dela Cruz,M,25-34
M03030,B03,2026-03-29,Ramon Cruz,M,18-24
M03031,B03,2026-03-05,Kristine Torres,F,25-34
M03032,B03,2026-03-10,Rafael Ramos,F,25-34
M03033,B03,2026-03-24,Nicole Villanueva,M,35-44
M03034,B03,2026-03-13,Luis Villanueva,M,25-34
M03035,B03,2026-03-26,Ana Aquino,M,18-24
M03036,B03,2026-03-21,Ramon Lopez,M,35-44
M03037,B03,2026-03-07,Maria Lopez,F,35-44
M03038,B03,2026-03-31,Luis Ramos,F,35-44
M03039,B03,2026-03-21,Ana Lopez,F,45+
M03040,B03,2026-03-31,Jose Castillo,M,45+
M03041,B03,2026-03-10,Trisha Cruz,M,18-24
M03042,B03,2026-03-01,Miguel Santos,M,18-24
M03043,B03,2026-03-24,Angel Cruz,F,18-24
M03044,B03,2026-03-01,Angel Navarro,F,25-34
M03045,B03,2026-03-25,Angel Bautista,M,45+
M03046,B03,2026-03-27,Miguel Cruz,M,25-34
M03047,B03,2026-03-23,Joshua Fernandez,F,18-24
M03048,B03,2026-03-13,Erika Dela Cruz,M,18-24
M03049,B03,2026-03-13,Bea Arcenas,F,35-44
M03050,B03,2026-03-02,Angel Villanueva,M,18-24
M03051,B03,2026-04-13,Juan Aquino,M,35-44
M03052,B03,2026-04-17,Andrea Garcia,M,25-34
M03053,B03,2026-04-26,Bea Castro,F,25-34
M03054,B03,2026-04-08,John Belleza,F,35-44
M03055,B03,2026-04-08,Jasmine Torres,F,18-24
M03056,B03,2026-04-20,Mark Reyes,M,25-34
M03057,B03,2026-04-13,Carlo Garcia,M,18-24
M03058,B03,2026-04-19,Mark Reyes,M,25-34
M03059,B03,2026-04-28,Bea Santos,F,35-44
M03060,B03,2026-04-09,Joshua Belleza,M,25-34
M03061,B03,2026-04-09,Kevin Reyes,F,25-34
M03062,B03,2026-04-26,Mark Navarro,F,18-24
M03063,B03,2026-04-22,Nicole Garcia,M,35-44
M03064,B03,2026-04-21,Ramon Castillo,M,35-44
M03065,B03,2026-04-07,Paolo Arcenas,F,18-24
M03066,B03,2026-04-30,Kevin Reyes,M,25-34
M03067,B03,2026-04-13,Jasmine Reyes,M,35-44
M03068,B03,2026-04-10,Maria Mendoza,M,18-24
M03069,B03,2026-04-01,Joshua Aquino,M,25-34
M03070,B03,2026-04-24,Andrea Villanueva,F,25-34
M03071,B03,2026-04-01,Kevin Aquino,M,18-24
M03072,B03,2026-04-07,Maria Gonzales,M,18-24
M03073,B03,2026-04-28,Ramon Flores,M,25-34
M03074,B03,2026-05-13,Joshua Torres,M,35-44
M03075,B03,2026-05-13,Jasmine Arcenas,M,18-24
M03076,B03,2026-05-03,Mark Villanueva,F,18-24
M03077,B03,2026-05-01,Juan Navarro,F,25-34
M03078,B03,2026-05-21,Jasmine Mendoza,M,25-34
M03079,B03,2026-05-24,Kevin Villanueva,M,25-34
M03080,B03,2026-05-03,Mark Villanueva,M,35-44
M03081,B03,2026-05-27,Kevin Belleza,M,18-24
M03082,B03,2026-05-21,Paolo Garcia,F,18-24
M03083,B03,2026-05-07,Jasmine Fernandez,M,25-34
M03084,B03,2026-05-30,Miguel Flores,F,25-34
M03085,B03,2026-05-17,Ana Reyes,F,25-34
M03086,B03,2026-05-21,Juan Torres,M,18-24
M03087,B03,2026-05-29,Angel Reyes,M,25-34
M03088,B03,2026-05-20,Carlo Castro,F,18-24
M03089,B03,2026-05-23,Jose Navarro,F,25-34
M03090,B03,2026-05-02,Nicole Reyes,M,18-24
M03091,B03,2026-05-04,Rafael Castro,M,25-34
M03092,B03,2026-05-12,Bea Aquino,M,25-34
M03093,B03,2026-06-09,Ana Dela Cruz,F,18-24
M03094,B03,2026-06-04,Luis Mendoza,M,18-24
M03095,B03,2026-06-13,Joshua Arcenas,M,18-24
M03096,B03,2026-06-06,Camille Torres,F,25-34
M03097,B03,2026-06-22,Bea Garcia,M,25-34
M03098,B03,2026-06-06,Joshua Lopez,M,35-44
M03099,B03,2026-06-26,Jasmine Aquino,M,25-34
M03100,B03,2026-06-05,Ana Gonzales,M,25-34
M03101,B03,2026-06-28,Joshua Fernandez,M,25-34
M03102,B03,2026-06-28,Kevin Garcia,M,18-24
M03103,B03,2026-06-29,Rafael Bautista,F,25-34
M03104,B03,2026-06-04,Nicole Lopez,F,25-34
M03105,B03,2026-06-29,John Lopez,F,18-24
M03106,B03,2026-06-25,Ramon Fernandez,M,35-44
M03107,B03,2026-06-27,Kristine Flores,M,25-34
M03108,B03,2026-06-21,Maria Belleza,M,25-34
M03109,B03,2026-06-20,Jose Ramos,F,18-24
M03110,B04,2024-03-01,Ramon Navarro,F,18-24
M03111,B04,2024-09-11,Ana Flores,M,25-34
M03112,B04,2024-03-01,Erika Santos,F,18-24
M03113,B04,2024-07-26,Erika Castro,M,18-24
M03114,B04,2024-03-01,John Castro,M,25-34
M03115,B04,2024-03-01,Rafael Villanueva,M,25-34
M03116,B04,2024-03-01,Rafael Bautista,M,18-24
M03117,B04,2024-03-08,Joshua Castillo,M,35-44
M03118,B04,2024-11-22,Ramon Cruz,M,45+
M03119,B04,2024-02-16,Maria Mendoza,F,18-24
M03120,B04,2024-03-01,Paolo Villanueva,M,18-24
M03121,B04,2024-03-01,Nicole Garcia,M,25-34
M03122,B04,2024-03-01,Kevin Cruz,F,18-24
M03123,B04,2024-09-04,Mark Aquino,M,35-44
M03124,B04,2024-03-01,Patricia Reyes,M,25-34
M03125,B04,2024-03-01,Kristine Villanueva,M,35-44
M03126,B04,2024-03-05,Nicole Reyes,F,35-44
M03127,B04,2024-07-01,Carlo Fernandez,M,25-34
M03128,B04,2024-03-01,John Flores,F,45+
M03129,B04,2024-03-01,Ramon Castillo,F,45+
M03130,B04,2024-03-01,Juan Santos,M,18-24
M03131,B04,2024-03-01,Camille Arcenas,M,18-24
M03132,B04,2024-03-01,Patricia Santos,M,18-24
M03133,B04,2024-03-07,Camille Navarro,M,18-24
M03134,B04,2024-03-01,Carlo Santos,F,25-34
M03135,B04,2024-03-01,Joshua Castillo,M,25-34
M03136,B04,2024-03-01,Trisha Dela Cruz,M,25-34
M03137,B04,2024-10-01,Carlo Bautista,F,35-44
M03138,B04,2024-03-01,Ramon Fernandez,F,45+
M03139,B04,2024-08-11,Jose Ramos,F,25-34
M03140,B04,2024-10-07,Erika Castillo,M,35-44
M03141,B04,2024-03-01,Kristine Villanueva,M,35-44
M03142,B04,2024-08-24,Kevin Castro,M,25-34
M03143,B04,2024-10-27,Trisha Arcenas,M,35-44
M03144,B04,2024-03-01,Erika Santos,F,35-44
M03145,B04,2024-03-01,Kevin Ramos,F,18-24
M03146,B04,2024-03-01,Jose Belleza,F,35-44
M03147,B04,2024-03-01,Bea Villanueva,M,25-34
M03148,B04,2024-03-01,Nicole Castro,M,25-34
M03149,B04,2024-03-01,Camille Castillo,M,25-34
M03150,B04,2024-02-05,Luis Flores,M,25-34
M03151,B04,2024-03-01,Kristine Castillo,M,25-34
M03152,B04,2024-03-01,Miguel Villanueva,F,25-34
M03153,B04,2024-10-15,Nicole Castro,M,25-34
M03154,B04,2024-10-07,Miguel Fernandez,M,25-34
M03155,B04,2024-03-01,Andrea Bautista,M,25-34
M03156,B04,2024-03-01,Maria Castillo,M,25-34
M03157,B04,2024-03-01,Kevin Cruz,F,25-34
M03158,B04,2024-03-01,Ramon Bautista,M,18-24
M03159,B04,2024-03-01,Rafael Navarro,M,18-24
M03160,B04,2024-03-01,Maria Castro,F,45+
M03161,B04,2024-07-21,Luis Fernandez,F,18-24
M03162,B04,2024-03-01,Bea Fernandez,M,25-34
M03163,B04,2024-03-01,Juan Lopez,M,25-34
M03164,B04,2024-03-01,Carlo Belleza,M,25-34
M03165,B04,2024-02-22,Bea Bautista,F,18-24
M03166,B04,2024-06-05,Miguel Gonzales,F,45+
M03167,B04,2024-06-21,Nicole Reyes,M,18-24
M03168,B04,2024-03-01,Ana Mendoza,M,18-24
M03169,B04,2024-09-26,Maria Garcia,F,25-34
M03170,B04,2024-05-13,Ana Ramos,F,35-44
M03171,B04,2024-03-01,Paolo Castillo,M,35-44
M03172,B04,2024-03-01,Patricia Santos,M,35-44
M03173,B04,2024-08-29,Camille Castillo,M,25-34
M03174,B04,2024-07-01,Bea Mendoza,M,25-34
M03175,B04,2024-03-01,Ramon Bautista,F,25-34
M03176,B04,2024-08-04,Juan Aquino,F,18-24
M03177,B04,2024-03-01,Jasmine Castillo,M,18-24
M03178,B04,2024-10-09,Kevin Arcenas,F,35-44
M03179,B04,2024-10-03,Ramon Belleza,F,18-24
M03180,B04,2024-03-13,Paolo Aquino,F,35-44
M03181,B04,2024-03-01,Miguel Flores,M,18-24
M03182,B04,2024-03-01,Jose Castro,M,35-44
M03183,B04,2024-03-24,Miguel Castro,M,18-24
M03184,B04,2024-03-01,Maria Castro,F,25-34
M03185,B04,2024-03-01,Jasmine Cruz,M,25-34
M03186,B04,2024-10-10,Jasmine Lopez,F,18-24
M03187,B04,2024-03-01,Juan Mendoza,F,18-24
M03188,B04,2024-03-01,John Castro,M,18-24
M03189,B04,2024-03-01,Nicole Arcenas,M,18-24
M03190,B04,2024-10-09,Paolo Santos,F,45+
M03191,B04,2024-03-01,Jasmine Dela Cruz,F,18-24
M03192,B04,2024-10-14,Paolo Cruz,M,25-34
M03193,B04,2024-03-01,Nicole Torres,F,35-44
M03194,B04,2024-03-01,Jose Torres,F,25-34
M03195,B04,2024-03-01,Camille Garcia,F,25-34
M03196,B04,2024-03-01,Miguel Arcenas,F,18-24
M03197,B04,2024-05-28,Ana Belleza,M,35-44
M03198,B04,2024-03-01,Kristine Lopez,F,35-44
M03199,B04,2024-03-01,Juan Fernandez,F,25-34
M03200,B04,2024-04-28,Patricia Ramos,M,25-34
M03201,B04,2024-03-01,Angel Flores,F,18-24
M03202,B04,2024-11-11,Ramon Lopez,M,18-24
M03203,B04,2024-07-26,Luis Arcenas,F,35-44
M03204,B04,2024-11-18,John Reyes,M,35-44
M03205,B04,2024-03-01,Andrea Reyes,M,25-34
M03206,B04,2024-03-01,Patricia Torres,M,35-44
M03207,B04,2024-03-01,Maria Bautista,M,18-24
M03208,B04,2024-03-01,Miguel Castillo,F,18-24
M03209,B04,2024-03-11,Luis Bautista,F,25-34
M03210,B04,2024-03-01,Maria Villanueva,M,35-44
M03211,B04,2024-03-01,Jasmine Villanueva,M,25-34
M03212,B04,2024-03-01,Erika Dela Cruz,M,18-24
M03213,B04,2024-03-01,Jasmine Lopez,F,25-34
M03214,B04,2024-08-19,Angel Mendoza,F,18-24
M03215,B04,2024-03-01,Bea Bautista,F,18-24
M03216,B04,2024-03-01,Kevin Gonzales,M,35-44
M03217,B04,2024-03-01,Carlo Dela Cruz,M,35-44
M03218,B04,2024-03-01,Ana Fernandez,F,25-34
M03219,B04,2024-03-01,Ana Garcia,M,25-34
M03220,B04,2024-03-01,Andrea Lopez,M,18-24
M03221,B04,2024-03-01,Miguel Castro,F,35-44
M03222,B04,2024-05-21,Maria Ramos,F,18-24
M03223,B04,2024-04-26,Patricia Flores,M,18-24
M03224,B04,2024-03-01,Mark Gonzales,M,45+
M03225,B04,2024-03-01,Jasmine Reyes,M,25-34
M03226,B04,2024-03-01,Nicole Cruz,F,25-34
M03227,B04,2024-07-25,Patricia Dela Cruz,F,25-34
M03228,B04,2024-03-01,Maria Castillo,M,25-34
M03229,B04,2024-09-12,Paolo Belleza,M,18-24
M03230,B04,2024-03-01,Trisha Lopez,M,18-24
M03231,B04,2024-07-10,Kevin Fernandez,M,25-34
M03232,B04,2024-03-01,Carlo Fernandez,F,35-44
M03233,B04,2024-03-01,Jose Dela Cruz,F,45+
M03234,B04,2024-03-01,Kevin Cruz,F,25-34
M03235,B04,2024-03-01,Bea Castillo,M,18-24
M03236,B04,2024-03-01,Patricia Mendoza,M,25-34
M03237,B04,2024-03-01,Miguel Fernandez,M,25-34
M03238,B04,2024-03-01,Ramon Cruz,F,35-44
M03239,B04,2024-10-04,Patricia Bautista,F,35-44
M03240,B04,2024-03-01,Bea Mendoza,M,18-24
M03241,B04,2024-03-01,Paolo Dela Cruz,M,25-34
M03242,B04,2024-04-26,Patricia Aquino,F,18-24
M03243,B04,2024-03-01,Bea Mendoza,M,35-44
M03244,B04,2024-03-01,Joshua Castro,M,18-24
M03245,B04,2024-03-01,Ana Gonzales,M,45+
M03246,B04,2024-03-01,Luis Navarro,F,35-44
M03247,B04,2024-06-17,Paolo Navarro,M,35-44
M03248,B04,2024-10-28,Ramon Ramos,F,18-24
M03249,B04,2024-03-01,Maria Castro,M,25-34
M03250,B04,2024-01-03,Rafael Cruz,F,18-24
M03251,B04,2024-03-01,Nicole Fernandez,F,18-24
M03252,B04,2024-11-11,Joshua Gonzales,M,18-24
M03253,B04,2024-03-01,Kristine Dela Cruz,F,18-24
M03254,B04,2024-05-29,Bea Torres,M,18-24
M03255,B04,2024-03-22,Kristine Lopez,M,25-34
M03256,B04,2024-03-01,Bea Santos,M,18-24
M03257,B04,2024-10-29,Andrea Belleza,F,18-24
M03258,B04,2024-03-01,Camille Flores,F,35-44
M03259,B04,2024-03-01,Maria Villanueva,F,18-24
M03260,B04,2024-01-07,Luis Villanueva,M,45+
M03261,B04,2024-06-05,Trisha Fernandez,F,18-24
M03262,B04,2024-03-01,Jasmine Navarro,F,35-44
M03263,B04,2024-03-01,Juan Bautista,M,35-44
M03264,B04,2024-03-01,Andrea Reyes,M,25-34
M03265,B04,2024-03-01,Rafael Flores,F,35-44
M03266,B04,2024-03-01,Ana Santos,M,25-34
M03267,B04,2024-03-01,Nicole Fernandez,M,18-24
M03268,B04,2024-03-01,Erika Fernandez,F,25-34
M03269,B04,2024-03-01,Trisha Castro,M,35-44
M03270,B04,2024-03-01,Patricia Dela Cruz,M,25-34
M03271,B04,2024-03-01,Carlo Torres,M,25-34
M03272,B04,2024-03-01,Carlo Fernandez,M,25-34
M03273,B04,2024-03-01,Miguel Castillo,M,35-44
M03274,B04,2024-03-01,Bea Gonzales,F,25-34
M03275,B04,2024-03-01,Patricia Torres,M,25-34
M03276,B04,2024-04-19,John Bautista,F,18-24
M03277,B04,2024-03-01,Kevin Dela Cruz,F,25-34
M03278,B04,2024-08-21,Andrea Santos,M,35-44
M03279,B04,2024-09-17,Camille Castro,F,25-34
M03280,B04,2024-03-01,John Santos,F,45+
M03281,B04,2024-02-12,Maria Fernandez,F,25-34
M03282,B04,2024-08-16,Erika Bautista,M,35-44
M03283,B04,2024-07-29,Bea Belleza,F,35-44
M03284,B04,2024-03-01,Mark Cruz,F,25-34
M03285,B04,2024-03-01,Angel Gonzales,F,18-24
M03286,B04,2024-03-01,Maria Mendoza,F,18-24
M03287,B04,2024-03-01,Jasmine Cruz,M,18-24
M03288,B04,2024-03-01,Mark Flores,F,18-24
M03289,B04,2024-03-01,Angel Castillo,M,18-24
M03290,B04,2024-03-01,Carlo Dela Cruz,F,18-24
M03291,B04,2024-03-01,Paolo Belleza,F,25-34
M03292,B04,2024-03-01,Joshua Gonzales,M,35-44
M03293,B04,2024-03-01,Maria Garcia,M,18-24
M03294,B04,2024-03-01,Andrea Belleza,M,25-34
M03295,B04,2024-07-19,Trisha Flores,M,18-24
M03296,B04,2024-03-01,Luis Villanueva,M,25-34
M03297,B04,2024-07-05,Joshua Aquino,M,35-44
M03298,B04,2024-03-01,Andrea Castillo,F,25-34
M03299,B04,2024-03-01,Kevin Navarro,M,18-24
M03300,B04,2024-03-01,Paolo Gonzales,M,18-24
M03301,B04,2024-03-01,Jose Torres,M,25-34
M03302,B04,2024-03-01,Erika Aquino,F,18-24
M03303,B04,2024-03-01,Kevin Flores,F,18-24
M03304,B04,2024-03-01,Camille Reyes,M,35-44
M03305,B04,2024-03-21,Nicole Arcenas,F,25-34
M03306,B04,2024-03-01,Patricia Fernandez,M,18-24
M03307,B04,2024-03-01,Jasmine Fernandez,F,25-34
M03308,B04,2024-03-01,Kristine Villanueva,M,25-34
M03309,B04,2024-03-01,Jose Castillo,M,25-34
M03310,B04,2024-03-01,Rafael Bautista,M,25-34
M03311,B04,2024-03-01,Angel Belleza,M,25-34
M03312,B04,2024-03-01,Nicole Cruz,M,45+
M03313,B04,2024-03-14,Maria Navarro,M,18-24
M03314,B04,2024-06-01,Patricia Ramos,F,35-44
M03315,B04,2024-03-01,Andrea Santos,F,25-34
M03316,B04,2024-03-01,Ana Arcenas,F,18-24
M03317,B04,2024-03-01,Andrea Reyes,F,45+
M03318,B04,2024-03-01,Patricia Fernandez,F,18-24
M03319,B04,2024-08-05,Carlo Arcenas,M,35-44
M03320,B04,2024-03-26,Angel Garcia,M,25-34
M03321,B04,2024-03-01,Paolo Villanueva,F,18-24
M03322,B04,2024-03-01,Kevin Dela Cruz,F,25-34
M03323,B04,2024-03-01,Kristine Dela Cruz,F,25-34
M03324,B04,2024-03-01,Mark Gonzales,F,25-34
M03325,B04,2024-06-15,Kevin Flores,M,25-34
M03326,B04,2024-03-01,Trisha Gonzales,F,18-24
M03327,B04,2024-03-01,Jose Garcia,M,45+
M03328,B04,2024-03-01,John Navarro,F,25-34
M03329,B04,2024-03-01,Bea Ramos,M,35-44
M03330,B04,2024-03-01,John Castillo,F,18-24
M03331,B04,2024-07-23,Nicole Navarro,M,18-24
M03332,B04,2024-03-01,John Bautista,F,35-44
M03333,B04,2024-04-20,Jasmine Garcia,M,35-44
M03334,B04,2024-10-13,Camille Flores,M,25-34
M03335,B04,2024-03-24,Rafael Dela Cruz,F,35-44
M03336,B04,2024-03-01,Andrea Santos,F,25-34
M03337,B04,2024-03-01,Luis Cruz,F,25-34
M03338,B04,2024-03-01,Luis Torres,M,35-44
M03339,B04,2024-07-11,John Castro,F,18-24
M03340,B04,2024-04-22,Erika Flores,F,35-44
M03341,B04,2024-03-01,Carlo Castro,F,18-24
M03342,B04,2024-03-18,Juan Flores,F,18-24
M03343,B04,2024-03-01,Juan Fernandez,M,35-44
M03344,B04,2024-03-01,Kristine Belleza,F,25-34
M03345,B04,2024-03-01,Juan Dela Cruz,M,25-34
M03346,B04,2024-11-08,Angel Castillo,M,25-34
M03347,B04,2024-03-01,John Ramos,F,35-44
M03348,B04,2024-03-01,Camille Castro,M,35-44
M03349,B04,2024-03-01,Rafael Navarro,F,35-44
M03350,B04,2024-03-01,Juan Gonzales,M,18-24
M03351,B04,2024-02-26,Mark Flores,F,25-34
M03352,B04,2024-04-28,Kevin Garcia,M,18-24
M03353,B04,2024-03-01,Paolo Arcenas,F,25-34
M03354,B04,2024-03-01,Kevin Santos,F,45+
M03355,B04,2024-07-18,Jasmine Arcenas,F,18-24
M03356,B04,2024-03-01,Joshua Reyes,M,35-44
M03357,B04,2024-03-01,Joshua Castillo,M,18-24
M03358,B04,2024-08-04,Kevin Garcia,M,35-44
M03359,B04,2024-03-01,Miguel Aquino,F,35-44
M03360,B04,2024-03-01,Kristine Arcenas,F,18-24
M03361,B04,2024-03-01,Angel Belleza,M,45+
M03362,B04,2024-03-01,Maria Villanueva,M,35-44
M03363,B04,2024-03-10,Camille Gonzales,F,18-24
M03364,B04,2024-03-01,Joshua Lopez,F,25-34
M03365,B04,2024-09-16,Nicole Santos,M,25-34
M03366,B04,2024-03-01,Erika Garcia,F,35-44
M03367,B04,2024-03-01,Luis Fernandez,M,25-34
M03368,B04,2024-03-01,Paolo Fernandez,F,18-24
M03369,B04,2024-10-17,Nicole Castro,F,25-34
M03370,B04,2024-03-01,Andrea Cruz,F,18-24
M03371,B04,2024-03-01,Andrea Mendoza,F,25-34
M03372,B04,2024-03-01,Andrea Gonzales,M,18-24
M03373,B04,2024-03-01,Mark Reyes,M,18-24
M03374,B04,2024-04-09,Juan Flores,F,35-44
M03375,B04,2024-09-14,Angel Villanueva,M,25-34
M03376,B04,2024-03-01,Patricia Dela Cruz,F,45+
M03377,B04,2024-09-30,Nicole Mendoza,F,25-34
M03378,B04,2024-05-21,Carlo Cruz,F,18-24
M03379,B04,2024-03-01,Mark Cruz,M,25-34
M03380,B04,2024-05-12,Jasmine Ramos,M,35-44
M03381,B04,2024-03-01,Trisha Fernandez,M,25-34
M03382,B04,2024-03-01,Joshua Villanueva,F,35-44
M03383,B04,2024-07-06,Andrea Reyes,F,18-24
M03384,B04,2024-02-04,John Castillo,M,25-34
M03385,B04,2024-03-01,Camille Navarro,M,25-34
M03386,B04,2024-01-31,Rafael Cruz,M,25-34
M03387,B04,2024-03-01,Paolo Mendoza,M,18-24
M03388,B04,2024-10-01,Ana Gonzales,M,18-24
M03389,B04,2024-03-01,Maria Castro,F,18-24
M03390,B04,2024-09-26,Luis Fernandez,M,18-24
M03391,B04,2024-03-01,Andrea Castillo,M,35-44
M03392,B04,2024-03-01,Carlo Villanueva,F,18-24
M03393,B04,2024-03-01,John Torres,M,25-34
M03394,B04,2024-03-01,Erika Fernandez,F,25-34
M03395,B04,2024-08-04,Andrea Reyes,M,35-44
M03396,B04,2024-08-15,Jasmine Mendoza,F,18-24
M03397,B04,2024-03-01,Patricia Dela Cruz,M,25-34
M03398,B04,2024-01-26,Camille Lopez,M,25-34
M03399,B04,2024-03-01,Andrea Santos,F,25-34
M03400,B04,2024-03-01,Angel Bautista,M,25-34
M03401,B04,2024-03-01,John Reyes,M,25-34
M03402,B04,2024-03-01,Trisha Dela Cruz,M,18-24
M03403,B04,2024-03-01,Kristine Garcia,M,25-34
M03404,B04,2024-06-24,Joshua Dela Cruz,M,35-44
M03405,B04,2024-03-01,Maria Aquino,M,25-34
M03406,B04,2024-03-01,Luis Dela Cruz,M,25-34
M03407,B04,2024-03-01,Andrea Lopez,M,25-34
M03408,B04,2024-03-01,Ramon Castro,F,25-34
M03409,B04,2024-03-01,Jose Dela Cruz,F,18-24
M03410,B04,2024-03-01,Nicole Dela Cruz,F,25-34
M03411,B04,2024-03-01,John Fernandez,F,35-44
M03412,B04,2024-04-25,Juan Aquino,M,25-34
M03413,B04,2024-05-21,Camille Navarro,M,18-24
M03414,B04,2024-03-01,Paolo Reyes,F,25-34
M03415,B04,2024-10-19,Trisha Ramos,F,45+
M03416,B04,2024-05-12,John Dela Cruz,F,18-24
M03417,B04,2024-03-01,John Gonzales,M,18-24
M03418,B04,2024-03-01,Maria Castillo,F,35-44
M03419,B04,2024-03-01,Mark Bautista,M,45+
M03420,B04,2024-06-02,Paolo Castro,M,25-34
M03421,B04,2024-05-14,Bea Cruz,F,18-24
M03422,B04,2024-03-01,Erika Navarro,M,18-24
M03423,B04,2024-05-29,Andrea Fernandez,F,18-24
M03424,B04,2024-03-01,Ana Reyes,M,25-34
M03425,B04,2024-03-01,Nicole Bautista,M,18-24
M03426,B04,2024-03-01,Ramon Castro,F,35-44
M03427,B04,2024-03-29,Ana Dela Cruz,M,18-24
M03428,B04,2024-03-01,Luis Cruz,F,25-34
M03429,B04,2024-03-01,Luis Gonzales,F,25-34
M03430,B04,2024-03-01,Angel Torres,F,45+
M03431,B04,2024-04-20,Bea Flores,F,25-34
M03432,B04,2024-03-01,Camille Cruz,F,18-24
M03433,B04,2024-10-14,Erika Dela Cruz,M,25-34
M03434,B04,2024-06-15,Erika Bautista,M,25-34
M03435,B04,2024-03-01,Luis Navarro,F,25-34
M03436,B04,2024-03-01,Camille Arcenas,F,25-34
M03437,B04,2024-06-26,Carlo Gonzales,F,25-34
M03438,B04,2024-03-01,Maria Castillo,M,25-34
M03439,B04,2024-03-30,Rafael Cruz,M,18-24
M03440,B04,2024-03-01,John Reyes,F,25-34
M03441,B04,2024-03-01,Kristine Belleza,F,45+
M03442,B04,2024-03-01,Rafael Garcia,F,25-34
M03443,B04,2024-09-09,John Reyes,M,35-44
M03444,B04,2024-06-06,Maria Gonzales,M,18-24
M03445,B04,2024-03-01,Luis Flores,F,35-44
M03446,B04,2024-03-01,Ramon Navarro,F,25-34
M03447,B04,2024-03-01,Camille Lopez,F,18-24
M03448,B04,2024-03-01,Bea Bautista,M,35-44
M03449,B04,2024-03-01,Erika Castro,M,35-44
M03450,B04,2024-03-01,Andrea Santos,F,45+
M03451,B04,2024-05-25,Mark Garcia,F,35-44
M03452,B04,2024-03-01,Paolo Mendoza,M,25-34
M03453,B04,2024-03-01,Erika Belleza,M,45+
M03454,B04,2024-03-01,Jasmine Torres,F,45+
M03455,B04,2024-03-01,Joshua Santos,M,25-34
M03456,B04,2024-06-12,Patricia Ramos,M,18-24
M03457,B04,2024-03-01,Nicole Ramos,F,45+
M03458,B04,2024-03-14,Bea Flores,F,45+
M03459,B04,2024-04-25,Camille Navarro,M,25-34
M03460,B04,2024-07-10,Nicole Cruz,F,18-24
M03461,B04,2024-11-08,Miguel Castro,M,35-44
M03462,B04,2024-03-01,Luis Navarro,F,35-44
M03463,B04,2024-08-29,Andrea Gonzales,F,45+
M03464,B04,2024-07-17,Bea Castillo,M,25-34
M03465,B04,2024-07-27,Trisha Villanueva,F,25-34
M03466,B04,2024-03-01,Kristine Torres,F,18-24
M03467,B04,2024-03-01,Carlo Belleza,F,25-34
M03468,B04,2024-03-01,Paolo Cruz,M,45+
M03469,B04,2024-03-01,Ana Cruz,M,45+
M03470,B04,2024-03-01,Ramon Cruz,M,25-34
M03471,B04,2024-03-01,Mark Gonzales,M,45+
M03472,B04,2024-03-01,Bea Fernandez,F,35-44
M03473,B04,2024-03-01,Carlo Cruz,M,25-34
M03474,B04,2024-03-01,Joshua Dela Cruz,F,25-34
M03475,B04,2024-08-14,Patricia Villanueva,F,18-24
M03476,B04,2024-11-11,Carlo Mendoza,M,25-34
M03477,B04,2024-08-05,Nicole Garcia,M,25-34
M03478,B04,2024-03-01,Luis Aquino,M,35-44
M03479,B04,2024-08-03,John Ramos,F,45+
M03480,B04,2024-03-01,Angel Belleza,M,25-34
M03481,B04,2024-03-01,Joshua Castillo,M,25-34
M03482,B04,2024-03-01,Jasmine Reyes,F,25-34
M03483,B04,2024-04-17,Jose Villanueva,M,18-24
M03484,B04,2024-03-01,Ramon Dela Cruz,F,35-44
M03485,B04,2024-07-08,Juan Mendoza,M,35-44
M03486,B04,2024-03-01,Juan Belleza,M,18-24
M03487,B04,2024-03-01,Ana Flores,F,18-24
M03488,B04,2024-08-28,Maria Fernandez,M,18-24
M03489,B04,2024-05-11,Jose Belleza,M,45+
M03490,B04,2025-01-06,John Navarro,F,18-24
M03491,B04,2025-01-05,Kevin Cruz,M,25-34
M03492,B04,2025-01-08,Carlo Castillo,F,18-24
M03493,B04,2025-01-28,Jasmine Ramos,F,25-34
M03494,B04,2025-01-10,Angel Flores,M,18-24
M03495,B04,2025-01-09,Andrea Fernandez,M,45+
M03496,B04,2025-01-11,Carlo Reyes,M,45+
M03497,B04,2025-01-20,Kristine Mendoza,M,18-24
M03498,B04,2025-01-20,Bea Belleza,M,35-44
M03499,B04,2025-01-11,Ana Castillo,M,25-34
M03500,B04,2025-01-14,Juan Reyes,M,18-24
M03501,B04,2025-01-20,Miguel Aquino,M,25-34
M03502,B04,2025-01-08,Angel Garcia,F,35-44
M03503,B04,2025-01-03,Paolo Lopez,F,18-24
M03504,B04,2025-01-15,John Bautista,M,35-44
M03505,B04,2025-01-11,Maria Cruz,F,35-44
M03506,B04,2025-01-17,Patricia Reyes,M,45+
M03507,B04,2025-01-17,Miguel Ramos,M,25-34
M03508,B04,2025-01-30,Miguel Aquino,M,18-24
M03509,B04,2025-01-22,Maria Belleza,M,25-34
M03510,B04,2025-01-03,Luis Garcia,M,25-34
M03511,B04,2025-01-29,Bea Arcenas,F,25-34
M03512,B04,2025-01-31,Nicole Dela Cruz,F,25-34
M03513,B04,2025-01-09,Miguel Garcia,M,25-34
M03514,B04,2025-01-31,Maria Belleza,M,18-24
M03515,B04,2025-01-10,Andrea Lopez,M,35-44
M03516,B04,2025-01-04,Kevin Belleza,M,18-24
M03517,B04,2025-01-01,Luis Navarro,F,35-44
M03518,B04,2025-01-29,Mark Santos,M,25-34
M03519,B04,2025-01-06,Joshua Santos,M,18-24
M03520,B04,2025-01-23,Bea Santos,F,25-34
M03521,B04,2025-01-23,Ramon Cruz,F,25-34
M03522,B04,2025-01-09,Miguel Castillo,F,18-24
M03523,B04,2025-01-04,Miguel Ramos,F,18-24
M03524,B04,2025-01-08,Ana Ramos,M,25-34
M03525,B04,2025-01-15,Bea Castillo,M,25-34
M03526,B04,2025-01-17,Kristine Castillo,M,25-34
M03527,B04,2025-01-05,Kevin Castillo,M,25-34
M03528,B04,2025-01-18,Joshua Dela Cruz,M,18-24
M03529,B04,2025-01-02,Mark Arcenas,M,18-24
M03530,B04,2025-01-17,Andrea Castro,F,35-44
M03531,B04,2025-01-24,Nicole Mendoza,F,25-34
M03532,B04,2025-01-02,Luis Torres,F,18-24
M03533,B04,2025-01-20,Joshua Belleza,M,25-34
M03534,B04,2025-01-09,John Mendoza,M,25-34
M03535,B04,2025-01-11,Paolo Arcenas,F,25-34
M03536,B04,2025-01-07,Trisha Santos,M,25-34
M03537,B04,2025-01-21,Patricia Cruz,F,18-24
M03538,B04,2025-01-20,Kristine Fernandez,M,25-34
M03539,B04,2025-01-30,Bea Fernandez,M,18-24
M03540,B04,2025-01-20,Kevin Lopez,F,35-44
M03541,B04,2025-01-14,Erika Arcenas,F,35-44
M03542,B04,2025-01-28,Joshua Mendoza,M,25-34
M03543,B04,2025-01-16,Nicole Santos,F,25-34
M03544,B04,2025-01-15,Nicole Gonzales,F,18-24
M03545,B04,2025-01-09,Angel Reyes,M,35-44
M03546,B04,2025-02-17,Camille Fernandez,M,25-34
M03547,B04,2025-02-23,Miguel Villanueva,F,18-24
M03548,B04,2025-02-13,Erika Flores,M,25-34
M03549,B04,2025-02-17,Jasmine Ramos,M,25-34
M03550,B04,2025-02-25,Patricia Torres,M,18-24
M03551,B04,2025-02-03,Nicole Santos,F,18-24
M03552,B04,2025-02-24,Kristine Fernandez,F,35-44
M03553,B04,2025-02-12,Jose Castillo,M,45+
M03554,B04,2025-02-19,Kristine Lopez,F,35-44
M03555,B04,2025-02-27,Jasmine Torres,M,18-24
M03556,B04,2025-02-18,Carlo Flores,F,25-34
M03557,B04,2025-02-19,Ana Navarro,F,45+
M03558,B04,2025-02-22,Mark Bautista,M,25-34
M03559,B04,2025-02-07,Nicole Villanueva,M,18-24
M03560,B04,2025-02-13,Patricia Arcenas,F,45+
M03561,B04,2025-02-04,Mark Dela Cruz,M,25-34
M03562,B04,2025-02-20,Bea Bautista,M,25-34
M03563,B04,2025-02-05,Carlo Garcia,M,18-24
M03564,B04,2025-02-25,Jose Navarro,F,35-44
M03565,B04,2025-02-17,Angel Bautista,F,25-34
M03566,B04,2025-02-25,Andrea Garcia,M,25-34
M03567,B04,2025-02-21,Rafael Bautista,F,35-44
M03568,B04,2025-02-01,Trisha Ramos,F,35-44
M03569,B04,2025-02-09,Trisha Lopez,M,35-44
M03570,B04,2025-02-22,Joshua Navarro,F,18-24
M03571,B04,2025-02-11,John Flores,M,18-24
M03572,B04,2025-02-04,Juan Bautista,M,18-24
M03573,B04,2025-02-17,Nicole Navarro,F,35-44
M03574,B04,2025-02-16,Trisha Villanueva,M,18-24
M03575,B04,2025-02-19,Joshua Reyes,M,18-24
M03576,B04,2025-02-05,Maria Dela Cruz,F,18-24
M03577,B04,2025-02-23,Bea Fernandez,F,25-34
M03578,B04,2025-02-05,Angel Villanueva,M,25-34
M03579,B04,2025-02-06,Luis Dela Cruz,F,25-34
M03580,B04,2025-02-14,Nicole Mendoza,F,45+
M03581,B04,2025-02-17,John Aquino,M,25-34
M03582,B04,2025-02-14,Patricia Belleza,M,45+
M03583,B04,2025-02-25,Mark Reyes,F,25-34
M03584,B04,2025-02-13,Trisha Bautista,M,18-24
M03585,B04,2025-03-18,Luis Belleza,M,25-34
M03586,B04,2025-03-30,Paolo Torres,F,45+
M03587,B04,2025-03-19,Ana Mendoza,F,45+
M03588,B04,2025-03-12,Rafael Arcenas,F,25-34
M03589,B04,2025-03-14,Erika Lopez,M,35-44
M03590,B04,2025-03-30,Ramon Mendoza,M,35-44
M03591,B04,2025-03-21,Carlo Fernandez,M,35-44
M03592,B04,2025-03-21,Angel Castillo,F,18-24
M03593,B04,2025-03-22,Patricia Flores,M,25-34
M03594,B04,2025-03-24,Patricia Garcia,M,18-24
M03595,B04,2025-03-24,Paolo Arcenas,M,25-34
M03596,B04,2025-03-10,Paolo Aquino,M,25-34
M03597,B04,2025-03-16,Nicole Mendoza,M,18-24
M03598,B04,2025-03-01,Luis Castillo,F,18-24
M03599,B04,2025-03-13,Joshua Mendoza,F,35-44
M03600,B04,2025-03-07,Rafael Fernandez,M,18-24
M03601,B04,2025-03-31,Ramon Gonzales,F,35-44
M03602,B04,2025-03-23,Maria Reyes,F,18-24
M03603,B04,2025-03-06,Carlo Dela Cruz,F,45+
M03604,B04,2025-03-24,Camille Garcia,M,18-24
M03605,B04,2025-03-15,Paolo Flores,M,18-24
M03606,B04,2025-03-19,Erika Reyes,M,35-44
M03607,B04,2025-03-31,Mark Castro,M,18-24
M03608,B04,2025-03-10,Luis Santos,F,18-24
M03609,B04,2025-03-25,Bea Mendoza,M,35-44
M03610,B04,2025-03-02,Juan Mendoza,F,45+
M03611,B04,2025-03-11,Maria Torres,F,18-24
M03612,B04,2025-03-28,Bea Castro,M,18-24
M03613,B04,2025-03-26,Carlo Santos,F,35-44
M03614,B04,2025-03-01,Angel Villanueva,M,18-24
M03615,B04,2025-03-26,Ana Castro,M,18-24
M03616,B04,2025-03-24,Carlo Mendoza,F,35-44
M03617,B04,2025-03-10,Juan Reyes,M,35-44
M03618,B04,2025-03-06,Nicole Arcenas,M,18-24
M03619,B04,2025-03-21,Bea Torres,M,18-24
M03620,B04,2025-03-28,Maria Arcenas,F,25-34
M03621,B04,2025-03-25,Ramon Reyes,M,45+
M03622,B04,2025-03-02,Mark Gonzales,M,25-34
M03623,B04,2025-03-22,Rafael Dela Cruz,M,18-24
M03624,B04,2025-04-05,Joshua Santos,M,25-34
M03625,B04,2025-04-19,Carlo Dela Cruz,M,25-34
M03626,B04,2025-04-03,Trisha Garcia,M,35-44
M03627,B04,2025-04-28,Patricia Aquino,M,18-24
M03628,B04,2025-04-23,Miguel Torres,F,18-24
M03629,B04,2025-04-15,Maria Santos,M,18-24
M03630,B04,2025-04-23,Maria Castro,M,35-44
M03631,B04,2025-04-15,Juan Belleza,M,18-24
M03632,B04,2025-04-14,Jasmine Villanueva,F,25-34
M03633,B04,2025-04-24,Patricia Arcenas,M,35-44
M03634,B04,2025-04-30,Erika Lopez,M,25-34
M03635,B04,2025-04-12,Carlo Castillo,M,25-34
M03636,B04,2025-04-27,Trisha Navarro,M,35-44
M03637,B04,2025-04-05,Jasmine Ramos,F,25-34
M03638,B04,2025-04-02,Patricia Bautista,F,25-34
M03639,B04,2025-04-12,Joshua Flores,F,25-34
M03640,B04,2025-04-14,Mark Reyes,F,18-24
M03641,B04,2025-04-29,Miguel Lopez,M,35-44
M03642,B04,2025-04-14,Camille Mendoza,M,18-24
M03643,B04,2025-04-16,Kristine Navarro,M,25-34
M03644,B04,2025-04-22,Angel Fernandez,F,35-44
M03645,B04,2025-04-02,Jose Lopez,F,25-34
M03646,B04,2025-04-25,Patricia Dela Cruz,F,35-44
M03647,B04,2025-04-26,Nicole Dela Cruz,F,18-24
M03648,B04,2025-04-14,Juan Lopez,F,35-44
M03649,B04,2025-04-03,Ramon Arcenas,F,25-34
M03650,B04,2025-04-30,Kristine Villanueva,M,25-34
M03651,B04,2025-04-28,Camille Santos,F,45+
M03652,B04,2025-04-20,Mark Lopez,M,45+
M03653,B04,2025-04-21,John Ramos,F,18-24
M03654,B04,2025-04-20,Maria Navarro,M,25-34
M03655,B04,2025-04-19,Luis Castro,M,18-24
M03656,B04,2025-04-01,John Dela Cruz,F,25-34
M03657,B04,2025-04-18,Joshua Mendoza,F,35-44
M03658,B04,2025-04-28,Camille Mendoza,F,25-34
M03659,B04,2025-04-04,Joshua Santos,M,35-44
M03660,B04,2025-04-08,Rafael Dela Cruz,M,25-34
M03661,B04,2025-04-12,Joshua Dela Cruz,M,35-44
M03662,B04,2025-04-01,Joshua Gonzales,M,18-24
M03663,B04,2025-04-07,Andrea Reyes,M,25-34
M03664,B04,2025-04-11,Mark Castillo,M,25-34
M03665,B04,2025-04-21,Mark Villanueva,M,25-34
M03666,B04,2025-05-16,Erika Fernandez,M,25-34
M03667,B04,2025-05-16,Miguel Villanueva,F,18-24
M03668,B04,2025-05-07,Bea Cruz,M,25-34
M03669,B04,2025-05-21,Jose Reyes,M,18-24
M03670,B04,2025-05-05,Nicole Navarro,M,35-44
M03671,B04,2025-05-08,Carlo Castro,F,35-44
M03672,B04,2025-05-27,Jose Arcenas,F,25-34
M03673,B04,2025-05-27,Jose Flores,F,18-24
M03674,B04,2025-05-24,Miguel Castro,M,25-34
M03675,B04,2025-05-06,Kristine Arcenas,M,25-34
M03676,B04,2025-05-24,Maria Reyes,M,25-34
M03677,B04,2025-05-09,Kevin Fernandez,F,25-34
M03678,B04,2025-05-29,Patricia Mendoza,M,25-34
M03679,B04,2025-05-04,Nicole Cruz,F,25-34
M03680,B04,2025-05-30,Andrea Aquino,F,18-24
M03681,B04,2025-05-01,Kristine Cruz,M,35-44
M03682,B04,2025-05-27,Juan Villanueva,F,18-24
M03683,B04,2025-05-31,Luis Dela Cruz,M,25-34
M03684,B04,2025-05-04,Nicole Ramos,M,18-24
M03685,B04,2025-06-23,Miguel Garcia,M,35-44
M03686,B04,2025-06-09,Angel Arcenas,M,18-24
M03687,B04,2025-06-30,Angel Lopez,M,25-34
M03688,B04,2025-06-14,Luis Lopez,M,25-34
M03689,B04,2025-06-06,Luis Fernandez,M,25-34
M03690,B04,2025-06-04,Miguel Belleza,M,35-44
M03691,B04,2025-06-12,Kristine Arcenas,M,25-34
M03692,B04,2025-06-18,Nicole Castillo,F,25-34
M03693,B04,2025-06-20,Nicole Reyes,F,45+
M03694,B04,2025-06-15,Nicole Ramos,M,25-34
M03695,B04,2025-06-13,Angel Cruz,F,25-34
M03696,B04,2025-06-02,Camille Gonzales,F,25-34
M03697,B04,2025-06-22,Kevin Santos,M,18-24
M03698,B04,2025-06-23,Miguel Lopez,F,25-34
M03699,B04,2025-06-02,Ana Gonzales,F,35-44
M03700,B04,2025-06-15,Maria Belleza,F,18-24
M03701,B04,2025-06-29,Rafael Castro,M,18-24
M03702,B04,2025-06-30,Trisha Aquino,F,25-34
M03703,B04,2025-06-17,Bea Torres,F,35-44
M03704,B04,2025-06-04,Rafael Mendoza,F,18-24
M03705,B04,2025-07-31,Nicole Belleza,M,25-34
M03706,B04,2025-07-09,Patricia Villanueva,M,35-44
M03707,B04,2025-07-05,Kristine Dela Cruz,M,18-24
M03708,B04,2025-07-24,Patricia Flores,M,18-24
M03709,B04,2025-07-07,Carlo Fernandez,M,25-34
M03710,B04,2025-07-01,Carlo Flores,M,35-44
M03711,B04,2025-07-23,Ramon Navarro,M,45+
M03712,B04,2025-07-13,Juan Cruz,M,18-24
M03713,B04,2025-07-02,Kevin Bautista,M,35-44
M03714,B04,2025-07-17,Luis Castillo,M,25-34
M03715,B04,2025-07-25,Rafael Fernandez,M,25-34
M03716,B04,2025-07-01,Ana Castillo,F,25-34
M03717,B04,2025-07-30,Maria Villanueva,F,18-24
M03718,B04,2025-07-07,Jose Garcia,M,25-34
M03719,B04,2025-07-12,John Aquino,M,35-44
M03720,B04,2025-07-09,Mark Castillo,M,25-34
M03721,B04,2025-07-08,Trisha Mendoza,F,45+
M03722,B04,2025-07-08,Jasmine Mendoza,M,18-24
M03723,B04,2025-07-15,Luis Garcia,F,18-24
M03724,B04,2025-07-08,Kevin Arcenas,M,18-24
M03725,B04,2025-07-19,Ramon Gonzales,F,45+
M03726,B04,2025-07-23,Camille Castro,F,18-24
M03727,B04,2025-08-05,Joshua Gonzales,M,45+
M03728,B04,2025-08-05,Juan Bautista,M,18-24
M03729,B04,2025-08-15,Miguel Aquino,F,35-44
M03730,B04,2025-08-25,Luis Arcenas,M,18-24
M03731,B04,2025-08-30,Luis Aquino,M,45+
M03732,B04,2025-08-22,Mark Ramos,M,18-24
M03733,B04,2025-08-15,Ramon Reyes,M,18-24
M03734,B04,2025-08-10,Bea Mendoza,M,35-44
M03735,B04,2025-08-19,Andrea Castillo,M,25-34
M03736,B04,2025-08-17,Paolo Villanueva,M,25-34
M03737,B04,2025-08-29,Paolo Cruz,M,45+
M03738,B04,2025-08-24,Miguel Santos,F,25-34
M03739,B04,2025-08-01,Bea Fernandez,M,25-34
M03740,B04,2025-08-13,Ana Torres,F,35-44
M03741,B04,2025-08-18,Joshua Cruz,M,25-34
M03742,B04,2025-08-18,Trisha Flores,M,25-34
M03743,B04,2025-08-29,Angel Cruz,F,25-34
M03744,B04,2025-08-17,Miguel Fernandez,F,25-34
M03745,B04,2025-08-01,Juan Cruz,M,25-34
M03746,B04,2025-08-21,Juan Mendoza,M,25-34
M03747,B04,2025-08-31,Juan Ramos,F,18-24
M03748,B04,2025-08-28,Angel Dela Cruz,M,25-34
M03749,B04,2025-08-31,Rafael Dela Cruz,F,25-34
M03750,B04,2025-08-16,Trisha Flores,M,25-34
M03751,B04,2025-09-05,Maria Aquino,M,18-24
M03752,B04,2025-09-29,Mark Mendoza,M,35-44
M03753,B04,2025-09-16,Juan Aquino,M,18-24
M03754,B04,2025-09-26,Patricia Villanueva,M,18-24
M03755,B04,2025-09-02,Rafael Santos,M,35-44
M03756,B04,2025-09-10,Andrea Reyes,F,25-34
M03757,B04,2025-09-24,Ana Navarro,M,35-44
M03758,B04,2025-09-28,Ana Fernandez,M,35-44
M03759,B04,2025-09-05,Ana Flores,F,18-24
M03760,B04,2025-09-29,Bea Villanueva,F,25-34
M03761,B04,2025-09-30,Andrea Flores,M,18-24
M03762,B04,2025-09-03,Rafael Lopez,M,25-34
M03763,B04,2025-09-27,John Reyes,M,45+
M03764,B04,2025-09-10,Ramon Gonzales,M,25-34
M03765,B04,2025-09-02,John Navarro,M,25-34
M03766,B04,2025-09-03,Carlo Reyes,M,18-24
M03767,B04,2025-09-18,Nicole Gonzales,F,25-34
M03768,B04,2025-09-18,Camille Santos,M,25-34
M03769,B04,2025-09-01,Luis Arcenas,M,25-34
M03770,B04,2025-10-14,Camille Bautista,F,18-24
M03771,B04,2025-10-07,Nicole Villanueva,F,35-44
M03772,B04,2025-10-04,Jasmine Villanueva,F,25-34
M03773,B04,2025-10-11,Paolo Ramos,M,18-24
M03774,B04,2025-10-22,Patricia Villanueva,F,18-24
M03775,B04,2025-10-03,Mark Garcia,M,18-24
M03776,B04,2025-10-22,Camille Castro,F,18-24
M03777,B04,2025-10-21,Kristine Fernandez,M,45+
M03778,B04,2025-10-31,John Torres,M,25-34
M03779,B04,2025-10-01,Ana Aquino,M,25-34
M03780,B04,2025-10-26,Joshua Bautista,M,25-34
M03781,B04,2025-10-04,Maria Belleza,M,18-24
M03782,B04,2025-10-05,Patricia Cruz,M,45+
M03783,B04,2025-10-25,Kevin Navarro,M,18-24
M03784,B04,2025-10-01,Juan Belleza,F,35-44
M03785,B04,2025-10-10,Carlo Lopez,F,35-44
M03786,B04,2025-11-29,Maria Gonzales,M,18-24
M03787,B04,2025-11-05,Juan Dela Cruz,F,35-44
M03788,B04,2025-11-11,Kristine Aquino,M,35-44
M03789,B04,2025-11-26,Erika Torres,F,25-34
M03790,B04,2025-11-03,Luis Gonzales,F,18-24
M03791,B04,2025-11-14,Miguel Reyes,F,45+
M03792,B04,2025-11-02,Joshua Reyes,M,25-34
M03793,B04,2025-11-13,Bea Navarro,M,18-24
M03794,B04,2025-11-05,Kevin Reyes,F,18-24
M03795,B04,2025-11-24,Ana Arcenas,M,25-34
M03796,B04,2025-11-20,Ana Castillo,M,45+
M03797,B04,2025-11-19,Paolo Torres,M,18-24
M03798,B04,2025-11-28,Andrea Navarro,F,35-44
M03799,B04,2025-11-01,Kevin Flores,F,25-34
M03800,B04,2025-11-23,Angel Arcenas,M,35-44
M03801,B04,2025-11-05,Patricia Lopez,M,45+
M03802,B04,2025-12-31,Patricia Aquino,F,35-44
M03803,B04,2025-12-27,Camille Castillo,F,25-34
M03804,B04,2025-12-27,Camille Torres,F,18-24
M03805,B04,2025-12-10,Juan Lopez,M,18-24
M03806,B04,2025-12-21,Erika Torres,F,18-24
M03807,B04,2025-12-14,Paolo Castro,F,18-24
M03808,B04,2025-12-15,Trisha Santos,F,25-34
M03809,B04,2025-12-09,Andrea Arcenas,M,18-24
M03810,B04,2025-12-31,Juan Flores,M,18-24
M03811,B04,2025-12-20,Paolo Torres,M,25-34
M03812,B04,2025-12-13,Erika Flores,F,18-24
M03813,B04,2025-12-02,Nicole Ramos,M,45+
M03814,B04,2025-12-01,Erika Reyes,M,18-24
M03815,B04,2025-12-19,Kevin Aquino,F,25-34
M03816,B04,2025-12-31,Paolo Garcia,M,25-34
M03817,B04,2025-12-03,Miguel Villanueva,F,25-34
M03818,B04,2025-12-10,John Navarro,F,25-34
M03819,B04,2025-12-06,Patricia Mendoza,F,25-34
M03820,B04,2025-12-13,Rafael Gonzales,F,25-34
M03821,B04,2026-01-14,Erika Belleza,F,18-24
M03822,B04,2026-01-03,Paolo Belleza,F,25-34
M03823,B04,2026-01-10,Erika Cruz,M,18-24
M03824,B04,2026-01-30,Joshua Torres,F,35-44
M03825,B04,2026-01-08,Patricia Flores,M,25-34
M03826,B04,2026-01-17,Joshua Gonzales,M,25-34
M03827,B04,2026-01-30,Joshua Gonzales,F,18-24
M03828,B04,2026-01-04,Ana Arcenas,F,25-34
M03829,B04,2026-01-07,Patricia Castro,F,18-24
M03830,B04,2026-01-30,Maria Castillo,F,18-24
M03831,B04,2026-01-12,Camille Belleza,M,18-24
M03832,B04,2026-01-19,Joshua Reyes,M,45+
M03833,B04,2026-01-29,Camille Aquino,M,18-24
M03834,B04,2026-01-28,Patricia Gonzales,M,35-44
M03835,B04,2026-01-03,Jose Mendoza,F,35-44
M03836,B04,2026-01-30,Ana Ramos,F,18-24
M03837,B04,2026-01-23,Patricia Fernandez,F,18-24
M03838,B04,2026-01-13,Angel Dela Cruz,F,18-24
M03839,B04,2026-01-22,Paolo Garcia,M,45+
M03840,B04,2026-01-15,Maria Cruz,F,18-24
M03841,B04,2026-01-05,Mark Santos,M,25-34
M03842,B04,2026-01-08,John Villanueva,M,25-34
M03843,B04,2026-01-03,Jasmine Aquino,M,18-24
M03844,B04,2026-01-02,Erika Navarro,M,35-44
M03845,B04,2026-01-20,Juan Torres,F,18-24
M03846,B04,2026-01-24,Mark Reyes,F,25-34
M03847,B04,2026-01-21,Rafael Lopez,F,25-34
M03848,B04,2026-01-25,Juan Torres,M,18-24
M03849,B04,2026-01-25,Angel Gonzales,F,18-24
M03850,B04,2026-01-02,Jasmine Dela Cruz,F,25-34
M03851,B04,2026-01-02,John Dela Cruz,M,25-34
M03852,B04,2026-01-08,Luis Bautista,F,45+
M03853,B04,2026-01-04,Camille Fernandez,M,25-34
M03854,B04,2026-01-08,Angel Dela Cruz,M,35-44
M03855,B04,2026-01-02,Juan Cruz,M,18-24
M03856,B04,2026-01-27,Camille Aquino,M,25-34
M03857,B04,2026-01-18,Joshua Torres,M,35-44
M03858,B04,2026-01-13,Miguel Ramos,M,25-34
M03859,B04,2026-02-16,Andrea Garcia,F,25-34
M03860,B04,2026-02-19,Nicole Bautista,M,18-24
M03861,B04,2026-02-11,Juan Navarro,F,18-24
M03862,B04,2026-02-18,Paolo Aquino,F,18-24
M03863,B04,2026-02-20,Rafael Dela Cruz,F,25-34
M03864,B04,2026-02-06,Erika Garcia,F,25-34
M03865,B04,2026-02-18,Luis Reyes,F,35-44
M03866,B04,2026-02-10,John Torres,M,18-24
M03867,B04,2026-02-24,Kevin Castillo,M,35-44
M03868,B04,2026-02-01,Andrea Reyes,M,25-34
M03869,B04,2026-02-07,Nicole Castillo,M,25-34
M03870,B04,2026-02-11,Trisha Belleza,F,25-34
M03871,B04,2026-02-07,Mark Reyes,F,25-34
M03872,B04,2026-02-24,Joshua Belleza,M,25-34
M03873,B04,2026-02-27,Kevin Belleza,F,18-24
M03874,B04,2026-02-06,Mark Villanueva,M,18-24
M03875,B04,2026-02-26,Maria Reyes,F,25-34
M03876,B04,2026-02-26,Trisha Torres,M,18-24
M03877,B04,2026-02-23,Kristine Belleza,M,35-44
M03878,B04,2026-02-09,Ana Reyes,F,18-24
M03879,B04,2026-02-14,Juan Lopez,M,25-34
M03880,B04,2026-02-07,Juan Arcenas,M,35-44
M03881,B04,2026-02-14,Camille Fernandez,F,18-24
M03882,B04,2026-02-19,Ramon Garcia,M,25-34
M03883,B04,2026-02-19,Camille Fernandez,M,25-34
M03884,B04,2026-02-08,John Castro,M,35-44
M03885,B04,2026-03-26,Miguel Belleza,F,35-44
M03886,B04,2026-03-27,Erika Belleza,F,45+
M03887,B04,2026-03-25,Kevin Aquino,M,25-34
M03888,B04,2026-03-05,Maria Castro,M,18-24
M03889,B04,2026-03-05,Juan Dela Cruz,M,25-34
M03890,B04,2026-03-15,Erika Villanueva,F,25-34
M03891,B04,2026-03-21,Maria Santos,M,18-24
M03892,B04,2026-03-29,Mark Arcenas,M,45+
M03893,B04,2026-03-18,Miguel Castillo,M,25-34
M03894,B04,2026-03-06,Angel Arcenas,F,18-24
M03895,B04,2026-03-03,Maria Ramos,F,25-34
M03896,B04,2026-03-11,Jasmine Ramos,M,18-24
M03897,B04,2026-03-04,Andrea Dela Cruz,M,18-24
M03898,B04,2026-03-15,Angel Santos,F,35-44
M03899,B04,2026-03-05,Luis Ramos,F,35-44
M03900,B04,2026-03-21,Nicole Belleza,M,18-24
M03901,B04,2026-03-21,Juan Dela Cruz,F,18-24
M03902,B04,2026-03-09,Trisha Navarro,M,18-24
M03903,B04,2026-03-16,Juan Torres,F,25-34
M03904,B04,2026-03-30,Patricia Navarro,M,18-24
M03905,B04,2026-03-22,Angel Belleza,F,18-24
M03906,B04,2026-03-15,Ana Reyes,F,45+
M03907,B04,2026-04-14,John Ramos,F,18-24
M03908,B04,2026-04-15,Juan Castro,M,25-34
M03909,B04,2026-04-10,Miguel Belleza,M,35-44
M03910,B04,2026-04-30,Maria Belleza,F,18-24
M03911,B04,2026-04-24,Joshua Fernandez,F,45+
M03912,B04,2026-04-15,Maria Bautista,F,45+
M03913,B04,2026-04-18,Kristine Arcenas,M,18-24
M03914,B04,2026-04-21,Angel Fernandez,F,35-44
M03915,B04,2026-04-18,Miguel Villanueva,M,25-34
M03916,B04,2026-04-24,Angel Torres,M,25-34
M03917,B04,2026-04-03,Trisha Bautista,M,18-24
M03918,B04,2026-04-29,Ana Mendoza,M,45+
M03919,B04,2026-04-27,Maria Villanueva,M,35-44
M03920,B04,2026-04-24,Trisha Garcia,M,18-24
M03921,B04,2026-04-26,John Fernandez,M,18-24
M03922,B04,2026-04-28,Bea Garcia,M,18-24
M03923,B04,2026-04-24,Miguel Ramos,F,35-44
M03924,B04,2026-04-02,Joshua Flores,M,25-34
M03925,B04,2026-04-28,Bea Bautista,M,18-24
M03926,B04,2026-04-06,Ana Torres,F,35-44
M03927,B04,2026-05-03,Carlo Santos,M,35-44
M03928,B04,2026-05-30,Erika Santos,M,45+
M03929,B04,2026-05-04,Angel Fernandez,M,35-44
M03930,B04,2026-05-24,John Torres,M,25-34
M03931,B04,2026-05-20,Angel Belleza,F,18-24
M03932,B04,2026-05-18,Patricia Castro,F,35-44
M03933,B04,2026-05-16,Jose Flores,F,18-24
M03934,B04,2026-05-29,Erika Villanueva,F,18-24
M03935,B04,2026-05-24,Juan Aquino,M,25-34
M03936,B04,2026-05-12,Mark Santos,F,18-24
M03937,B04,2026-05-13,Angel Santos,F,25-34
M03938,B04,2026-05-11,Trisha Villanueva,M,45+
M03939,B04,2026-05-26,Joshua Bautista,M,35-44
M03940,B04,2026-05-01,Juan Reyes,F,25-34
M03941,B04,2026-05-20,Juan Aquino,F,25-34
M03942,B04,2026-05-02,Ramon Castillo,M,25-34
M03943,B04,2026-05-13,Rafael Bautista,M,25-34
M03944,B04,2026-05-08,Juan Reyes,F,35-44
M03945,B04,2026-05-10,Juan Lopez,M,35-44
M03946,B04,2026-05-18,Maria Castillo,M,18-24
M03947,B04,2026-05-16,Jasmine Ramos,F,18-24
M03948,B04,2026-05-10,Nicole Villanueva,M,18-24
M03949,B04,2026-05-31,Miguel Arcenas,F,35-44
M03950,B04,2026-05-25,Andrea Fernandez,F,25-34
M03951,B04,2026-06-03,Juan Castillo,M,25-34
M03952,B04,2026-06-07,Juan Aquino,F,25-34
M03953,B04,2026-06-02,Rafael Garcia,F,18-24
M03954,B04,2026-06-28,Joshua Arcenas,F,45+
M03955,B04,2026-06-24,Erika Torres,M,25-34
M03956,B04,2026-06-22,Andrea Arcenas,M,25-34
M03957,B04,2026-06-08,Trisha Ramos,M,25-34
M03958,B04,2026-06-20,Carlo Mendoza,M,18-24
M03959,B04,2026-06-27,Erika Castro,F,18-24
M03960,B04,2026-06-21,Jasmine Lopez,M,35-44
M03961,B04,2026-06-04,Angel Villanueva,F,18-24
M03962,B04,2026-06-03,Joshua Arcenas,M,25-34
M03963,B04,2026-06-19,Joshua Navarro,M,45+
M03964,B04,2026-06-16,Joshua Reyes,F,45+
M03965,B04,2026-06-23,Kevin Castro,M,25-34
M03966,B04,2026-06-06,Mark Bautista,F,35-44
M03967,B05,2024-08-01,Bea Castro,F,18-24
M03968,B05,2024-07-16,Ana Mendoza,M,18-24
M03969,B05,2024-08-01,Bea Aquino,F,18-24
M03970,B05,2024-08-01,Angel Ramos,M,25-34
M03971,B05,2024-08-01,Trisha Mendoza,F,18-24
M03972,B05,2024-08-01,Ramon Lopez,F,25-34
M03973,B05,2024-08-19,Juan Cruz,F,25-34
M03974,B05,2024-10-10,Camille Castro,F,18-24
M03975,B05,2024-10-30,Kevin Fernandez,M,25-34
M03976,B05,2024-08-01,Ana Ramos,M,45+
M03977,B05,2024-08-01,Camille Reyes,F,18-24
M03978,B05,2024-06-29,Carlo Santos,M,18-24
M03979,B05,2024-08-01,Carlo Torres,F,18-24
M03980,B05,2024-08-01,John Reyes,F,35-44
M03981,B05,2024-08-01,Erika Ramos,M,25-34
M03982,B05,2024-08-01,Jasmine Belleza,F,18-24
M03983,B05,2024-08-01,Kevin Gonzales,F,35-44
M03984,B05,2024-06-02,Luis Aquino,M,45+
M03985,B05,2024-08-01,John Villanueva,M,18-24
M03986,B05,2024-08-01,Jose Aquino,M,25-34
M03987,B05,2024-08-01,Paolo Castillo,M,25-34
M03988,B05,2024-08-01,Carlo Cruz,M,25-34
M03989,B05,2024-08-01,Jasmine Bautista,M,45+
M03990,B05,2024-01-20,Rafael Gonzales,M,18-24
M03991,B05,2024-07-13,Nicole Gonzales,M,18-24
M03992,B05,2024-07-15,Trisha Santos,M,25-34
M03993,B05,2024-08-01,Paolo Flores,F,25-34
M03994,B05,2024-08-01,Camille Fernandez,F,35-44
M03995,B05,2024-08-01,Maria Mendoza,F,25-34
M03996,B05,2024-08-01,Ramon Dela Cruz,M,18-24
M03997,B05,2024-08-01,Camille Garcia,F,35-44
M03998,B05,2024-08-01,Ramon Flores,M,45+
M03999,B05,2024-08-04,Joshua Fernandez,F,35-44
M04000,B05,2024-02-16,Kevin Gonzales,M,25-34
M04001,B05,2024-09-23,Nicole Ramos,F,35-44
M04002,B05,2024-08-01,Kristine Mendoza,M,18-24
M04003,B05,2024-08-01,Trisha Santos,M,25-34
M04004,B05,2024-07-22,Trisha Torres,M,18-24
M04005,B05,2024-08-01,Rafael Castillo,F,35-44
M04006,B05,2024-08-01,Kevin Santos,M,45+
M04007,B05,2024-08-01,Miguel Cruz,F,35-44
M04008,B05,2024-08-01,Ramon Dela Cruz,M,18-24
M04009,B05,2024-08-01,Kristine Castillo,M,25-34
M04010,B05,2024-08-01,Trisha Santos,F,45+
M04011,B05,2024-08-01,Mark Navarro,M,35-44
M04012,B05,2024-08-01,Juan Villanueva,F,35-44
M04013,B05,2024-08-01,Kristine Villanueva,F,25-34
M04014,B05,2024-08-01,Carlo Cruz,F,18-24
M04015,B05,2024-08-01,Trisha Belleza,M,35-44
M04016,B05,2024-08-01,Ramon Arcenas,F,18-24
M04017,B05,2024-08-01,Kristine Villanueva,F,45+
M04018,B05,2024-11-15,Rafael Gonzales,F,25-34
M04019,B05,2024-08-01,Bea Fernandez,M,25-34
M04020,B05,2024-08-01,Rafael Villanueva,M,35-44
M04021,B05,2024-08-01,Erika Bautista,M,18-24
M04022,B05,2024-08-27,Ana Gonzales,M,35-44
M04023,B05,2024-08-01,Joshua Fernandez,F,18-24
M04024,B05,2024-08-01,Erika Castillo,M,18-24
M04025,B05,2024-11-04,Kristine Cruz,F,35-44
M04026,B05,2024-08-01,Miguel Castillo,M,18-24
M04027,B05,2024-08-01,Jose Torres,M,35-44
M04028,B05,2024-08-23,Jose Belleza,M,18-24
M04029,B05,2024-04-12,Andrea Garcia,M,25-34
M04030,B05,2024-10-30,Paolo Reyes,F,35-44
M04031,B05,2024-01-23,Rafael Ramos,M,25-34
M04032,B05,2024-06-05,Paolo Torres,F,35-44
M04033,B05,2024-08-01,Andrea Santos,M,25-34
M04034,B05,2024-09-22,Kristine Ramos,M,45+
M04035,B05,2024-08-01,Joshua Belleza,M,18-24
M04036,B05,2024-08-01,Miguel Torres,M,25-34
M04037,B05,2024-08-01,Mark Navarro,M,25-34
M04038,B05,2024-10-18,Ana Flores,M,35-44
M04039,B05,2024-08-01,Jose Castillo,F,35-44
M04040,B05,2024-08-01,Erika Arcenas,F,18-24
M04041,B05,2024-08-01,Kristine Castillo,F,35-44
M04042,B05,2024-11-03,Andrea Gonzales,M,45+
M04043,B05,2024-08-01,Carlo Cruz,F,35-44
M04044,B05,2024-08-01,Carlo Arcenas,F,18-24
M04045,B05,2024-08-01,Nicole Fernandez,F,18-24
M04046,B05,2024-06-19,John Ramos,F,25-34
M04047,B05,2024-08-01,John Bautista,M,25-34
M04048,B05,2024-04-01,Erika Lopez,M,35-44
M04049,B05,2024-08-01,Camille Arcenas,M,18-24
M04050,B05,2024-08-01,Maria Navarro,M,35-44
M04051,B05,2024-08-01,Kevin Flores,F,45+
M04052,B05,2024-10-08,Bea Reyes,M,18-24
M04053,B05,2024-08-01,Angel Dela Cruz,M,18-24
M04054,B05,2024-08-01,Bea Castro,M,18-24
M04055,B05,2024-08-01,Bea Dela Cruz,F,35-44
M04056,B05,2024-08-01,Ana Ramos,M,18-24
M04057,B05,2024-08-01,Maria Santos,F,35-44
M04058,B05,2024-08-01,Jasmine Castro,M,45+
M04059,B05,2024-08-01,Patricia Bautista,M,18-24
M04060,B05,2024-08-01,Jose Garcia,M,35-44
M04061,B05,2024-08-01,Kristine Flores,M,25-34
M04062,B05,2024-08-01,Bea Villanueva,M,25-34
M04063,B05,2024-10-16,Ana Aquino,M,25-34
M04064,B05,2024-09-11,Camille Castillo,F,18-24
M04065,B05,2024-08-01,Bea Navarro,M,25-34
M04066,B05,2024-08-01,Maria Dela Cruz,F,18-24
M04067,B05,2024-08-01,Joshua Aquino,M,25-34
M04068,B05,2024-08-01,John Belleza,M,25-34
M04069,B05,2024-03-16,Camille Lopez,M,45+
M04070,B05,2024-08-01,Camille Aquino,F,18-24
M04071,B05,2024-08-01,Erika Lopez,M,18-24
M04072,B05,2024-11-26,Maria Arcenas,F,25-34
M04073,B05,2024-08-01,Maria Fernandez,F,18-24
M04074,B05,2024-08-01,Kevin Lopez,M,25-34
M04075,B05,2024-08-01,Patricia Cruz,F,25-34
M04076,B05,2024-09-07,John Cruz,M,25-34
M04077,B05,2024-08-01,Mark Ramos,M,25-34
M04078,B05,2024-08-01,Rafael Castillo,M,18-24
M04079,B05,2024-08-01,Ramon Fernandez,F,18-24
M04080,B05,2024-08-01,Kevin Belleza,F,45+
M04081,B05,2024-08-01,Carlo Reyes,F,45+
M04082,B05,2024-11-01,Rafael Mendoza,M,45+
M04083,B05,2024-08-01,John Gonzales,F,35-44
M04084,B05,2024-08-01,Angel Navarro,M,35-44
M04085,B05,2024-09-29,Patricia Ramos,F,35-44
M04086,B05,2024-08-01,Jose Gonzales,F,25-34
M04087,B05,2024-08-01,Nicole Aquino,F,18-24
M04088,B05,2024-08-01,Carlo Lopez,M,45+
M04089,B05,2024-04-22,Angel Cruz,F,25-34
M04090,B05,2024-08-01,Camille Aquino,F,25-34
M04091,B05,2024-08-01,Miguel Castillo,F,25-34
M04092,B05,2024-08-08,Miguel Flores,M,25-34
M04093,B05,2024-08-01,Nicole Aquino,M,25-34
M04094,B05,2024-06-29,Nicole Torres,M,25-34
M04095,B05,2024-08-01,Kristine Torres,F,25-34
M04096,B05,2024-08-01,Maria Torres,F,45+
M04097,B05,2024-08-01,Paolo Reyes,F,25-34
M04098,B05,2024-08-01,Ana Cruz,M,18-24
M04099,B05,2024-08-01,Andrea Villanueva,F,18-24
M04100,B05,2024-08-01,John Navarro,F,25-34
M04101,B05,2024-08-01,Maria Navarro,F,18-24
M04102,B05,2024-07-25,Nicole Dela Cruz,M,18-24
M04103,B05,2024-08-01,Luis Castillo,M,18-24
M04104,B05,2024-08-20,Rafael Reyes,M,18-24
M04105,B05,2024-08-01,Ramon Belleza,M,35-44
M04106,B05,2024-08-01,Erika Cruz,F,45+
M04107,B05,2024-08-01,Miguel Flores,F,18-24
M04108,B05,2024-08-01,Ramon Cruz,M,45+
M04109,B05,2024-08-01,Ramon Bautista,M,25-34
M04110,B05,2024-08-01,Luis Gonzales,F,35-44
M04111,B05,2024-10-23,Miguel Lopez,M,25-34
M04112,B05,2024-08-01,Joshua Arcenas,M,25-34
M04113,B05,2024-08-01,Paolo Bautista,F,18-24
M04114,B05,2024-08-01,Ana Flores,M,25-34
M04115,B05,2024-08-01,Erika Belleza,M,25-34
M04116,B05,2024-08-01,Andrea Dela Cruz,F,35-44
M04117,B05,2024-08-01,Erika Gonzales,M,45+
M04118,B05,2024-04-10,Miguel Navarro,M,25-34
M04119,B05,2024-08-01,Bea Flores,M,18-24
M04120,B05,2024-08-01,Trisha Ramos,M,25-34
M04121,B05,2024-08-01,Andrea Gonzales,F,18-24
M04122,B05,2024-08-01,Jasmine Fernandez,F,35-44
M04123,B05,2024-02-25,Bea Flores,M,25-34
M04124,B05,2024-08-01,John Torres,M,18-24
M04125,B05,2024-08-01,Angel Belleza,F,25-34
M04126,B05,2024-08-01,Jose Bautista,M,18-24
M04127,B05,2024-08-01,Luis Mendoza,F,35-44
M04128,B05,2024-08-01,Patricia Aquino,M,25-34
M04129,B05,2024-10-30,Carlo Navarro,M,35-44
M04130,B05,2024-08-01,Maria Fernandez,M,25-34
M04131,B05,2024-08-01,Juan Santos,M,25-34
M04132,B05,2024-08-01,Bea Gonzales,F,18-24
M04133,B05,2024-08-01,Kevin Bautista,F,35-44
M04134,B05,2024-08-01,Jasmine Flores,M,25-34
M04135,B05,2024-08-01,Ana Belleza,F,45+
M04136,B05,2024-08-14,Jose Mendoza,F,18-24
M04137,B05,2024-08-07,Kristine Torres,M,25-34
M04138,B05,2024-08-01,Trisha Bautista,F,18-24
M04139,B05,2024-08-01,Andrea Fernandez,M,25-34
M04140,B05,2024-08-01,Maria Aquino,M,18-24
M04141,B05,2024-07-12,Mark Dela Cruz,M,35-44
M04142,B05,2024-08-01,Trisha Gonzales,M,25-34
M04143,B05,2024-08-01,Maria Belleza,F,45+
M04144,B05,2024-08-01,John Belleza,F,18-24
M04145,B05,2024-08-01,Ana Lopez,M,18-24
M04146,B05,2024-08-01,Erika Gonzales,F,18-24
M04147,B05,2024-08-01,Patricia Castillo,M,35-44
M04148,B05,2024-08-01,Ana Navarro,M,25-34
M04149,B05,2024-08-01,Jasmine Santos,M,25-34
M04150,B05,2024-08-01,Juan Reyes,F,18-24
M04151,B05,2024-08-01,John Arcenas,M,18-24
M04152,B05,2024-08-01,Ramon Cruz,M,18-24
M04153,B05,2024-08-01,Bea Arcenas,M,25-34
M04154,B05,2024-08-01,Maria Arcenas,F,25-34
M04155,B05,2024-01-30,Camille Ramos,M,18-24
M04156,B05,2024-10-03,Bea Mendoza,M,35-44
M04157,B05,2024-08-01,Bea Torres,F,25-34
M04158,B05,2024-08-01,Juan Navarro,F,45+
M04159,B05,2024-08-01,Camille Garcia,M,18-24
M04160,B05,2024-08-01,Luis Lopez,M,45+
M04161,B05,2024-07-05,Carlo Arcenas,M,25-34
M04162,B05,2024-08-01,Jose Navarro,M,45+
M04163,B05,2024-08-01,Rafael Bautista,F,18-24
M04164,B05,2024-08-01,Erika Villanueva,F,25-34
M04165,B05,2024-08-01,John Villanueva,F,25-34
M04166,B05,2024-08-01,Angel Villanueva,F,18-24
M04167,B05,2024-08-01,Kristine Gonzales,M,18-24
M04168,B05,2024-08-01,Trisha Navarro,M,18-24
M04169,B05,2024-08-01,Bea Castillo,F,18-24
M04170,B05,2024-08-01,Carlo Garcia,F,25-34
M04171,B05,2024-08-01,Nicole Bautista,M,18-24
M04172,B05,2024-01-27,Kristine Villanueva,M,18-24
M04173,B05,2024-08-01,Ana Castro,M,25-34
M04174,B05,2024-08-01,Andrea Castillo,M,35-44
M04175,B05,2024-08-01,Jose Fernandez,F,25-34
M04176,B05,2024-08-01,Camille Arcenas,F,35-44
M04177,B05,2024-08-01,Andrea Villanueva,F,35-44
M04178,B05,2024-10-05,Maria Dela Cruz,M,18-24
M04179,B05,2024-08-01,Kevin Garcia,M,18-24
M04180,B05,2024-08-01,Rafael Garcia,F,25-34
M04181,B05,2024-01-05,Carlo Santos,F,18-24
M04182,B05,2024-08-01,Joshua Ramos,F,25-34
M04183,B05,2024-08-01,Kristine Lopez,M,25-34
M04184,B05,2024-08-01,Miguel Villanueva,F,18-24
M04185,B05,2024-08-01,Juan Arcenas,M,25-34
M04186,B05,2024-07-17,Jasmine Aquino,F,35-44
M04187,B05,2024-09-26,Jasmine Ramos,M,25-34
M04188,B05,2024-11-19,Rafael Castro,F,18-24
M04189,B05,2024-08-01,Ana Arcenas,F,18-24
M04190,B05,2024-08-01,Maria Santos,F,25-34
M04191,B05,2024-08-01,Ramon Dela Cruz,M,25-34
M04192,B05,2024-09-19,Bea Belleza,F,25-34
M04193,B05,2024-08-01,Juan Villanueva,F,35-44
M04194,B05,2024-08-01,Angel Villanueva,F,25-34
M04195,B05,2024-08-01,Joshua Castro,F,35-44
M04196,B05,2024-08-01,Jose Dela Cruz,M,25-34
M04197,B05,2024-08-01,Carlo Garcia,M,18-24
M04198,B05,2024-11-06,Angel Dela Cruz,M,25-34
M04199,B05,2024-08-01,Luis Dela Cruz,M,25-34
M04200,B05,2024-08-01,Jose Reyes,M,25-34
M04201,B05,2024-08-01,Trisha Cruz,M,35-44
M04202,B05,2024-08-01,Mark Castillo,M,25-34
M04203,B05,2024-09-02,Bea Gonzales,F,25-34
M04204,B05,2024-08-01,Erika Navarro,F,25-34
M04205,B05,2024-08-01,Nicole Reyes,M,25-34
M04206,B05,2024-08-01,John Flores,F,25-34
M04207,B05,2024-09-17,Ramon Belleza,M,18-24
M04208,B05,2024-08-01,Ramon Aquino,F,25-34
M04209,B05,2024-08-01,Juan Garcia,M,45+
M04210,B05,2024-08-01,Jasmine Aquino,M,35-44
M04211,B05,2024-08-01,Ana Villanueva,M,35-44
M04212,B05,2024-08-01,Patricia Dela Cruz,F,18-24
M04213,B05,2024-08-01,Ramon Lopez,M,25-34
M04214,B05,2024-08-01,Rafael Belleza,F,18-24
M04215,B05,2024-07-01,Bea Lopez,F,25-34
M04216,B05,2024-08-01,Trisha Bautista,F,18-24
M04217,B05,2024-08-01,John Mendoza,F,25-34
M04218,B05,2024-08-01,Camille Aquino,M,35-44
M04219,B05,2024-08-01,Mark Fernandez,M,18-24
M04220,B05,2024-08-01,Ramon Arcenas,M,18-24
M04221,B05,2024-08-01,Angel Castillo,F,45+
M04222,B05,2024-08-01,Patricia Cruz,M,18-24
M04223,B05,2024-08-01,Ramon Ramos,M,25-34
M04224,B05,2024-08-01,Trisha Villanueva,M,18-24
M04225,B05,2024-08-01,Kristine Reyes,M,35-44
M04226,B05,2024-08-01,Bea Mendoza,F,25-34
M04227,B05,2024-01-30,Kevin Navarro,F,18-24
M04228,B05,2024-08-01,Kristine Castillo,F,25-34
M04229,B05,2024-08-01,Jose Gonzales,M,35-44
M04230,B05,2024-08-01,Jose Bautista,F,35-44
M04231,B05,2024-08-01,Rafael Belleza,F,25-34
M04232,B05,2024-08-01,Erika Dela Cruz,M,25-34
M04233,B05,2024-08-01,Ana Belleza,M,35-44
M04234,B05,2024-05-04,Bea Navarro,M,18-24
M04235,B05,2024-08-01,Kevin Ramos,M,18-24
M04236,B05,2024-08-01,Miguel Garcia,M,25-34
M04237,B05,2024-08-01,Juan Fernandez,M,18-24
M04238,B05,2024-08-01,Rafael Garcia,F,45+
M04239,B05,2024-08-01,Carlo Garcia,F,18-24
M04240,B05,2024-11-01,Nicole Flores,M,25-34
M04241,B05,2024-08-01,Bea Cruz,M,25-34
M04242,B05,2024-08-01,Patricia Belleza,M,18-24
M04243,B05,2024-08-01,John Santos,F,35-44
M04244,B05,2024-08-01,John Santos,M,18-24
M04245,B05,2024-08-01,Ramon Gonzales,M,35-44
M04246,B05,2024-08-01,Camille Navarro,M,35-44
M04247,B05,2024-08-13,Paolo Torres,F,18-24
M04248,B05,2024-08-01,Mark Belleza,F,45+
M04249,B05,2024-08-01,Nicole Flores,F,35-44
M04250,B05,2024-08-01,Camille Fernandez,M,25-34
M04251,B05,2024-11-08,Patricia Reyes,F,35-44
M04252,B05,2024-08-01,Juan Bautista,M,25-34
M04253,B05,2024-08-01,Paolo Navarro,M,35-44
M04254,B05,2024-10-06,Rafael Fernandez,M,25-34
M04255,B05,2024-08-01,Bea Dela Cruz,M,18-24
M04256,B05,2024-05-12,Juan Villanueva,F,35-44
M04257,B05,2024-05-19,Jasmine Lopez,M,45+
M04258,B05,2024-08-01,Miguel Cruz,F,18-24
M04259,B05,2024-08-01,Maria Flores,M,45+
M04260,B05,2024-08-01,Jose Arcenas,M,35-44
M04261,B05,2024-08-01,Ana Fernandez,F,25-34
M04262,B05,2024-08-01,John Fernandez,M,35-44
M04263,B05,2024-08-10,Juan Aquino,M,45+
M04264,B05,2024-08-01,Ana Flores,F,18-24
M04265,B05,2024-08-01,Joshua Torres,F,18-24
M04266,B05,2024-08-01,Ramon Arcenas,M,25-34
M04267,B05,2024-08-01,Ramon Dela Cruz,F,25-34
M04268,B05,2024-08-01,Joshua Flores,F,25-34
M04269,B05,2024-08-01,Carlo Torres,M,25-34
M04270,B05,2024-08-24,Trisha Reyes,M,35-44
M04271,B05,2024-10-07,Luis Mendoza,F,18-24
M04272,B05,2024-08-01,Patricia Mendoza,F,45+
M04273,B05,2024-08-01,Mark Reyes,M,25-34
M04274,B05,2024-08-01,Erika Belleza,M,25-34
M04275,B05,2024-08-01,Ramon Belleza,M,25-34
M04276,B05,2024-08-01,Kevin Ramos,F,25-34
M04277,B05,2024-08-01,Carlo Ramos,M,35-44
M04278,B05,2024-08-01,Carlo Santos,F,25-34
M04279,B05,2024-08-01,Nicole Gonzales,M,18-24
M04280,B05,2024-08-01,Juan Santos,M,25-34
M04281,B05,2024-08-01,Miguel Aquino,F,45+
M04282,B05,2024-08-01,Angel Arcenas,F,25-34
M04283,B05,2024-08-01,Angel Garcia,F,18-24
M04284,B05,2024-08-01,Angel Ramos,M,18-24
M04285,B05,2024-08-01,Patricia Cruz,M,18-24
M04286,B05,2024-08-01,Rafael Fernandez,M,45+
M04287,B05,2024-08-01,Jasmine Lopez,M,25-34
M04288,B05,2024-08-01,Trisha Aquino,F,18-24
M04289,B05,2024-08-01,Ana Belleza,F,35-44
M04290,B05,2024-04-07,Rafael Garcia,F,18-24
M04291,B05,2024-08-01,Rafael Castro,F,45+
M04292,B05,2024-08-01,Miguel Dela Cruz,F,45+
M04293,B05,2024-08-01,Carlo Aquino,M,25-34
M04294,B05,2024-08-01,Kevin Lopez,F,25-34
M04295,B05,2024-08-01,Angel Fernandez,M,35-44
M04296,B05,2024-08-01,Camille Reyes,M,45+
M04297,B05,2024-08-01,Mark Dela Cruz,M,25-34
M04298,B05,2024-08-17,Angel Arcenas,M,35-44
M04299,B05,2024-08-01,Juan Ramos,M,18-24
M04300,B05,2024-08-01,Patricia Lopez,F,25-34
M04301,B05,2024-08-01,Bea Bautista,F,18-24
M04302,B05,2024-08-01,Kevin Belleza,F,25-34
M04303,B05,2024-08-01,Carlo Arcenas,M,35-44
M04304,B05,2024-08-01,Patricia Navarro,M,18-24
M04305,B05,2024-08-01,Ramon Santos,M,18-24
M04306,B05,2024-08-01,Camille Navarro,M,18-24
M04307,B05,2024-08-01,Patricia Aquino,F,25-34
M04308,B05,2024-08-01,Ana Belleza,M,25-34
M04309,B05,2024-08-01,Carlo Navarro,F,18-24
M04310,B05,2024-08-01,Andrea Dela Cruz,F,35-44
M04311,B05,2024-08-01,Nicole Bautista,F,35-44
M04312,B05,2024-08-01,Patricia Ramos,M,18-24
M04313,B05,2024-08-01,Kristine Torres,M,18-24
M04314,B05,2024-02-21,Miguel Gonzales,M,45+
M04315,B05,2024-08-01,Paolo Mendoza,F,25-34
M04316,B05,2024-08-01,Kristine Villanueva,F,18-24
M04317,B05,2024-08-01,Luis Castillo,M,45+
M04318,B05,2024-08-01,Ramon Mendoza,F,25-34
M04319,B05,2024-08-01,Paolo Torres,M,45+
M04320,B05,2024-08-01,Paolo Cruz,F,25-34
M04321,B05,2024-08-01,Erika Garcia,F,35-44
M04322,B05,2024-08-01,Trisha Belleza,M,35-44
M04323,B05,2024-08-01,Rafael Torres,M,35-44
M04324,B05,2024-08-18,Mark Dela Cruz,F,25-34
M04325,B05,2024-08-01,Ramon Castillo,M,35-44
M04326,B05,2024-08-01,Trisha Reyes,M,18-24
M04327,B05,2024-08-01,Juan Ramos,F,25-34
M04328,B05,2024-08-01,Erika Torres,F,25-34
M04329,B05,2024-08-01,Nicole Mendoza,M,45+
M04330,B05,2024-08-01,Miguel Castro,M,25-34
M04331,B05,2024-07-24,Bea Reyes,M,45+
M04332,B05,2024-08-01,John Torres,F,45+
M04333,B05,2024-08-01,John Cruz,M,35-44
M04334,B05,2024-08-01,Paolo Mendoza,M,25-34
M04335,B05,2024-08-01,Juan Gonzales,M,18-24
M04336,B05,2024-08-01,Camille Belleza,M,18-24
M04337,B05,2024-08-01,Andrea Ramos,M,18-24
M04338,B05,2024-08-01,Carlo Villanueva,M,18-24
M04339,B05,2024-08-01,Angel Gonzales,M,45+
M04340,B05,2024-08-01,Joshua Aquino,F,45+
M04341,B05,2024-08-01,Kristine Belleza,F,25-34
M04342,B05,2024-08-01,Nicole Castillo,F,18-24
M04343,B05,2024-08-01,Andrea Gonzales,F,18-24
M04344,B05,2024-08-01,John Lopez,M,18-24
M04345,B05,2024-08-01,Jose Flores,F,25-34
M04346,B05,2024-08-26,Camille Cruz,M,25-34
M04347,B05,2024-08-01,Jose Flores,M,25-34
M04348,B05,2024-11-22,Luis Belleza,F,25-34
M04349,B05,2024-08-01,Trisha Arcenas,F,35-44
M04350,B05,2024-09-20,Rafael Arcenas,F,18-24
M04351,B05,2024-08-01,Paolo Flores,M,18-24
M04352,B05,2024-08-01,Miguel Cruz,M,25-34
M04353,B05,2024-08-01,Andrea Castro,M,35-44
M04354,B05,2024-08-01,Jasmine Villanueva,F,18-24
M04355,B05,2024-08-01,Trisha Mendoza,M,18-24
M04356,B05,2024-08-01,Luis Cruz,M,25-34
M04357,B05,2024-07-30,Angel Dela Cruz,M,25-34
M04358,B05,2024-08-01,Kevin Lopez,F,35-44
M04359,B05,2024-07-23,Patricia Dela Cruz,M,18-24
M04360,B05,2024-08-01,Ramon Cruz,F,25-34
M04361,B05,2024-08-01,Jose Garcia,M,25-34
M04362,B05,2024-09-20,Patricia Reyes,M,25-34
M04363,B05,2024-08-01,Kristine Navarro,F,25-34
M04364,B05,2024-08-01,Erika Navarro,F,35-44
M04365,B05,2024-08-01,Carlo Cruz,M,25-34
M04366,B05,2024-07-07,Luis Cruz,F,45+
M04367,B05,2024-09-08,Kristine Flores,M,25-34
M04368,B05,2024-08-01,Angel Bautista,M,25-34
M04369,B05,2024-08-01,Miguel Reyes,F,18-24
M04370,B05,2024-08-01,Maria Santos,M,25-34
M04371,B05,2024-08-01,Ramon Flores,F,45+
M04372,B05,2024-08-01,Angel Dela Cruz,F,25-34
M04373,B05,2024-08-01,Erika Flores,M,25-34
M04374,B05,2024-08-01,Erika Santos,F,35-44
M04375,B05,2024-08-01,Kristine Lopez,F,18-24
M04376,B05,2024-10-23,Bea Belleza,M,18-24
M04377,B05,2024-08-01,Maria Lopez,F,25-34
M04378,B05,2024-08-01,Bea Bautista,F,25-34
M04379,B05,2024-08-01,Joshua Lopez,F,25-34
M04380,B05,2024-08-01,Carlo Aquino,F,18-24
M04381,B05,2024-10-04,Luis Aquino,F,35-44
M04382,B05,2024-08-01,Carlo Castillo,M,35-44
M04383,B05,2024-07-19,Erika Aquino,F,25-34
M04384,B05,2024-10-05,Maria Fernandez,F,18-24
M04385,B05,2024-08-01,Nicole Lopez,F,18-24
M04386,B05,2024-08-01,Miguel Aquino,F,45+
M04387,B05,2025-01-01,Kevin Arcenas,M,18-24
M04388,B05,2025-01-26,Camille Cruz,F,35-44
M04389,B05,2025-01-09,Nicole Belleza,F,18-24
M04390,B05,2025-01-13,Trisha Lopez,M,18-24
M04391,B05,2025-01-23,Carlo Cruz,M,45+
M04392,B05,2025-01-23,John Navarro,F,25-34
M04393,B05,2025-01-23,Jasmine Arcenas,M,18-24
M04394,B05,2025-01-23,Angel Villanueva,M,25-34
M04395,B05,2025-01-22,Angel Villanueva,M,25-34
M04396,B05,2025-01-07,Camille Bautista,F,45+
M04397,B05,2025-01-25,Luis Villanueva,M,25-34
M04398,B05,2025-01-24,Nicole Flores,F,18-24
M04399,B05,2025-01-02,Erika Santos,M,25-34
M04400,B05,2025-01-30,Nicole Garcia,M,25-34
M04401,B05,2025-01-16,Rafael Fernandez,M,25-34
M04402,B05,2025-01-25,Maria Garcia,F,18-24
M04403,B05,2025-01-29,Ana Mendoza,F,35-44
M04404,B05,2025-01-08,Kristine Garcia,M,18-24
M04405,B05,2025-01-28,Andrea Reyes,F,25-34
M04406,B05,2025-01-24,Bea Lopez,M,18-24
M04407,B05,2025-01-15,Bea Cruz,F,18-24
M04408,B05,2025-01-02,Ramon Torres,M,18-24
M04409,B05,2025-01-12,Bea Bautista,F,35-44
M04410,B05,2025-01-15,Nicole Arcenas,M,18-24
M04411,B05,2025-01-30,Trisha Torres,M,18-24
M04412,B05,2025-01-26,Patricia Reyes,M,35-44
M04413,B05,2025-01-07,Miguel Lopez,F,45+
M04414,B05,2025-01-26,Jasmine Arcenas,M,18-24
M04415,B05,2025-01-08,Patricia Belleza,F,25-34
M04416,B05,2025-01-16,Mark Garcia,F,25-34
M04417,B05,2025-01-08,Angel Aquino,M,18-24
M04418,B05,2025-01-17,Luis Villanueva,F,25-34
M04419,B05,2025-01-18,Juan Navarro,M,25-34
M04420,B05,2025-01-05,Jose Lopez,M,45+
M04421,B05,2025-01-14,Rafael Navarro,F,25-34
M04422,B05,2025-01-03,Juan Bautista,M,18-24
M04423,B05,2025-01-20,Ana Castro,M,35-44
M04424,B05,2025-01-29,Maria Belleza,M,18-24
M04425,B05,2025-01-14,Rafael Bautista,F,18-24
M04426,B05,2025-01-19,Juan Ramos,F,45+
M04427,B05,2025-01-20,Carlo Gonzales,M,25-34
M04428,B05,2025-01-10,Ana Fernandez,M,35-44
M04429,B05,2025-01-28,Nicole Navarro,M,25-34
M04430,B05,2025-01-16,Trisha Reyes,M,18-24
M04431,B05,2025-01-25,Camille Bautista,M,18-24
M04432,B05,2025-01-25,Patricia Castro,M,25-34
M04433,B05,2025-01-13,Jose Gonzales,M,25-34
M04434,B05,2025-01-22,Patricia Cruz,F,35-44
M04435,B05,2025-01-24,Carlo Garcia,M,18-24
M04436,B05,2025-01-01,Kristine Belleza,M,35-44
M04437,B05,2025-01-19,Ana Garcia,M,25-34
M04438,B05,2025-01-09,Bea Belleza,F,25-34
M04439,B05,2025-01-20,Rafael Navarro,M,25-34
M04440,B05,2025-02-18,Jasmine Aquino,F,35-44
M04441,B05,2025-02-21,Camille Navarro,M,18-24
M04442,B05,2025-02-09,Joshua Santos,M,25-34
M04443,B05,2025-02-18,Ramon Ramos,M,25-34
M04444,B05,2025-02-07,John Torres,M,25-34
M04445,B05,2025-02-28,Nicole Villanueva,M,35-44
M04446,B05,2025-02-08,Camille Villanueva,M,18-24
M04447,B05,2025-02-20,Erika Gonzales,F,25-34
M04448,B05,2025-02-07,Camille Dela Cruz,F,18-24
M04449,B05,2025-02-10,Rafael Villanueva,M,45+
M04450,B05,2025-02-12,Camille Castro,M,35-44
M04451,B05,2025-02-27,Mark Aquino,M,25-34
M04452,B05,2025-02-03,Nicole Cruz,M,35-44
M04453,B05,2025-02-26,John Dela Cruz,M,25-34
M04454,B05,2025-02-24,Kevin Torres,M,18-24
M04455,B05,2025-02-18,Nicole Navarro,M,35-44
M04456,B05,2025-02-25,Jasmine Belleza,M,18-24
M04457,B05,2025-02-28,Ramon Torres,F,18-24
M04458,B05,2025-02-27,Luis Villanueva,M,18-24
M04459,B05,2025-02-13,Trisha Villanueva,M,18-24
M04460,B05,2025-02-01,Joshua Lopez,F,25-34
M04461,B05,2025-02-03,Patricia Gonzales,M,35-44
M04462,B05,2025-02-09,Maria Belleza,M,25-34
M04463,B05,2025-02-12,Kevin Cruz,M,25-34
M04464,B05,2025-02-18,Maria Gonzales,F,35-44
M04465,B05,2025-02-08,Ana Castro,M,18-24
M04466,B05,2025-02-03,Nicole Reyes,F,35-44
M04467,B05,2025-02-10,Nicole Bautista,M,35-44
M04468,B05,2025-02-15,Carlo Mendoza,F,45+
M04469,B05,2025-02-26,Maria Flores,F,35-44
M04470,B05,2025-02-28,Bea Bautista,F,35-44
M04471,B05,2025-02-18,Mark Flores,F,18-24
M04472,B05,2025-02-08,Maria Dela Cruz,F,25-34
M04473,B05,2025-03-21,Rafael Torres,M,18-24
M04474,B05,2025-03-24,John Castillo,F,35-44
M04475,B05,2025-03-27,Camille Garcia,M,18-24
M04476,B05,2025-03-20,Luis Castro,F,18-24
M04477,B05,2025-03-11,Patricia Aquino,M,18-24
M04478,B05,2025-03-17,Trisha Garcia,F,25-34
M04479,B05,2025-03-12,Jose Belleza,M,25-34
M04480,B05,2025-03-05,Carlo Belleza,M,18-24
M04481,B05,2025-03-11,Angel Lopez,F,25-34
M04482,B05,2025-03-22,Trisha Garcia,F,25-34
M04483,B05,2025-03-22,Ana Castillo,F,45+
M04484,B05,2025-03-30,Angel Arcenas,F,35-44
M04485,B05,2025-03-09,Jose Arcenas,F,25-34
M04486,B05,2025-03-29,Jasmine Arcenas,F,25-34
M04487,B05,2025-03-19,Maria Ramos,M,25-34
M04488,B05,2025-03-24,Ramon Castro,M,35-44
M04489,B05,2025-03-28,Miguel Castillo,M,18-24
M04490,B05,2025-03-19,Bea Garcia,M,35-44
M04491,B05,2025-03-07,Patricia Aquino,F,25-34
M04492,B05,2025-03-10,Maria Dela Cruz,F,18-24
M04493,B05,2025-03-31,Angel Dela Cruz,F,18-24
M04494,B05,2025-03-06,Nicole Gonzales,M,18-24
M04495,B05,2025-03-31,Luis Aquino,M,25-34
M04496,B05,2025-03-11,Kevin Cruz,M,18-24
M04497,B05,2025-03-16,Erika Lopez,F,25-34
M04498,B05,2025-03-24,Kristine Gonzales,F,25-34
M04499,B05,2025-03-31,Juan Navarro,F,45+
M04500,B05,2025-03-22,Camille Mendoza,M,35-44
M04501,B05,2025-03-09,Andrea Castillo,F,25-34
M04502,B05,2025-03-23,Andrea Castillo,F,45+
M04503,B05,2025-03-08,Trisha Aquino,M,18-24
M04504,B05,2025-03-17,Kevin Cruz,M,18-24
M04505,B05,2025-03-15,Camille Flores,M,35-44
M04506,B05,2025-03-24,Bea Lopez,F,18-24
M04507,B05,2025-03-24,Bea Castro,M,45+
M04508,B05,2025-03-11,Kristine Belleza,M,18-24
M04509,B05,2025-03-03,Miguel Torres,F,25-34
M04510,B05,2025-03-07,Ramon Lopez,F,35-44
M04511,B05,2025-03-20,Nicole Castillo,M,25-34
M04512,B05,2025-03-27,Paolo Gonzales,M,25-34
M04513,B05,2025-03-02,Maria Belleza,M,18-24
M04514,B05,2025-03-02,Juan Santos,F,25-34
M04515,B05,2025-03-08,Nicole Aquino,M,18-24
M04516,B05,2025-03-29,Luis Lopez,M,35-44
M04517,B05,2025-03-13,Carlo Mendoza,M,35-44
M04518,B05,2025-03-16,Andrea Torres,M,35-44
M04519,B05,2025-03-07,Andrea Belleza,M,35-44
M04520,B05,2025-04-30,Trisha Cruz,M,18-24
M04521,B05,2025-04-28,Ana Dela Cruz,M,25-34
M04522,B05,2025-04-25,Trisha Belleza,F,25-34
M04523,B05,2025-04-22,Ana Fernandez,F,25-34
M04524,B05,2025-04-25,Carlo Ramos,M,18-24
M04525,B05,2025-04-07,Paolo Villanueva,M,35-44
M04526,B05,2025-04-03,Paolo Torres,M,18-24
M04527,B05,2025-04-01,Jose Villanueva,M,45+
M04528,B05,2025-04-07,Maria Villanueva,F,25-34
M04529,B05,2025-04-21,Jasmine Villanueva,M,25-34
M04530,B05,2025-04-28,Miguel Gonzales,M,18-24
M04531,B05,2025-04-11,Mark Belleza,M,35-44
M04532,B05,2025-04-04,John Aquino,M,35-44
M04533,B05,2025-04-09,John Flores,M,25-34
M04534,B05,2025-04-28,Paolo Fernandez,M,25-34
M04535,B05,2025-04-20,Kevin Navarro,M,18-24
M04536,B05,2025-04-10,Nicole Castillo,F,25-34
M04537,B05,2025-04-22,Jasmine Bautista,M,45+
M04538,B05,2025-04-29,Patricia Gonzales,M,25-34
M04539,B05,2025-04-02,Ramon Torres,F,18-24
M04540,B05,2025-04-20,Bea Bautista,M,25-34
M04541,B05,2025-04-01,Maria Santos,F,25-34
M04542,B05,2025-04-07,Kristine Garcia,M,45+
M04543,B05,2025-04-15,Patricia Castro,M,18-24
M04544,B05,2025-04-28,Mark Flores,M,45+
M04545,B05,2025-04-17,Erika Arcenas,M,25-34
M04546,B05,2025-04-30,Patricia Torres,M,25-34
M04547,B05,2025-04-30,Juan Navarro,M,35-44
M04548,B05,2025-04-30,Erika Lopez,F,18-24
M04549,B05,2025-04-18,Jose Castillo,F,25-34
M04550,B05,2025-04-01,Patricia Flores,F,35-44
M04551,B05,2025-04-01,Rafael Torres,F,35-44
M04552,B05,2025-04-02,John Aquino,M,35-44
M04553,B05,2025-04-26,Erika Castro,M,25-34
M04554,B05,2025-04-28,Trisha Garcia,F,45+
M04555,B05,2025-04-11,Joshua Gonzales,F,35-44
M04556,B05,2025-04-02,Andrea Aquino,M,35-44
M04557,B05,2025-04-02,Camille Cruz,M,18-24
M04558,B05,2025-04-13,Mark Santos,M,35-44
M04559,B05,2025-04-27,Camille Castro,M,25-34
M04560,B05,2025-04-11,Erika Bautista,F,18-24
M04561,B05,2025-05-12,Trisha Castro,M,18-24
M04562,B05,2025-05-07,Kevin Reyes,F,45+
M04563,B05,2025-05-26,Carlo Castillo,M,18-24
M04564,B05,2025-05-20,Nicole Bautista,F,25-34
M04565,B05,2025-05-29,Erika Bautista,F,35-44
M04566,B05,2025-05-21,Bea Arcenas,F,18-24
M04567,B05,2025-05-25,Patricia Dela Cruz,M,35-44
M04568,B05,2025-05-17,Kristine Torres,F,18-24
M04569,B05,2025-05-29,Jasmine Villanueva,M,35-44
M04570,B05,2025-05-25,Ramon Navarro,F,25-34
M04571,B05,2025-05-17,John Castillo,M,18-24
M04572,B05,2025-05-10,Juan Lopez,M,25-34
M04573,B05,2025-05-22,Andrea Garcia,F,18-24
M04574,B05,2025-05-04,Jose Lopez,F,18-24
M04575,B05,2025-05-17,Trisha Navarro,F,25-34
M04576,B05,2025-05-25,Angel Reyes,F,18-24
M04577,B05,2025-05-04,Camille Fernandez,F,18-24
M04578,B05,2025-05-28,Kevin Arcenas,M,18-24
M04579,B05,2025-05-19,Rafael Gonzales,M,25-34
M04580,B05,2025-05-23,Ramon Mendoza,F,25-34
M04581,B05,2025-05-13,Camille Torres,F,18-24
M04582,B05,2025-05-22,Ramon Lopez,F,25-34
M04583,B05,2025-05-21,Carlo Cruz,F,25-34
M04584,B05,2025-05-21,Ana Castro,F,18-24
M04585,B05,2025-05-01,Patricia Torres,M,18-24
M04586,B05,2025-05-16,Trisha Belleza,M,35-44
M04587,B05,2025-05-28,Kristine Villanueva,M,18-24
M04588,B05,2025-05-25,Carlo Dela Cruz,M,25-34
M04589,B05,2025-05-11,Carlo Mendoza,M,35-44
M04590,B05,2025-05-03,Joshua Navarro,F,18-24
M04591,B05,2025-05-20,John Castro,M,18-24
M04592,B05,2025-05-30,Joshua Aquino,M,25-34
M04593,B05,2025-05-18,Kevin Lopez,M,25-34
M04594,B05,2025-05-27,Angel Navarro,M,25-34
M04595,B05,2025-05-22,Mark Castillo,M,45+
M04596,B05,2025-05-13,Jose Navarro,F,18-24
M04597,B05,2025-05-17,Rafael Dela Cruz,F,45+
M04598,B05,2025-05-07,Paolo Gonzales,M,25-34
M04599,B05,2025-06-14,Joshua Bautista,F,18-24
M04600,B05,2025-06-08,Ana Bautista,M,25-34
M04601,B05,2025-06-15,Bea Mendoza,M,18-24
M04602,B05,2025-06-02,Luis Garcia,F,35-44
M04603,B05,2025-06-11,Patricia Gonzales,M,25-34
M04604,B05,2025-06-14,Ana Fernandez,F,35-44
M04605,B05,2025-06-26,Maria Flores,M,18-24
M04606,B05,2025-06-21,John Castillo,M,25-34
M04607,B05,2025-06-22,Carlo Lopez,M,25-34
M04608,B05,2025-06-23,Erika Reyes,M,25-34
M04609,B05,2025-06-15,Luis Santos,M,18-24
M04610,B05,2025-06-08,Trisha Castillo,M,18-24
M04611,B05,2025-06-14,Paolo Navarro,F,25-34
M04612,B05,2025-06-21,Luis Villanueva,F,18-24
M04613,B05,2025-06-20,Ana Lopez,F,18-24
M04614,B05,2025-06-15,Jose Flores,M,25-34
M04615,B05,2025-06-25,Jasmine Lopez,F,35-44
M04616,B05,2025-06-18,Carlo Reyes,F,18-24
M04617,B05,2025-06-15,Ramon Ramos,F,45+
M04618,B05,2025-06-26,Ramon Gonzales,M,18-24
M04619,B05,2025-06-17,Luis Mendoza,F,25-34
M04620,B05,2025-06-14,Rafael Castillo,M,25-34
M04621,B05,2025-06-30,Luis Mendoza,F,18-24
M04622,B05,2025-06-23,Patricia Reyes,M,25-34
M04623,B05,2025-06-26,Camille Arcenas,F,25-34
M04624,B05,2025-06-22,Joshua Bautista,F,35-44
M04625,B05,2025-06-28,Rafael Lopez,F,18-24
M04626,B05,2025-06-13,Rafael Santos,F,18-24
M04627,B05,2025-06-13,Kevin Torres,M,35-44
M04628,B05,2025-07-31,Ramon Mendoza,M,25-34
M04629,B05,2025-07-28,Luis Cruz,M,35-44
M04630,B05,2025-07-19,Trisha Castro,F,25-34
M04631,B05,2025-07-31,Mark Santos,F,25-34
M04632,B05,2025-07-21,Kevin Reyes,M,45+
M04633,B05,2025-07-23,Andrea Dela Cruz,F,25-34
M04634,B05,2025-07-31,Miguel Lopez,M,25-34
M04635,B05,2025-07-03,Jose Mendoza,F,18-24
M04636,B05,2025-07-07,Andrea Fernandez,F,18-24
M04637,B05,2025-07-05,Patricia Navarro,F,25-34
M04638,B05,2025-07-02,Juan Gonzales,F,25-34
M04639,B05,2025-07-14,Mark Villanueva,M,18-24
M04640,B05,2025-07-21,Joshua Ramos,M,35-44
M04641,B05,2025-07-16,Ramon Garcia,F,45+
M04642,B05,2025-07-06,Carlo Navarro,M,18-24
M04643,B05,2025-07-24,Maria Aquino,M,25-34
M04644,B05,2025-07-13,Luis Castillo,M,25-34
M04645,B05,2025-07-09,Luis Flores,F,25-34
M04646,B05,2025-07-03,Angel Garcia,M,35-44
M04647,B05,2025-07-17,Bea Garcia,F,25-34
M04648,B05,2025-08-09,Jose Arcenas,M,25-34
M04649,B05,2025-08-12,Kevin Mendoza,M,25-34
M04650,B05,2025-08-13,Joshua Fernandez,F,25-34
M04651,B05,2025-08-24,Maria Lopez,F,25-34
M04652,B05,2025-08-15,Andrea Lopez,M,45+
M04653,B05,2025-08-27,Luis Flores,M,35-44
M04654,B05,2025-08-22,John Lopez,M,25-34
M04655,B05,2025-08-26,Maria Lopez,F,35-44
M04656,B05,2025-08-20,Miguel Dela Cruz,F,25-34
M04657,B05,2025-08-27,John Mendoza,M,35-44
M04658,B05,2025-08-30,Nicole Navarro,M,18-24
M04659,B05,2025-08-21,Ana Bautista,M,18-24
M04660,B05,2025-08-26,Ana Ramos,F,25-34
M04661,B05,2025-08-12,Rafael Gonzales,M,25-34
M04662,B05,2025-08-31,Kristine Dela Cruz,F,18-24
M04663,B05,2025-08-01,Bea Bautista,M,35-44
M04664,B05,2025-08-07,Maria Cruz,F,25-34
M04665,B05,2025-08-21,Ana Flores,F,25-34
M04666,B05,2025-08-10,Jose Flores,F,18-24
M04667,B05,2025-08-10,Trisha Belleza,M,25-34
M04668,B05,2025-08-10,Ana Lopez,F,18-24
M04669,B05,2025-09-28,Andrea Santos,F,18-24
M04670,B05,2025-09-20,Nicole Castillo,F,25-34
M04671,B05,2025-09-30,Maria Mendoza,F,25-34
M04672,B05,2025-09-04,Bea Mendoza,M,18-24
M04673,B05,2025-09-28,Ramon Cruz,M,35-44
M04674,B05,2025-09-18,Ana Castro,M,25-34
M04675,B05,2025-09-19,Ramon Belleza,M,18-24
M04676,B05,2025-09-21,John Navarro,F,18-24
M04677,B05,2025-09-23,Rafael Castro,M,25-34
M04678,B05,2025-09-20,Kevin Flores,F,25-34
M04679,B05,2025-09-18,Jose Flores,M,18-24
M04680,B05,2025-09-27,Kristine Gonzales,M,35-44
M04681,B05,2025-09-16,Nicole Santos,M,25-34
M04682,B05,2025-09-28,Ramon Castillo,M,18-24
M04683,B05,2025-09-07,Andrea Fernandez,M,35-44
M04684,B05,2025-09-22,Patricia Belleza,M,25-34
M04685,B05,2025-09-01,Ana Flores,F,18-24
M04686,B05,2025-09-17,Camille Villanueva,M,18-24
M04687,B05,2025-09-08,Maria Reyes,M,35-44
M04688,B05,2025-09-03,Mark Lopez,F,45+
M04689,B05,2025-09-29,Camille Flores,M,45+
M04690,B05,2025-09-10,Ana Gonzales,M,18-24
M04691,B05,2025-09-28,Trisha Castro,M,25-34
M04692,B05,2025-09-30,Andrea Cruz,M,35-44
M04693,B05,2025-09-04,John Dela Cruz,M,18-24
M04694,B05,2025-09-03,Erika Garcia,M,18-24
M04695,B05,2025-09-14,Erika Fernandez,F,45+
M04696,B05,2025-09-07,Kevin Santos,M,18-24
M04697,B05,2025-09-06,Angel Lopez,F,35-44
M04698,B05,2025-09-05,Miguel Mendoza,M,18-24
M04699,B05,2025-09-23,Jose Gonzales,M,35-44
M04700,B05,2025-09-07,Erika Ramos,F,18-24
M04701,B05,2025-09-26,Angel Reyes,M,25-34
M04702,B05,2025-09-07,Trisha Dela Cruz,M,18-24
M04703,B05,2025-10-09,Jasmine Santos,M,35-44
M04704,B05,2025-10-04,Juan Belleza,M,18-24
M04705,B05,2025-10-22,Erika Bautista,F,35-44
M04706,B05,2025-10-19,Kristine Belleza,M,25-34
M04707,B05,2025-10-15,Camille Arcenas,M,18-24
M04708,B05,2025-10-30,Joshua Bautista,F,25-34
M04709,B05,2025-10-13,Nicole Cruz,F,25-34
M04710,B05,2025-10-05,Andrea Castillo,M,18-24
M04711,B05,2025-10-27,Luis Cruz,F,25-34
M04712,B05,2025-10-08,Trisha Garcia,M,25-34
M04713,B05,2025-10-02,Andrea Mendoza,M,25-34
M04714,B05,2025-10-11,Trisha Belleza,M,18-24
M04715,B05,2025-10-12,Trisha Arcenas,M,18-24
M04716,B05,2025-10-08,Miguel Santos,F,25-34
M04717,B05,2025-10-12,John Arcenas,M,35-44
M04718,B05,2025-10-17,Ana Garcia,F,25-34
M04719,B05,2025-10-24,Ana Cruz,M,45+
M04720,B05,2025-10-22,Ana Fernandez,F,18-24
M04721,B05,2025-10-18,Paolo Belleza,M,25-34
M04722,B05,2025-10-26,Maria Belleza,M,35-44
M04723,B05,2025-10-20,Andrea Ramos,M,18-24
M04724,B05,2025-10-23,Juan Ramos,F,18-24
M04725,B05,2025-10-23,Maria Cruz,F,35-44
M04726,B05,2025-10-02,Andrea Castro,M,45+
M04727,B05,2025-11-02,Jasmine Flores,M,25-34
M04728,B05,2025-11-15,Angel Mendoza,M,25-34
M04729,B05,2025-11-20,Maria Arcenas,F,18-24
M04730,B05,2025-11-11,John Castro,M,25-34
M04731,B05,2025-11-28,Ana Reyes,M,18-24
M04732,B05,2025-11-16,Andrea Flores,M,18-24
M04733,B05,2025-11-12,Joshua Flores,F,18-24
M04734,B05,2025-11-08,Camille Santos,M,45+
M04735,B05,2025-11-26,Kristine Garcia,M,35-44
M04736,B05,2025-11-25,Andrea Lopez,M,25-34
M04737,B05,2025-11-07,Ana Castillo,M,25-34
M04738,B05,2025-11-23,Carlo Aquino,M,25-34
M04739,B05,2025-11-23,Maria Aquino,M,25-34
M04740,B05,2025-11-17,John Reyes,F,25-34
M04741,B05,2025-12-10,Erika Castro,F,35-44
M04742,B05,2025-12-10,Kevin Castillo,F,45+
M04743,B05,2025-12-26,Carlo Castillo,M,18-24
M04744,B05,2025-12-01,Paolo Aquino,M,25-34
M04745,B05,2025-12-11,Carlo Flores,M,45+
M04746,B05,2025-12-28,Bea Aquino,M,18-24
M04747,B05,2025-12-28,Trisha Belleza,F,18-24
M04748,B05,2025-12-01,Juan Santos,F,25-34
M04749,B05,2025-12-26,Rafael Castillo,F,18-24
M04750,B05,2025-12-06,Jose Bautista,M,35-44
M04751,B05,2025-12-20,Kevin Garcia,F,45+
M04752,B05,2025-12-30,Patricia Aquino,F,25-34
M04753,B05,2025-12-22,Bea Gonzales,M,25-34
M04754,B05,2025-12-06,Bea Garcia,M,18-24
M04755,B05,2025-12-30,Kevin Castro,M,18-24
M04756,B05,2025-12-10,Andrea Dela Cruz,M,18-24
M04757,B05,2025-12-01,Bea Arcenas,F,35-44
M04758,B05,2025-12-11,Jose Reyes,F,45+
M04759,B05,2025-12-20,Carlo Reyes,M,25-34
M04760,B05,2026-01-21,Andrea Flores,F,18-24
M04761,B05,2026-01-27,Miguel Castro,M,18-24
M04762,B05,2026-01-21,John Santos,M,18-24
M04763,B05,2026-01-21,Miguel Navarro,F,25-34
M04764,B05,2026-01-20,Andrea Navarro,F,35-44
M04765,B05,2026-01-26,Camille Cruz,M,35-44
M04766,B05,2026-01-27,Ana Villanueva,M,25-34
M04767,B05,2026-01-31,Luis Belleza,F,18-24
M04768,B05,2026-01-22,Paolo Aquino,M,25-34
M04769,B05,2026-01-07,Ana Torres,M,25-34
M04770,B05,2026-01-29,Carlo Arcenas,F,35-44
M04771,B05,2026-01-04,Camille Bautista,M,18-24
M04772,B05,2026-01-21,Patricia Belleza,M,18-24
M04773,B05,2026-01-27,Trisha Santos,F,18-24
M04774,B05,2026-01-24,Ana Garcia,M,25-34
M04775,B05,2026-01-13,Patricia Belleza,M,18-24
M04776,B05,2026-01-03,Kevin Fernandez,F,25-34
M04777,B05,2026-01-08,Luis Bautista,F,35-44
M04778,B05,2026-01-13,Luis Lopez,F,25-34
M04779,B05,2026-01-24,Carlo Castro,F,25-34
M04780,B05,2026-01-09,Carlo Dela Cruz,M,18-24
M04781,B05,2026-01-03,Kevin Arcenas,M,18-24
M04782,B05,2026-01-14,Patricia Santos,M,35-44
M04783,B05,2026-01-09,Rafael Villanueva,F,18-24
M04784,B05,2026-01-26,Jasmine Garcia,F,25-34
M04785,B05,2026-01-26,Maria Dela Cruz,M,25-34
M04786,B05,2026-01-28,Patricia Flores,M,35-44
M04787,B05,2026-01-25,John Mendoza,F,25-34
M04788,B05,2026-01-20,Luis Lopez,F,18-24
M04789,B05,2026-01-30,Maria Belleza,F,25-34
M04790,B05,2026-01-09,Jose Castillo,M,18-24
M04791,B05,2026-01-27,Paolo Arcenas,F,45+
M04792,B05,2026-01-30,Joshua Arcenas,F,35-44
M04793,B05,2026-01-10,Trisha Castro,M,45+
M04794,B05,2026-01-17,Trisha Castillo,F,45+
M04795,B05,2026-01-15,Patricia Villanueva,M,25-34
M04796,B05,2026-01-25,Miguel Ramos,M,35-44
M04797,B05,2026-01-25,Carlo Navarro,F,35-44
M04798,B05,2026-01-29,Juan Castro,F,35-44
M04799,B05,2026-01-22,Jose Villanueva,M,25-34
M04800,B05,2026-01-30,Andrea Arcenas,M,25-34
M04801,B05,2026-01-25,Mark Belleza,M,25-34
M04802,B05,2026-01-17,Luis Villanueva,F,18-24
M04803,B05,2026-01-22,Patricia Gonzales,F,25-34
M04804,B05,2026-01-10,Trisha Dela Cruz,M,35-44
M04805,B05,2026-02-06,Mark Castillo,F,25-34
M04806,B05,2026-02-25,Maria Reyes,M,25-34
M04807,B05,2026-02-11,Jasmine Arcenas,F,45+
M04808,B05,2026-02-12,Joshua Santos,M,35-44
M04809,B05,2026-02-05,Erika Reyes,F,45+
M04810,B05,2026-02-14,Carlo Mendoza,F,18-24
M04811,B05,2026-02-11,Camille Belleza,M,25-34
M04812,B05,2026-02-08,Erika Mendoza,M,25-34
M04813,B05,2026-02-05,Patricia Aquino,F,25-34
M04814,B05,2026-02-28,Andrea Flores,M,25-34
M04815,B05,2026-02-09,Joshua Flores,F,25-34
M04816,B05,2026-02-21,Carlo Fernandez,F,18-24
M04817,B05,2026-02-09,Joshua Santos,M,25-34
M04818,B05,2026-02-08,Bea Navarro,M,45+
M04819,B05,2026-02-25,Kristine Bautista,M,18-24
M04820,B05,2026-02-11,Trisha Bautista,F,35-44
M04821,B05,2026-02-18,Camille Flores,M,18-24
M04822,B05,2026-02-19,Trisha Bautista,M,18-24
M04823,B05,2026-02-14,Angel Castillo,F,25-34
M04824,B05,2026-02-28,Trisha Castillo,F,25-34
M04825,B05,2026-02-28,Nicole Villanueva,M,18-24
M04826,B05,2026-02-01,Luis Mendoza,F,25-34
M04827,B05,2026-02-20,John Mendoza,M,18-24
M04828,B05,2026-02-13,Ana Castro,M,25-34
M04829,B05,2026-02-08,Luis Dela Cruz,M,25-34
M04830,B05,2026-02-02,Miguel Flores,M,25-34
M04831,B05,2026-02-01,Miguel Ramos,F,35-44
M04832,B05,2026-02-20,Kristine Navarro,F,35-44
M04833,B05,2026-02-24,Kristine Santos,M,25-34
M04834,B05,2026-02-07,Bea Ramos,M,45+
M04835,B05,2026-02-09,Bea Santos,M,18-24
M04836,B05,2026-02-04,Mark Flores,M,35-44
M04837,B05,2026-02-21,Andrea Reyes,M,18-24
M04838,B05,2026-02-08,Carlo Belleza,M,25-34
M04839,B05,2026-02-27,Juan Ramos,F,18-24
M04840,B05,2026-02-07,Erika Villanueva,M,25-34
M04841,B05,2026-03-03,Erika Fernandez,F,25-34
M04842,B05,2026-03-01,Ana Aquino,F,25-34
M04843,B05,2026-03-30,Kristine Santos,F,35-44
M04844,B05,2026-03-11,Bea Castillo,F,25-34
M04845,B05,2026-03-03,Angel Arcenas,M,25-34
M04846,B05,2026-03-04,Kristine Lopez,M,18-24
M04847,B05,2026-03-28,Miguel Mendoza,M,35-44
M04848,B05,2026-03-21,Bea Garcia,M,18-24
M04849,B05,2026-03-13,Juan Arcenas,F,18-24
M04850,B05,2026-03-15,Kevin Fernandez,M,18-24
M04851,B05,2026-03-09,Carlo Cruz,M,35-44
M04852,B05,2026-03-25,Juan Fernandez,M,18-24
M04853,B05,2026-03-25,Miguel Fernandez,M,18-24
M04854,B05,2026-03-21,Paolo Villanueva,M,18-24
M04855,B05,2026-03-22,Jose Gonzales,F,18-24
M04856,B05,2026-03-07,Juan Aquino,M,35-44
M04857,B05,2026-03-13,Kristine Aquino,F,18-24
M04858,B05,2026-03-23,Joshua Arcenas,F,25-34
M04859,B05,2026-03-06,Trisha Santos,F,18-24
M04860,B05,2026-03-09,Erika Belleza,M,25-34
M04861,B05,2026-03-21,Maria Castro,F,25-34
M04862,B05,2026-03-09,Andrea Belleza,F,25-34
M04863,B05,2026-03-15,Nicole Ramos,F,25-34
M04864,B05,2026-03-21,Trisha Villanueva,M,18-24
M04865,B05,2026-03-27,Patricia Dela Cruz,M,25-34
M04866,B05,2026-03-20,Angel Arcenas,M,25-34
M04867,B05,2026-03-08,Angel Aquino,M,35-44
M04868,B05,2026-03-05,Rafael Villanueva,M,18-24
M04869,B05,2026-03-09,Miguel Santos,M,25-34
M04870,B05,2026-03-08,Jose Cruz,F,18-24
M04871,B05,2026-03-23,Maria Mendoza,F,25-34
M04872,B05,2026-04-06,Jose Villanueva,F,25-34
M04873,B05,2026-04-15,Mark Reyes,M,45+
M04874,B05,2026-04-11,Kevin Garcia,F,25-34
M04875,B05,2026-04-26,Erika Garcia,M,25-34
M04876,B05,2026-04-03,Bea Flores,F,18-24
M04877,B05,2026-04-24,Juan Gonzales,F,25-34
M04878,B05,2026-04-15,Miguel Aquino,M,18-24
M04879,B05,2026-04-02,Paolo Torres,F,18-24
M04880,B05,2026-04-04,Ana Villanueva,M,18-24
M04881,B05,2026-04-15,Patricia Santos,M,25-34
M04882,B05,2026-04-15,Patricia Fernandez,F,18-24
M04883,B05,2026-04-24,Miguel Belleza,M,18-24
M04884,B05,2026-04-26,Jose Castillo,F,25-34
M04885,B05,2026-04-14,Mark Dela Cruz,M,45+
M04886,B05,2026-04-22,Miguel Reyes,F,25-34
M04887,B05,2026-04-09,Erika Mendoza,F,18-24
M04888,B05,2026-04-04,Miguel Lopez,M,18-24
M04889,B05,2026-04-12,Rafael Belleza,M,35-44
M04890,B05,2026-04-29,Maria Villanueva,F,25-34
M04891,B05,2026-04-22,Rafael Castro,F,25-34
M04892,B05,2026-04-23,Trisha Villanueva,M,45+
M04893,B05,2026-04-27,Paolo Arcenas,F,18-24
M04894,B05,2026-04-21,Kristine Arcenas,F,35-44
M04895,B05,2026-04-19,Ana Arcenas,F,18-24
M04896,B05,2026-05-22,Erika Flores,M,18-24
M04897,B05,2026-05-18,Maria Dela Cruz,F,18-24
M04898,B05,2026-05-04,Ramon Castillo,M,45+
M04899,B05,2026-05-26,Rafael Castro,M,35-44
M04900,B05,2026-05-04,Luis Torres,F,25-34
M04901,B05,2026-05-24,Carlo Aquino,M,25-34
M04902,B05,2026-05-10,Juan Arcenas,M,25-34
M04903,B05,2026-05-23,Kristine Reyes,F,35-44
M04904,B05,2026-05-24,Nicole Santos,F,18-24
M04905,B05,2026-05-12,Maria Ramos,F,18-24
M04906,B05,2026-05-03,Patricia Arcenas,F,25-34
M04907,B05,2026-05-09,Carlo Garcia,M,18-24
M04908,B05,2026-05-22,Andrea Castillo,M,25-34
M04909,B05,2026-05-20,Rafael Reyes,F,35-44
M04910,B05,2026-05-14,John Garcia,F,45+
M04911,B05,2026-05-25,Maria Ramos,F,18-24
M04912,B05,2026-05-23,Ramon Gonzales,F,25-34
M04913,B05,2026-05-17,Angel Garcia,M,25-34
M04914,B05,2026-05-16,Rafael Reyes,M,35-44
M04915,B05,2026-05-23,Trisha Mendoza,F,45+
M04916,B05,2026-05-20,Nicole Mendoza,M,35-44
M04917,B05,2026-05-16,Kristine Reyes,M,45+
M04918,B05,2026-05-21,Maria Reyes,M,35-44
M04919,B05,2026-05-21,Kristine Arcenas,M,25-34
M04920,B05,2026-05-17,Jose Ramos,M,25-34
M04921,B05,2026-05-28,Miguel Villanueva,F,25-34
M04922,B05,2026-05-26,Andrea Ramos,M,35-44
M04923,B05,2026-05-01,Rafael Lopez,F,18-24
M04924,B05,2026-05-21,Andrea Bautista,M,35-44
M04925,B05,2026-05-21,Kristine Gonzales,M,25-34
M04926,B05,2026-05-18,Bea Ramos,M,25-34
M04927,B05,2026-05-05,Rafael Castillo,M,18-24
M04928,B05,2026-05-10,Ramon Cruz,M,25-34
M04929,B05,2026-05-14,Maria Flores,F,18-24
M04930,B05,2026-05-16,Mark Fernandez,F,25-34
M04931,B05,2026-06-25,Miguel Mendoza,F,25-34
M04932,B05,2026-06-25,Rafael Bautista,M,45+
M04933,B05,2026-06-01,Luis Cruz,F,18-24
M04934,B05,2026-06-10,Kevin Ramos,F,45+
M04935,B05,2026-06-04,Trisha Flores,M,25-34
M04936,B05,2026-06-20,Joshua Ramos,M,18-24
M04937,B05,2026-06-08,Andrea Castillo,M,45+
M04938,B05,2026-06-19,Carlo Torres,M,25-34
M04939,B05,2026-06-05,Mark Lopez,F,25-34
M04940,B05,2026-06-24,Jose Ramos,F,18-24
M04941,B05,2026-06-28,Carlo Dela Cruz,F,25-34
M04942,B05,2026-06-02,Camille Navarro,F,25-34
M04943,B05,2026-06-21,Erika Castro,M,35-44
M04944,B05,2026-06-29,Paolo Flores,F,18-24
M04945,B05,2026-06-05,Bea Castro,M,18-24
